year_week,category_en,orders_count,weekly_revenue,avg_order_value,cancellations,rolling_mean,rolling_std,rolling_median,upper_bound,lower_bound,z_score,is_anomaly,revenue_at_risk
2017-W04,agro_industry_and_commerce,1,122.84,61.42,0,,,,,,,False,
2017-W05,agro_industry_and_commerce,2,82.85,41.42,0,,,,,,,False,
2017-W06,agro_industry_and_commerce,2,153.64,76.82,0,,,,,,,False,
2017-W07,agro_industry_and_commerce,3,104.85,34.95,0,,,,,,,False,
2017-W08,agro_industry_and_commerce,1,36.1,12.03,0,116.04,29.93,113.84,175.9,56.19,-2.67,True,20.09
2017-W11,agro_industry_and_commerce,1,74.17,74.17,0,100.06,44.16,104.85,188.37,11.74,-0.59,False,0.0
2017-W12,agro_industry_and_commerce,1,36.52,36.52,0,95.74,40.89,93.85,177.51,13.97,-1.45,False,0.0
2017-W18,agro_industry_and_commerce,1,67.77,67.77,0,87.28,43.52,82.85,174.32,0.24,-0.45,False,0.0
2017-W19,agro_industry_and_commerce,1,657.61,657.61,0,84.84,40.88,78.51,166.6,3.09,14.01,True,0.0
2017-W20,agro_industry_and_commerce,1,957.15,957.15,0,151.69,207.9,78.51,567.5,0.0,3.87,True,0.0
2017-W21,agro_industry_and_commerce,1,81.21,81.21,0,260.98,348.68,89.51,958.34,0.0,-0.52,False,0.0
2017-W26,agro_industry_and_commerce,1,1422.05,1422.05,0,251.92,352.78,77.69,957.49,0.0,3.32,True,0.0
2017-W28,agro_industry_and_commerce,1,1199.47,1199.47,0,416.57,534.77,77.69,1486.12,0.0,1.46,False,0.0
2017-W35,agro_industry_and_commerce,1,898.4,224.6,0,561.99,573.32,369.41,1708.63,0.0,0.59,False,0.0
2017-W36,agro_industry_and_commerce,1,418.04,418.04,0,665.02,546.57,778.0,1758.16,0.0,-0.45,False,0.0
2017-W37,agro_industry_and_commerce,1,854.33,854.33,0,712.71,498.42,778.0,1709.55,0.0,0.28,False,0.0
2017-W38,agro_industry_and_commerce,1,1694.64,847.32,0,811.03,425.22,876.36,1661.48,0.0,2.08,True,0.0
2017-W40,agro_industry_and_commerce,1,43.72,43.72,0,940.66,519.41,927.78,1979.48,0.0,-1.73,False,0.0
2017-W41,agro_industry_and_commerce,1,37.1,37.1,0,826.48,608.09,876.36,2042.67,0.0,-1.3,False,0.0
2017-W42,agro_industry_and_commerce,1,948.35,948.35,0,820.97,615.96,876.36,2052.9,0.0,0.21,False,0.0
2017-W43,agro_industry_and_commerce,2,2529.26,1264.63,0,761.76,571.06,876.36,1903.88,0.0,3.1,True,0.0
2017-W45,agro_industry_and_commerce,2,1434.27,717.13,0,927.98,844.66,876.36,2617.31,0.0,0.6,False,0.0
2017-W46,agro_industry_and_commerce,3,2579.15,644.79,0,994.96,863.03,901.34,2721.03,0.0,1.84,False,0.0
2017-W47,agro_industry_and_commerce,6,41390.12,3762.74,0,1265.1,986.1,1191.31,3237.3,0.0,40.69,True,0.0
2017-W48,agro_industry_and_commerce,3,927.69,309.23,0,6332.08,14198.9,1564.46,34729.88,0.0,-0.38,False,0.0
2017-W49,agro_industry_and_commerce,4,1321.02,330.25,0,6236.21,14237.22,1191.31,34710.65,0.0,-0.35,False,0.0
2017-W51,agro_industry_and_commerce,2,4045.27,1348.42,0,6395.87,14164.83,1377.64,34725.54,0.0,-0.17,False,0.0
2017-W52,agro_industry_and_commerce,2,977.06,325.69,0,6896.89,13977.43,1981.76,34851.76,0.0,-0.42,False,0.0
2018-W01,agro_industry_and_commerce,4,2497.69,624.42,0,6900.48,13975.69,1981.76,34851.87,0.0,-0.32,False,0.0
2018-W02,agro_industry_and_commerce,4,1769.25,442.31,0,6896.53,13977.11,1965.98,34850.75,0.0,-0.37,False,0.0
2018-W03,agro_industry_and_commerce,3,1502.62,250.44,0,6938.41,13958.9,2133.47,34856.2,0.0,-0.39,False,0.0
2018-W04,agro_industry_and_commerce,2,120.21,60.11,0,6803.84,14012.01,1635.94,34827.86,0.0,-0.48,False,0.0
2018-W05,agro_industry_and_commerce,6,1831.68,305.28,0,1645.1,1190.12,1411.82,4025.34,0.0,0.16,False,0.0
2018-W06,agro_industry_and_commerce,5,4017.79,446.42,0,1758.1,1154.66,1635.94,4067.42,0.0,1.96,False,0.0
2018-W07,agro_industry_and_commerce,2,2329.44,93.18,0,2095.2,1380.41,1800.46,4856.02,0.0,0.17,False,0.0
2018-W08,agro_industry_and_commerce,4,1443.62,360.9,0,1880.72,1147.85,1800.46,4176.41,0.0,-0.38,False,0.0
2018-W09,agro_industry_and_commerce,8,2191.92,243.55,0,1939.04,1106.48,1800.46,4152.0,0.0,0.23,False,0.0
2018-W10,agro_industry_and_commerce,5,1396.22,279.24,0,1900.82,1089.58,1800.46,4079.97,0.0,-0.46,False,0.0
2018-W11,agro_industry_and_commerce,7,2931.94,127.48,0,1854.19,1103.9,1667.15,4061.99,0.0,0.98,False,0.0
2018-W12,agro_industry_and_commerce,7,1622.48,202.81,0,2032.85,1153.43,2011.8,4339.71,0.0,-0.36,False,0.0
2018-W13,agro_industry_and_commerce,4,1735.38,347.08,0,2220.64,889.69,2011.8,4000.02,441.25,-0.55,False,0.0
2018-W14,agro_industry_and_commerce,3,1019.65,339.88,0,2208.6,896.33,1963.65,4001.27,415.93,-1.33,False,0.0
2018-W15,agro_industry_and_commerce,2,669.61,334.81,0,1833.83,614.2,1678.93,3062.24,605.42,-1.9,False,0.0
2018-W16,agro_industry_and_commerce,3,2211.9,737.3,0,1626.35,697.56,1533.05,3021.47,231.23,0.84,False,0.0
2018-W17,agro_industry_and_commerce,4,882.5,220.63,0,1722.39,721.29,1678.93,3164.97,279.81,-1.16,False,0.0
2018-W18,agro_industry_and_commerce,1,52.87,52.87,0,1558.71,747.61,1509.35,3053.93,63.49,-2.01,True,10.62
2018-W19,agro_industry_and_commerce,5,2436.03,487.21,0,1390.79,920.25,1321.06,3231.29,0.0,1.14,False,0.0
2018-W20,agro_industry_and_commerce,1,453.53,453.53,0,1328.8,811.93,1321.06,2952.67,0.0,-1.08,False,0.0
2018-W22,agro_industry_and_commerce,1,490.79,490.79,0,1182.68,855.55,951.08,2893.78,0.0,-0.81,False,0.0
2018-W23,agro_industry_and_commerce,2,1775.98,887.99,0,1027.11,853.84,776.06,2734.8,0.0,0.88,False,0.0
2018-W24,agro_industry_and_commerce,2,329.58,164.79,0,1121.65,893.83,776.06,2909.32,0.0,-0.89,False,0.0
2018-W25,agro_industry_and_commerce,2,244.48,122.24,0,1079.15,925.91,686.64,2930.97,0.0,-0.9,False,0.0
2018-W26,agro_industry_and_commerce,4,1490.39,372.6,0,833.22,839.29,472.16,2511.8,0.0,0.78,False,0.0
2018-W27,agro_industry_and_commerce,2,658.22,329.11,0,909.21,871.3,472.16,2651.8,0.0,-0.29,False,0.0
2018-W28,agro_industry_and_commerce,1,614.63,614.63,0,984.88,810.47,574.5,2605.81,0.0,-0.46,False,0.0
2018-W29,agro_industry_and_commerce,13,3695.1,246.34,0,757.2,562.46,552.71,1882.12,0.0,5.22,True,0.0
2018-W30,agro_industry_and_commerce,10,3145.82,314.58,0,1162.4,1161.29,636.42,3484.97,0.0,1.71,False,0.0
2018-W31,agro_industry_and_commerce,6,4996.0,555.11,0,1494.28,1311.59,1074.3,4117.45,0.0,2.67,True,0.0
2018-W32,agro_industry_and_commerce,3,1362.64,340.66,0,1896.78,1809.84,1074.3,5516.45,0.0,-0.3,False,0.0
2018-W33,agro_industry_and_commerce,1,42.17,42.17,0,2025.91,1716.49,1426.52,5458.89,0.0,-1.16,False,0.0
2018-W34,agro_industry_and_commerce,6,1156.13,192.69,0,2000.62,1747.69,1426.52,5496.0,0.0,-0.48,False,0.0
2016-W40,air_conditioning,5,4675.43,467.54,0,,,,,,,False,
2017-W04,air_conditioning,3,1103.79,275.95,0,,,,,,,False,
2017-W06,air_conditioning,1,124.97,62.48,0,,,,,,,False,
2017-W07,air_conditioning,9,2824.49,313.83,0,,,,,,,False,
2017-W08,air_conditioning,2,490.25,245.13,0,2182.17,2001.99,1964.14,6186.15,0.0,-0.85,False,0.0
2017-W09,air_conditioning,2,920.28,460.14,0,1843.79,1891.69,1103.79,5627.17,0.0,-0.49,False,0.0
2017-W10,air_conditioning,5,2420.77,484.15,0,1689.87,1733.48,1012.04,5156.82,0.0,0.42,False,0.0
2017-W11,air_conditioning,4,822.92,137.15,0,1794.28,1606.37,1103.79,5007.03,0.0,-0.6,False,0.0
2017-W12,air_conditioning,3,226.59,75.53,0,1672.86,1526.35,1012.04,4725.56,0.0,-0.95,False,0.0
2017-W13,air_conditioning,4,305.38,76.34,0,1116.76,993.58,871.6,3103.93,0.0,-0.82,False,0.0
2017-W14,air_conditioning,3,529.85,132.46,0,1016.96,1034.34,656.58,3085.63,0.0,-0.47,False,0.0
2017-W15,air_conditioning,3,1476.71,492.24,0,1067.57,993.56,676.38,3054.68,0.0,0.41,False,0.0
2017-W16,air_conditioning,4,961.36,192.27,0,899.09,733.26,676.38,2365.6,0.0,0.08,False,0.0
2017-W17,air_conditioning,2,225.07,112.53,0,957.98,714.41,871.6,2386.79,0.0,-1.03,False,0.0
2017-W18,air_conditioning,2,646.02,215.34,0,871.08,760.45,676.38,2391.97,0.0,-0.3,False,0.0
2017-W19,air_conditioning,3,579.19,193.06,0,649.24,431.5,587.93,1512.24,0.0,-0.16,False,0.0
2017-W20,air_conditioning,1,60.14,60.14,0,618.77,426.06,554.52,1470.88,0.0,-1.31,False,0.0
2017-W22,air_conditioning,1,115.44,115.44,0,597.96,451.26,554.52,1500.49,0.0,-1.07,False,0.0
2017-W23,air_conditioning,3,2155.57,431.11,0,574.22,473.31,554.52,1520.85,0.0,3.34,True,0.0
2017-W24,air_conditioning,1,38.47,38.47,0,777.44,730.61,612.6,2238.65,0.0,-1.01,False,0.0
2017-W25,air_conditioning,3,493.79,164.6,0,597.66,710.64,402.13,2018.93,0.0,-0.15,False,0.0
2017-W26,air_conditioning,2,943.19,471.6,0,539.21,695.52,359.43,1930.24,0.0,0.58,False,0.0
2017-W27,air_conditioning,1,26.0,26.0,0,628.98,695.52,536.49,2020.02,0.0,-0.87,False,0.0
2017-W28,air_conditioning,1,144.03,144.03,0,551.47,727.18,304.62,2005.83,0.0,-0.56,False,0.0
2017-W29,air_conditioning,2,1069.77,534.88,0,497.08,740.95,129.74,1978.98,0.0,0.77,False,0.0
2017-W31,air_conditioning,4,762.05,190.51,0,623.28,741.88,318.91,2107.04,0.0,0.19,False,0.0
2017-W32,air_conditioning,3,442.92,110.73,0,704.11,713.32,627.92,2130.75,0.0,-0.37,False,0.0
2017-W33,air_conditioning,2,1223.26,407.75,0,490.03,406.49,468.36,1303.0,0.0,1.8,False,0.0
2017-W34,air_conditioning,1,3235.68,1617.84,0,638.13,433.41,627.92,1504.94,0.0,5.99,True,0.0
2017-W35,air_conditioning,3,2245.11,561.28,0,980.86,1007.23,852.62,2995.32,0.0,1.26,False,0.0
2017-W36,air_conditioning,4,554.84,138.71,1,1143.6,1101.08,915.91,3345.76,0.0,-0.53,False,0.0
2017-W37,air_conditioning,2,378.3,189.15,0,1209.71,1038.49,915.91,3286.69,0.0,-0.8,False,0.0
2017-W39,air_conditioning,2,967.19,483.59,0,1238.99,1006.97,915.91,3252.94,0.0,-0.27,False,0.0
2017-W40,air_conditioning,2,1947.0,324.5,0,1226.17,1010.09,864.62,3246.34,0.0,0.71,False,0.0
2017-W41,air_conditioning,3,2130.06,532.51,0,1374.29,1019.14,1095.22,3412.58,0.0,0.74,False,0.0
2017-W42,air_conditioning,4,620.56,155.14,0,1585.18,972.37,1585.13,3529.92,0.0,-0.99,False,0.0
2017-W44,air_conditioning,2,222.14,111.07,0,1509.84,1026.27,1457.1,3562.38,0.0,-1.25,False,0.0
2017-W45,air_conditioning,3,680.11,226.7,0,1133.15,838.12,793.88,2809.39,0.0,-0.54,False,0.0
2017-W46,air_conditioning,4,1737.34,289.56,0,937.53,715.12,650.34,2367.76,0.0,1.12,False,0.0
2017-W47,air_conditioning,4,3596.89,719.38,0,1085.34,746.25,823.65,2577.84,0.0,3.37,True,0.0
2017-W48,air_conditioning,4,626.97,156.74,0,1487.66,1096.18,1352.26,3680.02,0.0,-0.79,False,0.0
2017-W49,air_conditioning,2,533.86,266.93,0,1445.13,1125.47,1208.72,3696.07,0.0,-0.81,False,0.0
2018-W01,air_conditioning,2,480.7,240.35,0,1268.49,1146.15,653.54,3560.8,0.0,-0.69,False,0.0
2018-W02,air_conditioning,3,3543.85,708.77,0,1062.32,1117.01,623.76,3296.33,0.0,2.22,True,0.0
2018-W03,air_conditioning,6,1644.86,234.98,0,1427.73,1395.33,653.54,4218.38,0.0,0.16,False,0.0
2018-W04,air_conditioning,8,2003.56,182.14,0,1605.57,1307.63,1162.48,4220.83,0.0,0.3,False,0.0
2018-W05,air_conditioning,4,668.96,133.79,0,1771.0,1256.54,1691.1,4284.08,0.0,-0.88,False,0.0
2018-W06,air_conditioning,1,207.67,207.67,0,1637.46,1315.99,1156.91,4269.44,0.0,-1.09,False,0.0
2018-W07,air_conditioning,4,711.41,177.85,0,1213.8,1127.07,647.96,3467.93,0.0,-0.45,False,0.0
2018-W08,air_conditioning,4,1132.16,283.04,0,1224.36,1121.16,690.18,3466.69,0.0,-0.08,False,0.0
2018-W09,air_conditioning,3,1354.25,338.56,0,1299.15,1087.99,921.79,3475.12,0.0,0.05,False,0.0
2018-W10,air_conditioning,3,508.98,169.66,0,1408.34,1036.74,1243.2,3481.82,0.0,-0.87,False,0.0
2018-W11,air_conditioning,6,1390.61,198.66,0,1028.98,611.9,921.79,2252.79,0.0,0.59,False,0.0
2018-W12,air_conditioning,9,1127.74,125.3,0,997.2,581.18,921.79,2159.55,0.0,0.22,False,0.0
2018-W13,air_conditioning,4,545.32,136.33,0,887.72,426.41,919.58,1740.54,34.91,-0.8,False,0.0
2018-W14,air_conditioning,6,1996.26,285.18,0,872.27,437.56,919.58,1747.39,0.0,2.57,True,0.0
2018-W15,air_conditioning,4,479.25,119.81,0,1095.84,501.71,1129.95,2099.27,92.41,-1.23,False,0.0
2018-W16,air_conditioning,3,627.37,209.12,0,1066.82,532.87,1129.95,2132.57,1.07,-0.82,False,0.0
2018-W17,air_conditioning,7,783.66,111.95,0,1003.72,553.52,877.56,2110.76,0.0,-0.4,False,0.0
2018-W18,air_conditioning,3,435.37,145.12,1,932.4,538.46,705.52,2009.31,0.0,-0.92,False,0.0
2018-W19,air_conditioning,4,1480.08,296.02,0,923.2,547.28,705.52,2017.76,0.0,1.02,False,0.0
2018-W20,air_conditioning,7,1054.77,150.68,0,934.38,558.99,705.52,2052.35,0.0,0.22,False,0.0
2018-W21,air_conditioning,1,119.2,119.2,0,925.26,555.97,705.52,2037.2,0.0,-1.45,False,0.0
2018-W23,air_conditioning,3,11776.29,1308.48,0,872.0,614.86,705.52,2101.72,0.0,17.73,True,0.0
2018-W24,air_conditioning,4,2028.98,507.25,0,2094.5,3933.92,705.52,9962.33,0.0,-0.02,False,0.0
2018-W25,air_conditioning,1,64.62,64.62,0,2288.22,3880.81,919.21,10049.84,0.0,-0.57,False,0.0
2018-W26,air_conditioning,2,199.5,99.75,0,2217.87,3920.12,919.21,10058.11,0.0,-0.51,False,0.0
2018-W27,air_conditioning,2,416.16,208.08,0,2144.85,3955.93,745.07,10056.71,0.0,-0.44,False,0.0
2018-W28,air_conditioning,1,699.98,349.99,0,2142.45,3957.12,735.46,10056.69,0.0,-0.36,False,0.0
2018-W29,air_conditioning,3,647.55,215.85,0,2044.94,3985.29,558.07,10015.51,0.0,-0.35,False,0.0
2018-W30,air_conditioning,5,820.74,136.79,0,1994.04,4002.3,531.86,9998.64,0.0,-0.29,False,0.0
2018-W31,air_conditioning,10,1919.1,174.46,0,2081.73,3962.85,673.76,10007.42,0.0,-0.04,False,0.0
2018-W32,air_conditioning,3,938.36,312.79,0,849.58,739.26,673.76,2328.09,0.0,0.12,False,0.0
2018-W33,air_conditioning,2,2263.28,565.82,0,713.25,572.43,673.76,1858.11,0.0,2.71,True,0.0
2018-W34,air_conditioning,4,725.66,145.13,0,988.08,724.21,760.36,2436.5,0.0,-0.36,False,0.0
2017-W09,art,1,27.59,27.59,0,,,,,,,False,
2017-W11,art,1,47.05,47.05,0,,,,,,,False,
2017-W12,art,3,246.2,49.24,0,,,,,,,False,
2017-W17,art,1,147.17,147.17,0,,,,,,,False,
2017-W18,art,2,119.57,59.78,0,117.0,100.81,97.11,318.63,0.0,0.03,False,0.0
2017-W19,art,1,50.98,50.98,0,117.52,87.31,119.57,292.15,0.0,-0.76,False,0.0
2017-W20,art,2,245.89,122.94,0,106.43,82.69,85.28,271.8,0.0,1.69,False,0.0
2017-W21,art,2,6865.02,3432.51,0,126.35,92.07,119.57,310.48,0.0,73.19,True,0.0
2017-W22,art,1,84.49,84.49,0,968.68,2384.0,133.37,5736.69,0.0,-0.37,False,0.0
2017-W23,art,3,187.47,37.49,0,975.8,2380.88,133.37,5737.55,0.0,-0.33,False,0.0
2017-W24,art,1,97.88,97.88,0,993.35,2373.56,167.32,5740.47,0.0,-0.38,False,0.0
2017-W25,art,1,2078.64,346.44,0,974.81,2380.8,133.37,5736.4,0.0,0.46,False,0.0
2017-W27,art,2,301.11,150.56,0,1216.24,2382.81,153.52,5981.86,0.0,-0.38,False,0.0
2017-W28,art,1,123.79,123.79,0,1238.94,2371.71,216.68,5982.36,0.0,-0.47,False,0.0
2017-W32,art,2,186.53,93.27,0,1248.04,2366.64,216.68,5981.31,0.0,-0.45,False,0.0
2017-W34,art,1,70.53,70.53,0,1240.62,2370.32,187.0,5981.25,0.0,-0.49,False,0.0
2017-W35,art,1,60.0,60.0,0,391.3,685.92,155.16,1763.15,0.0,-0.48,False,0.0
2017-W36,art,1,317.85,317.85,0,388.24,687.54,155.16,1763.32,0.0,-0.1,False,0.0
2017-W38,art,1,66.25,66.25,0,404.54,683.63,155.16,1771.81,0.0,-0.49,False,0.0
2017-W39,art,1,51.75,51.75,0,400.59,685.75,155.16,1772.08,0.0,-0.51,False,0.0
2017-W40,art,2,262.04,131.02,0,147.23,109.58,97.16,366.38,0.0,1.05,False,0.0
2017-W41,art,1,138.41,138.41,0,142.34,102.37,97.16,347.09,0.0,-0.04,False,0.0
2017-W48,art,1,92.78,46.39,0,144.17,102.12,104.47,348.42,0.0,-0.5,False,0.0
2017-W49,art,1,76.79,76.79,0,132.45,101.95,81.66,336.35,0.0,-0.55,False,0.0
2017-W50,art,1,47.19,23.59,0,133.23,101.43,84.78,336.09,0.0,-0.85,False,0.0
2017-W51,art,1,67.78,67.78,0,131.63,102.84,84.78,337.31,0.0,-0.62,False,0.0
2018-W01,art,3,447.07,149.02,0,100.37,71.33,72.28,243.03,0.0,4.86,True,0.0
2018-W02,art,2,276.2,138.1,0,147.98,139.65,84.78,427.28,0.0,0.92,False,0.0
2018-W03,art,9,1305.98,145.11,0,176.03,140.11,115.6,456.24,0.0,8.06,True,0.0
2018-W04,art,2,178.54,89.27,0,306.52,426.04,115.6,1158.6,0.0,-0.3,False,0.0
2018-W05,art,3,605.25,201.75,0,311.54,424.01,135.66,1159.56,0.0,0.69,False,0.0
2018-W06,art,6,1229.29,153.66,0,375.6,424.95,227.37,1225.49,0.0,2.01,True,0.0
2018-W07,art,2,176.76,88.38,1,519.66,498.22,361.64,1516.09,0.0,-0.69,False,0.0
2018-W08,art,3,330.88,110.29,0,535.86,482.52,361.64,1500.9,0.0,-0.42,False,0.0
2018-W09,art,1,132.26,132.26,0,568.75,454.19,388.98,1477.13,0.0,-0.96,False,0.0
2018-W10,art,1,140.38,140.38,0,529.4,479.19,303.54,1487.78,0.0,-0.81,False,0.0
2018-W11,art,1,113.11,113.11,0,512.42,491.69,254.71,1495.79,0.0,-0.81,False,0.0
2018-W12,art,4,346.49,86.62,0,363.31,386.21,177.65,1135.74,0.0,-0.04,False,0.0
2018-W13,art,1,19.39,19.39,0,384.3,379.24,253.82,1142.78,0.0,-0.96,False,0.0
2018-W14,art,5,549.14,109.83,0,311.07,386.96,158.57,1085.0,0.0,0.62,False,0.0
2018-W15,art,4,315.86,78.96,0,226.05,170.68,158.57,567.4,0.0,0.53,False,0.0
2018-W16,art,6,593.13,98.86,0,243.44,172.02,228.12,587.47,0.0,2.03,True,0.0
2018-W17,art,9,993.8,110.42,0,276.22,211.51,228.12,699.25,0.0,3.39,True,0.0
2018-W18,art,9,867.36,96.37,0,383.91,319.51,331.18,1022.92,0.0,1.51,False,0.0
2018-W19,art,12,950.76,73.14,0,474.78,342.87,447.82,1160.53,0.0,1.39,False,0.0
2018-W20,art,11,1289.27,107.44,0,579.49,344.54,571.14,1268.58,0.0,2.06,True,0.0
2018-W21,art,3,191.67,63.89,0,697.34,408.72,730.24,1514.78,0.0,-1.24,False,0.0
2018-W22,art,5,584.79,116.96,0,718.87,370.66,730.24,1460.2,0.0,-0.36,False,0.0
2018-W23,art,2,234.87,117.44,0,723.33,368.54,730.24,1460.41,0.0,-1.33,False,0.0
2018-W24,art,10,1063.91,106.39,0,713.21,382.19,730.24,1477.59,0.0,0.92,False,0.0
2018-W25,art,6,638.45,106.41,0,772.05,397.02,909.06,1566.09,0.0,-0.34,False,0.0
2018-W26,art,8,851.09,106.39,0,727.64,388.45,752.9,1504.54,0.0,0.32,False,0.0
2018-W27,art,5,525.98,105.2,0,725.6,387.66,744.77,1500.91,0.0,-0.51,False,0.0
2018-W28,art,8,957.29,106.37,0,672.5,381.45,611.62,1435.41,0.0,0.75,False,0.0
2018-W29,art,3,389.95,129.98,0,631.01,317.46,611.62,1265.93,0.0,-0.76,False,0.0
2018-W30,art,3,250.51,83.5,0,655.79,284.26,611.62,1224.32,87.26,-1.43,False,0.0
2018-W31,art,9,1110.22,123.36,0,614.01,318.68,582.22,1251.36,0.0,1.56,False,0.0
2018-W32,art,6,669.42,95.63,0,723.42,320.18,744.77,1363.78,83.07,-0.17,False,0.0
2018-W33,art,2,199.08,99.54,0,674.11,289.12,653.93,1252.35,95.88,-1.64,False,0.0
2018-W34,art,1,106.93,106.93,0,619.19,334.96,597.7,1289.11,0.0,-1.53,False,0.0
2018-W35,art,1,106.93,106.93,0,526.17,363.47,457.96,1253.12,0.0,-1.15,False,0.0
2017-W19,arts_and_craftmanship,1,73.07,73.07,0,,,,,,,False,
2017-W28,arts_and_craftmanship,1,145.56,145.56,0,,,,,,,False,
2018-W16,arts_and_craftmanship,1,34.22,34.22,0,,,,,,,False,
2018-W18,arts_and_craftmanship,1,101.05,101.05,0,,,,,,,False,
2018-W29,arts_and_craftmanship,3,332.23,110.74,0,88.48,46.9,87.06,182.27,0.0,5.2,True,0.0
2018-W30,arts_and_craftmanship,6,511.99,73.14,0,137.23,116.33,101.05,369.89,0.0,3.22,True,0.0
2018-W31,arts_and_craftmanship,3,118.08,39.36,0,199.69,185.02,123.3,569.74,0.0,-0.44,False,0.0
2018-W33,arts_and_craftmanship,3,305.24,101.75,0,188.03,171.7,118.08,531.42,0.0,0.68,False,0.0
2018-W34,arts_and_craftmanship,4,704.73,176.18,0,202.68,164.27,131.82,531.23,0.0,3.06,True,0.0
2016-W40,audio,1,147.08,147.08,0,,,,,,,False,
2016-W41,audio,1,35.95,35.95,0,,,,,,,False,
2017-W05,audio,1,44.01,44.01,0,,,,,,,False,
2017-W07,audio,2,105.91,26.48,0,,,,,,,False,
2017-W08,audio,1,36.19,36.19,0,83.24,52.8,74.96,188.85,0.0,-0.89,False,0.0
2017-W09,audio,1,61.74,61.74,0,73.83,50.34,44.01,174.5,0.0,-0.24,False,0.0
2017-W10,audio,7,1058.69,132.34,0,71.81,45.29,52.88,162.4,0.0,21.79,True,0.0
2017-W11,audio,2,270.36,135.18,0,212.8,375.29,61.74,963.37,0.0,0.15,False,0.0
2017-W12,audio,1,45.95,45.95,0,219.99,348.05,83.82,916.08,0.0,-0.5,False,0.0
2017-W13,audio,3,239.41,79.8,0,207.35,352.88,53.84,913.1,0.0,0.09,False,0.0
2017-W14,audio,2,193.25,96.63,0,232.78,346.02,83.82,924.83,0.0,-0.11,False,0.0
2017-W15,audio,1,404.56,202.28,0,251.44,338.33,149.58,928.1,0.0,0.45,False,0.0
2017-W16,audio,2,153.32,51.11,0,288.77,336.45,216.33,961.67,0.0,-0.4,False,0.0
2017-W17,audio,4,757.38,151.48,0,303.41,326.28,216.33,955.97,0.0,1.39,False,0.0
2017-W18,audio,3,626.98,208.99,0,390.36,344.84,254.88,1080.05,0.0,0.69,False,0.0
2017-W19,audio,3,302.86,100.95,0,336.4,244.5,254.88,825.39,0.0,-0.14,False,0.0
2017-W20,audio,6,667.64,111.27,0,340.46,243.51,271.14,827.48,0.0,1.34,False,0.0
2017-W21,audio,3,472.13,157.38,0,418.17,235.15,353.71,888.48,0.0,0.23,False,0.0
2017-W22,audio,2,263.58,131.79,0,447.26,224.01,438.34,895.28,0.0,-0.82,False,0.0
2017-W23,audio,2,369.42,184.71,0,456.06,213.76,438.34,883.58,28.54,-0.41,False,0.0
2017-W24,audio,5,879.14,175.83,0,451.66,215.32,420.78,882.31,21.01,1.99,False,0.0
2017-W25,audio,1,96.88,96.88,0,542.39,224.38,549.56,991.15,93.63,-1.99,False,0.0
2017-W26,audio,3,472.8,157.6,0,459.83,253.59,420.78,967.01,0.0,0.05,False,0.0
2017-W27,audio,1,173.36,173.36,0,440.56,244.78,420.78,930.11,0.0,-1.09,False,0.0
2017-W28,audio,4,548.93,137.23,0,424.37,259.05,420.78,942.47,0.0,0.48,False,0.0
2017-W29,audio,1,115.94,115.94,0,409.53,246.21,420.78,901.94,0.0,-1.19,False,0.0
2017-W30,audio,1,45.0,45.0,0,365.01,264.78,316.5,894.56,0.0,-1.21,False,0.0
2017-W31,audio,2,108.0,36.0,0,337.68,287.08,271.39,911.83,0.0,-0.8,False,0.0
2017-W32,audio,2,194.25,97.13,0,305.01,297.63,144.65,900.27,0.0,-0.37,False,0.0
2017-W33,audio,2,740.82,370.41,0,219.4,186.74,144.65,592.87,0.0,2.79,True,0.0
2017-W34,audio,1,103.37,103.37,0,299.89,253.3,183.8,806.49,0.0,-0.78,False,0.0
2017-W36,audio,3,447.04,111.76,0,253.71,250.94,144.65,755.59,0.0,0.77,False,0.0
2017-W37,audio,2,242.44,121.22,0,287.92,257.0,155.1,801.93,0.0,-0.18,False,0.0
2017-W38,audio,2,226.36,113.18,0,249.61,234.39,155.1,718.38,0.0,-0.1,False,0.0
2017-W39,audio,3,275.95,91.98,0,263.41,228.57,210.3,720.55,0.0,0.05,False,0.0
2017-W40,audio,5,307.07,51.18,0,292.28,210.95,234.4,714.17,0.0,0.07,False,0.0
2017-W41,audio,8,748.32,93.54,0,317.16,197.41,259.2,711.98,0.0,2.18,True,0.0
2017-W42,audio,9,846.22,94.02,0,386.42,240.6,291.51,867.62,0.0,1.91,False,0.0
2017-W43,audio,8,713.45,89.18,1,399.6,264.48,291.51,928.55,0.0,1.19,False,0.0
2017-W44,audio,4,243.23,60.81,0,475.86,254.63,377.06,985.12,0.0,-0.91,False,0.0
2017-W45,audio,5,1173.27,146.66,0,450.38,267.79,291.51,985.95,0.0,2.7,True,0.0
2017-W46,audio,6,1069.7,178.28,0,566.73,353.15,510.26,1273.03,0.0,1.42,False,0.0
2017-W47,audio,13,1690.44,112.7,0,672.15,362.77,730.88,1397.69,0.0,2.81,True,0.0
2017-W48,audio,7,723.69,103.38,0,848.96,470.72,797.27,1790.4,0.0,-0.27,False,0.0
2017-W49,audio,1,65.0,65.0,0,901.04,422.81,797.27,1746.67,55.41,-1.98,False,0.0
2017-W50,audio,8,644.37,71.6,0,815.62,516.67,784.96,1848.97,0.0,-0.33,False,0.0
2017-W51,audio,4,791.79,197.95,0,790.39,519.89,718.57,1830.16,0.0,0.0,False,0.0
2017-W52,audio,4,1439.96,359.99,0,800.19,518.97,757.74,1838.12,0.0,1.23,False,0.0
2018-W01,audio,2,865.49,432.75,0,949.78,507.85,930.74,1965.47,0.0,-0.17,False,0.0
2018-W02,audio,5,898.03,149.67,0,911.3,500.1,828.64,1911.5,0.0,-0.03,False,0.0
2018-W03,audio,6,780.22,111.46,0,889.85,496.0,828.64,1881.84,0.0,-0.22,False,0.0
2018-W04,audio,8,1516.55,189.57,0,776.07,375.99,786.0,1528.05,24.08,1.97,False,0.0
2018-W05,audio,8,1264.52,158.06,0,875.18,456.16,828.64,1787.5,0.0,0.85,False,0.0
2018-W06,audio,2,55.36,27.68,0,1025.12,332.08,881.76,1689.27,360.96,-2.92,True,305.6
2018-W07,audio,1,608.88,608.88,0,951.49,466.6,881.76,1884.69,18.29,-0.73,False,0.0
2018-W08,audio,4,880.28,220.07,0,928.63,479.84,881.76,1888.3,0.0,-0.1,False,0.0
2018-W09,audio,7,1465.7,209.39,0,858.67,433.17,872.88,1725.0,0.0,1.4,False,0.0
2018-W10,audio,5,1170.62,234.12,0,933.69,483.57,889.16,1900.82,0.0,0.49,False,0.0
2018-W11,audio,7,2382.08,340.3,0,967.77,490.25,1025.45,1948.27,0.0,2.88,True,0.0
2018-W12,audio,9,3729.93,372.99,0,1168.0,689.39,1217.57,2546.77,0.0,3.72,True,0.0
2018-W13,audio,10,3712.54,371.25,0,1444.67,1143.7,1217.57,3732.08,0.0,1.98,False,0.0
2018-W14,audio,5,1676.69,279.45,0,1750.67,1389.66,1318.16,4529.99,0.0,-0.05,False,0.0
2018-W15,audio,10,4506.0,409.64,0,1953.34,1214.25,1571.2,4381.85,0.0,2.1,True,0.0
2018-W16,audio,7,1374.45,196.35,0,2440.48,1369.62,2029.38,5179.71,0.0,-0.78,False,0.0
2018-W17,audio,7,1369.17,195.6,0,2502.25,1298.49,2029.38,5099.24,0.0,-0.87,False,0.0
2018-W18,audio,3,707.53,235.84,0,2490.18,1309.9,2029.38,5109.99,0.0,-1.36,False,0.0
2018-W19,audio,5,1080.79,216.16,0,2432.3,1384.64,2029.38,5201.59,0.0,-0.98,False,0.0
2018-W20,audio,8,533.03,59.23,0,2269.64,1465.46,1525.57,5200.56,0.0,-1.19,False,0.0
2018-W21,audio,1,128.78,128.78,0,1870.02,1446.12,1371.81,4762.27,0.0,-1.2,False,0.0
2018-W22,audio,5,1538.36,307.67,0,1422.06,1345.39,1224.98,4112.84,0.0,0.09,False,0.0
2018-W23,audio,1,30.13,30.13,0,1404.76,1342.54,1224.98,4089.84,0.0,-1.02,False,0.0
2018-W24,audio,3,220.87,73.62,0,845.28,583.66,894.16,2012.6,0.0,-1.07,False,0.0
2018-W25,audio,8,964.49,107.17,0,701.08,576.71,620.28,1854.5,0.0,0.46,False,0.0
2018-W26,audio,5,312.35,52.06,0,650.5,525.18,620.28,1700.86,0.0,-0.64,False,0.0
2018-W27,audio,1,621.28,621.28,0,601.1,537.49,422.69,1676.09,0.0,0.04,False,0.0
2018-W28,audio,2,49.98,24.99,0,543.66,502.31,422.69,1548.28,0.0,-0.98,False,0.0
2018-W29,audio,13,1044.97,74.64,0,483.28,531.93,266.61,1547.14,0.0,1.06,False,0.0
2018-W30,audio,4,479.91,119.98,0,597.8,543.21,466.82,1684.22,0.0,-0.22,False,0.0
2018-W31,audio,4,710.92,177.73,0,465.5,388.17,396.13,1241.85,0.0,0.63,False,0.0
2018-W32,audio,6,829.99,92.22,0,550.6,352.04,550.6,1254.67,0.0,0.79,False,0.0
2018-W33,audio,6,755.24,107.89,0,626.74,336.04,666.1,1298.82,0.0,0.38,False,0.0
2018-W34,audio,8,654.0,65.4,0,600.58,313.38,666.1,1227.33,0.0,0.17,False,0.0
2018-W35,audio,1,22.29,22.29,0,643.29,290.96,682.46,1225.21,61.36,-2.13,True,39.07
2016-W40,auto,10,2521.85,229.26,2,,,,,,,False,
2016-W41,auto,1,194.85,194.85,0,,,,,,,False,
2017-W01,auto,2,39.24,19.62,0,,,,,,,False,
2017-W03,auto,10,2536.25,230.57,0,,,,,,,False,
2017-W04,auto,12,5696.0,379.73,1,1323.05,1394.03,1358.35,4111.11,0.0,3.14,True,0.0
2017-W05,auto,15,2566.55,150.97,0,2197.64,2298.27,2521.85,6794.17,0.0,0.16,False,0.0
2017-W06,auto,33,7074.87,202.14,0,2259.12,2061.14,2529.05,6381.41,0.0,2.34,True,0.0
2017-W07,auto,17,5753.15,261.51,0,2947.09,2617.88,2536.25,8182.86,0.0,1.07,False,0.0
2017-W08,auto,17,4034.86,212.36,1,3297.84,2618.88,2551.4,8535.6,0.0,0.28,False,0.0
2017-W09,auto,10,1922.9,174.81,1,3486.97,2609.45,3300.7,8705.87,0.0,-0.6,False,0.0
2017-W10,auto,20,4942.81,224.67,2,3702.98,2357.34,3300.7,8417.67,0.0,0.53,False,0.0
2017-W11,auto,15,2798.09,174.88,0,4315.92,1851.95,4488.84,8019.83,612.02,-0.82,False,0.0
2017-W12,auto,15,5035.33,251.77,0,4348.65,1818.01,4488.84,7984.67,712.63,0.38,False,0.0
2017-W13,auto,21,13402.27,496.38,2,4266.07,1762.21,4488.84,7790.49,741.65,5.18,True,0.0
2017-W14,auto,17,4073.1,193.96,0,5620.54,3538.42,4989.07,12697.38,0.0,-0.44,False,0.0
2017-W15,auto,23,5280.26,211.21,0,5245.31,3521.28,4507.96,12287.88,0.0,0.01,False,0.0
2017-W16,auto,16,2545.31,159.08,0,5186.2,3515.5,4507.96,12217.21,0.0,-0.75,False,0.0
2017-W17,auto,21,4965.51,177.34,0,5000.01,3623.0,4507.96,12246.0,0.0,-0.01,False,0.0
2017-W18,auto,23,3559.19,131.82,0,5380.34,3407.1,4954.16,12194.53,0.0,-0.53,False,0.0
2017-W19,auto,22,4625.56,177.91,2,5207.38,3467.07,4519.3,12141.52,0.0,-0.17,False,0.0
2017-W20,auto,23,6995.61,233.19,0,5435.82,3343.66,4795.54,12123.14,0.0,0.47,False,0.0
2017-W21,auto,23,10511.68,328.49,5,5680.85,3381.73,4795.54,12444.31,0.0,1.43,False,0.0
2017-W22,auto,22,5200.93,216.71,1,5319.53,2470.54,4795.54,10260.6,378.46,-0.05,False,0.0
2017-W23,auto,28,7113.27,203.24,0,5460.51,2420.93,5083.22,10302.37,618.65,0.68,False,0.0
2017-W24,auto,28,18365.43,655.91,1,5689.63,2487.27,5083.22,10664.16,715.1,5.1,True,0.0
2017-W25,auto,22,5975.07,239.0,0,7667.15,4822.71,6098.27,17312.58,0.0,-0.35,False,0.0
2017-W26,auto,20,6431.01,238.19,0,7793.34,4754.65,6485.34,17302.64,0.0,-0.29,False,0.0
2017-W27,auto,20,2817.59,140.88,0,8152.32,4490.37,6713.31,17133.06,0.0,-1.19,False,0.0
2017-W28,auto,29,4060.64,116.02,0,7926.32,4732.21,6713.31,17390.74,0.0,-0.82,False,0.0
2017-W29,auto,27,6692.94,223.1,0,7559.45,4924.53,6203.04,17408.52,0.0,-0.18,False,0.0
2017-W30,auto,26,3500.52,116.68,1,7082.11,4780.46,6203.04,16643.03,0.0,-0.75,False,0.0
2017-W31,auto,38,13255.38,276.15,0,6869.56,4912.04,6203.04,16693.64,0.0,1.3,False,0.0
2017-W32,auto,23,11004.83,440.19,1,7637.32,5410.32,6203.04,18457.95,0.0,0.62,False,0.0
2017-W33,auto,35,5239.62,116.44,0,6717.25,3671.83,6203.04,14060.9,0.0,-0.4,False,0.0
2017-W34,auto,22,48409.8,1100.22,0,6625.32,3702.14,5835.32,14029.6,0.0,11.29,True,0.0
2017-W35,auto,23,2764.33,120.19,0,11872.66,15220.14,5966.28,42312.95,0.0,-0.6,False,0.0
2017-W36,auto,18,4274.21,224.96,0,11866.01,15224.68,5966.28,42315.37,0.0,-0.5,False,0.0
2017-W37,auto,22,2339.52,106.34,0,11892.7,15209.22,5966.28,42311.14,0.0,-0.63,False,0.0
2017-W38,auto,27,3545.35,114.37,0,11348.53,15497.0,4756.92,42342.52,0.0,-0.5,False,0.0
2017-W39,auto,28,19098.69,516.18,0,11354.13,15493.76,4756.92,42341.66,0.0,0.5,False,0.0
2017-W40,auto,30,8301.13,244.15,0,12084.54,15732.1,4756.92,43548.74,0.0,-0.24,False,0.0
2017-W41,auto,35,8112.96,193.17,0,11746.58,15787.55,4756.92,43321.68,0.0,-0.23,False,0.0
2017-W42,auto,31,8798.94,225.61,0,12105.75,15650.46,6193.58,43406.66,0.0,-0.21,False,0.0
2017-W43,auto,26,3755.07,134.11,0,7154.39,5495.2,6193.58,18144.8,0.0,-0.62,False,0.0
2017-W44,auto,21,6121.63,226.73,1,7278.23,5392.34,6193.58,18062.9,0.0,-0.21,False,0.0
2017-W45,auto,44,5550.44,120.66,0,7509.16,5283.77,7117.3,18076.71,0.0,-0.37,False,0.0
2017-W46,auto,39,6800.86,151.13,0,7910.53,4946.15,7117.3,17802.82,0.0,-0.22,False,0.0
2017-W47,auto,97,17245.3,165.82,0,8317.46,4661.43,7456.91,17640.32,0.0,1.92,False,0.0
2017-W48,auto,74,15827.46,188.42,0,8085.79,4055.76,7456.91,16197.31,0.0,1.91,False,0.0
2017-W49,auto,80,17612.46,191.44,0,9026.58,4898.26,7456.91,18823.11,0.0,1.75,False,0.0
2017-W50,auto,73,17121.67,190.24,0,10214.02,5726.55,7799.9,21667.11,0.0,1.21,False,0.0
2017-W51,auto,46,9895.82,201.96,0,11254.36,6171.46,11314.16,23597.27,0.0,-0.22,False,0.0
2017-W52,auto,20,2887.11,137.48,0,12021.95,5444.53,12861.64,22911.02,1132.89,-1.68,False,0.0
2018-W01,auto,50,10200.08,185.46,0,11617.64,6033.53,12861.64,23684.7,0.0,-0.23,False,0.0
2018-W02,auto,46,9068.55,181.37,0,12198.84,5571.88,13013.77,23342.6,1055.09,-0.56,False,0.0
2018-W03,auto,74,14806.47,180.57,0,12482.31,5309.54,13013.77,23101.38,1863.23,0.44,False,0.0
2018-W04,auto,46,9277.62,171.81,0,12177.45,5061.2,12503.28,22299.86,2055.05,-0.57,False,0.0
2018-W05,auto,69,14125.6,185.86,1,11358.72,4914.04,10047.95,21186.8,1530.65,0.56,False,0.0
2018-W06,auto,52,11511.49,217.2,0,10922.86,4408.77,10047.95,19740.41,2105.32,0.13,False,0.0
2018-W07,auto,88,12884.98,131.48,0,10221.59,3665.44,10047.95,17552.47,2890.72,0.73,False,0.0
2018-W08,auto,85,14119.69,151.82,1,10595.24,3778.11,10855.78,18151.45,3039.02,0.93,False,0.0
2018-W09,auto,73,11365.98,143.87,0,11999.31,2303.84,12198.24,16606.99,7391.63,-0.27,False,0.0
2018-W10,auto,63,11525.83,177.32,0,12145.05,2208.68,12198.24,16562.4,7727.69,-0.28,False,0.0
2018-W11,auto,78,16549.49,194.7,0,12452.21,1863.62,12205.4,16179.45,8724.96,2.2,True,0.0
2018-W12,auto,87,14436.62,147.31,0,12670.08,2241.72,12205.4,17153.52,8186.65,0.79,False,0.0
2018-W13,auto,73,13462.43,170.41,0,13314.96,1830.77,13502.34,16976.49,9653.43,0.08,False,0.0
2018-W14,auto,86,15348.16,170.54,1,13232.06,1803.63,13173.7,16839.32,9624.8,1.17,False,0.0
2018-W15,auto,79,20177.43,231.92,0,13711.65,1790.81,13791.06,17293.27,10130.02,3.61,True,0.0
2018-W16,auto,78,14299.69,160.67,0,14623.2,2851.68,14278.16,20326.56,8919.84,-0.11,False,0.0
2018-W17,auto,71,12416.13,161.25,0,14645.7,2847.85,14368.16,20341.4,8950.01,-0.78,False,0.0
2018-W18,auto,72,12062.77,141.91,0,14776.97,2695.19,14368.16,20167.34,9386.6,-1.01,False,0.0
2018-W19,auto,87,14724.46,158.33,1,14844.09,2607.93,14368.16,20059.95,9628.23,-0.05,False,0.0
2018-W20,auto,92,14483.15,149.31,0,14615.96,2515.63,14368.16,19647.22,9584.71,-0.05,False,0.0
2018-W21,auto,35,4637.52,125.34,0,14621.78,2515.21,14391.42,19652.19,9591.36,-3.97,True,4953.84
2018-W22,auto,38,11152.55,259.36,0,13518.66,4357.1,14391.42,22232.87,4804.46,-0.54,False,0.0
2018-W23,auto,66,13311.09,160.37,0,12994.21,4357.94,13357.91,21710.09,4278.34,0.07,False,0.0
2018-W24,auto,52,11288.25,194.63,0,12135.92,3285.24,12863.61,18706.41,5565.43,-0.26,False,0.0
2018-W25,auto,68,13896.31,190.36,0,11759.49,3172.49,12239.45,18104.47,5414.51,0.67,False,0.0
2018-W26,auto,65,13389.84,183.42,0,11944.51,3258.26,12686.93,18461.03,5427.99,0.44,False,0.0
2018-W27,auto,57,7762.08,127.25,0,12110.4,3298.67,13350.46,18707.74,5513.05,-1.32,False,0.0
2018-W28,auto,49,8710.51,158.37,0,11240.1,3426.45,12299.67,18093.0,4387.2,-0.74,False,0.0
2018-W29,auto,91,17727.4,182.76,2,10518.52,3249.17,11220.4,17016.87,4020.17,2.22,True,0.0
2018-W30,auto,90,13265.66,136.76,0,12154.75,3159.2,12299.67,18473.14,5836.36,0.35,False,0.0
2018-W31,auto,89,15561.96,149.63,2,12418.89,3151.76,13288.38,18722.41,6115.37,1.0,False,0.0
2018-W32,auto,129,20467.16,150.49,0,12700.25,3337.76,13327.75,19375.78,6024.72,2.33,True,0.0
2018-W33,auto,101,20875.45,193.29,1,13847.62,4239.01,13643.08,22325.63,5369.6,1.66,False,0.0
2018-W34,auto,55,7005.52,116.76,0,14720.01,4914.76,14475.9,24549.52,4890.49,-1.57,False,0.0
2018-W35,auto,6,524.38,87.4,0,13921.97,5628.15,14413.81,25178.28,2665.66,-2.38,True,2141.28
2016-W39,baby,1,109.34,109.34,1,,,,,,,False,
2016-W40,baby,10,2235.09,171.93,0,,,,,,,False,
2017-W01,baby,2,39.24,19.62,0,,,,,,,False,
2017-W02,baby,2,205.84,102.92,0,,,,,,,False,
2017-W03,baby,9,1678.76,139.9,0,647.38,1060.68,157.59,2768.73,0.0,0.97,False,0.0
2017-W04,baby,13,5135.65,320.98,0,853.65,1027.87,205.84,2909.4,0.0,4.17,True,0.0
2017-W05,baby,10,1979.35,141.38,0,1567.32,1975.13,942.3,5517.58,0.0,0.21,False,0.0
2017-W06,baby,11,1176.06,106.91,0,1626.18,1809.75,1678.76,5245.68,0.0,-0.25,False,0.0
2017-W07,baby,11,1013.04,92.09,0,1569.92,1683.04,1427.41,4936.01,0.0,-0.33,False,0.0
2017-W08,baby,5,1228.42,245.68,0,1682.88,1599.25,1427.41,4881.38,0.0,-0.28,False,0.0
2017-W09,baby,9,890.35,80.94,0,1557.04,1589.17,1202.24,4735.38,0.0,-0.42,False,0.0
2017-W10,baby,11,878.67,67.59,0,1663.43,1498.97,1202.24,4661.37,0.0,-0.52,False,0.0
2017-W11,baby,10,1599.83,145.44,0,1747.54,1422.42,1202.24,4592.39,0.0,-0.1,False,0.0
2017-W12,baby,8,784.89,98.11,0,1737.67,1423.24,1202.24,4584.16,0.0,-0.67,False,0.0
2017-W13,baby,8,772.44,96.56,0,1193.83,409.66,1094.55,2013.14,374.51,-1.03,False,0.0
2017-W14,baby,10,743.85,74.39,0,1042.96,281.11,951.7,1605.19,480.74,-1.06,False,0.0
2017-W15,baby,5,1008.17,168.03,0,988.94,293.15,884.51,1575.24,402.63,0.07,False,0.0
2017-W16,baby,17,1869.98,110.0,0,988.33,293.1,884.51,1574.53,402.12,3.01,True,0.0
2017-W17,baby,15,1793.82,99.66,0,1068.52,425.87,884.51,1920.27,216.78,1.7,False,0.0
2017-W18,baby,23,2535.01,93.89,0,1181.46,487.25,943.42,2155.95,206.97,2.78,True,0.0
2017-W19,baby,26,2677.47,99.17,0,1388.5,661.1,1304.0,2710.69,66.3,1.95,False,0.0
2017-W20,baby,24,2364.57,94.58,0,1523.2,804.54,1401.0,3132.28,0.0,1.05,False,0.0
2017-W21,baby,19,3303.34,132.13,0,1720.66,791.19,1831.9,3303.04,138.29,2.0,True,0.0
2017-W22,baby,21,3789.27,180.44,0,2037.03,860.8,2117.28,3758.64,315.42,2.04,True,0.0
2017-W23,baby,16,2119.48,132.47,0,2417.7,880.39,2449.79,4178.49,656.92,-0.34,False,0.0
2017-W24,baby,22,5148.94,183.89,0,2556.62,694.2,2449.79,3945.02,1168.22,3.73,True,0.0
2017-W25,baby,14,1499.48,99.97,0,2966.49,1087.47,2606.24,5141.43,791.55,-1.35,False,0.0
2017-W26,baby,14,2441.59,162.77,0,2929.7,1136.68,2606.24,5203.05,656.34,-0.43,False,0.0
2017-W27,baby,22,2730.97,94.17,0,2918.02,1141.78,2559.53,5201.58,634.46,-0.16,False,0.0
2017-W28,baby,32,4568.9,138.45,1,2924.7,1140.33,2586.28,5205.36,644.05,1.44,False,0.0
2017-W29,baby,36,6419.38,164.6,0,3200.25,1246.98,3017.16,5694.2,706.29,2.58,True,0.0
2017-W30,baby,23,4694.78,187.79,0,3589.75,1691.29,3260.12,6972.32,207.18,0.65,False,0.0
2017-W31,baby,30,5483.28,176.88,1,3702.94,1736.25,3649.93,7175.44,230.44,1.03,False,0.0
2017-W32,baby,22,4571.48,190.48,0,4123.42,1705.03,4631.84,7533.47,713.36,0.26,False,0.0
2017-W33,baby,30,6135.25,204.51,1,4051.23,1667.21,4570.19,7385.66,716.81,1.25,False,0.0
2017-W34,baby,31,5338.01,152.51,0,4630.7,1444.33,4633.13,7519.36,1742.05,0.49,False,0.0
2017-W35,baby,35,9718.02,255.74,0,4992.76,1150.28,5016.4,7293.31,2692.2,4.11,True,0.0
2017-W36,baby,31,4823.69,146.17,0,5866.14,1705.96,5410.64,9278.05,2454.22,-0.61,False,0.0
2017-W37,baby,47,10006.7,200.13,0,5897.99,1680.47,5410.64,9258.92,2537.05,2.44,True,0.0
2017-W38,baby,32,4742.82,118.57,0,6346.4,2228.67,5410.64,10803.75,1889.06,-0.72,False,0.0
2017-W39,baby,40,6452.62,153.63,0,6352.41,2223.65,5410.64,10799.7,1905.12,0.05,False,0.0
2017-W40,baby,32,4490.9,140.34,0,6473.57,2195.76,5736.63,10865.09,2082.06,-0.9,False,0.0
2017-W41,baby,36,5016.46,125.41,0,6463.5,2205.89,5736.63,10875.28,2051.72,-0.66,False,0.0
2017-W42,baby,34,6074.19,173.55,0,6323.65,2264.36,5177.24,10852.38,1794.93,-0.11,False,0.0
2017-W43,baby,20,3043.48,144.93,0,6415.68,2233.33,5545.32,10882.34,1949.01,-1.51,False,0.0
2017-W44,baby,30,4848.02,156.39,0,5581.36,2063.7,4920.08,9708.75,1453.97,-0.36,False,0.0
2017-W45,baby,35,5016.42,135.58,0,5584.4,2062.44,4932.24,9709.27,1459.52,-0.28,False,0.0
2017-W46,baby,42,8006.35,148.27,0,4960.61,1030.15,4932.22,7020.92,2900.31,2.96,True,0.0
2017-W47,baby,67,10742.18,149.2,1,5368.55,1479.68,5016.44,8327.92,2409.19,3.63,True,0.0
2017-W48,baby,42,5867.71,136.46,0,5904.75,2412.08,5016.44,10728.91,1080.59,-0.02,False,0.0
2017-W49,baby,48,6072.41,112.45,0,6076.85,2344.97,5442.08,10766.8,1386.9,-0.0,False,0.0
2017-W50,baby,33,6597.11,194.03,0,6208.84,2306.16,5970.06,10821.16,1596.53,0.17,False,0.0
2017-W51,baby,28,5889.54,196.32,0,6274.21,2309.2,5970.06,10892.62,1655.8,-0.17,False,0.0
2017-W52,baby,14,1666.12,104.13,0,6629.97,1928.17,5980.98,10486.3,2773.63,-2.57,True,1107.51
2018-W01,baby,43,8368.09,170.78,0,6232.23,2569.71,5980.98,11371.64,1092.82,0.83,False,0.0
2018-W02,baby,61,10883.8,162.44,0,6651.19,2615.97,6334.76,11883.13,1419.24,1.62,False,0.0
2018-W03,baby,44,8005.47,170.33,0,7010.87,2998.73,6334.76,13008.33,1013.41,0.33,False,0.0
2018-W04,baby,54,8596.14,145.7,0,6668.78,2647.83,6334.76,11964.45,1373.12,0.73,False,0.0
2018-W05,baby,22,3178.22,132.43,1,7009.84,2705.01,7301.29,12419.86,1599.81,-1.42,False,0.0
2018-W06,baby,41,5293.89,126.05,2,6648.06,3023.13,7301.29,12694.31,601.81,-0.45,False,0.0
2018-W07,baby,42,7452.53,165.61,1,6485.16,3061.14,6947.5,12607.43,362.88,0.32,False,0.0
2018-W08,baby,49,7260.25,139.62,0,6680.53,3067.56,7729.0,12815.66,545.41,0.19,False,0.0
2018-W09,baby,51,16261.8,318.86,1,7379.8,2303.71,7729.0,11987.22,2772.38,3.86,True,0.0
2018-W10,baby,36,6193.29,158.8,0,8366.51,3914.7,7729.0,16195.91,537.12,-0.56,False,0.0
2018-W11,baby,57,10281.8,168.55,0,7780.2,3834.24,7356.39,15448.69,111.71,0.65,False,0.0
2018-W12,baby,56,15954.52,261.55,0,8064.74,3936.45,7356.39,15937.64,191.84,2.0,True,0.0
2018-W13,baby,46,12676.32,239.18,1,8984.54,4835.4,7356.39,18655.34,0.0,0.76,False,0.0
2018-W14,baby,44,10382.53,235.97,0,10171.8,4347.52,8867.16,18866.85,1476.75,0.05,False,0.0
2018-W15,baby,64,15304.06,218.63,0,10807.88,3878.89,10332.17,18565.66,3050.1,1.16,False,0.0
2018-W16,baby,58,31838.71,413.49,1,11789.32,3901.86,11529.42,19593.05,3985.59,5.14,True,0.0
2018-W17,baby,42,11908.78,264.64,0,14861.63,7676.73,13990.19,30215.08,0.0,-0.38,False,0.0
2018-W18,baby,60,8025.91,131.57,0,14317.5,7717.47,12292.55,29752.43,0.0,-0.82,False,0.0
2018-W19,baby,56,13208.77,183.46,0,14546.58,7464.93,12292.55,29476.44,0.0,-0.18,False,0.0
2018-W20,baby,60,12242.7,182.73,1,14912.45,7295.86,12942.54,29504.17,320.73,-0.37,False,0.0
2018-W21,baby,26,3538.55,104.08,0,14448.47,7338.03,12459.51,29124.53,0.0,-1.49,False,0.0
2018-W22,baby,44,11606.91,227.59,0,13306.25,8301.25,12075.74,29908.75,0.0,-0.2,False,0.0
2018-W23,baby,55,13529.01,218.21,0,13459.3,8250.78,12075.74,29960.85,0.0,0.01,False,0.0
2018-W24,baby,46,9295.84,175.39,0,13237.42,8217.88,12075.74,29673.18,0.0,-0.48,False,0.0
2018-W25,baby,50,8813.77,146.9,0,10419.56,3353.9,11757.84,17127.35,3711.76,-0.48,False,0.0
2018-W26,baby,41,7692.94,167.24,0,10032.68,3336.03,10451.38,16704.75,3360.62,-0.7,False,0.0
2018-W27,baby,38,5841.71,146.04,0,9991.06,3366.58,10451.38,16724.23,3257.89,-1.23,False,0.0
2018-W28,baby,32,4116.14,114.34,0,9070.18,3368.26,9054.8,15806.71,2333.65,-1.47,False,0.0
2018-W29,baby,47,5782.47,96.37,1,8054.36,3497.73,8253.36,15049.82,1058.89,-0.65,False,0.0
2018-W30,baby,64,9921.39,135.91,5,8334.85,3157.27,8253.36,14649.39,2020.31,0.5,False,0.0
2018-W31,baby,86,13561.08,142.75,0,8124.16,2957.66,8253.36,14039.47,2208.85,1.84,False,0.0
2018-W32,baby,62,7313.26,110.81,0,8128.17,2966.04,8253.36,14060.24,2196.09,-0.27,False,0.0
2018-W33,baby,46,7342.75,146.85,0,7880.34,2937.22,7503.1,13754.79,2005.9,-0.18,False,0.0
2018-W34,baby,32,3463.81,101.88,1,7696.47,2916.41,7328.0,13529.29,1863.64,-1.45,False,0.0
2018-W35,baby,3,387.78,129.26,0,7167.83,3278.02,6577.48,13723.87,611.79,-2.07,True,224.01
2016-W40,bed_bath_table,5,2291.71,286.46,0,,,,,,,False,
2017-W01,bed_bath_table,1,84.59,84.59,0,,,,,,,False,
2017-W02,bed_bath_table,5,380.56,76.11,0,,,,,,,False,
2017-W03,bed_bath_table,10,1993.09,181.19,0,,,,,,,False,
2017-W04,bed_bath_table,16,2128.97,106.45,0,1187.49,1115.92,1186.82,3419.32,0.0,0.84,False,0.0
2017-W05,bed_bath_table,34,3813.78,108.97,1,1375.78,1054.15,1993.09,3484.08,0.0,2.31,True,0.0
2017-W06,bed_bath_table,43,6597.57,131.95,1,1782.12,1370.99,2061.03,4524.1,0.0,3.51,True,0.0
2017-W07,bed_bath_table,39,9945.1,187.64,0,2470.04,2208.85,2128.97,6887.73,0.0,3.38,True,0.0
2017-W08,bed_bath_table,32,5166.62,126.02,0,3404.42,3341.64,2210.34,10087.71,0.0,0.53,False,0.0
2017-W09,bed_bath_table,48,8597.53,148.23,0,3763.78,3359.42,2971.38,10482.63,0.0,1.44,False,0.0
2017-W10,bed_bath_table,59,12417.29,167.8,0,4827.9,3375.75,4490.2,11579.41,0.0,2.25,True,0.0
2017-W11,bed_bath_table,52,7816.98,128.15,0,6332.49,3769.8,5882.09,13872.09,0.0,0.39,False,0.0
2017-W12,bed_bath_table,60,10389.46,123.68,0,7060.48,3351.19,7207.28,13762.85,358.11,0.99,False,0.0
2017-W13,bed_bath_table,68,8942.84,109.06,0,8093.04,2849.71,8207.26,13792.46,2393.62,0.3,False,0.0
2017-W14,bed_bath_table,63,9115.36,113.94,0,8734.17,2266.77,8770.19,13267.71,4200.64,0.17,False,0.0
2017-W15,bed_bath_table,31,3457.16,76.83,0,9048.9,2096.1,9029.1,13241.1,4856.7,-2.67,True,1399.54
2017-W16,bed_bath_table,64,9873.77,109.71,0,8237.91,2827.37,8770.19,13892.64,2583.17,0.58,False,0.0
2017-W17,bed_bath_table,49,9862.5,161.68,0,8826.3,2575.48,9029.1,13977.26,3675.34,0.4,False,0.0
2017-W18,bed_bath_table,60,8020.33,94.36,0,8984.42,2598.16,9488.93,14180.74,3788.1,-0.37,False,0.0
2017-W19,bed_bath_table,77,10561.46,102.54,1,8434.8,2203.29,9029.1,12841.37,4028.23,0.97,False,0.0
2017-W20,bed_bath_table,71,10061.84,110.57,0,8777.86,2304.68,9488.93,13387.22,4168.5,0.56,False,0.0
2017-W21,bed_bath_table,89,13883.61,134.79,0,8736.91,2274.66,9488.93,13286.24,4187.58,2.26,True,0.0
2017-W22,bed_bath_table,69,8911.36,115.73,0,9354.5,2918.25,9868.14,15191.01,3518.0,-0.15,False,0.0
2017-W23,bed_bath_table,87,13141.19,100.31,0,9329.0,2921.53,9868.14,15172.07,3485.94,1.3,False,0.0
2017-W24,bed_bath_table,75,15163.85,147.22,0,10539.51,2002.82,9967.8,14545.15,6533.86,2.31,True,0.0
2017-W25,bed_bath_table,72,8496.93,108.94,0,11200.77,2550.13,10311.65,16301.04,6100.5,-1.06,False,0.0
2017-W26,bed_bath_table,86,12725.65,136.83,0,11030.07,2694.15,10311.65,16418.36,5641.78,0.63,False,0.0
2017-W27,bed_bath_table,115,18248.86,127.61,1,11618.24,2445.34,11643.56,16508.92,6727.55,2.71,True,0.0
2017-W28,bed_bath_table,126,23173.77,166.72,0,12579.16,3323.49,12933.42,19226.15,5932.17,3.19,True,0.0
2017-W29,bed_bath_table,135,33798.07,185.7,0,14218.15,4806.81,13512.4,23831.77,4604.54,4.07,True,0.0
2017-W30,bed_bath_table,104,20567.44,169.98,16,16707.46,8412.79,14152.52,33533.05,0.0,0.46,False,0.0
2017-W31,bed_bath_table,82,16080.72,169.27,19,18164.47,7860.96,16706.36,33886.39,2442.55,-0.27,False,0.0
2017-W32,bed_bath_table,115,23281.24,123.84,13,18531.91,7658.72,17164.79,33849.35,3214.48,0.62,False,0.0
2017-W33,bed_bath_table,125,24703.73,166.92,18,19546.58,7686.42,19408.15,34919.43,4173.74,0.67,False,0.0
2017-W34,bed_bath_table,91,13811.46,130.3,15,21572.44,6383.42,21870.6,34339.27,8805.6,-1.22,False,0.0
2017-W35,bed_bath_table,80,14640.12,150.93,10,21708.16,6176.64,21870.6,34061.44,9354.89,-1.14,False,0.0
2017-W36,bed_bath_table,86,14066.45,130.24,0,21257.07,6583.73,21870.6,34424.53,8089.61,-1.09,False,0.0
2017-W37,bed_bath_table,147,24698.3,145.28,0,20118.65,6980.4,18324.08,34079.45,6157.86,0.66,False,0.0
2017-W38,bed_bath_table,127,23266.99,145.42,0,18981.18,4848.83,18324.08,28678.84,9283.53,0.88,False,0.0
2017-W39,bed_bath_table,83,18962.42,182.33,0,19318.63,5064.14,19673.86,29446.91,9190.34,-0.07,False,0.0
2017-W40,bed_bath_table,82,14200.49,136.54,0,19678.84,4900.78,21114.7,29480.4,9877.28,-1.12,False,0.0
2017-W41,bed_bath_table,102,16146.51,117.86,0,18543.74,4997.87,16801.27,28539.49,8548.0,-0.48,False,0.0
2017-W42,bed_bath_table,104,29657.16,185.36,0,17474.09,4367.07,15393.32,26208.24,8739.95,2.79,True,0.0
2017-W43,bed_bath_table,112,18078.3,133.91,0,19454.8,5820.23,17554.46,31095.27,7814.34,-0.24,False,0.0
2017-W44,bed_bath_table,104,19368.39,145.63,0,19884.58,5533.81,18520.36,30952.2,8816.95,-0.09,False,0.0
2017-W45,bed_bath_table,131,26805.48,166.49,1,20547.32,5032.23,19165.4,30611.79,10482.85,1.24,False,0.0
2017-W46,bed_bath_table,121,20130.7,129.88,1,20810.72,5327.05,19165.4,31464.83,10156.61,-0.13,False,0.0
2017-W47,bed_bath_table,363,67088.26,149.42,0,20418.68,5235.08,19165.4,30888.83,9948.53,8.91,True,0.0
2017-W48,bed_bath_table,198,39050.94,150.78,0,26434.41,17230.62,19749.54,60895.64,0.0,0.73,False,0.0
2017-W49,bed_bath_table,113,22567.13,163.53,0,29540.72,16947.71,23468.09,63436.14,0.0,-0.41,False,0.0
2017-W50,bed_bath_table,114,15845.95,123.8,0,30343.3,16364.8,24686.3,63072.9,0.0,-0.89,False,0.0
2017-W51,bed_bath_table,96,14259.45,129.63,0,28616.89,17156.86,21348.92,62930.62,0.0,-0.84,False,0.0
2017-W52,bed_bath_table,87,12252.94,121.32,0,28139.54,17540.8,21348.92,63221.13,0.0,-0.91,False,0.0
2018-W01,bed_bath_table,137,23198.62,127.46,0,27250.11,18216.47,21348.92,63683.05,0.0,-0.22,False,0.0
2018-W02,bed_bath_table,171,30232.41,150.41,0,26799.25,18273.59,21348.92,63346.44,0.0,0.19,False,0.0
2018-W03,bed_bath_table,152,24611.87,132.32,0,28061.96,18095.11,22882.88,64252.18,0.0,-0.19,False,0.0
2018-W04,bed_bath_table,156,34093.96,153.58,1,22752.41,8907.08,22882.88,40566.56,4938.26,1.27,False,0.0
2018-W05,bed_bath_table,162,38396.52,173.74,1,22132.79,7702.22,22882.88,37537.23,6728.35,2.11,True,0.0
2018-W06,bed_bath_table,174,25485.71,117.99,0,24111.46,9623.4,23905.24,43358.26,4864.67,0.14,False,0.0
2018-W07,bed_bath_table,150,25798.99,137.23,1,25316.44,9025.54,25048.79,43367.51,7265.36,0.05,False,0.0
2018-W08,bed_bath_table,124,21258.75,140.79,0,26758.88,7851.78,25642.35,42462.44,11055.32,-0.7,False,0.0
2018-W09,bed_bath_table,154,21589.78,122.67,2,27884.6,5870.56,25642.35,39625.72,16143.48,-1.07,False,0.0
2018-W10,bed_bath_table,148,18885.15,113.08,0,27683.5,6077.91,25642.35,39839.32,15527.67,-1.45,False,0.0
2018-W11,bed_bath_table,137,34208.72,187.96,0,26265.09,6691.21,25048.79,39647.51,12882.67,1.19,False,0.0
2018-W12,bed_bath_table,168,33070.93,146.98,0,27464.7,7193.86,25642.35,41852.43,13076.97,0.78,False,0.0
2018-W13,bed_bath_table,142,23570.71,135.46,0,27336.82,7067.16,25642.35,41471.15,13202.49,-0.53,False,0.0
2018-W14,bed_bath_table,150,28894.1,157.89,0,25483.59,5529.2,24528.21,36542.0,14425.19,0.62,False,0.0
2018-W15,bed_bath_table,144,32313.26,172.8,0,25909.64,5659.18,24684.85,37228.0,14591.29,1.13,False,0.0
2018-W16,bed_bath_table,147,28696.44,152.64,1,26723.92,6093.01,26232.4,38909.95,14537.9,0.32,False,0.0
2018-W17,bed_bath_table,134,25165.69,149.8,0,27653.64,5694.38,28795.27,39042.39,16264.88,-0.44,False,0.0
2018-W18,bed_bath_table,142,32144.7,170.08,0,28100.62,5275.31,28795.27,38651.25,17550.0,0.77,False,0.0
2018-W19,bed_bath_table,132,23813.42,140.08,0,29758.07,3859.22,30519.4,37476.51,22039.62,-1.54,False,0.0
2018-W20,bed_bath_table,173,38852.62,171.91,1,28458.66,3896.48,28795.27,36251.62,20665.69,2.67,True,0.0
2018-W21,bed_bath_table,113,20214.94,138.46,0,29181.37,5194.24,28795.27,39569.85,18792.89,-1.73,False,0.0
2018-W22,bed_bath_table,114,20275.63,148.0,0,28761.9,5810.96,28795.27,40383.81,17139.98,-1.46,False,0.0
2018-W23,bed_bath_table,161,29432.76,131.4,1,27684.59,6536.55,26931.06,40757.68,14611.49,0.27,False,0.0
2018-W24,bed_bath_table,158,25346.23,131.33,0,27324.52,6320.93,26931.06,39966.39,14682.66,-0.31,False,0.0
2018-W25,bed_bath_table,171,29177.9,143.03,0,26905.75,6328.03,25255.96,39561.81,14249.68,0.36,False,0.0
2018-W26,bed_bath_table,130,25826.75,159.42,0,27407.28,6329.42,27262.06,40066.11,14748.44,-0.25,False,0.0
2018-W27,bed_bath_table,104,21920.77,171.26,0,26617.53,6041.47,25586.49,38700.48,14534.58,-0.78,False,0.0
2018-W28,bed_bath_table,68,11521.29,137.16,1,26380.95,6201.9,25586.49,38784.74,13977.16,-2.4,True,2455.87
2018-W29,bed_bath_table,152,28736.31,155.33,0,22964.53,5869.25,23633.5,34703.03,11226.04,0.98,False,0.0
2018-W30,bed_bath_table,125,23182.12,150.53,14,24029.7,6068.81,25586.49,36167.32,11892.09,-0.14,False,0.0
2018-W31,bed_bath_table,165,31704.36,157.73,27,24393.02,5896.51,25586.49,36186.04,12599.99,1.24,False,0.0
2018-W32,bed_bath_table,159,28795.3,146.91,23,24676.97,6219.71,25586.49,37116.39,12237.54,0.66,False,0.0
2018-W33,bed_bath_table,177,28512.02,135.77,18,25108.1,6389.94,27281.53,37887.99,12328.21,0.53,False,0.0
2018-W34,bed_bath_table,88,15040.96,136.74,8,25024.86,6333.44,27169.38,37691.75,12357.98,-1.58,False,0.0
2018-W35,bed_bath_table,12,1227.17,102.26,2,23676.64,7223.78,25847.07,38124.21,9229.08,-3.11,True,8001.91
2016-W40,books_general_interest,1,144.54,144.54,0,,,,,,,False,
2017-W04,books_general_interest,1,144.14,144.14,0,,,,,,,False,
2017-W05,books_general_interest,2,192.87,96.44,0,,,,,,,False,
2017-W06,books_general_interest,3,381.86,127.29,0,,,,,,,False,
2017-W07,books_general_interest,1,166.0,166.0,0,215.85,113.01,168.7,441.88,0.0,-0.44,False,0.0
2017-W08,books_general_interest,3,336.7,112.23,0,205.88,100.38,166.0,406.64,5.13,1.3,False,0.0
2017-W09,books_general_interest,4,861.09,172.22,0,227.68,104.46,179.44,436.61,18.76,6.06,True,0.0
2017-W10,books_general_interest,7,725.15,103.59,1,318.17,257.7,192.87,833.57,0.0,1.58,False,0.0
2017-W11,books_general_interest,4,3087.74,385.97,0,369.04,278.61,264.78,926.27,0.0,9.76,True,0.0
2017-W12,books_general_interest,2,250.42,125.21,0,736.94,985.72,359.28,2708.38,0.0,-0.49,False,0.0
2017-W13,books_general_interest,3,433.04,144.35,0,750.23,977.27,359.28,2704.76,0.0,-0.32,False,0.0
2017-W14,books_general_interest,1,129.98,129.98,0,780.25,961.26,407.45,2702.76,0.0,-0.68,False,0.0
2017-W15,books_general_interest,2,177.03,88.52,0,748.76,980.11,384.87,2708.99,0.0,-0.58,False,0.0
2017-W16,books_general_interest,7,699.31,99.9,0,750.14,979.18,384.87,2708.51,0.0,-0.05,False,0.0
2017-W17,books_general_interest,2,138.65,69.33,0,795.47,965.61,566.17,2726.68,0.0,-0.68,False,0.0
2017-W18,books_general_interest,4,460.94,115.23,0,705.16,992.01,341.73,2689.19,0.0,-0.25,False,0.0
2017-W19,books_general_interest,7,806.45,115.21,0,672.14,995.65,341.73,2663.43,0.0,0.13,False,0.0
2017-W20,books_general_interest,3,345.84,115.28,0,386.98,259.54,341.73,906.07,0.0,-0.16,False,0.0
2017-W21,books_general_interest,4,277.56,69.39,0,398.9,254.52,389.44,907.94,0.0,-0.48,False,0.0
2017-W22,books_general_interest,4,913.79,182.76,0,379.47,257.46,311.7,894.38,0.0,2.08,True,0.0
2017-W23,books_general_interest,7,751.72,107.39,0,477.45,295.31,403.39,1068.06,0.0,0.93,False,0.0
2017-W24,books_general_interest,3,425.36,141.79,0,549.28,281.36,580.12,1112.0,0.0,-0.44,False,0.0
2017-W25,books_general_interest,4,1012.48,202.5,0,515.04,277.13,443.15,1069.3,0.0,1.79,False,0.0
2017-W26,books_general_interest,4,283.55,70.89,0,624.27,279.78,606.33,1183.83,64.71,-1.22,False,0.0
2017-W27,books_general_interest,1,140.61,140.61,0,602.09,300.81,588.54,1203.72,0.47,-1.53,False,0.0
2017-W28,books_general_interest,1,157.84,157.84,0,518.86,327.15,385.6,1173.17,0.0,-1.1,False,0.0
2017-W29,books_general_interest,5,716.45,119.41,0,495.36,347.48,354.46,1190.32,0.0,0.64,False,0.0
2017-W30,books_general_interest,3,447.43,149.14,0,550.22,342.79,570.9,1235.81,0.0,-0.3,False,0.0
2017-W31,books_general_interest,5,527.29,105.46,0,491.93,310.24,436.4,1112.41,0.0,0.11,False,0.0
2017-W32,books_general_interest,10,1868.27,186.83,1,463.88,293.07,436.4,1050.01,0.0,4.79,True,0.0
2017-W33,books_general_interest,2,227.81,113.91,0,644.24,574.68,487.36,1793.6,0.0,-0.72,False,0.0
2017-W34,books_general_interest,6,478.2,68.31,0,546.16,569.79,365.49,1685.74,0.0,-0.12,False,0.0
2017-W35,books_general_interest,10,994.96,99.5,0,570.49,561.07,462.82,1692.62,0.0,0.76,False,0.0
2017-W36,books_general_interest,4,189.88,47.47,0,677.28,548.73,502.74,1774.74,0.0,-0.89,False,0.0
2017-W37,books_general_interest,5,526.77,87.8,0,681.29,544.5,502.74,1770.28,0.0,-0.28,False,0.0
2017-W39,books_general_interest,4,1151.91,164.56,0,657.58,546.87,502.48,1751.32,0.0,0.9,False,0.0
2017-W40,books_general_interest,1,132.53,132.53,0,745.64,564.63,527.03,1874.89,0.0,-1.09,False,0.0
2017-W41,books_general_interest,2,86.02,43.01,0,696.29,602.42,502.48,1901.13,0.0,-1.01,False,0.0
2017-W42,books_general_interest,2,266.38,133.19,0,473.51,403.95,353.0,1281.41,0.0,-0.51,False,0.0
2017-W44,books_general_interest,5,418.7,83.74,0,478.33,400.82,372.29,1279.96,0.0,-0.15,False,0.0
2017-W45,books_general_interest,4,290.8,72.7,0,470.89,401.37,342.54,1273.63,0.0,-0.45,False,0.0
2017-W46,books_general_interest,7,867.03,108.38,1,382.87,342.99,278.59,1068.85,0.0,1.41,False,0.0
2017-W47,books_general_interest,13,1008.05,77.54,0,467.52,370.97,354.75,1209.46,0.0,1.46,False,0.0
2017-W48,books_general_interest,13,1017.79,67.85,0,527.68,418.0,354.75,1363.67,0.0,1.17,False,0.0
2017-W49,books_general_interest,8,1362.96,113.58,0,510.91,391.22,354.75,1293.34,0.0,2.18,True,0.0
2017-W50,books_general_interest,10,710.56,64.6,0,664.72,457.46,642.86,1579.64,0.0,0.1,False,0.0
2017-W51,books_general_interest,9,638.66,70.96,0,742.78,393.4,788.8,1529.59,0.0,-0.26,False,0.0
2017-W52,books_general_interest,9,811.13,90.13,1,789.32,348.45,788.8,1486.22,92.42,0.06,False,0.0
2018-W01,books_general_interest,9,525.77,58.42,0,838.37,314.82,839.08,1468.02,208.73,-0.99,False,0.0
2018-W02,books_general_interest,14,1137.84,75.86,0,867.74,263.16,839.08,1394.07,341.42,1.03,False,0.0
2018-W03,books_general_interest,8,462.92,57.87,0,901.6,279.94,909.59,1461.47,341.72,-1.57,False,0.0
2018-W04,books_general_interest,8,1153.62,104.87,0,833.45,314.53,760.84,1462.52,204.39,1.02,False,0.0
2018-W05,books_general_interest,6,229.81,38.3,0,850.43,329.23,760.84,1508.89,191.98,-1.89,False,0.0
2018-W06,books_general_interest,7,400.18,57.17,1,708.79,320.87,674.61,1350.54,67.04,-0.96,False,0.0
2018-W07,books_general_interest,9,922.73,102.53,0,669.99,338.89,582.21,1347.77,0.0,0.75,False,0.0
2018-W08,books_general_interest,6,746.81,124.47,0,705.5,349.84,668.45,1405.18,5.82,0.12,False,0.0
2018-W09,books_general_interest,11,705.08,58.76,0,697.46,347.8,636.29,1393.06,1.86,0.02,False,0.0
2018-W10,books_general_interest,3,226.87,75.62,0,719.87,340.86,725.94,1401.6,38.15,-1.45,False,0.0
2018-W11,books_general_interest,12,1828.44,114.28,0,606.0,333.37,584.0,1272.74,0.0,3.67,True,0.0
2018-W12,books_general_interest,5,286.4,40.91,0,776.69,537.02,725.94,1850.73,0.0,-0.91,False,0.0
2018-W13,books_general_interest,7,456.91,65.27,0,668.29,537.59,552.63,1743.48,0.0,-0.39,False,0.0
2018-W14,books_general_interest,8,1695.31,188.37,0,696.68,516.72,581.0,1730.12,0.0,1.93,False,0.0
2018-W15,books_general_interest,5,956.01,159.34,0,858.57,605.77,725.94,2070.11,0.0,0.16,False,0.0
2018-W16,books_general_interest,17,3405.31,170.27,0,862.73,606.39,725.94,2075.5,0.0,4.19,True,0.0
2018-W17,books_general_interest,11,1961.6,150.89,0,1195.04,1078.48,830.54,3351.99,0.0,0.71,False,0.0
2018-W18,books_general_interest,16,2583.14,135.95,0,1352.11,1088.38,1325.66,3528.86,0.0,1.13,False,0.0
2018-W19,books_general_interest,14,1258.48,83.9,0,1646.64,1058.79,1761.88,3764.22,0.0,-0.37,False,0.0
2018-W20,books_general_interest,17,2923.28,162.4,1,1575.4,1063.97,1476.9,3703.34,0.0,1.27,False,0.0
2018-W21,books_general_interest,2,220.6,110.3,0,1905.0,1014.92,1828.46,3934.84,0.0,-1.66,False,0.0
2018-W22,books_general_interest,4,258.7,51.74,0,1875.47,1065.27,1828.46,4006.02,0.0,-1.52,False,0.0
2018-W23,books_general_interest,9,1055.55,105.55,0,1695.89,1211.09,1610.04,4118.07,0.0,-0.53,False,0.0
2018-W24,books_general_interest,7,1140.53,126.73,0,1708.33,1202.89,1610.04,4114.1,0.0,-0.47,False,0.0
2018-W25,books_general_interest,10,1302.75,118.43,1,1425.24,994.99,1199.51,3415.22,0.0,-0.12,False,0.0
2018-W26,books_general_interest,6,1814.76,259.25,0,1342.88,971.24,1199.51,3285.35,0.0,0.49,False,0.0
2018-W27,books_general_interest,6,1320.94,220.16,0,1246.83,863.03,1199.51,2972.89,0.0,0.09,False,0.0
2018-W28,books_general_interest,2,676.1,338.05,0,1254.64,863.43,1221.64,2981.5,0.0,-0.67,False,0.0
2018-W29,books_general_interest,5,209.57,34.93,0,973.74,552.62,1098.04,2078.98,0.0,-1.38,False,0.0
2018-W30,books_general_interest,8,1681.76,210.22,0,972.36,554.78,1098.04,2081.91,0.0,1.28,False,0.0
2018-W31,books_general_interest,11,751.66,68.33,0,1150.24,520.33,1221.64,2190.91,109.58,-0.77,False,0.0
2018-W32,books_general_interest,11,1011.97,77.84,0,1112.26,538.99,1221.64,2190.24,34.27,-0.19,False,0.0
2018-W33,books_general_interest,7,350.84,50.12,0,1096.19,539.94,1157.36,2176.08,16.3,-1.38,False,0.0
2018-W34,books_general_interest,7,454.9,64.99,0,977.2,590.45,881.82,2158.09,0.0,-0.88,False,0.0
2018-W35,books_general_interest,1,33.34,33.34,0,807.22,504.34,713.88,1815.9,0.0,-1.53,False,0.0
2017-W07,books_imported,1,114.9,114.9,0,,,,,,,False,
2017-W16,books_imported,1,65.14,65.14,0,,,,,,,False,
2017-W24,books_imported,1,258.4,129.2,0,,,,,,,False,
2017-W34,books_imported,1,70.34,70.34,0,,,,,,,False,
2017-W35,books_imported,1,70.34,70.34,0,127.2,90.28,92.62,307.75,0.0,-0.63,False,0.0
2017-W37,books_imported,1,72.34,72.34,0,115.82,82.21,70.34,280.25,0.0,-0.53,False,0.0
2017-W38,books_imported,1,369.76,184.88,0,108.58,75.65,71.34,259.87,0.0,3.45,True,0.0
2017-W44,books_imported,1,377.84,188.92,0,145.89,120.47,72.34,386.83,0.0,1.93,False,0.0
2017-W46,books_imported,1,91.29,91.29,0,174.88,138.44,93.62,451.76,0.0,-0.6,False,0.0
2017-W47,books_imported,1,92.29,92.29,0,171.93,140.14,81.82,452.22,0.0,-0.57,False,0.0
2017-W49,books_imported,1,84.79,84.79,0,175.32,137.49,91.79,450.31,0.0,-0.66,False,0.0
2017-W50,books_imported,1,92.29,92.29,0,153.62,136.2,88.04,426.02,0.0,-0.45,False,0.0
2017-W51,books_imported,1,93.98,93.98,0,156.37,134.49,91.79,425.35,0.0,-0.46,False,0.0
2018-W02,books_imported,2,253.27,126.63,0,159.32,132.58,92.29,424.48,0.0,0.71,False,0.0
2018-W03,books_imported,2,175.52,87.76,0,181.94,131.04,93.14,444.03,0.0,-0.05,False,0.0
2018-W05,books_imported,3,311.66,103.89,0,157.66,107.08,93.14,371.81,0.0,1.44,False,0.0
2018-W07,books_imported,1,174.97,174.97,0,149.39,88.6,93.14,326.58,0.0,0.29,False,0.0
2018-W08,books_imported,1,39.08,39.08,0,159.85,85.65,134.48,331.14,0.0,-1.41,False,0.0
2018-W11,books_imported,1,341.2,170.6,0,153.2,93.36,134.48,339.92,0.0,2.01,True,0.0
2018-W12,books_imported,1,114.09,114.09,0,185.25,109.19,175.24,403.64,0.0,-0.65,False,0.0
2018-W14,books_imported,2,191.38,95.69,0,187.97,106.79,175.24,401.55,0.0,0.03,False,0.0
2018-W15,books_imported,1,134.61,134.61,0,200.15,99.87,183.45,399.89,0.41,-0.66,False,0.0
2018-W17,books_imported,1,26.38,26.38,0,185.31,99.66,175.24,384.64,0.0,-1.59,False,0.0
2018-W19,books_imported,3,92.98,30.99,0,166.67,114.59,154.79,395.85,0.0,-0.64,False,0.0
2018-W20,books_imported,3,124.54,41.51,0,139.34,100.25,124.35,339.83,0.0,-0.15,False,0.0
2018-W21,books_imported,3,559.62,93.27,0,133.03,99.27,119.32,331.57,0.0,4.3,True,0.0
2018-W23,books_imported,2,116.46,58.23,0,198.1,172.48,129.58,543.07,0.0,-0.47,False,0.0
2018-W24,books_imported,4,264.64,66.16,0,170.01,163.94,120.5,497.88,0.0,0.58,False,0.0
2018-W25,books_imported,1,69.06,69.06,0,188.83,165.24,129.58,519.3,0.0,-0.72,False,0.0
2018-W26,books_imported,2,156.0,78.0,0,173.54,170.54,120.5,514.62,0.0,-0.1,False,0.0
2018-W27,books_imported,3,734.31,146.86,0,176.21,170.01,120.5,516.23,0.0,3.28,True,0.0
2018-W28,books_imported,2,79.96,39.98,0,264.7,247.48,140.27,759.65,0.0,-0.75,False,0.0
2018-W31,books_imported,1,37.79,37.79,0,263.07,248.81,140.27,760.69,0.0,-0.91,False,0.0
2018-W32,books_imported,1,804.96,804.96,0,252.23,257.45,136.23,767.12,0.0,2.15,True,0.0
2016-W40,books_technical,1,299.84,299.84,0,,,,,,,False,
2017-W07,books_technical,1,182.4,182.4,0,,,,,,,False,
2017-W10,books_technical,1,47.78,47.78,0,,,,,,,False,
2017-W11,books_technical,1,55.96,27.98,0,,,,,,,False,
2017-W14,books_technical,1,86.92,86.92,0,146.5,119.37,119.18,385.23,0.0,-0.5,False,0.0
2017-W18,books_technical,2,140.28,70.14,0,134.58,106.75,86.92,348.09,0.0,0.05,False,0.0
2017-W19,books_technical,1,176.18,176.18,0,135.53,95.51,113.6,326.55,0.0,0.43,False,0.0
2017-W22,books_technical,1,93.21,93.21,0,141.34,88.53,140.28,318.4,0.0,-0.54,False,0.0
2017-W23,books_technical,1,95.32,95.32,0,135.32,83.71,116.74,302.75,0.0,-0.48,False,0.0
2017-W30,books_technical,1,223.26,223.26,0,109.76,51.21,94.26,212.18,7.33,2.22,True,0.0
2017-W31,books_technical,2,525.26,262.63,0,114.86,60.66,94.26,236.18,0.0,6.77,True,0.0
2017-W32,books_technical,2,209.07,104.53,0,174.55,151.74,117.8,478.04,0.0,0.23,False,0.0
2017-W34,books_technical,3,706.1,235.37,0,193.69,144.11,158.23,481.92,0.0,3.56,True,0.0
2017-W35,books_technical,3,242.17,80.72,0,271.08,223.17,192.62,717.42,0.0,-0.13,False,0.0
2017-W37,books_technical,6,728.08,121.35,0,283.82,217.47,216.16,718.76,0.0,2.04,True,0.0
2017-W38,books_technical,1,283.44,283.44,0,352.81,261.52,232.71,875.85,0.0,-0.27,False,0.0
2017-W39,books_technical,2,175.49,87.75,0,376.59,242.5,262.8,861.59,0.0,-0.83,False,0.0
2017-W40,books_technical,1,65.6,65.6,0,386.61,230.58,262.8,847.78,0.0,-1.39,False,0.0
2017-W42,books_technical,1,84.24,84.24,0,366.9,252.26,262.8,871.42,0.0,-1.12,False,0.0
2017-W43,books_technical,2,496.94,248.47,0,311.77,260.75,225.62,833.28,0.0,0.71,False,0.0
2017-W44,books_technical,1,291.37,291.37,0,347.76,264.39,262.8,876.54,0.0,-0.21,False,0.0
2017-W47,books_technical,3,1052.07,263.02,0,295.92,221.23,262.8,738.37,0.0,3.42,True,0.0
2017-W48,books_technical,3,344.73,114.91,0,397.15,344.23,287.4,1085.62,0.0,-0.15,False,0.0
2017-W49,books_technical,2,289.11,144.56,0,349.23,317.21,287.4,983.65,0.0,-0.19,False,0.0
2017-W50,books_technical,1,292.5,292.5,0,349.94,317.05,290.24,984.04,0.0,-0.18,False,0.0
2018-W01,books_technical,1,296.36,296.36,0,364.57,310.48,291.94,985.53,0.0,-0.22,False,0.0
2018-W02,books_technical,1,67.89,67.89,0,393.42,288.69,294.43,970.8,0.0,-1.13,False,0.0
2018-W03,books_technical,3,176.09,58.7,0,391.37,291.24,294.43,973.85,0.0,-0.74,False,0.0
2018-W04,books_technical,5,637.55,106.26,0,351.26,296.67,291.94,944.6,0.0,0.97,False,0.0
2018-W05,books_technical,10,1156.71,105.16,0,394.54,311.56,294.43,1017.65,0.0,2.45,True,0.0
2018-W06,books_technical,3,236.32,78.77,0,407.62,343.65,294.43,1094.91,0.0,-0.5,False,0.0
2018-W07,books_technical,6,524.49,74.93,0,394.07,348.58,290.8,1091.23,0.0,0.37,False,0.0
2018-W08,books_technical,5,309.69,61.94,0,423.49,348.39,294.43,1120.28,0.0,-0.33,False,0.0
2018-W09,books_technical,7,622.08,77.76,0,425.64,347.52,303.02,1120.68,0.0,0.57,False,0.0
2018-W10,books_technical,5,513.45,102.69,0,466.35,349.29,417.09,1164.93,0.0,0.13,False,0.0
2018-W11,books_technical,2,129.31,64.66,0,522.05,309.99,518.97,1142.02,0.0,-1.27,False,0.0
2018-W12,books_technical,7,543.18,77.6,0,516.2,317.79,518.97,1151.78,0.0,0.08,False,0.0
2018-W13,books_technical,2,75.93,37.97,0,504.4,314.37,518.97,1133.15,0.0,-1.36,False,0.0
2018-W14,books_technical,4,491.18,122.8,0,369.31,208.36,411.57,786.02,0.0,0.58,False,0.0
2018-W15,books_technical,3,135.41,45.14,0,401.16,204.57,502.32,810.3,0.0,-1.3,False,0.0
2018-W16,books_technical,3,123.15,30.79,0,352.53,216.94,400.44,786.4,0.0,-1.06,False,0.0
2018-W17,books_technical,10,677.62,67.76,0,329.21,231.72,313.3,792.65,0.0,1.5,False,0.0
2018-W18,books_technical,16,987.16,61.7,0,336.15,242.34,313.3,820.83,0.0,2.69,True,0.0
2018-W19,books_technical,14,1232.24,82.15,0,395.37,332.83,313.3,1061.02,0.0,2.51,True,0.0
2018-W20,books_technical,14,895.65,63.98,0,533.23,423.07,517.18,1379.38,0.0,0.86,False,0.0
2018-W21,books_technical,10,853.82,85.38,0,577.29,442.18,584.4,1461.65,0.0,0.63,False,0.0
2018-W22,books_technical,5,462.53,92.51,0,674.53,399.66,765.72,1473.85,0.0,-0.53,False,0.0
2018-W23,books_technical,6,565.83,94.31,0,670.95,401.66,765.72,1474.28,0.0,-0.26,False,0.0
2018-W24,books_technical,6,360.41,60.07,0,724.75,344.43,765.72,1413.61,35.89,-1.06,False,0.0
2018-W25,books_technical,11,1069.16,97.2,0,754.41,291.36,765.72,1337.12,171.7,1.08,False,0.0
2018-W26,books_technical,1,51.44,51.44,0,803.35,308.97,874.74,1421.28,185.42,-2.43,True,133.98
2018-W27,books_technical,8,695.79,86.97,0,686.38,394.67,709.82,1475.73,0.0,0.02,False,0.0
2018-W28,books_technical,4,575.86,143.97,0,619.33,328.75,630.81,1276.82,0.0,-0.13,False,0.0
2018-W29,books_technical,6,383.23,63.87,0,579.36,309.21,570.84,1197.77,0.0,-0.63,False,0.0
2018-W30,books_technical,7,717.25,102.46,0,520.53,293.92,514.18,1108.37,0.0,0.67,False,0.0
2018-W31,books_technical,8,728.42,91.05,0,552.37,300.46,570.84,1153.3,0.0,0.59,False,0.0
2018-W32,books_technical,11,643.39,58.49,0,572.7,306.93,635.83,1186.56,0.0,0.23,False,0.0
2018-W33,books_technical,8,567.22,63.02,0,608.07,295.05,669.59,1198.17,17.97,-0.14,False,0.0
2018-W34,books_technical,4,222.31,44.46,0,545.33,228.96,609.62,1003.24,87.41,-1.41,False,0.0
2017-W27,cds_dvds_musicals,1,244.44,122.22,0,,,,,,,False,
2017-W28,cds_dvds_musicals,2,122.22,61.11,0,,,,,,,False,
2017-W30,cds_dvds_musicals,1,54.94,54.94,0,,,,,,,False,
2017-W32,cds_dvds_musicals,1,244.44,122.22,0,,,,,,,False,
2017-W34,cds_dvds_musicals,1,54.94,54.94,0,166.51,94.08,183.33,354.68,0.0,-1.19,False,0.0
2017-W43,cds_dvds_musicals,1,61.11,61.11,0,144.2,95.54,122.22,335.28,0.0,-0.87,False,0.0
2017-W44,cds_dvds_musicals,2,149.88,74.94,0,130.35,91.94,91.66,314.23,0.0,0.21,False,0.0
2017-W46,cds_dvds_musicals,1,74.94,74.94,0,133.14,84.26,122.22,301.65,0.0,-0.69,False,0.0
2017-W51,cds_dvds_musicals,1,74.94,74.94,0,125.86,80.67,98.58,287.21,0.0,-0.63,False,0.0
2018-W16,cds_dvds_musicals,1,117.58,117.58,0,104.68,66.01,74.94,236.69,0.0,0.2,False,0.0
2017-W17,christmas_supplies,1,93.97,93.97,0,,,,,,,False,
2017-W25,christmas_supplies,2,341.89,113.96,0,,,,,,,False,
2017-W28,christmas_supplies,1,75.07,75.07,0,,,,,,,False,
2017-W29,christmas_supplies,1,22.98,22.98,0,,,,,,,False,
2017-W34,christmas_supplies,1,76.88,76.88,0,133.48,142.15,84.52,417.77,0.0,-0.4,False,0.0
2017-W36,christmas_supplies,1,71.27,71.27,0,122.16,125.68,76.88,373.52,0.0,-0.4,False,0.0
2017-W37,christmas_supplies,2,397.15,132.38,0,113.68,114.31,75.97,342.3,0.0,2.48,True,0.0
2017-W40,christmas_supplies,2,175.8,87.9,0,154.17,149.56,76.88,453.3,0.0,0.14,False,0.0
2017-W41,christmas_supplies,2,128.63,64.31,0,156.88,138.68,85.42,434.24,0.0,-0.2,False,0.0
2017-W42,christmas_supplies,1,74.05,74.05,0,161.21,136.96,102.76,435.14,0.0,-0.64,False,0.0
2017-W43,christmas_supplies,1,71.04,71.04,0,127.73,117.9,75.97,363.52,0.0,-0.48,False,0.0
2017-W44,christmas_supplies,2,566.7,80.96,0,127.22,118.16,75.46,363.55,0.0,3.72,True,0.0
2017-W45,christmas_supplies,6,447.65,74.61,1,195.19,186.34,102.76,567.87,0.0,1.35,False,0.0
2017-W46,christmas_supplies,5,691.96,115.33,0,241.54,198.43,152.22,638.39,0.0,2.27,True,0.0
2017-W47,christmas_supplies,4,521.78,104.36,0,319.12,239.45,286.48,798.02,0.0,0.85,False,0.0
2017-W48,christmas_supplies,4,324.92,54.15,0,334.7,249.11,311.73,832.92,0.0,-0.04,False,0.0
2017-W49,christmas_supplies,4,199.07,49.77,0,353.34,240.97,386.28,835.27,0.0,-0.64,False,0.0
2017-W50,christmas_supplies,3,149.38,49.79,0,362.15,232.73,386.28,827.6,0.0,-0.91,False,0.0
2017-W51,christmas_supplies,3,426.85,85.37,0,371.56,220.61,386.28,812.79,0.0,0.25,False,0.0
2017-W52,christmas_supplies,4,186.53,37.31,0,416.04,184.24,437.25,784.52,47.56,-1.25,False,0.0
2018-W01,christmas_supplies,2,208.33,104.16,0,368.52,188.8,375.88,746.12,0.0,-0.85,False,0.0
2018-W02,christmas_supplies,2,240.01,120.0,0,338.6,193.38,266.62,725.36,0.0,-0.51,False,0.0
2018-W03,christmas_supplies,1,106.78,106.78,0,282.11,131.52,224.17,545.16,19.06,-1.33,False,0.0
2018-W04,christmas_supplies,2,219.0,109.5,0,230.23,102.02,203.7,434.28,26.19,-0.11,False,0.0
2018-W05,christmas_supplies,5,863.09,143.85,0,216.99,94.58,203.7,406.15,27.84,6.83,True,0.0
2018-W06,christmas_supplies,8,1777.11,177.71,0,300.0,246.29,213.67,792.58,0.0,6.0,True,0.0
2018-W07,christmas_supplies,4,5748.41,638.71,0,503.46,567.28,229.5,1638.01,0.0,9.25,True,0.0
2018-W08,christmas_supplies,2,154.54,77.27,0,1168.66,1935.25,229.5,5039.16,0.0,-0.52,False,0.0
2018-W09,christmas_supplies,5,359.51,59.92,0,1164.66,1937.6,229.5,5039.86,0.0,-0.42,False,0.0
2018-W10,christmas_supplies,1,109.5,109.5,0,1183.56,1927.65,299.76,5038.86,0.0,-0.56,False,0.0
2018-W12,christmas_supplies,4,585.28,146.32,0,1167.24,1937.31,289.26,5041.86,0.0,-0.3,False,0.0
2018-W13,christmas_supplies,3,260.53,86.84,0,1227.06,1907.04,472.4,5041.13,0.0,-0.51,False,0.0
2018-W14,christmas_supplies,1,25.31,25.31,0,1232.25,1903.96,472.4,5040.16,0.0,-0.63,False,0.0
2018-W15,christmas_supplies,1,24.23,24.23,0,1127.52,1949.65,310.02,5026.83,0.0,-0.57,False,0.0
2018-W16,christmas_supplies,2,134.65,67.33,0,908.41,1964.66,207.53,4837.74,0.0,-0.39,False,0.0
2018-W17,christmas_supplies,3,417.31,69.55,0,206.69,190.16,144.6,587.02,0.0,1.11,False,0.0
2018-W18,christmas_supplies,3,233.61,77.87,0,239.54,202.18,197.59,643.9,0.0,-0.03,False,0.0
2018-W19,christmas_supplies,2,153.65,76.83,0,223.8,196.32,184.13,616.45,0.0,-0.36,False,0.0
2018-W20,christmas_supplies,1,259.03,259.03,0,229.32,193.25,193.63,615.82,0.0,0.15,False,0.0
2018-W21,christmas_supplies,1,54.22,54.22,0,188.54,132.17,193.63,452.88,0.0,-1.02,False,0.0
2018-W23,christmas_supplies,2,301.3,100.43,0,162.75,136.18,144.15,435.12,0.0,1.02,False,0.0
2018-W25,christmas_supplies,2,89.9,44.95,0,197.25,131.26,193.63,459.77,0.0,-0.82,False,0.0
2018-W26,christmas_supplies,2,185.53,92.77,0,205.46,120.51,193.63,446.47,0.0,-0.17,False,0.0
2018-W27,christmas_supplies,1,40.17,40.17,0,211.82,117.54,209.57,446.9,0.0,-1.46,False,0.0
2018-W29,christmas_supplies,1,50.1,50.1,0,164.68,97.23,169.59,359.13,0.0,-1.18,False,0.0
2018-W30,christmas_supplies,5,527.98,105.6,0,141.74,100.24,121.78,342.22,0.0,3.85,True,0.0
2018-W31,christmas_supplies,4,162.02,40.5,0,188.53,169.82,137.72,528.16,0.0,-0.16,False,0.0
2018-W32,christmas_supplies,3,444.7,148.23,0,176.4,167.51,125.96,511.42,0.0,1.6,False,0.0
2018-W33,christmas_supplies,5,215.4,43.08,0,225.21,183.0,173.78,591.21,0.0,-0.05,False,0.0
2017-W07,cine_photo,1,95.24,95.24,0,,,,,,,False,
2017-W14,cine_photo,1,78.71,78.71,0,,,,,,,False,
2017-W17,cine_photo,1,87.6,87.6,0,,,,,,,False,
2017-W18,cine_photo,1,91.71,91.71,0,,,,,,,False,
2017-W22,cine_photo,1,112.91,112.91,0,88.32,7.12,89.66,102.56,74.07,3.45,True,0.0
2017-W37,cine_photo,1,102.84,102.84,0,93.23,12.61,91.71,118.46,68.01,0.76,False,0.0
2017-W42,cine_photo,1,107.0,107.0,0,94.84,11.94,93.48,118.72,70.95,1.02,False,0.0
2017-W47,cine_photo,1,259.94,259.94,0,96.57,11.83,95.24,120.24,72.91,13.81,True,0.0
2018-W01,cine_photo,1,111.89,111.89,0,116.99,58.79,99.04,234.57,0.0,-0.09,False,0.0
2018-W03,cine_photo,1,111.89,111.89,0,119.08,58.2,104.92,235.48,2.67,-0.12,False,0.0
2018-W07,cine_photo,1,115.93,115.93,0,123.22,56.06,109.44,235.33,11.11,-0.13,False,0.0
2018-W08,cine_photo,1,156.19,156.19,0,126.76,54.35,111.89,235.47,18.06,0.54,False,0.0
2018-W11,cine_photo,4,886.02,177.2,0,134.82,53.18,112.4,241.18,28.46,14.13,True,0.0
2018-W12,cine_photo,1,192.76,192.76,0,231.46,269.63,113.91,770.72,0.0,-0.14,False,0.0
2018-W13,cine_photo,1,108.59,108.59,0,242.7,265.34,136.06,773.39,0.0,-0.51,False,0.0
2018-W14,cine_photo,1,70.34,70.34,0,242.9,265.23,136.06,773.35,0.0,-0.65,False,0.0
2018-W15,cine_photo,1,120.38,120.38,0,219.2,271.87,113.91,762.95,0.0,-0.36,False,0.0
2018-W16,cine_photo,2,247.72,123.86,0,220.26,271.41,118.16,763.09,0.0,0.1,False,0.0
2018-W17,cine_photo,1,182.69,182.69,0,237.24,267.89,138.28,773.02,0.0,-0.2,False,0.0
2018-W18,cine_photo,2,328.23,164.12,0,245.59,264.59,169.44,774.77,0.0,0.31,False,0.0
2018-W19,cine_photo,4,1186.27,296.57,0,267.09,263.27,187.72,793.64,0.0,3.49,True,0.0
2018-W20,cine_photo,8,885.78,98.42,0,304.62,365.62,187.72,1035.86,0.0,1.59,False,0.0
2018-W21,cine_photo,2,194.74,97.37,0,391.25,414.2,215.2,1219.65,0.0,-0.47,False,0.0
2018-W22,cine_photo,1,90.24,90.24,0,402.02,406.86,221.23,1215.73,0.0,-0.77,False,0.0
2018-W23,cine_photo,1,127.64,127.64,0,404.51,404.59,221.23,1213.69,0.0,-0.68,False,0.0
2018-W24,cine_photo,4,881.84,176.37,0,405.41,403.87,221.23,1213.16,0.0,1.18,False,0.0
2018-W25,cine_photo,2,37.58,18.79,0,484.68,429.89,261.48,1344.46,0.0,-1.04,False,0.0
2018-W26,cine_photo,2,422.97,70.5,0,466.54,447.17,261.48,1360.88,0.0,-0.1,False,0.0
2018-W27,cine_photo,1,120.95,120.95,0,478.38,444.23,308.86,1366.84,0.0,-0.8,False,0.0
2018-W28,cine_photo,3,909.3,303.1,0,345.22,351.76,161.19,1048.74,0.0,1.6,False,0.0
2018-W29,cine_photo,1,23.29,23.29,0,348.16,356.98,161.19,1062.13,0.0,-0.91,False,0.0
2018-W30,cine_photo,2,238.07,119.03,0,326.73,372.33,124.3,1071.38,0.0,-0.24,False,0.0
2018-W31,cine_photo,1,23.29,23.29,0,345.2,362.45,182.86,1070.11,0.0,-0.89,False,0.0
2018-W32,cine_photo,2,129.01,64.5,0,332.16,373.12,179.51,1078.4,0.0,-0.54,False,0.0
2018-W33,cine_photo,3,356.1,118.7,0,238.06,303.03,124.98,844.12,0.0,0.39,False,0.0
2018-W34,cine_photo,3,334.67,83.67,0,277.87,293.71,183.54,865.3,0.0,0.19,False,0.0
2017-W05,computers,1,2217.99,2217.99,0,,,,,,,False,
2017-W08,computers,1,3602.47,3602.47,0,,,,,,,False,
2017-W35,computers,43,55443.23,1155.07,0,,,,,,,False,
2017-W36,computers,15,19258.36,917.06,0,,,,,,,False,
2017-W37,computers,6,8551.36,1425.23,0,20130.51,24777.57,11430.42,69685.64,0.0,-0.47,False,0.0
2017-W38,computers,1,1391.89,1391.89,0,17814.68,22073.99,8551.36,61962.67,0.0,-0.74,False,0.0
2017-W39,computers,5,8237.04,1647.41,0,15077.55,20850.91,6076.92,56779.36,0.0,-0.33,False,0.0
2017-W40,computers,6,11322.86,1887.14,0,14100.33,19208.98,8237.04,52518.29,0.0,-0.14,False,0.0
2017-W41,computers,6,9019.47,1288.5,0,13753.15,17811.15,8394.2,49375.45,0.0,-0.27,False,0.0
2017-W42,computers,3,3761.15,1253.72,0,14603.34,17337.92,8785.42,49279.18,0.0,-0.63,False,0.0
2017-W43,computers,6,8652.61,1236.09,0,14623.17,17323.62,8785.42,49270.42,0.0,-0.34,False,0.0
2017-W44,computers,9,17471.58,1455.96,0,8774.34,5297.65,8601.98,19369.64,0.0,1.64,False,0.0
2017-W45,computers,2,2776.53,1388.26,0,8551.0,4807.49,8601.98,18165.98,0.0,-1.2,False,0.0
2017-W49,computers,4,7649.68,1274.95,0,7829.14,5223.02,8444.83,18275.18,0.0,-0.03,False,0.0
2017-W50,computers,6,12238.69,1529.84,0,8611.36,4545.94,8444.83,17703.24,0.0,0.8,False,0.0
2017-W51,computers,3,2035.25,678.42,0,9111.57,4715.85,8836.04,18543.26,0.0,-1.5,False,0.0
2017-W52,computers,6,3858.35,643.06,0,7950.62,5210.93,8151.14,18372.48,0.0,-0.79,False,0.0
2018-W01,computers,5,3362.59,672.52,0,7305.48,5376.55,5754.02,18058.58,0.0,-0.73,False,0.0
2018-W02,computers,5,3376.4,482.34,0,7255.66,5415.79,5754.02,18087.24,0.0,-0.72,False,0.0
2018-W03,computers,1,702.97,702.97,0,6596.13,5541.18,3617.38,17678.49,0.0,-1.06,False,0.0
2018-W04,computers,1,859.02,859.02,0,4500.06,3707.88,3369.5,11915.81,0.0,-0.98,False,0.0
2018-W14,computers,2,3329.36,1109.79,0,4260.37,3892.58,3369.5,12045.54,0.0,-0.24,False,0.0
2018-W15,computers,4,7879.62,1575.92,0,3720.33,3647.15,3345.98,11014.62,0.0,1.14,False,0.0
2018-W16,computers,7,6032.51,754.06,0,3175.44,2251.15,3345.98,7677.74,0.0,1.27,False,0.0
2018-W19,computers,3,14498.52,1812.32,0,3675.1,2400.57,3369.5,8476.25,0.0,4.51,True,0.0
2018-W21,computers,2,8158.93,2039.73,0,5005.12,4524.54,3369.5,14054.21,0.0,0.7,False,0.0
2018-W22,computers,2,1653.37,826.68,0,5604.67,4593.06,4704.46,14790.78,0.0,-0.86,False,0.0
2018-W23,computers,1,870.11,870.11,0,5389.29,4750.19,4680.94,14889.66,0.0,-0.95,False,0.0
2018-W24,computers,3,14169.04,2361.51,0,5410.18,4726.94,4680.94,14864.06,0.0,1.85,False,0.0
2018-W25,computers,2,10879.09,2719.77,0,7073.93,5213.55,6956.06,17501.03,0.0,0.73,False,0.0
2018-W26,computers,2,1158.44,579.22,0,8017.65,5121.39,8019.28,18260.42,0.0,-1.34,False,0.0
2018-W27,computers,1,627.86,627.86,0,7177.5,5669.26,7095.72,18516.01,0.0,-1.16,False,0.0
2018-W28,computers,2,1598.86,799.43,0,6501.92,6128.61,4906.15,18759.13,0.0,-0.8,False,0.0
2018-W30,computers,2,7605.19,3802.6,0,4889.46,5374.72,1626.11,15638.89,0.0,0.51,False,0.0
2018-W31,computers,2,1536.35,768.17,0,4820.24,5329.97,1626.11,15480.19,0.0,-0.62,False,0.0
2018-W32,computers,5,6270.57,1045.1,0,4805.62,5340.06,1567.6,15485.73,0.0,0.27,False,0.0
2018-W33,computers,1,1543.25,1543.25,0,5480.67,5107.78,3934.71,15696.23,0.0,-0.77,False,0.0
2018-W34,computers,2,3539.46,1179.82,0,3902.45,3830.61,1571.05,11563.67,0.0,-0.09,False,0.0
2016-W40,computers_accessories,16,2098.19,99.91,0,,,,,,,False,
2016-W41,computers_accessories,2,216.17,72.06,0,,,,,,,False,
2017-W02,computers_accessories,3,837.8,209.45,0,,,,,,,False,
2017-W03,computers_accessories,5,418.22,83.64,0,,,,,,,False,
2017-W04,computers_accessories,13,3233.65,190.21,0,892.6,844.4,628.01,2581.4,0.0,2.77,True,0.0
2017-W05,computers_accessories,16,3800.48,200.03,0,1360.81,1277.05,837.8,3914.92,0.0,1.91,False,0.0
2017-W06,computers_accessories,27,6382.21,227.94,0,1767.42,1515.49,1468.0,4798.39,0.0,3.05,True,0.0
2017-W07,computers_accessories,28,3822.86,123.32,0,2426.67,2226.26,2098.19,6879.2,0.0,0.63,False,0.0
2017-W08,computers_accessories,25,3059.42,105.5,0,2601.2,2119.4,2665.92,6840.01,0.0,0.22,False,0.0
2017-W09,computers_accessories,22,4010.68,160.43,0,2721.35,2114.05,3146.54,6949.46,0.0,0.61,False,0.0
2017-W10,computers_accessories,39,12781.48,250.62,0,3195.66,1884.95,3517.06,6965.56,0.0,5.09,True,0.0
2017-W11,computers_accessories,26,3711.36,132.55,0,4688.62,3652.16,3811.67,11992.95,0.0,-0.27,False,0.0
2017-W12,computers_accessories,35,11403.68,285.09,0,5100.27,3267.4,3811.67,11635.06,0.0,1.93,False,0.0
2017-W13,computers_accessories,35,8638.75,227.34,1,6121.52,3829.14,3916.77,13779.8,0.0,0.66,False,0.0
2017-W14,computers_accessories,21,6753.5,306.98,0,6726.3,3792.09,5196.44,14310.48,0.0,0.01,False,0.0
2017-W15,computers_accessories,27,5407.86,193.14,1,6772.72,3789.54,5382.09,14351.8,0.0,-0.36,False,0.0
2017-W16,computers_accessories,32,7796.03,194.9,0,6970.84,3652.23,6080.68,14275.31,0.0,0.23,False,0.0
2017-W17,computers_accessories,37,6542.97,139.21,0,7562.92,3293.91,7274.76,14150.74,975.1,-0.31,False,0.0
2017-W18,computers_accessories,35,6663.06,141.77,0,7879.45,3013.52,7274.76,13906.5,1852.41,-0.4,False,0.0
2017-W19,computers_accessories,73,37114.63,386.61,1,7114.65,2278.46,6708.28,11671.57,2557.73,13.17,True,0.0
2017-W20,computers_accessories,82,13185.65,146.51,0,11290.06,10591.67,7274.76,32473.39,0.0,0.18,False,0.0
2017-W21,computers_accessories,44,15967.79,249.5,5,11512.81,10613.11,7274.76,32739.03,0.0,0.42,False,0.0
2017-W22,computers_accessories,58,17216.85,232.66,0,12428.94,10645.85,7274.76,33720.64,0.0,0.45,False,0.0
2017-W23,computers_accessories,58,17974.28,253.16,0,13736.86,10490.59,10490.84,34718.04,0.0,0.4,False,0.0
2017-W24,computers_accessories,63,16780.58,204.64,0,15307.66,9994.37,14576.72,35296.4,0.0,0.15,False,0.0
2017-W25,computers_accessories,42,8540.32,158.15,0,16430.73,9523.4,16374.19,35477.54,0.0,-0.83,False,0.0
2017-W26,computers_accessories,33,10404.58,273.8,0,16680.4,9249.39,16374.19,35179.18,0.0,-0.68,False,0.0
2017-W27,computers_accessories,51,15212.77,208.39,0,17148.08,8751.72,16374.19,34651.52,0.0,-0.22,False,0.0
2017-W28,computers_accessories,67,16198.53,207.67,1,14410.35,3407.32,15590.28,21224.99,7595.71,0.52,False,0.0
2017-W29,computers_accessories,61,24452.7,287.68,0,14786.96,3419.1,16083.16,21625.17,7948.76,2.83,True,0.0
2017-W30,computers_accessories,72,12462.49,140.03,0,15847.58,4853.05,16489.56,25553.68,6141.47,-0.7,False,0.0
2017-W31,computers_accessories,77,12566.05,141.19,1,15253.28,4951.52,15705.65,25156.33,5350.23,-0.54,False,0.0
2017-W32,computers_accessories,65,15205.14,197.47,0,14577.25,4895.84,13889.41,24368.92,4785.58,0.13,False,0.0
2017-W33,computers_accessories,75,12879.49,139.99,0,14380.32,4825.73,13885.6,24031.79,4728.86,-0.31,False,0.0
2017-W34,computers_accessories,56,19562.43,235.69,0,14922.72,4289.64,14042.31,23502.0,6343.44,1.08,False,0.0
2017-W35,computers_accessories,54,6657.9,102.43,0,16067.45,4130.67,15208.96,24328.79,7806.11,-2.28,True,1148.21
2017-W36,computers_accessories,54,7537.88,121.58,0,14998.09,5319.75,14042.31,25637.59,4358.59,-1.4,False,0.0
2017-W37,computers_accessories,56,26218.31,344.98,0,13915.51,5891.11,12722.77,25697.72,2133.3,2.09,True,0.0
2017-W38,computers_accessories,48,11193.62,192.99,0,14136.21,6356.92,12722.77,26850.05,1422.38,-0.46,False,0.0
2017-W39,computers_accessories,46,14867.98,239.81,2,13977.6,6420.16,12722.77,26817.92,1137.29,0.14,False,0.0
2017-W40,computers_accessories,52,23061.86,339.14,1,14265.34,6399.41,13873.74,27064.16,1466.53,1.37,False,0.0
2017-W41,computers_accessories,63,17016.28,223.9,1,15247.43,7125.87,13873.74,29499.18,995.69,0.25,False,0.0
2017-W42,computers_accessories,57,19467.76,259.57,0,15764.53,7079.44,15942.13,29923.41,1605.66,0.52,False,0.0
2017-W43,computers_accessories,61,22823.17,304.31,1,15752.7,7072.26,15942.13,29897.21,1608.19,1.0,False,0.0
2017-W44,computers_accessories,59,16205.26,238.31,0,17773.36,6377.74,18242.02,30528.85,5017.87,-0.25,False,0.0
2017-W45,computers_accessories,75,22870.19,243.3,6,18856.78,4971.82,18242.02,28800.42,8913.14,0.81,False,0.0
2017-W46,computers_accessories,82,20861.2,204.52,0,18438.26,4367.85,18242.02,27173.97,9702.56,0.55,False,0.0
2017-W47,computers_accessories,171,53529.88,259.85,0,19646.71,3278.72,20164.48,26204.15,13089.27,10.33,True,0.0
2017-W48,computers_accessories,118,30061.56,210.22,0,24479.45,12033.52,21842.18,48546.5,412.4,0.46,False,0.0
2017-W49,computers_accessories,76,15135.39,168.17,0,25354.41,12169.43,21842.18,49693.28,1015.54,-0.84,False,0.0
2017-W50,computers_accessories,51,13791.24,222.44,0,25119.3,12370.05,21842.18,49859.41,379.19,-0.92,False,0.0
2017-W51,computers_accessories,57,15504.63,224.7,0,24409.74,12892.33,21842.18,50194.39,0.0,-0.69,False,0.0
2017-W52,computers_accessories,35,6359.01,163.05,0,23494.92,13274.97,18533.23,50044.85,0.0,-1.29,False,0.0
2018-W01,computers_accessories,66,26223.18,304.92,1,22264.14,14451.67,18182.92,51167.47,0.0,0.27,False,0.0
2018-W02,computers_accessories,140,49247.01,269.11,0,22683.26,14520.21,18182.92,51723.69,0.0,1.83,False,0.0
2018-W03,computers_accessories,127,28160.11,186.49,1,26231.49,17227.26,20863.9,60686.01,0.0,0.11,False,0.0
2018-W04,computers_accessories,157,25505.25,138.62,4,23060.27,13392.5,20863.9,49845.27,0.0,0.18,False,0.0
2018-W05,computers_accessories,191,36601.8,165.62,3,22490.73,13146.86,20504.94,48784.44,0.0,1.07,False,0.0
2018-W06,computers_accessories,184,33261.27,153.99,1,25174.03,13613.54,25864.22,52401.11,0.0,0.59,False,0.0
2018-W07,computers_accessories,172,36877.69,177.3,0,27607.78,13015.1,27191.64,53637.98,1577.58,0.71,False,0.0
2018-W08,computers_accessories,232,91907.2,303.32,3,30279.42,12352.52,30710.69,54984.46,5574.37,4.99,True,0.0
2018-W09,computers_accessories,234,45921.92,157.27,0,40972.94,21971.02,34931.54,84914.98,0.0,0.23,False,0.0
2018-W10,computers_accessories,135,41983.92,235.86,1,43435.28,21171.11,36739.75,85777.51,1093.05,-0.07,False,0.0
2018-W11,computers_accessories,125,22888.93,162.33,0,42527.4,21041.62,36739.75,84610.64,444.15,-0.93,False,0.0
2018-W12,computers_accessories,150,30402.19,165.23,0,41868.5,21630.09,36739.75,85128.68,0.0,-0.53,False,0.0
2018-W13,computers_accessories,134,29694.78,187.94,0,42480.62,21165.16,36739.75,84810.94,150.29,-0.6,False,0.0
2018-W14,computers_accessories,133,35646.83,221.41,0,41617.24,21576.12,35069.48,84769.48,0.0,-0.28,False,0.0
2018-W15,computers_accessories,99,15971.07,147.88,0,41915.43,21460.31,36262.26,84836.05,0.0,-1.21,False,0.0
2018-W16,computers_accessories,131,21232.01,141.55,1,39302.11,23351.08,33024.51,86004.26,0.0,-0.77,False,0.0
2018-W17,computers_accessories,89,13104.29,128.47,0,30467.71,10363.19,30048.48,51194.08,9741.33,-1.68,False,0.0
2018-W18,computers_accessories,99,15544.09,143.93,0,26365.5,9854.66,26291.86,46074.82,6656.18,-1.1,False,0.0
2018-W19,computers_accessories,115,31930.72,200.82,0,23060.52,8155.5,22060.47,39371.52,6749.53,1.09,False,0.0
2018-W20,computers_accessories,115,18953.77,141.45,0,24190.75,8734.31,25463.39,41659.36,6722.13,-0.6,False,0.0
2018-W21,computers_accessories,64,26768.01,356.91,0,22759.7,8506.11,20092.89,39771.92,5747.47,0.47,False,0.0
2018-W22,computers_accessories,42,6882.74,152.95,2,22393.85,8223.47,20092.89,38840.78,5946.91,-1.89,False,0.0
2018-W23,computers_accessories,97,21745.23,189.09,0,18798.34,7882.25,17462.42,34562.84,3033.83,0.37,False,0.0
2018-W24,computers_accessories,74,10721.0,130.74,0,19520.11,7850.68,20092.89,35221.47,3818.74,-1.12,False,0.0
2018-W25,computers_accessories,90,13727.86,122.57,2,18206.23,8384.65,17248.93,34975.52,1436.94,-0.53,False,0.0
2018-W26,computers_accessories,87,17736.04,175.6,2,18284.18,8333.18,17248.93,34950.54,1617.82,-0.07,False,0.0
2018-W27,computers_accessories,76,10352.87,123.25,3,18558.17,8265.98,18344.9,35090.13,2026.21,-0.99,False,0.0
2018-W28,computers_accessories,62,8652.41,129.14,0,15860.94,6639.56,15731.95,29140.07,2581.81,-1.09,False,0.0
2018-W29,computers_accessories,96,13420.17,124.26,0,14573.27,6945.9,12224.43,28465.08,681.46,-0.17,False,0.0
2018-W30,computers_accessories,102,16664.95,140.04,0,12904.79,4899.95,12070.58,22704.69,3104.89,0.77,False,0.0
2018-W31,computers_accessories,134,25171.25,164.52,1,14127.57,4374.91,13574.02,22877.38,5377.75,2.52,True,0.0
2018-W32,computers_accessories,109,22569.8,179.13,0,14555.82,5297.52,13574.02,25150.85,3960.79,1.51,False,0.0
2018-W33,computers_accessories,117,15527.16,124.22,0,16036.92,5712.32,15196.4,27461.57,4612.27,-0.09,False,0.0
2018-W34,computers_accessories,53,5304.69,89.91,0,16261.83,5643.43,16096.06,27548.69,4974.98,-1.94,False,0.0
2018-W35,computers_accessories,6,455.93,75.99,0,14707.91,6777.13,14473.66,28262.17,1153.66,-2.1,True,697.73
2016-W40,consoles_games,7,3868.99,552.71,0,,,,,,,False,
2016-W41,consoles_games,3,220.43,73.48,0,,,,,,,False,
2017-W01,consoles_games,1,124.84,124.84,0,,,,,,,False,
2017-W02,consoles_games,1,124.84,124.84,0,,,,,,,False,
2017-W03,consoles_games,5,2429.96,347.14,0,1084.77,1856.69,172.64,4798.16,0.0,0.72,False,0.0
2017-W04,consoles_games,11,3582.72,325.7,0,1353.81,1716.79,220.43,4787.4,0.0,1.3,False,0.0
2017-W05,consoles_games,9,2482.57,275.84,0,1725.3,1784.91,1325.2,5295.12,0.0,0.42,False,0.0
2017-W06,consoles_games,3,810.18,270.06,0,1833.48,1654.34,2429.96,5142.16,0.0,-0.62,False,0.0
2017-W07,consoles_games,2,187.49,93.75,0,1705.57,1573.77,1620.07,4853.11,0.0,-0.96,False,0.0
2017-W08,consoles_games,7,1667.67,238.24,0,1245.38,1376.71,515.3,3998.8,0.0,0.31,False,0.0
2017-W09,consoles_games,10,2114.51,192.23,0,1426.28,1316.56,1238.92,4059.4,0.0,0.52,False,0.0
2017-W10,consoles_games,11,3035.3,275.94,1,1674.99,1219.97,1891.09,4114.94,0.0,1.12,False,0.0
2017-W11,consoles_games,13,3927.94,261.86,0,2038.8,1121.67,2272.24,4282.13,0.0,1.68,False,0.0
2017-W12,consoles_games,9,2015.39,223.93,0,2226.05,1306.16,2298.54,4838.36,0.0,-0.16,False,0.0
2017-W13,consoles_games,6,905.83,100.65,0,2030.13,1185.57,2064.95,4401.28,0.0,-0.95,False,0.0
2017-W14,consoles_games,5,2644.64,528.93,0,1833.04,1229.85,1841.53,4292.73,0.0,0.66,False,0.0
2017-W15,consoles_games,1,164.04,82.02,0,2062.35,1181.98,2064.95,4426.3,0.0,-1.61,False,0.0
2017-W16,consoles_games,5,1132.82,188.8,0,2059.42,1187.31,2064.95,4434.03,0.0,-0.78,False,0.0
2017-W17,consoles_games,3,188.97,62.99,0,1992.56,1226.91,2064.95,4446.39,0.0,-1.47,False,0.0
2017-W18,consoles_games,5,621.74,103.62,0,1751.87,1379.02,1574.1,4509.9,0.0,-0.82,False,0.0
2017-W19,consoles_games,4,481.95,96.39,0,1450.17,1320.91,1019.32,4091.99,0.0,-0.73,False,0.0
2017-W20,consoles_games,9,1186.04,118.6,0,1019.42,888.61,763.79,2796.64,0.0,0.19,False,0.0
2017-W21,consoles_games,7,926.95,102.99,0,915.75,799.75,763.79,2515.26,0.0,0.01,False,0.0
2017-W22,consoles_games,4,609.15,152.29,0,918.39,799.75,774.34,2517.9,0.0,-0.39,False,0.0
2017-W23,consoles_games,4,1395.77,348.94,0,663.96,391.88,615.44,1447.73,0.0,1.87,False,0.0
2017-W24,consoles_games,5,1003.45,143.35,0,817.92,409.01,774.34,1635.93,0.0,0.45,False,0.0
2017-W25,consoles_games,10,2667.3,222.28,0,801.75,397.16,774.34,1596.08,7.43,4.7,True,0.0
2017-W26,consoles_games,5,709.74,141.95,0,1111.54,701.14,965.2,2513.82,0.0,-0.57,False,0.0
2017-W27,consoles_games,7,721.88,80.21,0,1122.54,693.0,965.2,2508.54,0.0,-0.58,False,0.0
2017-W28,consoles_games,8,753.97,83.77,0,1152.54,665.98,965.2,2484.5,0.0,-0.6,False,0.0
2017-W29,consoles_games,9,1249.41,113.58,0,1098.53,680.24,840.46,2459.01,0.0,0.22,False,0.0
2017-W30,consoles_games,18,3366.55,177.19,0,1138.83,678.17,878.71,2495.18,0.0,3.28,True,0.0
2017-W31,consoles_games,15,2178.95,145.26,0,1483.51,996.51,1126.43,3476.52,0.0,0.7,False,0.0
2017-W32,consoles_games,9,2228.46,185.71,0,1581.41,1024.73,1126.43,3630.86,0.0,0.63,False,0.0
2017-W33,consoles_games,21,2300.55,109.55,0,1734.53,1017.53,1714.18,3769.59,0.0,0.56,False,0.0
2017-W34,consoles_games,26,2801.15,90.36,0,1688.69,976.95,1714.18,3642.59,0.0,1.14,False,0.0
2017-W35,consoles_games,30,3355.12,108.23,0,1950.12,957.19,2203.7,3864.5,35.73,1.47,False,0.0
2017-W36,consoles_games,14,2735.51,151.97,0,2279.27,926.76,2264.5,4132.8,425.74,0.49,False,0.0
2017-W37,consoles_games,11,1444.58,131.33,0,2526.96,697.24,2518.03,3921.45,1132.47,-1.55,False,0.0
2017-W38,consoles_games,4,1726.51,431.63,1,2551.36,647.82,2518.03,3847.0,1255.72,-1.27,False,0.0
2017-W39,consoles_games,21,4043.78,168.49,0,2346.35,611.48,2264.5,3569.3,1123.4,2.78,True,0.0
2017-W40,consoles_games,14,987.28,61.7,0,2579.46,848.18,2518.03,4275.81,883.1,-1.88,False,0.0
2017-W41,consoles_games,26,3458.93,123.53,0,2424.31,1018.06,2518.03,4460.43,388.19,1.02,False,0.0
2017-W42,consoles_games,28,4615.9,164.85,1,2569.11,1078.52,2768.33,4726.16,412.06,1.9,False,0.0
2017-W43,consoles_games,23,2955.96,109.48,0,2795.95,1302.0,3045.32,5399.94,191.96,0.12,False,0.0
2017-W44,consoles_games,26,3607.91,120.26,0,2746.06,1285.04,2845.74,5316.14,175.97,0.67,False,0.0
2017-W45,consoles_games,13,1658.85,110.59,0,2855.11,1320.55,3207.44,5496.2,214.01,-0.91,False,0.0
2017-W46,consoles_games,13,1562.8,111.63,0,2881.89,1289.66,3207.44,5461.22,302.56,-1.02,False,0.0
2017-W47,consoles_games,68,8145.59,110.08,1,2861.43,1311.73,3207.44,5484.88,237.98,4.03,True,0.0
2017-W48,consoles_games,26,2832.81,91.38,0,3374.15,2282.41,3207.44,7938.97,0.0,-0.24,False,0.0
2017-W49,consoles_games,17,3435.9,202.11,0,3604.84,2092.02,3207.44,7788.88,0.0,-0.08,False,0.0
2017-W50,consoles_games,28,3130.44,104.35,0,3601.96,2092.27,3195.93,7786.5,0.0,-0.23,False,0.0
2017-W51,consoles_games,16,1914.25,100.75,0,3416.28,2055.01,3043.2,7526.3,0.0,-0.73,False,0.0
2017-W52,consoles_games,19,1246.82,54.21,0,3286.07,2120.31,2981.62,7526.69,0.0,-0.96,False,0.0
2018-W01,consoles_games,18,2051.31,107.96,0,2990.93,2230.57,2373.53,7452.07,0.0,-0.42,False,0.0
2018-W02,consoles_games,13,2178.53,136.16,0,3039.99,2201.21,2442.06,7442.41,0.0,-0.39,False,0.0
2018-W03,consoles_games,14,3942.26,281.59,0,3116.96,2152.41,2505.67,7421.77,0.0,0.38,False,0.0
2018-W04,consoles_games,7,948.77,135.54,0,2591.54,895.66,2505.67,4382.86,800.22,-1.83,False,0.0
2018-W05,consoles_games,7,1302.22,186.03,0,2356.04,1056.42,2114.92,4468.88,243.19,-1.0,False,0.0
2018-W06,consoles_games,10,3266.45,296.95,0,2089.32,1013.31,1982.78,4115.94,62.71,1.16,False,0.0
2018-W07,consoles_games,14,3391.96,212.0,0,2106.33,1034.2,1982.78,4174.72,37.93,1.24,False,0.0
2018-W08,consoles_games,14,4387.42,313.39,0,2291.04,1123.13,2114.92,4537.3,44.78,1.87,False,0.0
2018-W09,consoles_games,17,2515.2,139.73,0,2683.62,1247.94,2722.49,5179.49,187.74,-0.13,False,0.0
2018-W10,consoles_games,15,3261.03,203.81,0,2741.6,1224.93,2890.82,5191.45,291.75,0.42,False,0.0
2018-W11,consoles_games,12,1027.43,79.03,0,2876.91,1213.58,3263.74,5304.07,449.76,-1.52,False,0.0
2018-W12,consoles_games,9,1990.53,180.96,0,2512.56,1283.58,2888.12,5079.71,0.0,-0.41,False,0.0
2018-W13,consoles_games,9,5689.09,568.91,0,2642.78,1147.94,2888.12,4938.66,346.9,2.65,True,0.0
2018-W14,consoles_games,12,1817.17,129.8,0,3191.14,1429.37,3263.74,6049.88,332.4,-0.96,False,0.0
2018-W15,consoles_games,14,3805.29,211.41,5,3009.98,1508.13,2888.12,6026.25,0.0,0.53,False,0.0
2018-W16,consoles_games,9,2114.73,234.97,0,3061.64,1530.01,2888.12,6121.67,1.62,-0.62,False,0.0
2018-W17,consoles_games,6,1000.63,166.77,0,2777.56,1457.98,2314.96,5693.51,0.0,-1.22,False,0.0
2018-W18,consoles_games,9,4451.31,296.75,0,2588.24,1589.33,2052.63,5766.9,0.0,1.17,False,0.0
2018-W19,consoles_games,11,2438.93,174.21,0,2737.02,1712.27,2052.63,6161.56,0.0,-0.17,False,0.0
2018-W20,consoles_games,13,4710.14,261.67,0,2913.46,1578.43,2276.83,6070.33,0.0,1.14,False,0.0
2018-W21,consoles_games,3,238.68,59.67,0,3253.41,1642.82,3122.11,6539.04,0.0,-1.84,False,0.0
2018-W22,consoles_games,9,1678.97,152.63,0,2572.11,1618.4,2276.83,5808.92,0.0,-0.55,False,0.0
2018-W23,consoles_games,4,6878.07,1375.61,0,2554.84,1628.32,2276.83,5811.48,0.0,2.66,True,0.0
2018-W24,consoles_games,13,1115.16,85.78,0,2938.93,2220.25,2276.83,7379.43,0.0,-0.82,False,0.0
2018-W25,consoles_games,8,1492.4,165.82,0,2813.99,2299.95,2058.95,7413.89,0.0,-0.57,False,0.0
2018-W26,consoles_games,18,1835.25,96.59,0,2875.46,2250.6,2058.95,7376.66,0.0,-0.46,False,0.0
2018-W27,consoles_games,11,2365.58,215.05,0,2548.45,2177.8,1757.11,6904.05,0.0,-0.08,False,0.0
2018-W28,consoles_games,7,1384.14,197.73,0,2539.28,2178.48,1757.11,6896.25,0.0,-0.53,False,0.0
2018-W29,consoles_games,10,1361.47,113.46,0,2123.53,2016.34,1585.68,6156.22,0.0,-0.38,False,0.0
2018-W30,consoles_games,12,2494.61,207.88,0,2263.88,1902.25,1585.68,6068.39,0.0,0.12,False,0.0
2018-W31,consoles_games,8,1631.03,203.88,0,2365.84,1888.23,1663.82,6142.3,0.0,-0.39,False,0.0
2018-W32,consoles_games,18,3145.65,142.98,1,1709.96,492.25,1561.72,2694.45,725.46,2.92,True,0.0
2018-W33,consoles_games,18,2244.2,89.77,0,1963.77,642.34,1733.14,3248.45,679.08,0.44,False,0.0
2018-W34,consoles_games,12,1039.79,86.65,0,2057.74,618.07,2039.72,3293.88,821.61,-1.65,False,0.0
2018-W35,consoles_games,2,136.62,68.31,0,1958.31,715.31,1937.61,3388.93,527.69,-2.55,True,391.07
2017-W05,construction_tools_construction,2,506.03,253.01,0,,,,,,,False,
2017-W06,construction_tools_construction,1,171.03,171.03,0,,,,,,,False,
2017-W07,construction_tools_construction,1,56.96,56.96,0,,,,,,,False,
2017-W09,construction_tools_construction,3,768.73,256.24,0,,,,,,,False,
2017-W11,construction_tools_construction,1,126.69,126.69,1,375.69,324.01,338.53,1023.7,0.0,-0.77,False,0.0
2017-W22,construction_tools_construction,1,149.4,149.4,0,325.89,301.89,171.03,929.66,0.0,-0.58,False,0.0
2017-W23,construction_tools_construction,1,569.58,189.86,0,296.47,279.46,160.22,855.4,0.0,0.98,False,0.0
2017-W24,construction_tools_construction,2,550.2,137.55,0,335.49,275.21,171.03,885.9,0.0,0.78,False,0.0
2017-W26,construction_tools_construction,1,132.02,132.02,0,362.33,265.86,338.53,894.05,0.0,-0.87,False,0.0
2017-W27,construction_tools_construction,1,156.92,156.92,0,315.58,269.83,160.22,855.25,0.0,-0.59,False,0.0
2017-W28,construction_tools_construction,2,764.2,254.73,0,313.81,270.96,153.16,855.73,0.0,1.66,False,0.0
2017-W29,construction_tools_construction,1,140.02,140.02,0,402.22,289.9,353.56,982.01,0.0,-0.9,False,0.0
2017-W30,construction_tools_construction,1,65.47,65.47,0,323.63,260.02,153.16,843.68,0.0,-0.99,False,0.0
2017-W31,construction_tools_construction,1,152.11,152.11,0,315.98,267.44,153.16,850.86,0.0,-0.61,False,0.0
2017-W32,construction_tools_construction,1,158.08,158.08,0,316.32,267.2,154.51,850.72,0.0,-0.59,False,0.0
2017-W33,construction_tools_construction,2,1051.52,350.51,0,264.88,250.57,154.51,766.03,0.0,3.14,True,0.0
2017-W34,construction_tools_construction,1,117.39,117.39,0,327.54,367.52,154.51,1062.58,0.0,-0.57,False,0.0
2017-W35,construction_tools_construction,2,642.77,321.38,0,325.71,368.67,154.51,1063.05,0.0,0.86,False,0.0
2017-W36,construction_tools_construction,3,1869.65,373.93,0,386.44,376.82,155.1,1140.08,0.0,3.94,True,0.0
2017-W37,construction_tools_construction,3,185.03,61.68,0,524.63,643.47,155.1,1811.57,0.0,-0.53,False,0.0
2017-W39,construction_tools_construction,1,180.0,90.0,0,530.25,639.81,171.56,1809.88,0.0,-0.55,False,0.0
2017-W40,construction_tools_construction,5,589.57,117.91,0,544.57,629.12,182.52,1802.81,0.0,0.07,False,0.0
2017-W41,construction_tools_construction,6,2778.8,396.97,0,599.25,608.82,387.3,1816.89,0.0,3.58,True,0.0
2017-W42,construction_tools_construction,1,86.67,86.67,0,926.84,948.07,616.17,2822.99,0.0,-0.89,False,0.0
2017-W44,construction_tools_construction,4,1409.84,201.41,0,806.23,990.37,387.3,2786.98,0.0,0.61,False,0.0
2017-W45,construction_tools_construction,4,443.02,88.6,0,967.79,967.09,616.17,2901.98,0.0,-0.54,False,0.0
2017-W46,construction_tools_construction,6,5658.46,435.27,0,942.82,979.19,516.3,2901.2,0.0,4.82,True,0.0
2017-W47,construction_tools_construction,18,3930.62,206.87,0,1416.42,1938.17,516.3,5292.76,0.0,1.3,False,0.0
2017-W48,construction_tools_construction,13,4033.97,237.29,0,1884.62,2047.53,999.7,5979.68,0.0,1.05,False,0.0
2017-W49,construction_tools_construction,5,2640.86,440.14,0,2366.37,2042.55,2094.32,6451.46,0.0,0.13,False,0.0
2017-W50,construction_tools_construction,5,956.01,119.5,0,2622.78,1912.23,2709.83,6447.24,0.0,-0.87,False,0.0
2017-W51,construction_tools_construction,2,191.83,95.91,0,2394.93,1997.67,2025.35,6390.27,0.0,-1.1,False,0.0
2017-W52,construction_tools_construction,4,3124.2,624.84,0,2408.08,1980.58,2025.35,6369.25,0.0,0.36,False,0.0
2018-W01,construction_tools_construction,10,4855.67,373.51,0,2622.37,1949.65,2882.53,6521.68,0.0,1.15,False,0.0
2018-W02,construction_tools_construction,6,2976.04,372.0,0,3173.95,1867.47,3527.41,6908.89,0.0,-0.11,False,0.0
2018-W03,construction_tools_construction,9,1706.83,189.65,0,2838.65,1575.67,3050.12,5989.98,0.0,-0.72,False,0.0
2018-W04,construction_tools_construction,8,3941.63,358.33,0,2560.68,1551.48,2808.45,5663.63,0.0,0.89,False,0.0
2018-W05,construction_tools_construction,15,2908.37,138.49,0,2549.13,1539.24,2808.45,5627.62,0.0,0.23,False,0.0
2018-W06,construction_tools_construction,14,4993.33,249.67,0,2582.57,1544.42,2942.2,5671.41,0.0,1.56,False,0.0
2018-W07,construction_tools_construction,8,1682.48,210.31,1,3087.24,1595.76,3050.12,6278.76,0.0,-0.88,False,0.0
2018-W08,construction_tools_construction,17,3970.57,233.56,0,3273.57,1261.37,3050.12,5796.31,750.83,0.55,False,0.0
2018-W09,construction_tools_construction,17,9712.93,346.89,0,3379.36,1282.37,3458.84,5944.11,814.62,4.94,True,0.0
2018-W10,construction_tools_construction,7,952.06,119.01,0,3986.52,2577.28,3458.84,9141.09,0.0,-1.18,False,0.0
2018-W11,construction_tools_construction,12,3639.3,279.95,0,3733.52,2781.87,3425.0,9297.26,0.0,-0.03,False,0.0
2018-W12,construction_tools_construction,16,4187.21,174.47,0,3975.08,2662.07,3790.46,9299.22,0.0,0.08,False,0.0
2018-W13,construction_tools_construction,10,5236.2,374.01,0,4005.78,2663.04,3804.94,9331.86,0.0,0.46,False,0.0
2018-W14,construction_tools_construction,16,8139.9,370.0,0,4296.76,2653.16,4078.89,9603.08,0.0,1.45,False,0.0
2018-W15,construction_tools_construction,16,4796.71,208.55,0,4690.08,2983.81,4078.89,10657.69,0.0,0.04,False,0.0
2018-W16,construction_tools_construction,24,3917.32,156.69,0,5079.36,2727.51,4491.96,10534.38,0.0,-0.43,False,0.0
2018-W17,construction_tools_construction,16,3807.38,200.39,0,5072.7,2730.66,4491.96,10534.03,0.0,-0.46,False,0.0
2018-W18,construction_tools_construction,15,3715.75,232.23,0,4334.51,1996.62,4052.27,8327.76,341.26,-0.31,False,0.0
2018-W19,construction_tools_construction,30,23933.38,451.57,0,4679.97,1506.78,4052.27,7693.53,1666.41,12.78,True,0.0
2018-W20,construction_tools_construction,21,4085.41,145.91,0,7216.73,6907.78,4491.96,21032.3,0.0,-0.45,False,0.0
2018-W21,construction_tools_construction,16,4988.54,262.55,0,7204.01,6914.25,4441.06,21032.51,0.0,-0.32,False,0.0
2018-W22,construction_tools_construction,16,3046.81,169.27,0,7173.05,6924.87,4441.06,21022.78,0.0,-0.6,False,0.0
2018-W23,construction_tools_construction,21,2872.19,136.77,0,6536.41,7056.15,4001.36,20648.72,0.0,-0.52,False,0.0
2018-W24,construction_tools_construction,27,9693.71,346.2,0,6295.85,7156.04,3862.35,20607.92,0.0,0.47,False,0.0
2018-W25,construction_tools_construction,28,6258.15,189.64,0,7017.9,7173.16,3946.4,21364.21,0.0,-0.11,False,0.0
2018-W26,construction_tools_construction,28,7421.87,239.42,0,7324.24,7068.02,4536.98,21460.28,0.0,0.01,False,0.0
2018-W27,construction_tools_construction,18,4925.69,246.28,0,7787.51,6917.57,5623.34,21622.65,0.0,-0.41,False,0.0
2018-W28,construction_tools_construction,15,2401.14,160.08,0,5411.55,2308.65,4957.12,10028.84,794.25,-1.3,False,0.0
2018-W29,construction_tools_construction,22,5511.65,190.06,0,5201.01,2514.48,4957.12,10229.98,172.05,0.12,False,0.0
2018-W30,construction_tools_construction,28,8564.0,231.46,0,5266.4,2514.97,5218.67,10296.34,236.46,1.31,False,0.0
2018-W31,construction_tools_construction,35,4348.74,111.51,0,5956.05,2575.1,5884.9,11106.26,805.84,-0.62,False,0.0
2018-W32,construction_tools_construction,27,17285.62,443.22,0,6140.62,2367.0,5884.9,10874.62,1406.62,4.71,True,0.0
2018-W33,construction_tools_construction,40,13562.05,222.33,0,7089.61,4529.28,5884.9,16148.17,0.0,1.43,False,0.0
2018-W34,construction_tools_construction,31,10167.78,247.99,0,8002.59,5044.57,6466.76,18091.73,0.0,0.43,False,0.0
2018-W35,construction_tools_construction,1,33.33,33.33,0,8345.83,5092.6,7037.82,18531.03,0.0,-1.63,False,0.0
2017-W30,construction_tools_lights,1,401.45,401.45,0,,,,,,,False,
2017-W31,construction_tools_lights,1,401.45,401.45,0,,,,,,,False,
2017-W35,construction_tools_lights,1,269.53,269.53,0,,,,,,,False,
2017-W37,construction_tools_lights,1,258.98,258.98,0,,,,,,,False,
2017-W41,construction_tools_lights,1,319.9,319.9,0,332.85,79.33,335.49,491.51,174.2,-0.16,False,0.0
2017-W44,construction_tools_lights,2,643.69,321.85,0,330.26,68.94,319.9,468.15,192.38,4.55,True,0.0
2017-W45,construction_tools_lights,1,312.49,312.49,0,382.5,142.04,360.67,666.58,98.42,-0.49,False,0.0
2017-W46,construction_tools_lights,1,133.54,66.77,0,372.5,132.34,319.9,637.17,107.83,-1.81,False,0.0
2017-W47,construction_tools_lights,4,1178.12,294.53,0,342.63,148.82,316.2,640.28,44.98,5.61,True,0.0
2017-W48,construction_tools_lights,2,737.11,368.56,0,439.71,332.57,316.2,1104.85,0.0,0.89,False,0.0
2017-W49,construction_tools_lights,1,1048.64,1048.64,0,481.67,347.88,316.2,1177.42,0.0,1.63,False,0.0
2017-W52,construction_tools_lights,1,786.82,786.82,0,579.06,386.87,481.8,1352.81,0.0,0.54,False,0.0
2018-W02,construction_tools_lights,2,560.24,280.12,0,645.04,369.09,690.4,1383.22,0.0,-0.23,False,0.0
2018-W03,construction_tools_lights,3,2487.43,621.86,0,675.08,348.02,690.4,1371.13,0.0,5.21,True,0.0
2018-W05,construction_tools_lights,2,461.7,230.85,0,905.55,727.67,761.96,2360.89,0.0,-0.61,False,0.0
2018-W06,construction_tools_lights,1,138.09,138.09,0,924.2,712.04,761.96,2348.29,0.0,-1.1,False,0.0
2018-W07,construction_tools_lights,2,1640.82,410.2,0,924.77,711.32,761.96,2347.42,0.0,1.01,False,0.0
2018-W08,construction_tools_lights,2,1829.13,261.3,0,982.61,752.49,761.96,2487.58,0.0,1.12,False,0.0
2018-W09,construction_tools_lights,4,1024.71,204.94,0,1119.11,799.19,917.73,2717.49,0.0,-0.12,False,0.0
2018-W10,construction_tools_lights,2,595.83,198.61,0,1116.12,799.53,905.77,2715.19,0.0,-0.65,False,0.0
2018-W11,construction_tools_lights,3,746.42,248.81,0,1092.24,813.5,810.27,2719.25,0.0,-0.43,False,0.0
2018-W12,construction_tools_lights,3,909.37,303.12,0,1115.52,798.64,885.56,2712.79,0.0,-0.26,False,0.0
2018-W13,construction_tools_lights,3,690.3,230.1,0,918.26,574.93,827.9,2068.11,0.0,-0.4,False,0.0
2018-W14,construction_tools_lights,3,377.95,125.98,0,946.83,554.3,827.9,2055.44,0.0,-1.03,False,0.0
2018-W15,construction_tools_lights,12,3734.71,219.69,0,976.82,508.94,827.9,1994.7,0.0,5.42,True,0.0
2018-W16,construction_tools_lights,12,2390.11,183.85,0,1238.55,1097.41,827.9,3433.37,0.0,1.05,False,0.0
2018-W17,construction_tools_lights,7,1199.94,171.42,0,1308.68,1156.85,827.9,3622.38,0.0,-0.09,False,0.0
2018-W18,construction_tools_lights,6,1072.52,153.22,0,1330.58,1152.36,827.9,3635.29,0.0,-0.22,False,0.0
2018-W19,construction_tools_lights,6,6061.47,432.96,2,1390.16,1120.83,990.94,3631.83,0.0,4.17,True,0.0
2018-W20,construction_tools_lights,17,2485.44,124.27,0,2054.55,1951.9,1136.23,5958.34,0.0,0.22,False,0.0
2018-W21,construction_tools_lights,3,354.6,118.2,0,2251.56,1898.61,1795.02,6048.77,0.0,-1.0,False,0.0
2018-W22,construction_tools_lights,7,1482.79,211.83,0,2209.59,1941.28,1795.02,6092.14,0.0,-0.37,False,0.0
2018-W23,construction_tools_lights,9,1702.64,154.79,0,2347.7,1828.37,1936.45,6004.44,0.0,-0.35,False,0.0
2018-W24,construction_tools_lights,4,757.86,126.31,0,2093.69,1747.52,1592.72,5588.73,0.0,-0.76,False,0.0
2018-W25,construction_tools_lights,8,2605.5,186.11,0,1889.66,1802.39,1341.36,5494.44,0.0,0.4,False,0.0
2018-W26,construction_tools_lights,10,1428.66,142.87,0,2065.35,1794.04,1592.72,5653.43,0.0,-0.35,False,0.0
2018-W27,construction_tools_lights,5,1332.15,222.03,0,2109.87,1770.14,1592.72,5650.16,0.0,-0.44,False,0.0
2018-W28,construction_tools_lights,5,641.92,106.99,0,1518.7,767.91,1455.72,3054.52,0.0,-1.14,False,0.0
2018-W29,construction_tools_lights,16,5851.9,225.07,0,1288.27,710.85,1380.41,2709.96,0.0,6.42,True,0.0
2018-W30,construction_tools_lights,9,1804.46,150.37,0,1975.43,1678.21,1455.72,5331.84,0.0,-0.1,False,0.0
2018-W31,construction_tools_lights,13,3668.23,262.02,0,2015.64,1668.54,1565.65,5352.72,0.0,0.99,False,0.0
2018-W32,construction_tools_lights,25,8092.71,269.76,0,2261.34,1758.18,1616.56,5777.69,0.0,3.32,True,0.0
2018-W33,construction_tools_lights,10,2180.14,181.68,0,3178.19,2581.75,2204.98,8341.68,0.0,-0.39,False,0.0
2018-W34,construction_tools_lights,9,2162.54,196.59,0,3125.02,2599.54,1992.3,8324.11,0.0,-0.37,False,0.0
2018-W35,construction_tools_lights,1,38.37,38.37,0,3216.76,2543.47,2171.34,8303.7,0.0,-1.25,False,0.0
2017-W07,construction_tools_safety,1,396.86,396.86,0,,,,,,,False,
2017-W10,construction_tools_safety,1,208.17,208.17,0,,,,,,,False,
2017-W11,construction_tools_safety,1,217.59,217.59,0,,,,,,,False,
2017-W34,construction_tools_safety,1,24.69,24.69,0,,,,,,,False,
2017-W37,construction_tools_safety,2,2040.03,680.01,0,211.83,151.99,212.88,515.81,0.0,12.03,True,0.0
2017-W38,construction_tools_safety,1,452.98,452.98,0,577.47,828.12,217.59,2233.72,0.0,-0.15,False,0.0
2017-W39,construction_tools_safety,2,728.45,364.23,0,556.72,742.44,307.23,2041.6,0.0,0.23,False,0.0
2017-W40,construction_tools_safety,4,2992.4,427.49,0,581.25,680.85,396.86,1942.96,0.0,3.54,True,0.0
2017-W42,construction_tools_safety,3,557.19,185.73,0,882.65,1060.21,424.92,3003.06,0.0,-0.31,False,0.0
2017-W43,construction_tools_safety,1,212.8,212.8,0,902.69,1051.19,505.08,3005.07,0.0,-0.66,False,0.0
2017-W44,construction_tools_safety,3,366.27,122.09,0,903.27,1050.75,505.08,3004.77,0.0,-0.51,False,0.0
2017-W45,construction_tools_safety,3,670.77,223.59,0,921.85,1038.13,505.08,2998.12,0.0,-0.24,False,0.0
2017-W46,construction_tools_safety,3,1411.44,470.48,0,1002.61,981.98,613.98,2966.57,0.0,0.42,False,0.0
2017-W47,construction_tools_safety,3,2733.92,546.78,0,924.04,909.59,613.98,2743.22,0.0,1.99,False,0.0
2017-W48,construction_tools_safety,2,256.17,85.39,0,1209.16,1081.99,699.61,3373.14,0.0,-0.88,False,0.0
2017-W49,construction_tools_safety,2,647.97,323.99,0,1150.12,1124.04,613.98,3398.19,0.0,-0.45,False,0.0
2017-W50,construction_tools_safety,1,396.35,396.35,0,857.07,846.45,602.58,2549.96,0.0,-0.54,False,0.0
2017-W51,construction_tools_safety,3,266.72,88.91,0,836.96,856.44,522.16,2549.84,0.0,-0.67,False,0.0
2018-W02,construction_tools_safety,4,1994.98,332.5,0,843.7,851.02,522.16,2545.74,0.0,1.35,False,0.0
2018-W03,construction_tools_safety,2,579.78,289.89,0,1047.29,913.04,659.37,2873.38,0.0,-0.51,False,0.0
2018-W04,construction_tools_safety,2,936.38,468.19,0,1035.92,918.95,613.88,2873.82,0.0,-0.11,False,0.0
2018-W05,construction_tools_safety,3,1765.33,588.44,0,976.53,906.48,613.88,2789.5,0.0,0.87,False,0.0
2018-W06,construction_tools_safety,2,3370.96,1685.48,0,855.46,672.79,613.88,2201.04,0.0,3.74,True,0.0
2018-W07,construction_tools_safety,1,416.48,416.48,0,1244.81,1063.98,792.18,3372.77,0.0,-0.78,False,0.0
2018-W08,construction_tools_safety,1,406.67,203.34,0,1215.87,1085.46,758.08,3386.79,0.0,-0.75,False,0.0
2018-W09,construction_tools_safety,4,823.07,164.61,0,1217.16,1084.35,758.08,3385.87,0.0,-0.36,False,0.0
2018-W10,construction_tools_safety,3,974.78,324.93,0,1286.71,1031.23,879.72,3349.16,0.0,-0.3,False,0.0
2018-W11,construction_tools_safety,2,1714.85,857.42,0,1159.18,993.52,879.72,3146.22,0.0,0.56,False,0.0
2018-W12,construction_tools_safety,1,1866.6,311.1,0,1301.06,979.91,955.58,3260.89,0.0,0.58,False,0.0
2018-W13,construction_tools_safety,4,10231.54,1278.94,0,1417.34,985.63,1344.82,3388.6,0.0,8.94,True,0.0
2018-W14,construction_tools_safety,9,968.9,107.66,0,2475.62,3282.2,1344.82,9040.01,0.0,-0.46,False,0.0
2018-W15,construction_tools_safety,1,106.56,106.56,0,2175.36,3298.42,971.84,8772.2,0.0,-0.63,False,0.0
2018-W16,construction_tools_safety,5,881.92,176.38,0,2136.62,3323.75,971.84,8784.12,0.0,-0.38,False,0.0
2018-W17,construction_tools_safety,6,816.22,116.6,0,2196.03,3292.51,971.84,8781.06,0.0,-0.42,False,0.0
2018-W18,construction_tools_safety,4,1608.84,321.77,0,2195.17,3292.92,971.84,8781.02,0.0,-0.18,False,0.0
2018-W19,construction_tools_safety,8,5088.74,424.06,4,2274.43,3266.88,1288.87,8808.19,0.0,0.86,False,0.0
2018-W20,construction_tools_safety,7,1548.89,193.61,0,2696.17,3399.41,1288.87,9494.99,0.0,-0.34,False,0.0
2018-W21,construction_tools_safety,6,3247.94,541.32,0,2656.45,3412.32,1258.9,9481.09,0.0,0.17,False,0.0
2018-W22,construction_tools_safety,2,470.2,235.1,0,1783.5,1620.36,1258.9,5024.22,0.0,-0.81,False,0.0
2018-W23,construction_tools_safety,3,207.53,51.88,0,1721.16,1665.15,1215.4,5051.46,0.0,-0.91,False,0.0
2018-W24,construction_tools_safety,4,805.57,201.39,0,1733.78,1651.49,1215.4,5036.76,0.0,-0.56,False,0.0
2018-W25,construction_tools_safety,3,746.56,248.85,0,1724.24,1657.32,1182.56,5038.89,0.0,-0.59,False,0.0
2018-W26,construction_tools_safety,3,262.0,87.33,0,1715.53,1662.95,1177.23,5041.43,0.0,-0.87,False,0.0
2018-W27,construction_tools_safety,2,222.64,111.32,0,1547.18,1741.61,776.06,5030.4,0.0,-0.76,False,0.0
2018-W28,construction_tools_safety,1,114.79,114.79,0,938.92,1034.02,608.38,3006.95,0.0,-0.8,False,0.0
2018-W29,construction_tools_safety,7,1313.71,187.67,0,759.65,1037.47,366.1,2834.59,0.0,0.53,False,0.0
2018-W30,construction_tools_safety,2,169.97,84.98,0,517.88,410.94,366.1,1339.76,0.0,-0.85,False,0.0
2018-W31,construction_tools_safety,7,1660.6,184.51,1,480.35,429.22,242.32,1338.79,0.0,2.75,True,0.0
2018-W32,construction_tools_safety,5,1930.23,321.7,0,661.98,578.7,504.28,1819.38,0.0,2.19,True,0.0
2018-W33,construction_tools_safety,8,1665.32,208.16,0,802.56,734.26,504.28,2271.09,0.0,1.17,False,0.0
2018-W34,construction_tools_safety,4,704.4,140.88,0,917.41,793.7,787.86,2504.8,0.0,-0.27,False,0.0
2016-W40,cool_stuff,8,1335.41,166.93,0,,,,,,,False,
2017-W01,cool_stuff,1,1693.04,846.52,0,,,,,,,False,
2017-W02,cool_stuff,3,614.0,204.67,0,,,,,,,False,
2017-W03,cool_stuff,5,2313.96,385.66,0,,,,,,,False,
2017-W04,cool_stuff,18,6849.51,285.4,0,1489.1,709.79,1514.22,2908.68,69.52,7.55,True,0.0
2017-W05,cool_stuff,21,4543.2,189.3,0,2561.18,2474.8,1693.04,7510.79,0.0,0.8,False,0.0
2017-W06,cool_stuff,18,4019.3,191.4,0,2891.52,2356.79,2003.5,7605.1,0.0,0.48,False,0.0
2017-W07,cool_stuff,17,2426.0,142.71,0,3052.63,2193.26,2313.96,7439.16,0.0,-0.29,False,0.0
2017-W08,cool_stuff,13,3084.23,237.25,0,2974.3,2042.62,2369.98,7059.54,0.0,0.05,False,0.0
2017-W09,cool_stuff,22,6469.14,202.16,0,3192.9,1932.79,2755.12,7058.49,0.0,1.7,False,0.0
2017-W10,cool_stuff,28,5137.76,177.16,0,3789.92,2130.81,3551.77,8051.54,0.0,0.63,False,0.0
2017-W11,cool_stuff,29,5630.47,194.15,0,4355.39,1730.18,4281.25,7815.75,895.02,0.74,False,0.0
2017-W12,cool_stuff,29,5642.46,182.01,1,4769.95,1560.14,4840.48,7890.23,1649.67,0.56,False,0.0
2017-W13,cool_stuff,23,5884.93,245.21,0,4619.07,1378.03,4840.48,7375.14,1863.0,0.92,False,0.0
2017-W14,cool_stuff,28,5229.07,141.33,1,4786.79,1447.38,5384.12,7681.55,1892.02,0.31,False,0.0
2017-W15,cool_stuff,31,5698.03,183.81,0,4938.01,1418.66,5429.77,7775.32,2100.7,0.54,False,0.0
2017-W16,cool_stuff,23,5754.95,230.2,0,5347.01,1001.23,5636.46,7349.48,3344.55,0.41,False,0.0
2017-W17,cool_stuff,32,5701.76,178.18,0,5680.85,409.16,5670.24,6499.18,4862.53,0.05,False,0.0
2017-W18,cool_stuff,44,8285.38,172.61,0,5584.93,261.13,5670.24,6107.19,5062.67,10.34,True,0.0
2017-W19,cool_stuff,55,8459.12,151.06,0,5978.38,951.04,5699.9,7880.47,4076.3,2.61,True,0.0
2017-W20,cool_stuff,65,12676.41,156.5,0,6331.96,1274.15,5728.36,8880.27,3783.66,4.98,True,0.0
2017-W21,cool_stuff,45,8894.72,181.52,0,7211.21,2534.23,5819.94,12279.67,2142.74,0.66,False,0.0
2017-W22,cool_stuff,57,12327.31,192.61,1,7587.43,2532.62,7020.16,12652.67,2522.19,1.87,False,0.0
2017-W23,cool_stuff,42,9588.06,217.91,0,8474.71,2815.91,8372.25,14106.54,2842.88,0.4,False,0.0
2017-W24,cool_stuff,49,7795.93,136.77,0,8960.96,2595.15,8676.92,14151.27,3770.66,-0.45,False,0.0
2017-W25,cool_stuff,40,10905.1,265.98,0,9216.09,2320.77,8676.92,13857.62,4574.55,0.73,False,0.0
2017-W26,cool_stuff,54,11543.2,164.9,0,9866.5,1882.99,9241.39,13632.49,6100.52,0.89,False,0.0
2017-W27,cool_stuff,54,12061.38,211.6,0,10273.73,1844.08,10246.58,13961.89,6585.58,0.97,False,0.0
2017-W28,cool_stuff,61,11003.66,174.66,0,10724.01,1776.24,11224.15,14276.49,7171.53,0.16,False,0.0
2017-W29,cool_stuff,50,8586.92,159.02,0,10514.92,1603.65,10954.38,13722.21,7307.63,-1.2,False,0.0
2017-W30,cool_stuff,34,7467.95,191.49,0,10476.44,1651.06,10954.38,13778.57,7174.32,-1.82,False,0.0
2017-W31,cool_stuff,57,11119.62,163.52,0,9869.03,1762.94,10246.58,13394.91,6343.14,0.71,False,0.0
2017-W32,cool_stuff,67,15473.01,209.09,0,10060.47,1810.59,10954.38,13681.64,6439.3,2.99,True,0.0
2017-W33,cool_stuff,53,11591.49,203.36,2,11020.1,2382.91,11061.64,15785.93,6254.28,0.24,False,0.0
2017-W34,cool_stuff,46,12690.76,226.62,0,11105.9,2390.52,11331.41,15886.95,6324.86,0.66,False,0.0
2017-W35,cool_stuff,42,10266.1,218.43,0,11249.35,2454.1,11355.56,16157.54,6341.16,-0.4,False,0.0
2017-W36,cool_stuff,42,7700.99,179.09,0,11024.94,2451.32,11061.64,15927.57,6122.31,-1.36,False,0.0
2017-W37,cool_stuff,48,10860.46,212.95,1,10612.11,2718.91,10692.86,16049.93,5174.28,0.09,False,0.0
2017-W38,cool_stuff,44,11620.16,247.24,1,10896.3,2592.89,10990.04,16082.08,5710.52,0.28,False,0.0
2017-W39,cool_stuff,54,11257.99,190.81,0,11415.32,2193.39,11355.56,15802.11,7028.53,-0.07,False,0.0
2017-W40,cool_stuff,51,9938.35,191.12,0,11432.62,2191.27,11424.74,15815.17,7050.07,-0.68,False,0.0
2017-W41,cool_stuff,60,11953.57,186.77,1,10740.79,1497.18,11059.22,13735.14,7746.43,0.81,False,0.0
2017-W42,cool_stuff,62,13549.79,211.72,0,10786.05,1531.65,11059.22,13849.34,7722.76,1.8,False,0.0
2017-W43,cool_stuff,52,13726.67,225.03,0,10893.43,1704.6,11059.22,14302.63,7484.22,1.66,False,0.0
2017-W44,cool_stuff,54,18085.97,301.43,1,11326.0,1944.83,11439.08,15215.65,7436.34,3.48,True,0.0
2017-W45,cool_stuff,63,13976.42,208.6,0,12624.12,2550.97,11786.86,17726.05,7522.19,0.53,False,0.0
2017-W46,cool_stuff,56,12931.07,211.98,0,13013.62,2480.11,12751.68,17973.83,8053.4,-0.03,False,0.0
2017-W47,cool_stuff,90,23262.54,244.87,0,13177.48,2417.4,13240.43,18012.29,8342.67,4.17,True,0.0
2017-W48,cool_stuff,68,11361.0,151.48,0,14678.05,4156.19,13638.23,22990.42,6365.67,-0.8,False,0.0
2017-W49,cool_stuff,84,19352.24,186.08,1,14855.88,3949.73,13638.23,22755.33,6956.43,1.14,False,0.0
2017-W50,cool_stuff,59,10894.58,157.89,0,15780.71,4038.28,13851.54,23857.26,7704.16,-1.21,False,0.0
2017-W51,cool_stuff,31,5847.46,177.2,0,15448.81,4345.27,13851.54,24139.35,6758.27,-2.21,True,910.81
2017-W52,cool_stuff,35,6916.67,177.35,0,14463.91,5524.36,13453.74,25512.62,3415.2,-1.37,False,0.0
2018-W01,cool_stuff,60,11277.15,163.44,0,13067.75,5878.25,12146.04,24824.25,1311.24,-0.3,False,0.0
2018-W02,cool_stuff,77,10649.9,131.48,0,12730.34,5896.09,11319.08,24522.51,938.17,-0.35,False,0.0
2018-W03,cool_stuff,83,11843.45,139.33,0,12445.19,5939.99,11085.86,24325.17,565.22,-0.1,False,0.0
2018-W04,cool_stuff,49,12432.59,214.35,1,11017.81,4036.12,11085.86,19090.05,2945.57,0.35,False,0.0
2018-W05,cool_stuff,39,7339.19,166.8,0,11151.76,4066.8,11085.86,19285.36,3018.15,-0.94,False,0.0
2018-W06,cool_stuff,35,7383.3,199.55,1,9650.12,2536.05,10772.24,14722.21,4578.03,-0.89,False,0.0
2018-W07,cool_stuff,52,10610.24,204.04,0,9211.21,2593.11,9016.6,14397.42,4025.0,0.54,False,0.0
2018-W08,cool_stuff,59,11756.97,192.74,0,9806.56,2232.11,10630.07,14270.79,5342.34,0.87,False,0.0
2018-W09,cool_stuff,52,8644.19,166.23,0,10411.6,1978.47,10963.52,14368.53,6454.66,-0.89,False,0.0
2018-W10,cool_stuff,56,11436.03,187.48,0,10082.48,2032.18,10630.07,14146.84,6018.12,0.67,False,0.0
2018-W11,cool_stuff,44,8286.06,142.86,0,10180.74,2081.94,11023.14,14344.62,6016.87,-0.91,False,0.0
2018-W12,cool_stuff,61,12183.03,152.29,0,9736.07,2055.81,9627.22,13847.7,5624.44,1.19,False,0.0
2018-W13,cool_stuff,47,9000.25,176.48,0,9704.88,2010.44,9627.22,13725.76,5683.99,-0.35,False,0.0
2018-W14,cool_stuff,50,9755.62,195.11,0,9912.51,1806.67,9805.24,13525.84,6299.17,-0.09,False,0.0
2018-W15,cool_stuff,47,11108.1,198.36,0,10209.05,1501.07,10182.93,13211.2,7206.9,0.6,False,0.0
2018-W16,cool_stuff,44,11032.51,229.84,1,10271.28,1530.12,10431.86,13331.53,7211.04,0.5,False,0.0
2018-W17,cool_stuff,44,9005.35,191.6,0,10180.72,1448.92,10394.06,13078.56,7282.89,-0.81,False,0.0
2018-W18,cool_stuff,58,13192.47,212.78,0,10225.87,1398.97,10394.06,13023.8,7427.93,2.12,True,0.0
2018-W19,cool_stuff,47,8818.48,187.63,0,10445.42,1717.57,10394.06,13880.57,7010.28,-0.95,False,0.0
2018-W20,cool_stuff,46,10141.76,215.78,0,10511.98,1630.03,10394.06,13772.04,7251.91,-0.23,False,0.0
2018-W21,cool_stuff,15,5094.93,299.7,0,10256.82,1484.34,9948.69,13225.49,7288.14,-3.48,True,2193.21
2018-W22,cool_stuff,16,3384.45,199.09,0,9768.65,2347.72,9948.69,14464.09,5073.21,-2.72,True,1688.76
2018-W23,cool_stuff,20,3449.77,156.81,0,8972.26,3257.22,9573.56,15486.7,2457.82,-1.7,False,0.0
2018-W24,cool_stuff,18,7115.76,395.32,0,8014.96,3642.43,8911.92,15299.83,730.1,-0.25,False,0.0
2018-W25,cool_stuff,23,4856.48,211.15,0,7525.37,3436.29,7967.12,14397.95,652.79,-0.78,False,0.0
2018-W26,cool_stuff,32,5707.03,167.85,0,7006.76,3493.62,6105.34,13994.0,19.53,-0.37,False,0.0
2018-W27,cool_stuff,20,2831.73,134.84,0,6071.08,2445.4,5400.98,10961.88,1180.28,-1.32,False,0.0
2018-W28,cool_stuff,28,18650.65,643.13,4,5322.74,2400.15,4975.7,10123.03,522.44,5.55,True,0.0
2018-W29,cool_stuff,26,6484.28,231.58,0,6386.35,5150.38,4975.7,16687.11,0.0,0.02,False,0.0
2018-W30,cool_stuff,26,9110.84,325.39,0,6560.02,5123.97,5281.75,16807.96,0.0,0.5,False,0.0
2018-W31,cool_stuff,40,7625.0,181.55,0,7275.82,5015.82,6095.66,17307.46,0.0,0.07,False,0.0
2018-W32,cool_stuff,38,5969.09,145.59,0,7797.72,4772.14,6800.02,17342.0,0.0,-0.38,False,0.0
2018-W33,cool_stuff,28,4773.44,164.6,0,7654.39,4812.6,6226.68,17279.59,0.0,-0.6,False,0.0
2018-W34,cool_stuff,18,2466.97,137.05,0,7644.01,4819.58,6226.68,17283.17,0.0,-1.07,False,0.0
2018-W35,cool_stuff,3,277.6,92.53,0,7239.0,5131.64,6226.68,17502.28,0.0,-1.36,False,0.0
2017-W06,costruction_tools_garden,1,1249.36,624.68,0,,,,,,,False,
2017-W14,costruction_tools_garden,1,21.87,21.87,0,,,,,,,False,
2017-W15,costruction_tools_garden,1,30.56,30.56,0,,,,,,,False,
2017-W16,costruction_tools_garden,1,339.24,169.62,0,,,,,,,False,
2017-W17,costruction_tools_garden,4,1414.59,353.65,0,410.26,578.55,184.9,1567.35,0.0,1.74,False,0.0
2017-W19,costruction_tools_garden,4,1721.33,344.27,1,611.12,672.89,339.24,1956.89,0.0,1.65,False,0.0
2017-W21,costruction_tools_garden,2,411.52,137.17,0,796.16,753.42,794.3,2303.0,0.0,-0.51,False,0.0
2017-W25,costruction_tools_garden,1,52.68,52.68,0,741.21,702.97,411.52,2147.16,0.0,-0.98,False,0.0
2017-W26,costruction_tools_garden,3,776.09,129.35,0,655.14,694.86,375.38,2044.87,0.0,0.17,False,0.0
2017-W27,costruction_tools_garden,1,92.62,92.62,0,595.98,656.11,375.38,1908.21,0.0,-0.77,False,0.0
2017-W28,costruction_tools_garden,2,341.76,170.88,0,604.83,647.69,375.38,1900.21,0.0,-0.41,False,0.0
2017-W29,costruction_tools_garden,2,142.39,47.46,0,643.73,616.89,376.64,1877.5,0.0,-0.81,False,0.0
2017-W30,costruction_tools_garden,1,49.76,49.76,0,619.12,634.44,376.64,1888.01,0.0,-0.9,False,0.0
2017-W31,costruction_tools_garden,1,208.6,208.6,0,448.52,570.24,242.08,1588.99,0.0,-0.42,False,0.0
2017-W32,costruction_tools_garden,1,114.33,114.33,0,259.43,247.17,175.5,753.77,0.0,-0.59,False,0.0
2017-W34,costruction_tools_garden,4,2598.41,371.2,0,222.28,243.35,128.36,708.98,0.0,9.76,True,0.0
2017-W35,costruction_tools_garden,2,124.83,62.41,0,540.5,863.69,175.5,2267.87,0.0,-0.48,False,0.0
2017-W38,costruction_tools_garden,3,242.54,80.85,0,459.09,868.98,133.61,2197.06,0.0,-0.25,False,0.0
2017-W39,costruction_tools_garden,1,167.72,83.86,0,477.83,861.54,175.5,2200.9,0.0,-0.36,False,0.0
2017-W40,costruction_tools_garden,2,106.15,53.08,0,456.07,867.64,155.06,2191.35,0.0,-0.4,False,0.0
2017-W41,costruction_tools_garden,1,71.53,71.53,0,451.54,869.6,146.28,2190.75,0.0,-0.44,False,0.0
2017-W42,costruction_tools_garden,3,134.11,44.7,0,454.26,868.2,146.28,2190.66,0.0,-0.37,False,0.0
2017-W43,costruction_tools_garden,2,1124.45,374.82,0,444.95,871.6,129.47,2188.16,0.0,0.78,False,0.0
2017-W44,costruction_tools_garden,1,87.66,87.66,0,571.22,889.84,150.92,2350.9,0.0,-0.54,False,0.0
2017-W45,costruction_tools_garden,3,168.64,56.21,0,257.37,354.37,129.47,966.12,0.0,-0.25,False,0.0
2017-W46,costruction_tools_garden,5,799.21,99.9,0,262.85,352.36,150.92,967.58,0.0,1.52,False,0.0
2017-W47,costruction_tools_garden,4,776.17,194.04,0,332.43,399.58,150.92,1131.59,0.0,1.11,False,0.0
2017-W48,costruction_tools_garden,1,180.96,90.48,0,408.49,421.08,151.38,1250.65,0.0,-0.54,False,0.0
2017-W49,costruction_tools_garden,3,797.5,265.83,0,417.84,414.18,174.8,1246.2,0.0,0.92,False,0.0
2017-W51,costruction_tools_garden,3,364.58,121.53,0,508.59,406.93,478.56,1322.44,0.0,-0.35,False,0.0
2018-W01,costruction_tools_garden,4,1087.21,217.44,0,537.4,384.15,570.38,1305.7,0.0,1.43,False,0.0
2018-W02,costruction_tools_garden,7,1469.2,183.65,0,532.74,376.16,570.38,1285.07,0.0,2.49,True,0.0
2018-W03,costruction_tools_garden,6,2812.55,401.79,0,705.43,452.1,786.84,1609.64,0.0,4.66,True,0.0
2018-W04,costruction_tools_garden,4,811.24,162.25,0,1035.92,820.17,798.36,2676.27,0.0,-0.27,False,0.0
2018-W05,costruction_tools_garden,3,619.73,103.29,0,1037.43,819.69,804.37,2676.8,0.0,-0.51,False,0.0
2018-W06,costruction_tools_garden,6,1029.47,147.07,0,1017.87,828.63,804.37,2675.13,0.0,0.01,False,0.0
2018-W07,costruction_tools_garden,2,1382.3,230.38,0,1123.94,757.45,920.36,2638.83,0.0,0.34,False,0.0
2018-W08,costruction_tools_garden,2,249.13,124.56,0,1197.04,749.62,1058.34,2696.28,0.0,-1.26,False,0.0
2018-W09,costruction_tools_garden,4,825.44,206.36,0,1182.6,768.8,1058.34,2720.21,0.0,-0.46,False,0.0
2018-W10,costruction_tools_garden,8,1943.26,176.66,0,1149.88,778.95,927.46,2707.78,0.0,1.02,False,0.0
2018-W11,costruction_tools_garden,3,412.79,137.6,0,1209.14,823.47,927.46,2856.08,0.0,-0.97,False,0.0
2018-W12,costruction_tools_garden,4,166.73,41.68,0,909.17,546.43,818.34,2002.03,0.0,-1.36,False,0.0
2018-W13,costruction_tools_garden,2,270.92,135.46,0,828.61,607.08,722.58,2042.76,0.0,-0.92,False,0.0
2018-W14,costruction_tools_garden,2,223.09,74.36,0,785.01,636.06,619.12,2057.12,0.0,-0.88,False,0.0
2018-W15,costruction_tools_garden,2,258.77,86.26,0,684.21,655.38,341.86,1994.97,0.0,-0.65,False,0.0
2018-W16,costruction_tools_garden,4,1603.67,267.28,0,543.77,602.68,264.85,1749.12,0.0,1.76,False,0.0
2018-W17,costruction_tools_garden,3,1111.75,222.35,0,713.08,691.77,341.86,2096.62,0.0,0.58,False,0.0
2018-W18,costruction_tools_garden,4,408.5,81.7,0,748.87,705.68,341.86,2160.22,0.0,-0.48,False,0.0
2018-W19,costruction_tools_garden,6,876.8,125.26,0,557.03,518.34,339.71,1593.7,0.0,0.62,False,0.0
2018-W20,costruction_tools_garden,1,66.42,66.42,0,615.03,525.8,339.71,1666.62,0.0,-1.04,False,0.0
2018-W21,costruction_tools_garden,2,343.73,114.58,0,602.49,539.04,339.71,1680.58,0.0,-0.48,False,0.0
2018-W22,costruction_tools_garden,4,386.04,96.51,0,611.59,533.23,376.12,1678.05,0.0,-0.42,False,0.0
2018-W23,costruction_tools_garden,1,89.38,89.38,0,631.96,519.2,397.27,1670.35,0.0,-1.05,False,0.0
2018-W24,costruction_tools_garden,2,109.24,54.62,0,610.79,539.64,397.27,1690.07,0.0,-0.93,False,0.0
2018-W25,costruction_tools_garden,2,210.69,105.34,0,423.98,382.67,364.88,1189.32,0.0,-0.56,False,0.0
2018-W26,costruction_tools_garden,3,434.1,144.7,0,311.35,266.2,277.21,843.75,0.0,0.46,False,0.0
2018-W27,costruction_tools_garden,6,854.37,94.93,3,314.55,267.69,277.21,849.92,0.0,2.02,True,0.0
2018-W28,costruction_tools_garden,3,474.5,94.9,0,311.75,260.99,277.21,833.72,0.0,0.62,False,0.0
2018-W29,costruction_tools_garden,3,141.07,47.02,0,362.76,245.62,364.88,853.99,0.0,-0.9,False,0.0
2018-W30,costruction_tools_garden,8,1594.01,199.25,0,337.42,258.0,298.36,853.42,0.0,4.87,True,0.0
2018-W31,costruction_tools_garden,7,1871.08,233.89,0,488.42,515.5,322.4,1519.42,0.0,2.68,True,0.0
2018-W32,costruction_tools_garden,6,2579.25,322.41,0,711.13,677.8,454.3,2066.73,0.0,2.76,True,0.0
2018-W33,costruction_tools_garden,4,644.65,128.93,0,1019.88,892.9,664.44,2805.68,0.0,-0.42,False,0.0
2018-W34,costruction_tools_garden,1,82.16,82.16,0,1074.13,848.81,749.51,2771.75,0.0,-1.17,False,0.0
2018-W35,costruction_tools_garden,1,196.08,98.04,0,1030.14,894.6,749.51,2819.34,0.0,-0.93,False,0.0
2017-W15,costruction_tools_tools,1,748.27,748.27,0,,,,,,,False,
2017-W18,costruction_tools_tools,2,834.3,417.15,0,,,,,,,False,
2017-W36,costruction_tools_tools,2,939.3,469.65,0,,,,,,,False,
2017-W38,costruction_tools_tools,1,36.78,36.78,0,,,,,,,False,
2017-W40,costruction_tools_tools,2,798.57,399.29,0,639.66,409.44,791.28,1458.55,0.0,0.39,False,0.0
2017-W41,costruction_tools_tools,2,276.39,138.19,0,671.44,361.64,798.57,1394.72,0.0,-1.09,False,0.0
2017-W42,costruction_tools_tools,1,45.0,45.0,0,605.6,361.44,773.42,1328.48,0.0,-1.55,False,0.0
2017-W44,costruction_tools_tools,2,230.74,76.91,0,525.52,392.12,748.27,1309.76,0.0,-0.75,False,0.0
2017-W48,costruction_tools_tools,3,270.83,67.71,0,488.67,377.7,512.33,1244.07,0.0,-0.58,False,0.0
2017-W50,costruction_tools_tools,3,308.5,102.83,0,428.99,368.43,273.61,1165.84,0.0,-0.33,False,0.0
2017-W52,costruction_tools_tools,2,90.67,45.33,0,363.26,330.77,273.61,1024.8,0.0,-0.82,False,0.0
2018-W02,costruction_tools_tools,2,105.67,52.83,0,257.18,244.46,250.78,746.1,0.0,-0.62,False,0.0
2018-W03,costruction_tools_tools,1,208.48,208.48,0,265.8,236.67,250.78,739.14,0.0,-0.24,False,0.0
2018-W04,costruction_tools_tools,3,272.82,90.94,0,192.03,98.57,219.61,389.17,0.0,0.82,False,0.0
2018-W05,costruction_tools_tools,5,361.61,72.32,0,191.59,98.14,219.61,387.87,0.0,1.73,False,0.0
2018-W07,costruction_tools_tools,1,43.98,43.98,0,231.16,94.35,250.78,419.86,42.47,-1.98,False,0.0
2018-W08,costruction_tools_tools,7,1335.77,166.97,0,207.82,115.25,239.65,438.33,0.0,9.79,True,0.0
2018-W11,costruction_tools_tools,1,56.98,56.98,0,340.94,417.39,240.65,1175.73,0.0,-0.68,False,0.0
2018-W12,costruction_tools_tools,4,676.94,135.39,0,309.5,429.48,157.07,1168.47,0.0,0.86,False,0.0
2018-W13,costruction_tools_tools,3,515.05,171.68,0,382.78,436.77,240.65,1256.32,0.0,0.3,False,0.0
2018-W14,costruction_tools_tools,5,465.69,93.14,0,433.95,423.44,317.22,1280.84,0.0,0.07,False,0.0
2018-W15,costruction_tools_tools,6,722.06,103.15,0,466.1,413.52,413.65,1293.15,0.0,0.62,False,0.0
2018-W16,costruction_tools_tools,2,225.24,112.62,0,522.26,414.03,490.37,1350.32,0.0,-0.72,False,0.0
2018-W17,costruction_tools_tools,3,346.15,86.54,0,505.21,424.27,490.37,1353.75,0.0,-0.37,False,0.0
2018-W18,costruction_tools_tools,2,211.63,105.81,0,542.98,389.36,490.37,1321.7,0.0,-0.85,False,0.0
2018-W19,costruction_tools_tools,1,113.7,113.7,0,402.47,234.37,405.92,871.21,0.0,-1.23,False,0.0
2018-W21,costruction_tools_tools,1,68.31,68.31,0,409.56,223.01,405.92,855.58,0.0,-1.53,False,0.0
2018-W22,costruction_tools_tools,2,225.24,112.62,0,333.48,222.58,285.7,778.63,0.0,-0.49,False,0.0
2018-W23,costruction_tools_tools,3,511.19,170.4,0,297.25,212.14,225.24,721.54,0.0,1.01,False,0.0
2018-W27,costruction_tools_tools,1,958.88,479.44,0,302.94,217.84,225.24,738.61,0.0,3.01,True,0.0
2018-W28,costruction_tools_tools,2,307.5,153.75,0,332.54,287.79,225.24,908.12,0.0,-0.09,False,0.0
2018-W29,costruction_tools_tools,4,5014.51,1002.9,0,342.83,284.86,266.37,912.55,0.0,16.4,True,0.0
2018-W30,costruction_tools_tools,3,2245.28,748.43,0,926.37,1676.24,266.37,4278.85,0.0,0.79,False,0.0
2018-W31,costruction_tools_tools,4,519.27,129.82,0,1180.58,1706.3,409.34,4593.17,0.0,-0.39,False,0.0
2018-W32,costruction_tools_tools,1,257.18,257.18,0,1231.27,1675.82,515.23,4582.92,0.0,-0.58,False,0.0
2018-W33,costruction_tools_tools,6,501.35,83.56,0,1254.88,1658.34,515.23,4571.56,0.0,-0.45,False,0.0
2018-W34,costruction_tools_tools,3,219.24,73.08,0,1289.4,1636.58,515.23,4562.55,0.0,-0.65,False,0.0
2016-W40,diapers_and_hygiene,1,150.99,150.99,0,,,,,,,False,
2017-W49,diapers_and_hygiene,1,199.4,99.7,0,,,,,,,False,
2018-W04,diapers_and_hygiene,1,942.25,188.45,0,,,,,,,False,
2018-W08,diapers_and_hygiene,1,603.04,150.76,0,,,,,,,False,
2018-W12,diapers_and_hygiene,1,55.06,55.06,0,473.92,372.22,401.22,1218.37,0.0,-1.13,False,0.0
2018-W13,diapers_and_hygiene,1,967.75,193.55,0,390.15,372.83,199.4,1135.81,0.0,1.55,False,0.0
2018-W14,diapers_and_hygiene,1,56.32,56.32,0,486.42,408.42,401.22,1303.25,0.0,-1.05,False,0.0
2018-W15,diapers_and_hygiene,1,50.71,50.71,0,424.97,406.73,199.4,1238.43,0.0,-0.92,False,0.0
2018-W16,diapers_and_hygiene,1,37.39,37.39,0,378.19,399.13,175.2,1176.45,0.0,-0.85,False,0.0
2018-W17,diapers_and_hygiene,1,56.15,56.15,0,363.99,410.24,127.86,1184.46,0.0,-0.75,False,0.0
2018-W19,diapers_and_hygiene,1,58.23,58.23,0,346.08,421.42,56.24,1188.92,0.0,-0.68,False,0.0
2018-W20,diapers_and_hygiene,1,50.71,50.71,0,235.58,353.13,56.24,941.85,0.0,-0.52,False,0.0
2018-W21,diapers_and_hygiene,1,50.71,50.71,0,166.54,323.8,55.6,814.15,0.0,-0.36,False,0.0
2018-W22,diapers_and_hygiene,1,49.79,49.79,0,166.0,324.02,53.43,814.04,0.0,-0.36,False,0.0
2018-W23,diapers_and_hygiene,2,88.08,44.04,0,51.25,6.48,50.71,64.2,38.3,5.69,True,0.0
2018-W24,diapers_and_hygiene,1,49.92,49.92,0,55.22,14.63,50.71,84.48,25.96,-0.36,False,0.0
2018-W25,diapers_and_hygiene,2,160.3,80.15,0,55.12,14.67,50.71,84.46,25.79,7.17,True,0.0
2018-W26,diapers_and_hygiene,1,79.61,79.61,0,70.49,38.48,53.43,147.45,0.0,0.24,False,0.0
2018-W28,diapers_and_hygiene,1,49.92,49.92,0,73.42,38.12,54.47,149.67,0.0,-0.62,False,0.0
2018-W29,diapers_and_hygiene,1,49.92,49.92,0,72.38,38.71,50.71,149.79,0.0,-0.58,False,0.0
2018-W30,diapers_and_hygiene,1,40.02,40.02,1,72.28,38.77,50.32,149.82,0.0,-0.83,False,0.0
2018-W31,diapers_and_hygiene,1,98.05,98.05,0,70.95,39.79,49.92,150.53,0.0,0.68,False,0.0
2018-W32,diapers_and_hygiene,1,58.98,58.98,0,76.98,39.78,64.76,156.54,0.0,-0.45,False,0.0
2018-W33,diapers_and_hygiene,1,58.98,58.98,0,73.34,39.95,54.45,153.25,0.0,-0.36,False,0.0
2018-W34,diapers_and_hygiene,1,158.97,158.97,0,74.47,39.32,58.98,153.11,0.0,2.15,True,0.0
2017-W09,drinks,1,187.52,187.52,0,,,,,,,False,
2017-W11,drinks,2,346.43,173.22,0,,,,,,,False,
2017-W12,drinks,1,122.2,61.1,0,,,,,,,False,
2017-W14,drinks,1,1225.44,204.24,0,,,,,,,False,
2017-W16,drinks,1,124.93,62.47,0,470.4,512.09,266.98,1494.58,0.0,-0.67,False,0.0
2017-W21,drinks,1,112.95,112.95,0,401.3,469.63,187.52,1340.56,0.0,-0.61,False,0.0
2017-W23,drinks,1,69.2,69.2,0,353.25,436.23,156.23,1225.71,0.0,-0.65,False,0.0
2017-W27,drinks,1,215.6,215.6,0,312.67,412.44,124.93,1137.55,0.0,-0.24,False,0.0
2017-W30,drinks,1,264.96,132.48,0,300.53,383.38,156.23,1067.3,0.0,-0.09,False,0.0
2017-W32,drinks,1,21.85,21.85,0,310.21,381.09,170.26,1072.4,0.0,-0.76,False,0.0
2017-W33,drinks,1,126.92,126.92,0,269.64,393.76,123.56,1057.15,0.0,-0.36,False,0.0
2017-W36,drinks,2,140.14,46.71,0,270.23,393.51,125.93,1057.24,0.0,-0.33,False,0.0
2017-W37,drinks,4,291.01,72.75,1,134.57,76.72,125.93,288.0,0.0,2.04,True,0.0
2017-W39,drinks,1,44.85,44.85,0,155.33,94.21,133.53,343.75,0.0,-1.17,False,0.0
2017-W40,drinks,1,73.27,73.27,0,146.82,101.39,133.53,349.6,0.0,-0.73,False,0.0
2017-W41,drinks,2,87.12,43.56,0,147.32,100.95,133.53,349.23,0.0,-0.6,False,0.0
2017-W42,drinks,3,593.4,118.68,0,131.26,98.74,107.02,328.74,0.0,4.68,True,0.0
2017-W43,drinks,2,84.86,42.43,0,172.32,189.15,107.02,550.63,0.0,-0.46,False,0.0
2017-W44,drinks,2,170.67,85.33,0,180.2,183.21,107.02,546.62,0.0,-0.05,False,0.0
2017-W45,drinks,1,46.27,46.27,0,185.66,182.04,113.63,549.75,0.0,-0.77,False,0.0
2017-W46,drinks,8,1072.07,89.34,0,173.93,188.31,85.99,550.56,0.0,4.77,True,0.0
2017-W47,drinks,4,331.76,82.94,0,271.56,371.28,85.99,1014.12,0.0,0.16,False,0.0
2017-W48,drinks,5,821.56,164.31,0,307.43,359.93,128.89,1027.29,0.0,1.43,False,0.0
2017-W49,drinks,6,343.13,57.19,0,400.96,386.63,251.21,1174.22,0.0,-0.15,False,0.0
2017-W50,drinks,8,510.65,63.83,0,432.96,367.04,337.44,1167.04,0.0,0.21,False,0.0
2017-W51,drinks,7,943.34,94.33,0,422.62,363.02,337.44,1148.65,0.0,1.43,False,0.0
2017-W52,drinks,7,487.46,69.64,0,529.93,375.58,426.89,1281.08,0.0,-0.11,False,0.0
2018-W01,drinks,14,1197.13,63.01,0,569.53,347.97,499.05,1265.48,0.0,1.8,False,0.0
2018-W02,drinks,13,1612.87,89.6,0,713.39,338.51,666.1,1390.4,36.37,2.66,True,0.0
2018-W03,drinks,2,92.36,46.18,0,780.99,454.5,666.1,1689.98,0.0,-1.52,False,0.0
2018-W04,drinks,7,625.38,62.54,0,751.06,494.43,666.1,1739.92,0.0,-0.25,False,0.0
2018-W05,drinks,7,1202.8,109.35,0,726.54,495.3,568.02,1717.13,0.0,0.96,False,0.0
2018-W06,drinks,5,892.07,178.41,0,834.0,493.48,784.36,1820.96,0.0,0.12,False,0.0
2018-W07,drinks,10,1296.07,99.7,0,881.68,475.89,917.7,1833.46,0.0,0.87,False,0.0
2018-W08,drinks,7,654.83,72.76,0,925.77,498.24,1044.6,1922.24,0.0,-0.54,False,0.0
2018-W09,drinks,4,273.26,68.31,0,946.69,480.4,1044.6,1907.48,0.0,-1.4,False,0.0
2018-W10,drinks,6,452.57,75.43,0,831.2,520.93,773.45,1873.06,0.0,-0.73,False,0.0
2018-W11,drinks,3,184.77,61.59,0,686.17,424.87,640.1,1535.92,0.0,-1.18,False,0.0
2018-W12,drinks,4,248.27,62.07,0,697.72,407.32,640.1,1512.35,0.0,-1.1,False,0.0
2018-W13,drinks,6,463.19,66.17,0,650.58,437.58,553.7,1525.75,0.0,-0.43,False,0.0
2018-W14,drinks,4,215.41,53.85,0,558.13,378.37,457.88,1314.87,0.0,-0.91,False,0.0
2018-W15,drinks,11,7705.77,308.23,0,473.55,368.56,362.92,1210.66,0.0,19.62,True,0.0
2018-W16,drinks,5,31088.08,1943.0,0,1274.76,2603.4,362.92,6481.56,0.0,11.45,True,0.0
2018-W17,drinks,8,379.38,47.42,0,5078.92,10824.05,362.92,26727.02,0.0,-0.43,False,0.0
2018-W18,drinks,8,1756.84,146.4,0,5092.18,10817.38,415.98,26726.95,0.0,-0.31,False,0.0
2018-W19,drinks,11,3543.27,196.85,0,5255.21,10747.07,421.28,26749.35,0.0,-0.16,False,0.0
2018-W20,drinks,5,520.93,86.82,0,5675.03,10585.08,1110.01,26845.19,0.0,-0.49,False,0.0
2018-W21,drinks,9,688.7,68.87,0,5709.11,10565.54,1138.88,26840.18,0.0,-0.48,False,0.0
2018-W23,drinks,7,888.4,111.05,0,5737.3,10549.83,1222.77,26836.95,0.0,-0.46,False,0.0
2018-W24,drinks,12,590.11,45.39,0,5821.42,10502.08,1322.62,26825.59,0.0,-0.5,False,0.0
2018-W25,drinks,8,751.2,75.12,0,4931.96,10620.35,788.55,26172.66,0.0,-0.39,False,0.0
2018-W26,drinks,2,90.29,45.14,0,1139.85,1058.2,719.95,3256.25,0.0,-0.99,False,0.0
2018-W27,drinks,2,114.98,57.49,0,1103.72,1092.27,719.95,3288.25,0.0,-0.91,False,0.0
2018-W28,drinks,3,237.15,79.05,0,898.48,1106.18,639.4,3110.84,0.0,-0.6,False,0.0
2018-W29,drinks,7,667.73,95.39,0,485.22,302.74,555.52,1090.7,0.0,0.6,False,0.0
2018-W30,drinks,3,388.8,129.6,0,503.57,309.59,628.92,1122.74,0.0,-0.37,False,0.0
2018-W31,drinks,10,1254.48,104.54,0,466.08,302.03,489.46,1070.15,0.0,2.61,True,0.0
2018-W32,drinks,8,639.9,79.99,0,511.84,390.06,489.46,1291.96,0.0,0.33,False,0.0
2018-W33,drinks,6,1111.58,123.51,0,518.07,391.88,514.35,1301.83,0.0,1.51,False,0.0
2018-W34,drinks,2,69.79,34.89,0,563.11,440.24,514.35,1443.59,0.0,-1.12,False,0.0
2018-W35,drinks,1,43.55,43.55,0,560.55,443.43,514.35,1447.41,0.0,-1.17,False,0.0
2017-W05,dvds_blu_ray,1,95.6,47.8,0,,,,,,,False,
2017-W06,dvds_blu_ray,1,36.94,36.94,0,,,,,,,False,
2017-W10,dvds_blu_ray,2,1568.95,522.98,1,,,,,,,False,
2017-W12,dvds_blu_ray,1,32.68,32.68,0,,,,,,,False,
2017-W13,dvds_blu_ray,1,427.16,427.16,0,433.54,757.48,66.27,1948.51,0.0,-0.01,False,0.0
2017-W14,dvds_blu_ray,1,1435.58,1435.58,0,432.27,656.01,95.6,1744.28,0.0,1.53,False,0.0
2017-W16,dvds_blu_ray,1,115.31,115.31,0,599.48,715.58,261.38,2030.64,0.0,-0.68,False,0.0
2017-W19,dvds_blu_ray,1,37.53,37.53,0,530.32,678.38,115.31,1887.07,0.0,-0.73,False,0.0
2017-W20,dvds_blu_ray,2,65.54,32.77,0,468.72,651.77,105.46,1772.27,0.0,-0.62,False,0.0
2017-W21,dvds_blu_ray,1,47.53,47.53,0,464.96,654.31,90.43,1773.59,0.0,-0.64,False,0.0
2017-W22,dvds_blu_ray,1,35.69,35.69,0,466.28,653.33,90.43,1772.95,0.0,-0.66,False,0.0
2017-W23,dvds_blu_ray,1,29.5,29.5,0,274.63,487.5,56.54,1249.63,0.0,-0.5,False,0.0
2017-W24,dvds_blu_ray,1,89.02,89.02,0,274.23,487.73,56.54,1249.68,0.0,-0.38,False,0.0
2017-W26,dvds_blu_ray,1,45.53,45.53,0,231.96,487.23,56.54,1206.43,0.0,-0.38,False,0.0
2017-W27,dvds_blu_ray,1,719.65,719.65,0,58.21,29.99,46.53,118.19,0.0,22.05,True,0.0
2017-W28,dvds_blu_ray,2,76.81,38.41,0,133.75,237.51,46.53,608.78,0.0,-0.24,False,0.0
2017-W30,dvds_blu_ray,1,34.53,34.53,0,138.66,235.64,56.54,609.94,0.0,-0.44,False,0.0
2017-W31,dvds_blu_ray,1,42.53,42.53,0,134.78,237.26,46.53,609.31,0.0,-0.39,False,0.0
2017-W32,dvds_blu_ray,3,121.11,40.37,0,134.16,237.53,44.03,609.22,0.0,-0.05,False,0.0
2017-W33,dvds_blu_ray,1,32.5,32.5,0,144.83,234.37,61.17,613.58,0.0,-0.48,False,0.0
2017-W34,dvds_blu_ray,1,35.69,35.69,0,145.21,234.16,61.17,613.54,0.0,-0.47,False,0.0
2017-W35,dvds_blu_ray,1,45.53,22.77,0,138.54,236.74,44.03,612.02,0.0,-0.39,False,0.0
2017-W38,dvds_blu_ray,1,45.53,45.53,0,138.54,236.74,44.03,612.02,0.0,-0.39,False,0.0
2017-W40,dvds_blu_ray,1,46.05,46.05,0,54.28,30.41,44.03,115.11,0.0,-0.27,False,0.0
2017-W41,dvds_blu_ray,2,190.0,63.33,2,50.43,29.07,44.03,108.58,0.0,4.8,True,0.0
2017-W43,dvds_blu_ray,2,78.58,39.29,0,69.87,56.22,45.53,182.3,0.0,0.15,False,0.0
2017-W44,dvds_blu_ray,1,54.05,54.05,0,74.37,55.15,45.79,184.67,0.0,-0.37,False,0.0
2017-W48,dvds_blu_ray,2,91.62,45.81,0,65.99,52.04,45.79,170.06,0.0,0.49,False,0.0
2017-W50,dvds_blu_ray,1,135.49,135.49,0,73.38,50.78,50.05,174.95,0.0,1.22,False,0.0
2018-W01,dvds_blu_ray,1,50.53,50.53,0,85.86,52.43,66.32,190.72,0.0,-0.67,False,0.0
2018-W05,dvds_blu_ray,1,46.05,46.05,0,86.48,51.91,66.32,190.3,0.0,-0.78,False,0.0
2018-W06,dvds_blu_ray,1,42.53,42.53,0,86.55,51.85,66.32,190.25,0.0,-0.85,False,0.0
2018-W11,dvds_blu_ray,1,41.96,41.96,0,86.11,52.26,66.32,190.62,0.0,-0.84,False,0.0
2018-W12,dvds_blu_ray,1,47.75,47.75,0,67.6,32.8,52.29,133.21,2.0,-0.61,False,0.0
2018-W13,dvds_blu_ray,1,75.75,75.75,0,63.75,33.14,49.14,130.02,0.0,0.36,False,0.0
2018-W14,dvds_blu_ray,1,303.0,151.5,0,66.46,33.12,49.14,132.7,0.22,7.14,True,0.0
2018-W17,dvds_blu_ray,2,40.42,20.21,0,92.88,90.56,49.14,274.01,0.0,-0.58,False,0.0
2018-W18,dvds_blu_ray,1,102.16,102.16,0,81.0,90.41,46.9,261.82,0.0,0.23,False,0.0
2018-W19,dvds_blu_ray,2,328.04,109.35,0,87.45,89.76,46.9,266.98,0.0,2.68,True,0.0
2018-W20,dvds_blu_ray,2,197.36,28.19,0,122.7,121.09,61.75,364.87,0.0,0.62,False,0.0
2018-W21,dvds_blu_ray,1,43.04,43.04,0,142.06,118.79,88.96,379.64,0.0,-0.83,False,0.0
2018-W23,dvds_blu_ray,1,75.85,75.85,0,142.19,118.66,88.96,379.52,0.0,-0.56,False,0.0
2018-W24,dvds_blu_ray,3,599.15,149.79,0,145.7,115.85,89.0,377.41,0.0,3.91,True,0.0
2018-W26,dvds_blu_ray,1,16.29,16.29,0,211.13,192.88,149.76,596.89,0.0,-1.01,False,0.0
2018-W28,dvds_blu_ray,1,96.88,96.88,0,175.29,199.88,89.0,575.06,0.0,-0.39,False,0.0
2018-W34,dvds_blu_ray,1,16.29,16.29,0,182.35,195.39,99.52,573.12,0.0,-0.85,False,0.0
2016-W40,electronics,2,1347.57,673.78,0,,,,,,,False,
2017-W03,electronics,10,685.53,62.32,0,,,,,,,False,
2017-W04,electronics,1,86.9,86.9,0,,,,,,,False,
2017-W06,electronics,5,488.18,81.36,0,,,,,,,False,
2017-W07,electronics,3,937.18,234.29,0,652.04,526.34,586.86,1704.73,0.0,0.54,False,0.0
2017-W08,electronics,3,386.48,96.62,0,709.07,473.33,685.53,1655.73,0.0,-0.68,False,0.0
2017-W09,electronics,7,952.28,86.57,0,655.31,443.37,586.86,1542.04,0.0,0.67,False,0.0
2017-W10,electronics,5,951.21,158.53,0,697.73,420.01,685.53,1537.76,0.0,0.6,False,0.0
2017-W11,electronics,7,1958.27,244.78,0,729.42,399.05,811.36,1527.52,0.0,3.08,True,0.0
2017-W12,electronics,9,1021.49,113.5,0,805.75,560.11,811.36,1925.97,0.0,0.39,False,0.0
2017-W13,electronics,7,1554.46,172.72,0,847.75,562.4,944.2,1972.54,0.0,1.26,False,0.0
2017-W14,electronics,13,936.42,72.03,0,1031.19,516.22,951.74,2063.63,0.0,-0.18,False,0.0
2017-W15,electronics,6,265.22,44.2,0,1087.22,471.22,951.74,2029.67,144.78,-1.74,False,0.0
2017-W16,electronics,13,1072.61,76.61,0,1003.23,554.35,951.74,2111.92,0.0,0.13,False,0.0
2017-W17,electronics,15,4924.13,307.76,0,1088.99,495.22,986.88,2079.43,98.56,7.74,True,0.0
2017-W18,electronics,11,1292.65,117.51,0,1585.48,1435.98,1047.05,4457.44,0.0,-0.2,False,0.0
2017-W19,electronics,18,3094.06,162.85,0,1628.16,1419.42,1182.63,4466.99,0.0,1.03,False,0.0
2017-W20,electronics,15,1885.61,99.24,0,1770.13,1511.0,1182.63,4792.13,0.0,0.08,False,0.0
2017-W21,electronics,10,1403.72,140.37,0,1878.15,1480.41,1423.56,4838.97,0.0,-0.32,False,0.0
2017-W22,electronics,15,1756.6,92.45,0,1859.3,1486.07,1348.18,4831.44,0.0,-0.07,False,0.0
2017-W23,electronics,8,399.39,49.92,0,1961.82,1440.91,1580.16,4843.65,0.0,-1.08,False,0.0
2017-W24,electronics,12,729.23,60.77,1,1978.6,1418.96,1580.16,4816.51,0.0,-0.88,False,0.0
2017-W25,electronics,6,610.51,87.22,0,1935.67,1455.01,1580.16,4845.7,0.0,-0.91,False,0.0
2017-W26,electronics,10,729.94,72.99,0,1396.47,871.67,1348.18,3139.82,0.0,-0.76,False,0.0
2017-W27,electronics,21,2325.36,105.7,0,1326.13,903.38,1066.83,3132.88,0.0,1.11,False,0.0
2017-W28,electronics,27,3905.07,122.03,0,1230.04,708.28,1066.83,2646.61,0.0,3.78,True,0.0
2017-W29,electronics,19,3562.99,127.25,0,1482.48,1178.85,1066.83,3840.18,0.0,1.76,False,0.0
2017-W30,electronics,12,1792.19,119.48,0,1752.39,1387.05,1243.27,4526.49,0.0,0.03,False,0.0
2017-W31,electronics,15,1136.21,71.01,0,1756.84,1387.12,1261.06,4531.08,0.0,-0.45,False,0.0
2017-W32,electronics,17,3153.32,157.67,0,1848.94,1306.22,1464.2,4461.37,0.0,1.0,False,0.0
2017-W33,electronics,8,461.12,57.64,0,2151.95,1290.44,2058.78,4732.82,0.0,-1.31,False,0.0
2017-W34,electronics,10,547.75,49.8,0,2133.28,1316.74,2058.78,4766.76,0.0,-1.2,False,0.0
2017-W35,electronics,14,736.75,52.63,0,2110.5,1345.74,2058.78,4801.97,0.0,-1.02,False,0.0
2017-W36,electronics,11,1039.74,79.98,0,1911.93,1424.41,1464.2,4760.75,0.0,-0.61,False,0.0
2017-W37,electronics,17,1927.38,107.08,0,1553.76,1193.1,1087.97,3939.96,0.0,0.31,False,0.0
2017-W38,electronics,15,1179.83,78.66,0,1349.31,904.96,1087.97,3159.22,0.0,-0.19,False,0.0
2017-W39,electronics,17,1210.48,63.71,0,1272.76,887.88,1087.97,3048.52,0.0,-0.07,False,0.0
2017-W40,electronics,8,391.24,48.91,0,1282.05,886.64,1109.78,3055.32,0.0,-1.0,False,0.0
2017-W41,electronics,10,1098.57,109.86,0,936.79,512.85,888.24,1962.48,0.0,0.32,False,0.0
2017-W42,electronics,13,2768.25,173.02,0,1016.47,476.63,1069.16,1969.72,63.21,3.68,True,0.0
2017-W43,electronics,12,619.84,47.68,0,1294.03,739.01,1139.2,2772.05,0.0,-0.91,False,0.0
2017-W44,electronics,16,3456.61,157.12,0,1279.42,752.63,1139.2,2784.68,0.0,2.89,True,0.0
2017-W45,electronics,25,1474.88,56.73,0,1581.52,1063.54,1195.16,3708.6,0.0,-0.1,False,0.0
2017-W46,electronics,23,1954.45,72.39,0,1524.96,1054.51,1195.16,3633.98,0.0,0.41,False,0.0
2017-W47,electronics,61,5491.89,81.97,0,1621.79,1053.85,1342.68,3729.5,0.0,3.67,True,0.0
2017-W48,electronics,72,9808.37,112.74,0,2156.97,1702.58,1714.66,5562.13,0.0,4.49,True,0.0
2017-W49,electronics,56,4355.32,48.94,0,3334.11,3038.62,2361.35,9411.34,0.0,0.34,False,0.0
2017-W50,electronics,49,2910.33,57.07,0,3741.2,2911.84,3112.43,9564.89,0.0,-0.29,False,0.0
2017-W51,electronics,32,3079.29,83.22,0,3758.96,2905.49,3183.47,9569.94,0.0,-0.23,False,0.0
2017-W52,electronics,32,1742.12,48.39,0,4066.39,2644.26,3267.95,9354.91,0.0,-0.88,False,0.0
2018-W01,electronics,78,6794.6,79.94,0,3852.08,2767.35,2994.81,9386.79,0.0,1.06,False,0.0
2018-W02,electronics,73,6750.35,83.34,0,4517.05,2753.64,3717.3,10024.32,0.0,0.81,False,0.0
2018-W03,electronics,79,6988.57,79.42,0,5116.53,2635.56,4923.6,10387.66,0.0,0.71,False,0.0
2018-W04,electronics,61,3570.7,53.29,0,5303.62,2717.85,5552.84,10739.32,0.0,-0.64,False,0.0
2018-W05,electronics,77,9861.97,110.81,0,4523.91,2054.74,3963.01,8633.38,414.44,2.6,True,0.0
2018-W06,electronics,75,4665.88,61.39,0,5212.24,2783.36,5160.52,10778.96,0.0,-0.2,False,0.0
2018-W07,electronics,72,5480.44,67.66,0,5431.68,2641.54,5708.12,10714.76,148.61,0.02,False,0.0
2018-W08,electronics,78,5501.99,63.98,0,5731.83,2466.69,6115.4,10665.22,798.44,-0.09,False,0.0
2018-W09,electronics,63,4465.05,62.89,1,6201.81,1888.31,6126.17,9978.43,2425.19,-0.92,False,0.0
2018-W10,electronics,54,3788.68,64.21,0,5910.62,1962.02,5491.22,9834.65,1986.58,-1.08,False,0.0
2018-W11,electronics,64,6654.63,93.73,0,5540.41,2058.0,5073.16,9656.42,1424.4,0.54,False,0.0
2018-W12,electronics,54,4993.95,86.1,0,5498.67,2027.6,5073.16,9553.86,1443.48,-0.25,False,0.0
2018-W13,electronics,47,3564.48,68.55,0,5676.57,1892.18,5237.2,9460.94,1892.21,-1.12,False,0.0
2018-W14,electronics,48,3533.76,72.12,0,4889.39,1003.47,4829.92,6896.32,2882.46,-1.35,False,0.0
2018-W15,electronics,43,3570.48,77.62,0,4747.87,1113.31,4729.5,6974.48,2521.26,-1.06,False,0.0
2018-W16,electronics,37,3108.07,74.0,0,4509.13,1138.28,4126.86,6785.69,2232.57,-1.23,False,0.0
2018-W17,electronics,58,4585.27,72.78,0,4209.89,1154.53,3679.58,6518.95,1900.83,0.33,False,0.0
2018-W18,electronics,49,3351.66,65.72,1,4224.92,1159.1,3679.58,6543.11,1906.72,-0.75,False,0.0
2018-W19,electronics,69,4141.72,57.52,0,4170.29,1192.42,3567.48,6555.12,1785.46,-0.02,False,0.0
2018-W20,electronics,71,12451.41,150.02,0,3856.17,653.84,3567.48,5163.84,2548.5,13.15,True,0.0
2018-W21,electronics,27,4506.12,166.89,1,4788.36,3131.05,3567.48,11050.46,0.0,-0.09,False,0.0
2018-W22,electronics,29,1475.71,49.19,0,4906.06,3095.97,3856.1,11098.0,0.0,-1.11,False,0.0
2018-W23,electronics,39,2462.39,60.06,0,4648.8,3304.76,3856.1,11258.32,0.0,-0.66,False,0.0
2018-W24,electronics,41,6334.75,129.28,0,4510.29,3378.8,3746.69,11267.9,0.0,0.54,False,0.0
2018-W25,electronics,43,4803.66,102.21,0,4913.63,3380.09,4323.92,11673.81,0.0,-0.03,False,0.0
2018-W26,electronics,44,3717.05,72.88,0,4940.93,3377.94,4323.92,11696.81,0.0,-0.36,False,0.0
2018-W27,electronics,22,1587.82,72.17,0,4986.6,3355.78,4323.92,11698.16,0.0,-1.01,False,0.0
2018-W28,electronics,27,2194.53,75.67,0,4667.36,3562.73,4111.58,11792.83,0.0,-0.69,False,0.0
2018-W29,electronics,40,13759.26,280.8,5,3385.25,1741.28,3089.72,6867.82,0.0,5.96,True,0.0
2018-W30,electronics,36,3032.68,77.76,2,4541.9,4086.31,3089.72,12714.52,0.0,-0.37,False,0.0
2018-W31,electronics,35,6349.31,167.09,0,4736.52,3954.36,3374.86,12645.24,0.0,0.41,False,0.0
2018-W32,electronics,49,5045.56,95.2,0,5222.38,3872.98,4260.35,12968.34,0.0,-0.05,False,0.0
2018-W33,electronics,27,2261.03,83.74,0,5061.23,3846.81,4260.35,12754.86,0.0,-0.73,False,0.0
2018-W34,electronics,16,2276.61,142.29,0,4743.4,3974.07,3374.86,12691.54,0.0,-0.62,False,0.0
2016-W40,fashio_female_clothing,1,69.63,69.63,0,,,,,,,False,
2017-W04,fashio_female_clothing,2,102.81,51.41,0,,,,,,,False,
2017-W06,fashio_female_clothing,1,134.0,134.0,0,,,,,,,False,
2017-W07,fashio_female_clothing,1,149.09,149.09,0,,,,,,,False,
2017-W08,fashio_female_clothing,2,236.68,118.34,0,113.88,35.24,118.4,184.36,43.41,3.48,True,0.0
2017-W11,fashio_female_clothing,1,30.86,30.86,0,138.44,62.83,134.0,264.09,12.79,-1.71,False,0.0
2017-W15,fashio_female_clothing,1,171.69,171.69,0,120.51,71.32,118.4,263.15,0.0,0.72,False,0.0
2017-W18,fashio_female_clothing,1,70.03,70.03,0,127.82,67.92,134.0,263.66,0.0,-0.85,False,0.0
2017-W20,fashio_female_clothing,4,415.6,103.9,0,120.6,66.12,118.4,252.83,0.0,4.46,True,0.0
2017-W23,fashio_female_clothing,2,119.2,59.6,0,163.84,119.56,141.55,402.97,0.0,-0.37,False,0.0
2017-W24,fashio_female_clothing,1,80.1,80.1,0,165.89,118.5,141.55,402.9,0.0,-0.72,False,0.0
2017-W26,fashio_female_clothing,1,58.94,58.94,0,159.16,122.05,134.15,403.27,0.0,-0.82,False,0.0
2017-W29,fashio_female_clothing,1,78.7,78.7,0,147.89,127.17,99.65,402.23,0.0,-0.54,False,0.0
2017-W30,fashio_female_clothing,1,78.7,78.7,0,128.14,123.63,79.4,375.4,0.0,-0.4,False,0.0
2017-W31,fashio_female_clothing,2,207.0,103.5,0,134.12,119.33,79.4,372.79,0.0,0.61,False,0.0
2017-W32,fashio_female_clothing,1,72.68,72.68,0,138.53,121.56,79.4,381.64,0.0,-0.54,False,0.0
2017-W33,fashio_female_clothing,2,104.03,52.02,0,138.86,121.35,79.4,381.56,0.0,-0.29,False,0.0
2017-W35,fashio_female_clothing,1,62.1,62.1,0,99.92,47.16,79.4,194.24,5.6,-0.8,False,0.0
2017-W37,fashio_female_clothing,1,304.32,152.16,0,92.78,48.14,78.7,189.06,0.0,4.39,True,0.0
2017-W38,fashio_female_clothing,1,216.05,216.05,0,120.81,88.26,78.7,297.32,0.0,1.08,False,0.0
2017-W46,fashio_female_clothing,1,31.75,31.75,0,140.45,89.99,91.36,320.42,0.0,-1.21,False,0.0
2017-W47,fashio_female_clothing,1,45.09,45.09,0,134.58,95.92,91.36,326.42,0.0,-0.93,False,0.0
2017-W48,fashio_female_clothing,1,39.08,39.08,0,130.38,99.39,88.36,329.16,0.0,-0.92,False,0.0
2018-W03,fashio_female_clothing,1,78.7,78.7,0,109.39,98.63,67.39,306.64,0.0,-0.31,False,0.0
2018-W04,fashio_female_clothing,1,39.08,39.08,0,110.14,98.33,70.4,306.8,0.0,-0.72,False,0.0
2018-W05,fashio_female_clothing,1,78.7,78.7,0,102.02,101.54,53.6,305.09,0.0,-0.23,False,0.0
2018-W07,fashio_female_clothing,1,45.09,45.09,0,104.1,100.77,61.9,305.64,0.0,-0.59,False,0.0
2018-W12,fashio_female_clothing,1,618.08,154.52,0,71.69,61.03,45.09,193.76,0.0,8.95,True,0.0
2018-W17,fashio_female_clothing,1,1090.75,218.15,0,121.95,201.27,45.09,524.49,0.0,4.81,True,0.0
2018-W32,fashio_female_clothing,1,57.17,57.17,0,254.32,391.67,61.9,1037.66,0.0,-0.5,False,0.0
2018-W34,fashio_female_clothing,1,223.92,111.96,0,255.83,390.77,67.94,1037.37,0.0,-0.08,False,0.0
2016-W40,fashion_bags_accessories,6,617.21,88.17,1,,,,,,,False,
2016-W41,fashion_bags_accessories,2,121.54,60.77,0,,,,,,,False,
2016-W51,fashion_bags_accessories,1,19.62,19.62,0,,,,,,,False,
2017-W01,fashion_bags_accessories,10,317.95,31.79,0,,,,,,,False,
2017-W02,fashion_bags_accessories,2,163.39,81.7,0,269.08,263.05,219.74,795.17,0.0,-0.4,False,0.0
2017-W03,fashion_bags_accessories,4,506.01,101.2,0,247.94,232.66,163.39,713.26,0.0,1.11,False,0.0
2017-W04,fashion_bags_accessories,13,1632.32,81.62,0,290.95,233.25,240.67,757.44,0.0,5.75,True,0.0
2017-W05,fashion_bags_accessories,10,1124.75,102.25,0,482.58,549.89,317.95,1582.35,0.0,1.17,False,0.0
2017-W06,fashion_bags_accessories,14,1231.77,82.12,0,562.85,557.43,411.98,1677.7,0.0,1.2,False,0.0
2017-W07,fashion_bags_accessories,6,747.29,93.41,0,639.67,606.2,411.98,1852.07,0.0,0.18,False,0.0
2017-W08,fashion_bags_accessories,5,399.75,79.95,0,717.89,569.03,626.65,1855.94,0.0,-0.56,False,0.0
2017-W09,fashion_bags_accessories,7,1162.25,116.22,0,765.4,515.77,626.65,1796.94,0.0,0.77,False,0.0
2017-W10,fashion_bags_accessories,10,847.38,65.18,0,870.94,497.18,936.02,1865.29,0.0,-0.05,False,0.0
2017-W11,fashion_bags_accessories,14,1967.1,115.71,0,956.44,409.13,986.06,1774.71,138.17,2.47,True,0.0
2017-W12,fashion_bags_accessories,19,1405.6,73.98,0,1139.08,496.19,1143.5,2131.46,146.7,0.54,False,0.0
2017-W13,fashion_bags_accessories,15,1849.19,108.78,0,1110.74,469.76,1143.5,2050.27,171.21,1.57,False,0.0
2017-W14,fashion_bags_accessories,8,943.68,94.37,0,1201.29,537.76,1197.01,2276.8,125.78,-0.48,False,0.0
2017-W15,fashion_bags_accessories,13,1309.87,93.56,0,1165.28,545.02,1052.96,2255.32,75.24,0.27,False,0.0
2017-W16,fashion_bags_accessories,9,970.91,88.26,0,1235.6,519.06,1236.06,2273.72,197.48,-0.51,False,0.0
2017-W17,fashion_bags_accessories,14,1014.01,67.6,0,1307.0,416.89,1236.06,2140.78,473.21,-0.7,False,0.0
2017-W18,fashion_bags_accessories,20,3194.05,122.85,0,1288.47,427.41,1161.94,2143.28,433.65,4.46,True,0.0
2017-W19,fashion_bags_accessories,16,1600.8,88.93,0,1581.8,758.48,1357.74,3098.77,64.84,0.03,False,0.0
2017-W20,fashion_bags_accessories,30,3167.87,77.27,0,1536.01,742.79,1357.74,3021.6,50.43,2.2,True,0.0
2017-W21,fashion_bags_accessories,24,2536.09,93.93,0,1756.3,935.03,1455.34,3626.35,0.0,0.83,False,0.0
2017-W22,fashion_bags_accessories,20,1991.17,86.57,0,1842.16,975.44,1455.34,3793.04,0.0,0.15,False,0.0
2017-W23,fashion_bags_accessories,24,2518.15,89.93,0,1973.1,905.4,1795.98,3783.89,162.3,0.6,False,0.0
2017-W24,fashion_bags_accessories,19,2666.32,126.97,0,2124.13,879.36,2254.66,3882.85,365.41,0.62,False,0.0
2017-W25,fashion_bags_accessories,13,1284.77,98.83,0,2336.06,757.6,2527.12,3851.25,820.86,-1.39,False,0.0
2017-W26,fashion_bags_accessories,12,1207.66,80.51,1,2369.9,693.43,2527.12,3756.76,983.05,-1.68,False,0.0
2017-W27,fashion_bags_accessories,13,1419.3,88.71,0,2121.6,711.56,2254.66,3544.73,698.47,-0.99,False,0.0
2017-W28,fashion_bags_accessories,20,2111.06,91.79,0,2098.92,733.11,2254.66,3565.14,632.7,0.02,False,0.0
2017-W29,fashion_bags_accessories,19,1537.88,69.9,0,1966.82,595.22,2051.11,3157.26,776.37,-0.72,False,0.0
2017-W30,fashion_bags_accessories,21,1296.59,54.02,0,1842.04,562.57,1764.52,2967.18,716.9,-0.97,False,0.0
2017-W31,fashion_bags_accessories,20,2221.1,88.84,1,1755.22,589.23,1478.59,2933.68,576.75,0.79,False,0.0
2017-W32,fashion_bags_accessories,16,2161.99,102.95,0,1718.08,541.73,1478.59,2801.55,634.62,0.82,False,0.0
2017-W33,fashion_bags_accessories,30,3086.39,85.73,0,1655.04,434.32,1478.59,2523.68,786.41,3.3,True,0.0
2017-W34,fashion_bags_accessories,19,1716.96,90.37,0,1880.25,635.42,1824.47,3151.09,609.4,-0.26,False,0.0
2017-W35,fashion_bags_accessories,16,2162.13,120.12,0,1943.91,581.65,1914.01,3107.2,780.61,0.38,False,0.0
2017-W36,fashion_bags_accessories,18,3638.39,151.6,0,2036.76,544.01,2136.52,3124.78,948.74,2.94,True,0.0
2017-W37,fashion_bags_accessories,31,9514.66,211.44,0,2227.68,787.38,2162.06,3802.43,652.93,9.25,True,0.0
2017-W38,fashion_bags_accessories,27,2920.56,94.21,0,3224.78,2646.03,2191.61,8516.84,0.0,-0.11,False,0.0
2017-W39,fashion_bags_accessories,21,3018.59,131.24,0,3427.77,2537.02,2570.83,8501.82,0.0,-0.16,False,0.0
2017-W40,fashion_bags_accessories,22,1800.04,72.0,0,3527.46,2498.21,2969.58,8523.87,0.0,-0.69,False,0.0
2017-W41,fashion_bags_accessories,24,4231.49,141.05,1,3482.21,2529.55,2969.58,8541.31,0.0,0.3,False,0.0
2017-W42,fashion_bags_accessories,21,3575.67,132.43,0,3625.35,2536.34,2969.58,8698.03,0.0,-0.02,False,0.0
2017-W43,fashion_bags_accessories,25,2439.29,84.11,0,3857.69,2418.97,3297.13,8695.63,0.0,-0.59,False,0.0
2017-W44,fashion_bags_accessories,16,1158.7,64.37,0,3892.34,2393.06,3297.13,8678.46,0.0,-1.14,False,0.0
2017-W45,fashion_bags_accessories,25,2163.62,67.61,1,3582.38,2583.65,2969.58,8749.68,0.0,-0.55,False,0.0
2017-W46,fashion_bags_accessories,33,3652.71,101.46,0,2663.5,985.1,2679.92,4633.69,693.3,1.0,False,0.0
2017-W47,fashion_bags_accessories,84,9106.34,89.28,0,2755.01,1044.61,2728.94,4844.23,665.8,6.08,True,0.0
2017-W48,fashion_bags_accessories,47,4279.61,80.75,0,3515.98,2486.41,3007.48,8488.81,0.0,0.31,False,0.0
2017-W49,fashion_bags_accessories,30,3349.36,98.51,0,3825.93,2394.81,3614.19,8615.55,0.0,-0.2,False,0.0
2017-W50,fashion_bags_accessories,31,4322.18,116.82,0,3715.66,2393.78,3462.52,8503.22,0.0,0.25,False,0.0
2017-W51,fashion_bags_accessories,20,1928.64,87.67,0,3808.98,2402.08,3501.04,8613.13,0.0,-0.78,False,0.0
2017-W52,fashion_bags_accessories,25,2805.97,77.94,0,3745.14,2449.98,3501.04,8645.11,0.0,-0.38,False,0.0
2018-W01,fashion_bags_accessories,26,2624.59,87.49,0,3951.05,2263.69,3501.04,8478.43,0.0,-0.59,False,0.0
2018-W02,fashion_bags_accessories,32,2179.89,62.28,0,4008.68,2217.08,3501.04,8442.83,0.0,-0.82,False,0.0
2018-W03,fashion_bags_accessories,27,3226.27,92.18,0,3824.57,2310.06,3077.66,8444.69,0.0,-0.26,False,0.0
2018-W04,fashion_bags_accessories,21,2172.18,103.44,0,3089.56,885.89,3016.12,4861.34,1317.78,-1.04,False,0.0
2018-W05,fashion_bags_accessories,21,1467.92,69.9,0,2826.14,789.56,2715.28,4405.26,1247.01,-1.72,False,0.0
2018-W06,fashion_bags_accessories,24,4920.32,182.23,0,2590.96,885.79,2402.24,4362.53,819.38,2.63,True,0.0
2018-W07,fashion_bags_accessories,23,1783.44,71.34,0,2665.72,1060.76,2402.24,4787.23,544.21,-0.83,False,0.0
2018-W08,fashion_bags_accessories,33,3458.12,98.8,0,2647.57,1076.3,2402.24,4800.17,494.98,0.75,False,0.0
2018-W09,fashion_bags_accessories,35,6378.67,172.4,0,2729.09,1114.04,2402.24,4957.18,501.0,3.28,True,0.0
2018-W10,fashion_bags_accessories,28,1958.35,67.53,0,3198.35,1700.19,2703.08,6598.73,0.0,-0.73,False,0.0
2018-W11,fashion_bags_accessories,23,2585.74,103.43,0,3170.66,1720.83,2699.22,6612.31,0.0,-0.34,False,0.0
2018-W12,fashion_bags_accessories,32,3465.67,101.93,0,3090.59,1732.73,2378.96,6556.05,0.0,0.22,False,0.0
2018-W13,fashion_bags_accessories,30,3126.42,91.95,0,3252.28,1694.72,3021.93,6641.72,0.0,-0.07,False,0.0
2018-W14,fashion_bags_accessories,31,3489.65,102.64,1,3459.59,1539.6,3292.27,6538.79,380.39,0.02,False,0.0
2018-W15,fashion_bags_accessories,17,1542.96,85.72,0,3280.76,1424.48,3292.27,6129.71,431.8,-1.22,False,0.0
2018-W16,fashion_bags_accessories,15,927.33,61.82,0,3250.7,1462.61,3292.27,6175.93,325.47,-1.59,False,0.0
2018-W17,fashion_bags_accessories,23,7296.44,202.68,0,2934.35,1670.29,2856.08,6274.93,0.0,2.61,True,0.0
2018-W18,fashion_bags_accessories,30,7323.11,215.39,0,3049.07,1948.93,2856.08,6946.93,0.0,2.19,True,0.0
2018-W19,fashion_bags_accessories,33,3541.91,101.2,0,3719.66,2392.5,3296.04,8504.67,0.0,-0.07,False,0.0
2018-W20,fashion_bags_accessories,24,3419.75,117.92,0,3839.19,2351.29,3477.66,8541.77,0.0,-0.18,False,0.0
2018-W21,fashion_bags_accessories,12,1083.96,90.33,0,3833.45,2352.39,3454.7,8538.22,0.0,-1.17,False,0.0
2018-W22,fashion_bags_accessories,17,1855.67,84.35,0,3578.14,2543.18,3454.7,8664.51,0.0,-0.68,False,0.0
2018-W23,fashion_bags_accessories,20,2504.4,113.84,0,3373.89,2615.88,2637.71,8605.65,0.0,-0.33,False,0.0
2018-W24,fashion_bags_accessories,21,2806.69,127.58,0,3494.07,2540.75,2962.08,8575.58,0.0,-0.27,False,0.0
2018-W25,fashion_bags_accessories,15,2004.0,100.2,0,3728.99,2349.19,3113.22,8427.37,0.0,-0.73,False,0.0
2018-W26,fashion_bags_accessories,20,1862.76,84.67,0,3067.44,1904.07,2655.54,6875.58,0.0,-0.63,False,0.0
2018-W27,fashion_bags_accessories,10,628.21,62.82,0,2384.89,844.48,2254.2,4073.85,695.93,-2.08,True,67.72
2018-W28,fashion_bags_accessories,8,933.87,103.76,0,2020.68,900.64,1933.38,3821.96,219.4,-1.21,False,0.0
2018-W29,fashion_bags_accessories,16,2085.12,122.65,0,1709.94,768.06,1859.22,3246.06,173.83,0.49,False,0.0
2018-W30,fashion_bags_accessories,29,2887.06,93.13,0,1835.09,732.22,1933.38,3299.52,370.66,1.44,False,0.0
2018-W31,fashion_bags_accessories,42,3455.49,75.12,0,1964.01,821.69,2044.56,3607.39,320.63,1.82,False,0.0
2018-W32,fashion_bags_accessories,32,2604.22,81.38,0,2082.9,967.0,2044.56,4016.9,148.9,0.54,False,0.0
2018-W33,fashion_bags_accessories,34,3471.52,93.82,0,2057.59,947.81,2044.56,3953.21,161.97,1.49,False,0.0
2018-W34,fashion_bags_accessories,21,1746.64,79.39,0,2241.03,1070.08,2344.67,4381.2,100.87,-0.46,False,0.0
2018-W35,fashion_bags_accessories,2,115.02,57.51,0,2226.52,1076.71,2344.67,4379.94,73.09,-1.96,False,0.0
2017-W20,fashion_childrens_clothes,1,124.52,124.52,0,,,,,,,False,
2017-W23,fashion_childrens_clothes,1,118.96,118.96,0,,,,,,,False,
2017-W31,fashion_childrens_clothes,1,66.69,66.69,0,,,,,,,False,
2017-W39,fashion_childrens_clothes,1,107.06,107.06,0,,,,,,,False,
2017-W40,fashion_childrens_clothes,1,54.09,54.09,0,104.31,26.11,113.01,156.54,52.08,-1.92,False,0.0
2018-W10,fashion_childrens_clothes,1,110.44,110.44,0,94.26,31.87,107.06,158.01,30.52,0.51,False,0.0
2018-W12,fashion_childrens_clothes,1,106.43,106.43,0,96.96,29.26,108.75,155.48,38.44,0.32,False,0.0
2018-W22,fashion_childrens_clothes,1,97.48,97.48,0,98.31,26.95,107.06,152.22,44.41,-0.03,False,0.0
2016-W40,fashion_male_clothing,1,35.86,35.86,0,,,,,,,False,
2017-W03,fashion_male_clothing,1,159.11,159.11,0,,,,,,,False,
2017-W05,fashion_male_clothing,2,174.21,87.11,0,,,,,,,False,
2017-W06,fashion_male_clothing,2,153.9,51.3,0,,,,,,,False,
2017-W07,fashion_male_clothing,2,306.39,153.19,0,130.77,63.86,156.5,258.48,3.06,2.75,True,0.0
2017-W08,fashion_male_clothing,1,128.52,128.52,0,165.89,96.06,159.11,358.01,0.0,-0.39,False,0.0
2017-W09,fashion_male_clothing,1,82.19,82.19,0,159.66,87.26,156.5,334.18,0.0,-0.89,False,0.0
2017-W10,fashion_male_clothing,1,29.42,29.42,0,148.6,84.87,153.9,318.33,0.0,-1.4,False,0.0
2017-W11,fashion_male_clothing,1,216.51,216.51,0,133.7,89.16,141.21,312.02,0.0,0.93,False,0.0
2017-W12,fashion_male_clothing,3,494.86,98.97,0,156.28,83.54,156.5,323.36,0.0,4.05,True,0.0
2017-W13,fashion_male_clothing,1,119.3,119.3,0,198.25,146.08,164.06,490.42,0.0,-0.54,False,0.0
2017-W14,fashion_male_clothing,2,160.32,80.16,0,191.39,148.64,141.21,488.67,0.0,-0.21,False,0.0
2017-W16,fashion_male_clothing,3,277.07,92.36,0,192.19,148.43,144.42,489.05,0.0,0.57,False,0.0
2017-W17,fashion_male_clothing,1,134.48,67.24,0,188.52,145.54,144.42,479.6,0.0,-0.37,False,0.0
2017-W19,fashion_male_clothing,1,127.44,127.44,0,189.27,145.2,147.4,479.68,0.0,-0.43,False,0.0
2017-W20,fashion_male_clothing,2,970.1,323.37,0,194.92,141.27,147.4,477.46,0.0,5.49,True,0.0
2017-W22,fashion_male_clothing,1,294.12,98.04,0,312.51,293.4,188.42,899.31,0.0,-0.06,False,0.0
2017-W23,fashion_male_clothing,2,202.66,101.33,0,322.21,291.05,218.7,904.3,0.0,-0.41,False,0.0
2017-W24,fashion_male_clothing,4,332.32,66.46,0,285.69,284.55,181.49,854.78,0.0,0.16,False,0.0
2017-W25,fashion_male_clothing,1,186.79,186.79,0,312.31,276.61,239.86,865.53,0.0,-0.45,False,0.0
2017-W28,fashion_male_clothing,5,336.68,42.09,0,315.62,274.68,239.86,864.99,0.0,0.08,False,0.0
2017-W29,fashion_male_clothing,2,663.38,221.13,0,323.07,274.3,248.39,871.66,0.0,1.24,False,0.0
2017-W30,fashion_male_clothing,1,155.63,155.63,0,389.19,285.84,313.22,960.87,0.0,-0.82,False,0.0
2017-W31,fashion_male_clothing,4,305.52,76.38,0,392.71,282.31,313.22,957.32,0.0,-0.31,False,0.0
2017-W32,fashion_male_clothing,1,64.0,64.0,0,309.64,158.97,299.82,627.57,0.0,-1.55,False,0.0
2017-W33,fashion_male_clothing,3,1092.54,218.51,0,280.87,181.41,254.09,643.69,0.0,4.47,True,0.0
2017-W34,fashion_male_clothing,4,367.41,45.93,0,392.11,334.68,318.92,1061.47,0.0,-0.07,False,0.0
2017-W35,fashion_male_clothing,1,81.89,40.95,0,396.49,334.01,321.1,1064.52,0.0,-0.94,False,0.0
2017-W36,fashion_male_clothing,2,857.61,122.52,0,383.38,345.29,321.1,1073.96,0.0,1.37,False,0.0
2017-W37,fashion_male_clothing,3,328.13,109.38,0,448.5,382.35,336.46,1213.21,0.0,-0.31,False,0.0
2017-W38,fashion_male_clothing,2,347.96,115.99,0,406.59,373.71,316.82,1154.02,0.0,-0.16,False,0.0
2017-W39,fashion_male_clothing,3,1353.05,225.51,0,430.63,361.24,338.04,1153.11,0.0,2.55,True,0.0
2017-W40,fashion_male_clothing,4,479.57,119.89,0,561.57,479.81,357.68,1521.19,0.0,-0.17,False,0.0
2017-W41,fashion_male_clothing,4,558.69,139.67,0,613.52,439.0,423.49,1491.52,0.0,-0.12,False,0.0
2017-W44,fashion_male_clothing,5,1495.06,186.88,0,546.79,394.06,423.49,1334.91,0.0,2.41,True,0.0
2017-W45,fashion_male_clothing,1,36.75,36.75,0,687.74,506.4,519.13,1700.54,0.0,-1.29,False,0.0
2017-W46,fashion_male_clothing,1,56.0,56.0,0,682.1,514.3,519.13,1710.71,0.0,-1.22,False,0.0
2017-W47,fashion_male_clothing,2,132.86,66.43,1,581.9,551.94,413.76,1685.77,0.0,-0.81,False,0.0
2017-W48,fashion_male_clothing,3,281.57,93.86,0,557.49,568.82,413.76,1695.13,0.0,-0.49,False,0.0
2017-W49,fashion_male_clothing,2,140.43,70.22,0,549.19,572.79,380.57,1694.76,0.0,-0.71,False,0.0
2017-W50,fashion_male_clothing,1,61.84,61.84,0,397.62,483.1,211.0,1363.81,0.0,-0.7,False,0.0
2017-W51,fashion_male_clothing,1,329.87,329.87,0,345.4,495.39,136.65,1336.18,0.0,-0.03,False,0.0
2018-W01,fashion_male_clothing,2,618.04,206.01,0,316.8,487.87,136.65,1292.53,0.0,0.62,False,0.0
2018-W02,fashion_male_clothing,1,183.85,183.85,0,207.17,197.27,136.65,601.7,0.0,-0.12,False,0.0
2018-W04,fashion_male_clothing,1,58.6,58.6,0,225.56,185.62,162.14,596.8,0.0,-0.9,False,0.0
2018-W05,fashion_male_clothing,1,72.66,72.66,0,225.88,185.29,162.14,596.46,0.0,-0.83,False,0.0
2018-W08,fashion_male_clothing,2,268.36,134.18,0,218.36,190.75,162.14,599.85,0.0,0.26,False,0.0
2018-W09,fashion_male_clothing,1,178.5,178.5,0,216.71,190.18,162.14,597.06,0.0,-0.2,False,0.0
2018-W17,fashion_male_clothing,1,234.42,234.42,0,221.46,188.46,181.18,598.39,0.0,0.07,False,0.0
2018-W19,fashion_male_clothing,1,149.87,149.87,0,243.04,177.12,209.14,597.27,0.0,-0.53,False,0.0
2018-W22,fashion_male_clothing,1,83.33,83.33,0,220.54,175.94,181.18,572.42,0.0,-0.78,False,0.0
2018-W23,fashion_male_clothing,1,61.78,61.78,0,153.7,77.24,164.18,308.18,0.0,-1.19,False,0.0
2018-W25,fashion_male_clothing,1,195.16,97.58,0,138.44,82.33,116.6,303.09,0.0,0.69,False,0.0
2018-W26,fashion_male_clothing,3,311.74,103.91,0,155.51,77.42,164.18,310.34,0.68,2.02,True,0.0
2018-W29,fashion_male_clothing,1,43.17,43.17,0,185.4,86.48,186.83,358.36,12.43,-1.64,False,0.0
2018-W30,fashion_male_clothing,4,252.51,63.13,0,157.25,92.09,164.18,341.42,0.0,1.03,False,0.0
2018-W31,fashion_male_clothing,1,250.91,250.91,0,166.5,98.05,172.52,362.6,0.0,0.86,False,0.0
2018-W32,fashion_male_clothing,1,62.02,62.02,0,168.56,99.84,172.52,368.24,0.0,-1.07,False,0.0
2018-W33,fashion_male_clothing,1,154.05,154.05,0,157.58,106.78,139.24,371.13,0.0,-0.03,False,0.0
2016-W40,fashion_shoes,1,40.95,40.95,0,,,,,,,False,
2017-W03,fashion_shoes,1,49.01,49.01,0,,,,,,,False,
2017-W06,fashion_shoes,1,45.97,45.97,0,,,,,,,False,
2017-W07,fashion_shoes,1,222.8,111.4,0,,,,,,,False,
2017-W09,fashion_shoes,2,220.02,110.01,0,89.68,88.81,47.49,267.3,0.0,1.47,False,0.0
2017-W10,fashion_shoes,2,479.99,68.57,0,115.75,96.5,49.01,308.75,0.0,3.77,True,0.0
2017-W11,fashion_shoes,2,261.88,130.94,0,176.46,171.94,134.52,520.33,0.0,0.5,False,0.0
2017-W12,fashion_shoes,5,639.83,127.97,0,188.66,160.24,220.02,509.14,0.0,2.82,True,0.0
2017-W13,fashion_shoes,3,365.81,121.94,0,245.06,217.84,221.41,680.73,0.0,0.55,False,0.0
2017-W14,fashion_shoes,3,426.36,106.59,0,285.66,204.21,242.34,694.08,0.0,0.69,False,0.0
2017-W15,fashion_shoes,4,405.81,101.45,0,332.83,184.35,313.85,701.53,0.0,0.4,False,0.0
2017-W16,fashion_shoes,6,525.24,87.54,0,377.81,143.8,385.81,665.41,90.22,1.03,False,0.0
2017-W17,fashion_shoes,6,937.62,117.2,0,415.62,136.81,416.08,689.24,142.0,3.82,True,0.0
2017-W18,fashion_shoes,4,178.88,44.72,0,505.32,207.32,453.18,919.96,90.67,-1.57,False,0.0
2017-W19,fashion_shoes,5,248.01,49.6,0,467.68,237.69,416.08,943.05,0.0,-0.92,False,0.0
2017-W20,fashion_shoes,5,317.38,63.48,0,465.94,239.45,416.08,944.84,0.0,-0.62,False,0.0
2017-W21,fashion_shoes,5,474.49,94.9,0,425.64,233.05,385.81,891.74,0.0,0.21,False,0.0
2017-W22,fashion_shoes,6,1690.55,211.32,0,439.22,232.23,416.08,903.68,0.0,5.39,True,0.0
2017-W23,fashion_shoes,3,216.37,72.12,0,597.25,499.05,440.15,1595.36,0.0,-0.76,False,0.0
2017-W24,fashion_shoes,5,767.53,85.28,0,573.57,513.72,395.94,1601.0,0.0,0.38,False,0.0
2017-W25,fashion_shoes,3,210.01,70.0,0,603.85,517.59,395.94,1639.03,0.0,-0.76,False,0.0
2017-W26,fashion_shoes,4,226.72,56.68,0,512.9,514.48,282.7,1541.86,0.0,-0.56,False,0.0
2017-W27,fashion_shoes,2,352.52,176.26,0,518.88,510.3,282.7,1539.48,0.0,-0.33,False,0.0
2017-W28,fashion_shoes,3,378.91,94.73,0,531.95,503.67,334.95,1539.29,0.0,-0.3,False,0.0
2017-W29,fashion_shoes,7,446.26,63.75,0,539.64,500.39,365.72,1540.41,0.0,-0.19,False,0.0
2017-W30,fashion_shoes,5,595.94,119.19,1,536.11,501.01,365.72,1538.13,0.0,0.12,False,0.0
2017-W31,fashion_shoes,4,375.86,93.97,0,399.28,199.34,365.72,797.96,0.61,-0.12,False,0.0
2017-W32,fashion_shoes,4,522.34,104.47,0,419.22,185.96,377.38,791.13,47.3,0.55,False,0.0
2017-W33,fashion_shoes,7,534.17,66.77,0,388.57,133.02,377.38,654.61,122.53,1.09,False,0.0
2017-W34,fashion_shoes,2,1154.2,192.37,0,429.09,119.55,412.58,668.18,190.0,6.07,True,0.0
2017-W35,fashion_shoes,2,201.25,100.63,0,545.02,261.14,484.3,1067.3,22.75,-1.32,False,0.0
2017-W36,fashion_shoes,1,53.28,53.28,0,526.12,281.73,484.3,1089.58,0.0,-1.68,False,0.0
2017-W37,fashion_shoes,8,1218.33,135.37,0,485.41,326.07,484.3,1137.55,0.0,2.25,True,0.0
2017-W38,fashion_shoes,2,139.9,69.95,0,581.92,414.97,528.26,1411.85,0.0,-1.07,False,0.0
2017-W39,fashion_shoes,2,207.47,103.73,0,524.92,443.13,449.1,1411.18,0.0,-0.72,False,0.0
2017-W40,fashion_shoes,1,229.5,229.5,0,503.87,455.06,364.9,1413.99,0.0,-0.6,False,0.0
2017-W41,fashion_shoes,3,350.06,116.69,0,467.26,465.03,218.48,1397.33,0.0,-0.25,False,0.0
2017-W42,fashion_shoes,7,1455.83,161.76,0,444.25,465.8,218.48,1375.86,0.0,2.17,True,0.0
2017-W43,fashion_shoes,2,307.92,153.96,0,481.95,538.08,218.48,1558.11,0.0,-0.32,False,0.0
2017-W44,fashion_shoes,6,486.9,81.15,0,495.29,531.41,268.71,1558.11,0.0,-0.02,False,0.0
2017-W45,fashion_shoes,2,259.27,129.63,0,549.49,501.14,328.99,1551.77,0.0,-0.58,False,0.0
2017-W46,fashion_shoes,2,181.98,90.99,1,429.61,427.6,283.6,1284.8,0.0,-0.58,False,0.0
2017-W47,fashion_shoes,9,1451.86,145.19,0,434.87,423.77,283.6,1282.4,0.0,2.4,True,0.0
2017-W48,fashion_shoes,3,347.47,86.87,0,590.42,540.64,328.99,1671.7,0.0,-0.45,False,0.0
2017-W49,fashion_shoes,1,98.51,98.51,0,605.16,530.91,348.76,1666.99,0.0,-0.95,False,0.0
2017-W50,fashion_shoes,5,634.24,90.61,0,573.72,555.08,327.7,1683.88,0.0,0.11,False,0.0
2017-W51,fashion_shoes,3,326.0,108.67,0,471.02,430.61,327.7,1332.23,0.0,-0.34,False,0.0
2017-W52,fashion_shoes,2,316.86,158.43,0,473.28,429.67,336.74,1332.63,0.0,-0.36,False,0.0
2018-W02,fashion_shoes,1,72.96,72.96,0,452.02,433.1,321.43,1318.22,0.0,-0.88,False,0.0
2018-W03,fashion_shoes,3,291.59,72.9,0,428.73,449.64,321.43,1328.01,0.0,-0.31,False,0.0
2018-W04,fashion_shoes,2,149.43,74.72,0,442.44,442.66,321.43,1327.75,0.0,-0.66,False,0.0
2018-W05,fashion_shoes,1,924.99,308.33,0,279.63,179.88,304.23,639.39,0.0,3.59,True,0.0
2018-W06,fashion_shoes,3,354.45,88.61,0,351.82,291.96,304.23,935.75,0.0,0.01,False,0.0
2018-W07,fashion_shoes,1,101.86,101.86,0,383.81,273.69,321.43,931.2,0.0,-1.03,False,0.0
2018-W08,fashion_shoes,5,707.31,141.46,0,317.27,268.78,304.23,854.83,0.0,1.45,False,0.0
2018-W09,fashion_shoes,2,414.55,207.28,0,364.93,302.27,304.23,969.48,0.0,0.16,False,0.0
2018-W10,fashion_shoes,3,368.26,122.75,0,377.14,302.03,323.02,981.2,0.0,-0.03,False,0.0
2018-W11,fashion_shoes,3,347.67,115.89,0,414.05,276.51,361.36,967.07,0.0,-0.24,False,0.0
2018-W12,fashion_shoes,3,232.27,77.42,0,421.06,273.65,361.36,968.37,0.0,-0.69,False,0.0
2018-W13,fashion_shoes,3,519.96,173.32,0,431.42,263.28,361.36,957.98,0.0,0.34,False,0.0
2018-W14,fashion_shoes,3,432.41,144.14,0,380.79,180.84,361.36,742.48,19.1,0.29,False,0.0
2018-W15,fashion_shoes,2,379.77,189.88,0,390.54,181.32,391.4,753.18,27.89,-0.06,False,0.0
2018-W16,fashion_shoes,2,314.44,157.22,0,425.28,140.04,397.16,705.35,145.2,-0.79,False,0.0
2018-W17,fashion_shoes,3,409.76,136.59,0,376.17,85.12,374.02,546.4,205.93,0.39,False,0.0
2018-W18,fashion_shoes,3,724.0,241.33,0,375.57,84.83,374.02,545.22,205.91,4.11,True,0.0
2018-W19,fashion_shoes,2,304.77,101.59,0,420.04,149.24,394.76,718.51,121.56,-0.77,False,0.0
2018-W20,fashion_shoes,2,309.59,154.8,0,414.67,152.93,394.76,720.54,108.8,-0.69,False,0.0
2018-W22,fashion_shoes,6,815.48,135.91,0,424.34,141.8,394.76,707.93,140.74,2.76,True,0.0
2018-W23,fashion_shoes,3,333.69,111.23,0,461.28,197.73,394.76,856.74,65.82,-0.65,False,0.0
2018-W24,fashion_shoes,2,318.06,159.03,0,448.94,202.8,356.73,854.54,43.33,-0.65,False,0.0
2018-W25,fashion_shoes,2,433.16,216.58,0,441.22,206.94,325.88,855.11,27.34,-0.04,False,0.0
2018-W28,fashion_shoes,1,227.75,227.75,0,456.06,200.71,371.72,857.49,54.64,-1.14,False,0.0
2018-W29,fashion_shoes,3,508.49,169.5,0,433.31,216.41,325.88,866.14,0.48,0.35,False,0.0
2018-W31,fashion_shoes,1,249.2,249.2,0,406.37,186.39,325.88,779.16,33.59,-0.84,False,0.0
2018-W32,fashion_shoes,1,245.05,245.05,0,399.43,191.68,325.88,782.79,16.07,-0.81,False,0.0
2018-W33,fashion_shoes,1,42.77,42.77,0,391.36,197.28,325.88,785.91,0.0,-1.77,False,0.0
2018-W34,fashion_shoes,1,289.39,289.39,0,294.77,141.13,283.63,577.04,12.51,-0.04,False,0.0
2017-W09,fashion_sport,1,54.01,54.01,0,,,,,,,False,
2017-W13,fashion_sport,1,60.86,60.86,0,,,,,,,False,
2017-W15,fashion_sport,2,230.31,115.16,0,,,,,,,False,
2017-W16,fashion_sport,1,41.04,41.04,0,,,,,,,False,
2017-W19,fashion_sport,2,104.09,52.05,0,96.56,89.55,57.44,275.65,0.0,0.08,False,0.0
2017-W21,fashion_sport,1,75.39,75.39,0,98.06,77.62,60.86,253.31,0.0,-0.29,False,0.0
2017-W22,fashion_sport,1,102.03,102.03,0,94.28,70.04,68.12,234.37,0.0,0.11,False,0.0
2017-W23,fashion_sport,2,328.48,164.24,0,95.39,64.01,75.39,223.4,0.0,3.64,True,0.0
2017-W24,fashion_sport,2,121.98,60.99,0,124.53,101.5,88.71,327.53,0.0,-0.03,False,0.0
2017-W26,fashion_sport,1,55.0,55.0,0,133.02,97.52,103.06,328.07,0.0,-0.8,False,0.0
2017-W29,fashion_sport,1,77.68,77.68,0,132.29,98.16,103.06,328.62,0.0,-0.56,False,0.0
2017-W33,fashion_sport,1,75.07,75.07,0,113.21,90.96,89.86,295.13,0.0,-0.42,False,0.0
2017-W35,fashion_sport,1,314.37,314.37,0,117.46,87.85,89.86,293.16,0.0,2.24,True,0.0
2017-W39,fashion_sport,2,1287.18,257.44,0,143.75,111.54,89.86,366.82,0.0,10.25,True,0.0
2017-W41,fashion_sport,1,68.62,68.62,0,295.22,415.12,112.0,1125.47,0.0,-0.55,False,0.0
2017-W46,fashion_sport,1,67.68,67.68,0,291.05,417.51,99.83,1126.06,0.0,-0.54,False,0.0
2017-W50,fashion_sport,1,76.76,76.76,0,258.45,424.29,76.38,1107.03,0.0,-0.43,False,0.0
2018-W01,fashion_sport,1,75.07,75.07,0,252.8,426.66,75.91,1106.12,0.0,-0.42,False,0.0
2018-W02,fashion_sport,1,144.45,144.45,0,255.3,425.39,75.91,1106.09,0.0,-0.26,False,0.0
2018-W11,fashion_sport,1,97.39,97.39,0,263.65,422.05,75.91,1107.75,0.0,-0.39,False,0.0
2018-W14,fashion_sport,1,105.41,105.41,0,266.44,420.7,87.08,1107.84,0.0,-0.38,False,0.0
2018-W33,fashion_sport,1,83.05,83.05,0,240.32,423.77,87.08,1087.86,0.0,-0.37,False,0.0
2017-W03,fashion_underwear_beach,1,102.15,102.15,0,,,,,,,False,
2017-W05,fashion_underwear_beach,3,286.77,71.69,0,,,,,,,False,
2017-W06,fashion_underwear_beach,3,456.76,114.19,0,,,,,,,False,
2017-W07,fashion_underwear_beach,1,87.68,87.68,0,,,,,,,False,
2017-W10,fashion_underwear_beach,2,161.34,80.67,0,233.34,174.35,194.46,582.05,0.0,-0.41,False,0.0
2017-W11,fashion_underwear_beach,3,113.45,37.82,0,218.94,154.39,161.34,527.72,0.0,-0.68,False,0.0
2017-W13,fashion_underwear_beach,1,185.83,185.83,0,201.36,144.65,137.4,490.66,0.0,-0.11,False,0.0
2017-W14,fashion_underwear_beach,3,142.81,47.6,0,199.14,132.18,161.34,463.5,0.0,-0.43,False,0.0
2017-W15,fashion_underwear_beach,1,16.86,16.86,0,192.1,123.98,152.07,440.06,0.0,-1.41,False,0.0
2017-W18,fashion_underwear_beach,1,20.42,20.42,0,181.44,135.92,152.07,453.27,0.0,-1.18,False,0.0
2017-W19,fashion_underwear_beach,1,54.72,27.36,0,148.14,139.01,128.13,426.17,0.0,-0.67,False,0.0
2017-W20,fashion_underwear_beach,3,113.39,37.8,0,97.89,63.87,100.56,225.63,0.0,0.24,False,0.0
2017-W21,fashion_underwear_beach,1,208.09,208.09,0,101.1,63.93,113.42,228.96,0.0,1.67,False,0.0
2017-W25,fashion_underwear_beach,1,19.0,19.0,0,106.95,71.87,113.42,250.68,0.0,-1.22,False,0.0
2017-W28,fashion_underwear_beach,1,71.82,71.82,0,95.14,78.13,84.06,251.4,0.0,-0.3,False,0.0
2017-W29,fashion_underwear_beach,1,71.82,11.97,0,80.89,69.1,63.27,219.09,0.0,-0.13,False,0.0
2017-W30,fashion_underwear_beach,1,170.84,170.84,0,72.02,64.41,63.27,200.84,0.0,1.53,False,0.0
2017-W32,fashion_underwear_beach,4,578.51,144.63,0,91.26,68.46,71.82,228.17,0.0,7.12,True,0.0
2017-W33,fashion_underwear_beach,3,250.6,83.53,0,161.02,179.79,92.6,520.6,0.0,0.5,False,0.0
2017-W34,fashion_underwear_beach,4,303.55,75.89,0,185.51,176.55,142.12,538.61,0.0,0.67,False,0.0
2017-W35,fashion_underwear_beach,2,176.21,88.11,0,209.28,178.25,189.46,565.77,0.0,-0.19,False,0.0
2017-W36,fashion_underwear_beach,2,176.1,88.05,0,205.29,178.63,173.52,562.56,0.0,-0.16,False,0.0
2017-W37,fashion_underwear_beach,5,1191.5,198.58,0,224.93,163.19,176.16,551.32,0.0,5.92,True,0.0
2017-W38,fashion_underwear_beach,6,849.42,70.78,0,364.89,366.55,213.4,1098.0,0.0,1.32,False,0.0
2017-W39,fashion_underwear_beach,3,387.4,129.13,0,462.09,380.57,277.08,1223.23,0.0,-0.2,False,0.0
2017-W40,fashion_underwear_beach,1,65.0,32.5,0,489.16,364.24,345.48,1217.65,0.0,-1.16,False,0.0
2017-W43,fashion_underwear_beach,1,35.68,35.68,0,424.97,390.55,277.08,1206.06,0.0,-1.0,False,0.0
2017-W44,fashion_underwear_beach,1,122.27,122.27,0,398.11,411.1,239.88,1220.32,0.0,-0.67,False,0.0
2017-W45,fashion_underwear_beach,1,71.82,35.91,0,375.45,421.92,176.16,1219.28,0.0,-0.72,False,0.0
2017-W46,fashion_underwear_beach,2,371.56,185.78,0,362.4,430.48,149.18,1223.37,0.0,0.02,False,0.0
2017-W47,fashion_underwear_beach,1,186.86,186.86,0,386.83,423.9,246.92,1234.63,0.0,-0.47,False,0.0
2017-W48,fashion_underwear_beach,7,823.37,117.62,0,261.25,273.64,154.56,808.53,0.0,2.05,True,0.0
2017-W49,fashion_underwear_beach,4,366.16,91.54,0,258.0,265.68,154.56,789.36,0.0,0.41,False,0.0
2017-W50,fashion_underwear_beach,3,368.18,122.73,0,255.34,264.31,154.56,783.95,0.0,0.43,False,0.0
2017-W51,fashion_underwear_beach,2,239.63,119.81,0,293.24,254.68,276.51,802.59,0.0,-0.21,False,0.0
2017-W52,fashion_underwear_beach,3,323.9,107.97,0,318.73,234.63,302.9,787.99,0.0,0.02,False,0.0
2018-W01,fashion_underwear_beach,1,85.6,85.6,0,343.94,220.94,345.03,785.82,0.0,-1.17,False,0.0
2018-W02,fashion_underwear_beach,3,316.17,105.39,0,345.66,218.56,345.03,782.77,0.0,-0.13,False,0.0
2018-W03,fashion_underwear_beach,2,338.43,169.22,0,338.73,218.5,320.03,775.73,0.0,-0.0,False,0.0
2018-W05,fashion_underwear_beach,2,136.82,68.41,0,357.68,209.85,331.16,777.37,0.0,-1.05,False,0.0
2018-W06,fashion_underwear_beach,3,191.75,63.92,0,271.86,107.73,320.03,487.32,56.4,-0.74,False,0.0
2018-W07,fashion_underwear_beach,1,75.07,75.07,0,250.06,103.48,277.9,457.03,43.09,-1.69,False,0.0
2018-W08,fashion_underwear_beach,2,141.76,70.88,0,213.42,107.5,215.69,428.42,0.0,-0.67,False,0.0
2018-W09,fashion_underwear_beach,2,174.21,87.1,0,201.19,109.64,166.76,420.47,0.0,-0.25,False,0.0
2018-W10,fashion_underwear_beach,3,218.15,72.72,0,182.48,97.84,157.99,378.16,0.0,0.36,False,0.0
2018-W12,fashion_underwear_beach,1,72.76,72.76,0,199.04,90.0,182.98,379.05,19.04,-1.4,False,0.0
2018-W14,fashion_underwear_beach,1,91.08,91.08,0,168.62,85.8,157.99,340.21,0.0,-0.9,False,0.0
2018-W15,fashion_underwear_beach,2,140.89,70.44,0,137.7,54.85,139.29,247.39,28.01,0.06,False,0.0
2018-W17,fashion_underwear_beach,3,208.21,69.4,0,138.21,54.86,141.32,247.92,28.5,1.28,False,0.0
2018-W18,fashion_underwear_beach,1,88.52,44.26,0,140.27,57.4,141.32,255.07,25.46,-0.9,False,0.0
2018-W19,fashion_underwear_beach,2,125.38,62.69,0,141.95,55.38,141.32,252.71,31.19,-0.3,False,0.0
2018-W20,fashion_underwear_beach,1,62.69,62.69,0,139.9,55.69,133.14,251.28,28.52,-1.39,False,0.0
2018-W21,fashion_underwear_beach,1,68.13,68.13,0,125.96,59.69,108.23,245.34,6.58,-0.97,False,0.0
2018-W22,fashion_underwear_beach,1,62.69,62.69,0,107.21,49.24,89.8,205.68,8.73,-0.9,False,0.0
2018-W24,fashion_underwear_beach,1,478.25,95.65,0,105.95,50.36,89.8,206.67,5.23,7.39,True,0.0
2018-W26,fashion_underwear_beach,1,78.42,39.21,0,154.34,140.1,106.95,434.55,0.0,-0.54,False,0.0
2018-W27,fashion_underwear_beach,1,68.35,68.35,0,146.54,142.68,83.47,431.89,0.0,-0.55,False,0.0
2018-W30,fashion_underwear_beach,1,72.98,72.98,0,129.05,142.61,73.38,414.27,0.0,-0.39,False,0.0
2018-W32,fashion_underwear_beach,2,246.76,123.38,0,127.11,143.34,70.66,413.8,0.0,0.83,False,0.0
2016-W40,fixed_telephony,4,754.34,188.59,0,,,,,,,False,
2016-W41,fixed_telephony,1,20.11,20.11,0,,,,,,,False,
2017-W01,fixed_telephony,2,46.55,23.27,0,,,,,,,False,
2017-W02,fixed_telephony,4,152.11,38.03,0,,,,,,,False,
2017-W03,fixed_telephony,8,673.33,67.33,0,243.28,345.45,99.33,934.17,0.0,1.24,False,0.0
2017-W04,fixed_telephony,4,300.86,60.17,0,329.29,355.65,152.11,1040.6,0.0,-0.08,False,0.0
2017-W05,fixed_telephony,4,107.35,26.84,0,324.55,318.32,226.48,961.19,0.0,-0.68,False,0.0
2017-W06,fixed_telephony,3,115.47,28.87,0,293.52,301.96,152.11,897.44,0.0,-0.59,False,0.0
2017-W07,fixed_telephony,6,287.14,47.86,0,271.26,286.56,133.79,844.38,0.0,0.06,False,0.0
2017-W08,fixed_telephony,4,164.9,41.23,0,212.86,211.93,133.79,636.73,0.0,-0.23,False,0.0
2017-W09,fixed_telephony,6,2680.01,223.33,0,230.96,198.9,158.5,628.77,0.0,12.31,True,0.0
2017-W10,fixed_telephony,4,575.49,115.1,1,560.15,876.18,226.02,2312.51,0.0,0.02,False,0.0
2017-W11,fixed_telephony,1,74.59,74.59,0,613.07,860.66,294.0,2334.4,0.0,-0.63,False,0.0
2017-W12,fixed_telephony,3,124.31,41.44,0,538.23,880.48,226.02,2299.19,0.0,-0.47,False,0.0
2017-W13,fixed_telephony,3,2669.71,444.95,0,516.16,889.45,144.61,2295.05,0.0,2.42,True,0.0
2017-W14,fixed_telephony,3,13218.97,1888.42,0,836.45,1145.66,226.02,3127.77,0.0,10.81,True,0.0
2017-W15,fixed_telephony,1,64.83,64.83,0,2474.39,4480.62,431.32,11435.64,0.0,-0.54,False,0.0
2017-W16,fixed_telephony,1,74.59,74.59,0,2446.6,4496.79,370.2,11440.18,0.0,-0.53,False,0.0
2017-W17,fixed_telephony,2,77.98,38.99,0,2435.31,4503.44,349.9,11442.2,0.0,-0.52,False,0.0
2017-W18,fixed_telephony,4,345.37,86.34,0,2110.06,4576.61,101.15,11263.29,0.0,-0.39,False,0.0
2017-W19,fixed_telephony,2,94.77,47.39,0,2081.29,4588.35,101.15,11257.98,0.0,-0.43,False,0.0
2017-W20,fixed_telephony,2,117.28,58.64,0,2083.82,4587.09,109.54,11258.0,0.0,-0.43,False,0.0
2017-W22,fixed_telephony,4,156.4,31.28,0,2082.94,4587.52,106.02,11257.98,0.0,-0.42,False,0.0
2017-W23,fixed_telephony,3,674.55,224.85,0,1768.77,4627.48,106.02,11023.73,0.0,-0.24,False,0.0
2017-W24,fixed_telephony,3,207.61,69.2,0,200.72,212.14,106.02,625.01,0.0,0.03,False,0.0
2017-W25,fixed_telephony,1,34.09,34.09,0,218.57,204.96,136.84,628.49,0.0,-0.9,False,0.0
2017-W26,fixed_telephony,3,143.37,47.79,0,213.51,209.48,136.84,632.46,0.0,-0.33,False,0.0
2017-W27,fixed_telephony,3,236.98,59.25,0,221.68,204.65,149.88,630.98,0.0,0.07,False,0.0
2017-W28,fixed_telephony,2,74.86,37.43,0,208.13,198.8,149.88,605.73,0.0,-0.67,False,0.0
2017-W29,fixed_telephony,1,37.62,37.62,0,205.64,200.54,149.88,606.72,0.0,-0.84,False,0.0
2017-W30,fixed_telephony,2,71.87,35.94,0,195.68,207.41,149.88,610.51,0.0,-0.6,False,0.0
2017-W31,fixed_telephony,3,476.75,158.92,0,185.12,211.8,109.12,608.73,0.0,1.38,False,0.0
2017-W32,fixed_telephony,4,3934.46,393.45,0,160.39,148.63,109.12,457.66,0.0,25.39,True,0.0
2017-W33,fixed_telephony,6,973.74,162.29,0,626.25,1344.82,109.12,3315.89,0.0,0.26,False,0.0
2017-W34,fixed_telephony,1,260.77,260.77,0,743.71,1326.63,190.18,3396.96,0.0,-0.36,False,0.0
2017-W35,fixed_telephony,2,78.18,39.09,0,758.38,1319.67,248.88,3397.71,0.0,-0.52,False,0.0
2017-W38,fixed_telephony,2,82.18,41.09,0,738.53,1329.79,169.48,3398.1,0.0,-0.49,False,0.0
2017-W39,fixed_telephony,2,109478.39,12164.27,0,739.45,1329.27,171.48,3397.98,0.0,81.8,True,0.0
2017-W40,fixed_telephony,2,1241.63,620.81,0,14419.54,38431.52,368.76,91282.59,0.0,-0.34,False,0.0
2017-W41,fixed_telephony,2,2235.12,1117.56,0,14565.76,38371.31,725.24,91308.39,0.0,-0.32,False,0.0
2017-W42,fixed_telephony,2,742.1,247.37,0,14785.56,38284.02,1107.68,91353.6,0.0,-0.37,False,0.0
2017-W47,fixed_telephony,4,938.11,234.53,0,14386.51,38429.64,857.92,91245.79,0.0,-0.35,False,0.0
2017-W48,fixed_telephony,2,769.14,384.57,0,14382.06,38431.42,840.1,91244.9,0.0,-0.35,False,0.0
2017-W49,fixed_telephony,1,212.8,212.8,0,14445.61,38405.15,853.62,91255.9,0.0,-0.37,False,0.0
2017-W50,fixed_telephony,1,74.56,74.56,0,14462.43,38397.98,853.62,91258.39,0.0,-0.37,False,0.0
2017-W51,fixed_telephony,1,81.99,81.99,0,14461.48,38398.39,853.62,91258.26,0.0,-0.37,False,0.0
2017-W52,fixed_telephony,1,55.69,55.69,0,786.93,723.41,755.62,2233.75,0.0,-1.01,False,0.0
2018-W01,fixed_telephony,2,1861.97,930.98,0,638.69,738.28,477.45,2115.24,0.0,1.66,False,0.0
2018-W02,fixed_telephony,2,136.99,68.5,0,592.05,626.3,477.45,1844.65,0.0,-0.73,False,0.0
2018-W03,fixed_telephony,5,602.5,120.5,0,516.41,641.94,174.9,1800.28,0.0,0.13,False,0.0
2018-W04,fixed_telephony,1,32.09,16.05,0,474.46,621.07,174.9,1716.59,0.0,-0.71,False,0.0
2018-W05,fixed_telephony,1,171.0,85.5,0,382.32,625.76,109.49,1633.84,0.0,-0.34,False,0.0
2018-W06,fixed_telephony,5,7730.76,1288.46,0,377.1,627.55,109.49,1632.2,0.0,11.72,True,0.0
2018-W07,fixed_telephony,2,345.93,172.97,0,1334.12,2656.91,154.0,6647.95,0.0,-0.37,False,0.0
2018-W08,fixed_telephony,1,1423.52,711.76,2,1367.12,2640.73,258.47,6648.58,0.0,0.02,False,0.0
2018-W09,fixed_telephony,1,114.35,114.35,0,1538.1,2587.44,474.22,6712.97,0.0,-0.55,False,0.0
2018-W10,fixed_telephony,2,202.94,101.47,0,1319.64,2629.62,258.47,6578.88,0.0,-0.42,False,0.0
2018-W11,fixed_telephony,1,139.71,139.71,0,1327.89,2625.48,274.44,6578.85,0.0,-0.45,False,0.0
2018-W12,fixed_telephony,5,2160.47,240.05,0,1270.04,2648.74,186.97,6567.52,0.0,0.34,False,0.0
2018-W13,fixed_telephony,4,524.66,131.16,0,1536.08,2613.29,274.44,6762.66,0.0,-0.39,False,0.0
2018-W14,fixed_telephony,6,1927.58,240.95,0,1580.29,2589.78,435.29,6759.86,0.0,0.13,False,0.0
2018-W15,fixed_telephony,2,322.54,161.27,0,854.89,847.82,435.29,2550.53,0.0,-0.63,False,0.0
2018-W16,fixed_telephony,1,35.22,35.22,0,851.97,849.86,423.6,2551.69,0.0,-0.96,False,0.0
2018-W17,fixed_telephony,1,410.84,410.84,0,678.43,858.18,262.74,2394.8,0.0,-0.31,False,0.0
2018-W18,fixed_telephony,1,103.07,103.07,0,715.49,836.47,366.69,2388.43,0.0,-0.73,False,0.0
2018-W19,fixed_telephony,3,588.88,196.29,1,703.01,845.9,366.69,2394.82,0.0,-0.13,False,0.0
2018-W20,fixed_telephony,3,324.15,108.05,0,759.16,817.61,467.75,2394.37,0.0,-0.53,False,0.0
2018-W21,fixed_telephony,5,4280.43,428.04,0,529.62,595.63,367.5,1720.87,0.0,6.3,True,0.0
2018-W22,fixed_telephony,2,57.98,28.99,0,999.09,1453.51,367.5,3906.1,0.0,-0.65,False,0.0
2018-W23,fixed_telephony,2,199.8,99.9,0,765.39,1433.05,323.35,3631.49,0.0,-0.39,False,0.0
2018-W24,fixed_telephony,4,480.48,120.12,0,750.05,1439.11,261.98,3628.27,0.0,-0.19,False,0.0
2018-W25,fixed_telephony,3,1777.51,444.38,0,805.7,1415.94,367.5,3637.59,0.0,0.69,False,0.0
2018-W26,fixed_telephony,4,668.03,133.61,0,976.54,1443.67,402.32,3863.87,0.0,-0.21,False,0.0
2018-W27,fixed_telephony,1,52.42,52.42,0,1047.16,1408.22,534.68,3863.6,0.0,-0.71,False,0.0
2018-W29,fixed_telephony,3,619.47,206.49,0,980.1,1445.44,402.32,3870.98,0.0,-0.25,False,0.0
2018-W30,fixed_telephony,2,339.19,169.59,0,1017.01,1429.98,549.98,3876.98,0.0,-0.47,False,0.0
2018-W31,fixed_telephony,4,2363.58,590.89,0,524.36,558.3,409.84,1640.95,0.0,3.29,True,0.0
2018-W32,fixed_telephony,6,1813.08,302.18,0,812.56,817.89,549.98,2448.34,0.0,1.22,False,0.0
2018-W33,fixed_telephony,1,86.58,86.58,0,1014.22,843.7,643.75,2701.63,0.0,-1.1,False,0.0
2017-W45,flowers,3,129.86,43.29,0,,,,,,,False,
2017-W46,flowers,3,175.94,58.65,0,,,,,,,False,
2017-W48,flowers,1,74.07,74.07,0,,,,,,,False,
2017-W49,flowers,1,38.91,38.91,0,,,,,,,False,
2018-W01,flowers,1,130.84,65.42,0,104.7,60.48,101.96,225.66,0.0,0.43,False,0.0
2018-W02,flowers,3,368.06,92.02,0,109.92,53.67,129.86,217.26,2.59,4.81,True,0.0
2018-W03,flowers,3,216.8,54.2,0,152.95,115.8,130.35,384.55,0.0,0.55,False,0.0
2018-W05,flowers,1,30.29,30.29,0,162.07,108.43,130.84,378.93,0.0,-1.22,False,0.0
2018-W06,flowers,2,118.73,59.36,0,145.6,110.67,130.35,366.94,0.0,-0.24,False,0.0
2018-W07,flowers,1,38.68,38.68,0,144.2,110.97,124.78,366.14,0.0,-0.95,False,0.0
2018-W11,flowers,1,43.6,43.6,0,127.05,115.86,96.4,358.78,0.0,-0.72,False,0.0
2018-W12,flowers,1,43.6,43.6,0,123.24,118.33,81.17,359.9,0.0,-0.67,False,0.0
2018-W13,flowers,1,49.21,49.21,0,123.82,117.86,81.17,359.55,0.0,-0.63,False,0.0
2018-W15,flowers,1,64.93,64.93,0,113.62,120.67,46.4,354.96,0.0,-0.4,False,0.0
2018-W16,flowers,1,227.63,227.63,0,75.73,63.33,46.4,202.38,0.0,2.4,True,0.0
2018-W18,flowers,2,97.1,48.55,0,77.08,66.79,46.4,210.67,0.0,0.3,False,0.0
2018-W24,flowers,1,281.4,140.7,0,85.44,64.24,57.07,213.91,0.0,3.05,True,0.0
2018-W29,flowers,2,83.36,41.68,0,105.77,94.77,57.07,295.31,0.0,-0.24,False,0.0
2016-W41,food,1,96.23,96.23,0,,,,,,,False,
2017-W04,food,2,78.82,39.41,0,,,,,,,False,
2017-W05,food,1,167.1,167.1,0,,,,,,,False,
2017-W06,food,2,222.14,111.07,0,,,,,,,False,
2017-W07,food,4,474.35,118.59,0,141.07,66.17,131.66,273.41,8.73,5.04,True,0.0
2017-W08,food,2,66.61,22.2,0,207.73,159.68,167.1,527.09,0.0,-0.88,False,0.0
2017-W09,food,1,177.38,177.38,0,184.21,154.01,131.66,492.22,0.0,-0.04,False,0.0
2017-W10,food,5,1223.65,203.94,0,183.23,140.61,167.1,464.46,0.0,7.4,True,0.0
2017-W11,food,10,1312.53,131.25,0,313.29,390.2,172.24,1093.68,0.0,2.56,True,0.0
2017-W12,food,2,230.92,115.46,0,465.32,511.61,199.76,1488.55,0.0,-0.46,False,0.0
2017-W13,food,5,819.64,117.09,0,484.34,497.84,226.53,1480.01,0.0,0.67,False,0.0
2017-W14,food,4,289.3,57.86,0,565.9,491.86,352.64,1549.62,0.0,-0.56,False,0.0
2017-W15,food,2,241.95,120.97,0,574.3,485.69,381.83,1545.67,0.0,-0.68,False,0.0
2017-W16,food,1,26.28,26.28,0,545.25,499.28,265.62,1543.81,0.0,-1.04,False,0.0
2017-W18,food,1,187.91,187.91,0,540.21,504.97,265.62,1550.16,0.0,-0.7,False,0.0
2017-W20,food,2,264.34,132.17,0,541.52,503.91,265.62,1549.33,0.0,-0.55,False,0.0
2017-W24,food,1,171.79,171.79,0,421.61,426.61,253.14,1274.82,0.0,-0.59,False,0.0
2017-W27,food,1,78.68,78.68,0,279.02,232.98,236.44,744.98,0.0,-0.86,False,0.0
2017-W28,food,1,128.04,128.04,0,259.99,243.45,214.93,746.89,0.0,-0.54,False,0.0
2017-W29,food,2,294.06,147.03,0,173.54,92.03,179.85,357.6,0.0,1.31,False,0.0
2017-W30,food,3,349.39,116.46,0,174.13,92.9,179.85,359.93,0.0,1.89,False,0.0
2017-W31,food,2,210.06,105.03,0,187.56,110.25,179.85,408.06,0.0,0.2,False,0.0
2017-W32,food,2,65.26,9.32,0,210.53,88.93,198.98,388.39,32.68,-1.63,False,0.0
2017-W33,food,1,35.0,35.0,0,195.2,102.87,190.92,400.93,0.0,-1.56,False,0.0
2017-W34,food,3,366.61,91.65,0,166.54,112.36,149.92,391.26,0.0,1.78,False,0.0
2017-W36,food,1,73.13,73.13,0,190.89,132.9,169.05,456.69,0.0,-0.89,False,0.0
2017-W37,food,3,997.13,142.45,0,190.19,133.58,169.05,457.36,0.0,6.04,True,0.0
2017-W38,food,7,684.92,97.85,0,298.83,311.17,252.06,921.17,0.0,1.24,False,0.0
2017-W39,food,4,391.18,97.79,0,347.69,339.69,279.73,1027.07,0.0,0.13,False,0.0
2017-W40,food,5,356.01,71.2,0,352.91,340.04,288.34,1032.99,0.0,0.01,False,0.0
2017-W41,food,1,73.13,73.13,0,371.16,335.16,361.31,1041.48,0.0,-0.89,False,0.0
2017-W42,food,1,73.13,73.13,0,372.14,334.15,361.31,1040.43,0.0,-0.89,False,0.0
2017-W43,food,2,1101.12,157.3,0,376.9,328.88,361.31,1034.67,0.0,2.2,True,0.0
2017-W44,food,1,66.91,33.45,0,468.72,416.46,373.6,1301.64,0.0,-0.96,False,0.0
2017-W45,food,5,299.44,49.91,0,467.94,417.31,373.6,1302.56,0.0,-0.4,False,0.0
2017-W46,food,1,20.7,20.7,0,380.73,359.87,327.72,1100.47,0.0,-1.0,False,0.0
2017-W47,food,3,868.95,108.62,0,297.7,356.27,186.28,1010.24,0.0,1.6,False,0.0
2017-W48,food,3,349.5,87.38,0,357.42,410.15,186.28,1177.71,0.0,-0.02,False,0.0
2017-W49,food,4,411.76,102.94,0,356.61,410.15,186.28,1176.92,0.0,0.13,False,0.0
2017-W50,food,1,164.1,164.1,0,398.94,393.87,324.47,1186.68,0.0,-0.6,False,0.0
2017-W51,food,3,116.8,38.93,0,410.31,384.32,324.47,1178.95,0.0,-0.76,False,0.0
2017-W52,food,3,770.13,154.03,0,287.27,273.0,231.77,833.28,0.0,1.77,False,0.0
2018-W01,food,2,351.71,117.24,0,375.17,303.43,324.47,982.04,0.0,-0.08,False,0.0
2018-W02,food,4,163.09,40.77,0,381.71,302.13,350.6,985.96,0.0,-0.72,False,0.0
2018-W03,food,3,176.19,58.73,0,399.5,281.3,350.6,962.1,0.0,-0.79,False,0.0
2018-W04,food,9,556.05,61.78,0,312.91,214.94,262.85,742.8,0.0,1.13,False,0.0
2018-W05,food,5,1298.18,129.82,1,338.73,231.72,263.95,802.17,0.0,4.14,True,0.0
2018-W06,food,3,185.84,61.95,0,449.53,412.8,263.95,1275.14,0.0,-0.64,False,0.0
2018-W07,food,6,581.27,83.04,0,452.25,410.72,268.77,1273.69,0.0,0.31,False,0.0
2018-W08,food,10,560.35,56.04,0,510.31,388.77,453.88,1287.85,0.0,0.13,False,0.0
2018-W09,food,10,1269.85,105.82,0,484.08,375.6,453.88,1235.28,0.0,2.09,True,0.0
2018-W10,food,7,394.46,56.35,0,598.85,460.13,558.2,1519.11,0.0,-0.44,False,0.0
2018-W11,food,10,1026.53,85.54,0,627.77,435.44,558.2,1498.64,0.0,0.92,False,0.0
2018-W12,food,10,560.06,56.01,0,734.07,412.64,570.81,1559.35,0.0,-0.42,False,0.0
2018-W13,food,5,262.43,52.49,0,734.57,412.4,570.81,1559.36,0.0,-1.14,False,0.0
2018-W14,food,5,429.57,71.59,0,605.1,370.65,560.2,1346.4,0.0,-0.47,False,0.0
2018-W15,food,6,454.55,64.94,0,635.56,340.02,560.2,1315.6,0.0,-0.53,False,0.0
2018-W16,food,9,642.22,64.22,0,619.72,345.81,507.3,1311.34,0.0,0.07,False,0.0
2018-W17,food,10,876.87,79.72,0,629.96,345.01,507.3,1319.98,0.0,0.72,False,0.0
2018-W18,food,11,843.94,70.33,0,580.84,257.86,507.3,1096.55,65.12,1.02,False,0.0
2018-W19,food,10,459.0,45.9,0,637.02,260.4,601.14,1157.82,116.22,-0.68,False,0.0
2018-W20,food,14,1533.54,76.68,0,566.08,211.92,509.53,989.92,142.24,4.57,True,0.0
2018-W21,food,4,195.13,48.78,0,687.76,402.11,550.61,1491.99,0.0,-1.23,False,0.0
2018-W22,food,2,113.45,56.73,0,679.35,412.84,550.61,1505.04,0.0,-1.37,False,0.0
2018-W23,food,6,425.14,70.86,0,639.84,453.31,550.61,1546.46,0.0,-0.47,False,0.0
2018-W24,food,9,737.89,81.99,0,636.16,455.14,550.61,1546.45,0.0,0.22,False,0.0
2018-W25,food,3,192.02,48.01,0,648.12,456.58,598.44,1561.28,0.0,-1.0,False,0.0
2018-W26,food,5,245.25,49.05,0,562.51,471.52,442.07,1505.56,0.0,-0.67,False,0.0
2018-W27,food,11,747.67,62.31,0,487.68,467.97,335.2,1423.62,0.0,0.56,False,0.0
2018-W28,food,12,871.16,72.6,0,523.76,476.5,335.2,1476.75,0.0,0.73,False,0.0
2018-W29,food,13,1457.19,97.15,0,440.96,301.31,335.2,1043.59,0.0,3.37,True,0.0
2018-W30,food,17,1627.66,85.67,0,598.72,448.6,581.52,1495.93,0.0,2.29,True,0.0
2018-W31,food,18,1764.97,98.05,0,788.0,527.17,742.78,1842.33,0.0,1.85,False,0.0
2018-W32,food,23,2760.23,98.58,0,955.48,602.82,809.42,2161.12,0.0,2.99,True,0.0
2018-W33,food,35,3776.35,92.11,0,1208.27,865.39,1164.18,2939.05,0.0,2.97,True,0.0
2018-W34,food,26,2945.96,98.2,0,1656.31,1146.34,1542.43,3948.99,0.0,1.13,False,0.0
2018-W35,food,6,720.68,90.08,0,1993.9,1066.3,1696.32,4126.51,0.0,-1.19,False,0.0
2017-W09,food_drink,1,35.96,35.96,1,,,,,,,False,
2017-W10,food_drink,1,34.42,34.42,0,,,,,,,False,
2017-W11,food_drink,2,65.65,32.83,0,,,,,,,False,
2017-W12,food_drink,1,32.86,32.86,0,,,,,,,False,
2017-W15,food_drink,1,24.86,24.86,0,42.22,15.67,35.19,73.56,10.88,-1.11,False,0.0
2017-W17,food_drink,1,111.84,55.92,0,38.75,15.63,34.42,70.02,7.48,4.67,True,0.0
2017-W18,food_drink,3,494.84,70.69,0,50.93,32.95,35.19,116.84,0.0,13.47,True,0.0
2017-W19,food_drink,3,90.17,30.06,0,114.35,170.46,35.96,455.26,0.0,-0.14,False,0.0
2017-W20,food_drink,3,480.82,96.16,0,111.32,158.04,50.81,427.41,0.0,2.34,True,0.0
2017-W21,food_drink,2,81.1,40.55,0,166.93,200.34,77.91,567.61,0.0,-0.43,False,0.0
2017-W22,food_drink,1,33.68,33.68,0,172.77,196.57,85.64,565.92,0.0,-0.71,False,0.0
2017-W23,food_drink,2,82.78,41.39,0,168.77,199.37,85.64,567.51,0.0,-0.43,False,0.0
2017-W27,food_drink,3,120.86,40.29,0,175.01,195.24,86.48,565.5,0.0,-0.28,False,0.0
2017-W28,food_drink,2,197.36,98.68,0,187.01,187.49,101.0,562.0,0.0,0.06,False,0.0
2017-W29,food_drink,2,145.59,48.53,0,197.7,185.02,105.52,567.74,0.0,-0.28,False,0.0
2017-W31,food_drink,2,135.89,45.3,0,154.04,140.81,105.52,435.67,0.0,-0.13,False,0.0
2017-W32,food_drink,1,24.35,24.35,0,159.76,138.76,128.38,437.29,0.0,-0.98,False,0.0
2017-W33,food_drink,3,535.85,107.17,0,102.7,58.55,101.82,219.8,0.0,7.4,True,0.0
2017-W34,food_drink,3,202.73,50.68,0,159.55,162.7,128.38,484.94,0.0,0.27,False,0.0
2017-W35,food_drink,3,277.46,69.36,0,180.68,154.8,140.74,490.28,0.0,0.63,False,0.0
2017-W36,food_drink,1,54.6,54.6,0,205.01,152.5,171.48,510.01,0.0,-0.99,False,0.0
2017-W37,food_drink,2,74.63,37.31,0,196.73,159.37,171.48,515.47,0.0,-0.77,False,0.0
2017-W38,food_drink,2,932.52,186.5,0,181.39,165.1,140.74,511.59,0.0,4.55,True,0.0
2017-W39,food_drink,1,73.16,73.16,0,279.75,310.83,169.31,901.42,0.0,-0.66,False,0.0
2017-W40,food_drink,4,424.91,84.98,0,271.91,315.73,138.68,903.38,0.0,0.48,False,0.0
2017-W41,food_drink,2,173.92,86.96,0,321.98,302.34,240.09,926.67,0.0,-0.49,False,0.0
2017-W42,food_drink,5,1913.9,239.24,0,276.74,292.69,188.32,862.13,0.0,5.59,True,0.0
2017-W43,food_drink,4,750.26,187.56,0,490.64,644.59,225.69,1779.82,0.0,0.4,False,0.0
2017-W44,food_drink,6,1080.1,120.01,0,549.74,643.93,299.42,1837.59,0.0,0.82,False,0.0
2017-W46,food_drink,6,443.58,73.93,0,677.92,633.27,587.58,1944.46,0.0,-0.37,False,0.0
2017-W47,food_drink,9,1141.63,87.82,0,724.04,595.35,596.92,1914.75,0.0,0.7,False,0.0
2017-W48,food_drink,8,997.6,110.84,0,750.18,610.22,596.92,1970.62,0.0,0.41,False,0.0
2017-W49,food_drink,9,772.54,85.84,0,865.74,548.06,873.93,1961.86,0.0,-0.17,False,0.0
2017-W50,food_drink,6,744.33,93.04,0,909.19,521.24,885.07,1951.67,0.0,-0.32,False,0.0
2017-W51,food_drink,1,54.17,54.17,0,980.49,438.79,885.07,1858.06,102.92,-2.11,True,48.75
2017-W52,food_drink,2,130.48,65.24,0,748.03,359.01,761.4,1466.05,30.0,-1.72,False,0.0
2018-W01,food_drink,2,159.07,53.02,0,670.55,420.13,758.44,1510.82,0.0,-1.22,False,0.0
2018-W02,food_drink,3,144.13,36.03,0,555.42,418.06,593.96,1391.55,0.0,-0.98,False,0.0
2018-W03,food_drink,3,127.85,42.62,0,517.99,442.21,451.7,1402.42,0.0,-0.88,False,0.0
2018-W04,food_drink,2,151.41,75.7,0,391.27,378.66,151.6,1148.59,0.0,-0.63,False,0.0
2018-W05,food_drink,1,70.02,70.02,0,285.5,293.76,147.77,873.03,0.0,-0.73,False,0.0
2018-W06,food_drink,6,522.62,65.33,0,197.68,224.12,137.3,645.92,0.0,1.45,False,0.0
2018-W07,food_drink,3,196.48,65.49,0,169.97,147.47,137.3,464.9,0.0,0.18,False,0.0
2018-W08,food_drink,7,610.93,67.88,0,187.76,139.89,147.77,467.54,0.0,3.02,True,0.0
2018-W09,food_drink,9,881.93,73.49,0,247.81,201.4,155.24,650.61,0.0,3.15,True,0.0
2018-W10,food_drink,4,207.93,51.98,0,338.17,295.89,173.94,929.94,0.0,-0.44,False,0.0
2018-W11,food_drink,2,792.62,396.31,0,346.15,290.72,202.2,927.59,0.0,1.54,False,0.0
2018-W12,food_drink,3,857.17,285.72,0,429.24,313.53,365.28,1056.29,0.0,1.36,False,0.0
2018-W13,food_drink,3,270.37,90.12,0,517.46,323.32,566.78,1164.11,0.0,-0.76,False,0.0
2018-W14,food_drink,4,204.91,51.23,0,542.51,289.73,566.78,1121.96,0.0,-1.17,False,0.0
2018-W15,food_drink,2,345.45,115.15,0,502.79,313.63,440.65,1130.05,0.0,-0.5,False,0.0
2018-W16,food_drink,2,104.99,52.5,0,521.41,296.82,478.19,1115.05,0.0,-1.4,False,0.0
2018-W17,food_drink,6,357.13,51.02,0,458.17,327.35,307.91,1112.87,0.0,-0.31,False,0.0
2018-W18,food_drink,5,577.84,96.31,0,392.57,279.36,307.91,951.3,0.0,0.66,False,0.0
2018-W19,food_drink,1,62.92,62.92,0,438.81,275.02,351.29,988.84,0.0,-1.37,False,0.0
2018-W20,food_drink,8,2083.07,138.87,0,347.6,261.59,307.91,870.77,0.0,6.63,True,0.0
2018-W21,food_drink,3,1340.0,223.33,0,500.84,659.37,307.91,1819.57,0.0,1.27,False,0.0
2018-W22,food_drink,1,36.96,36.96,0,634.54,712.28,351.29,2059.1,0.0,-0.84,False,0.0
2018-W23,food_drink,4,447.57,74.59,0,613.55,729.03,351.29,2071.61,0.0,-0.23,False,0.0
2018-W25,food_drink,3,177.43,59.14,0,626.31,724.55,402.35,2075.4,0.0,-0.62,False,0.0
2018-W26,food_drink,1,62.17,62.17,0,635.36,717.52,402.35,2070.4,0.0,-0.8,False,0.0
2018-W27,food_drink,2,131.78,65.89,0,598.5,741.05,312.5,2080.6,0.0,-0.63,False,0.0
2018-W28,food_drink,2,116.53,58.27,0,542.74,759.38,154.61,2061.5,0.0,-0.56,False,0.0
2018-W29,food_drink,5,570.66,95.11,0,549.44,754.77,154.61,2058.97,0.0,0.03,False,0.0
2018-W30,food_drink,4,415.43,83.09,0,360.39,439.19,154.61,1238.76,0.0,0.13,False,0.0
2018-W31,food_drink,6,466.84,66.69,1,244.82,202.39,154.61,649.6,0.0,1.1,False,0.0
2018-W32,food_drink,4,1255.08,156.88,0,298.55,196.3,296.43,691.14,0.0,4.87,True,0.0
2018-W33,food_drink,3,131.16,43.72,0,399.49,392.97,296.43,1185.42,0.0,-0.68,False,0.0
2018-W34,food_drink,5,437.88,72.98,0,393.71,397.02,273.6,1187.75,0.0,0.11,False,0.0
2017-W01,furniture_bedroom,8,148.76,18.59,0,,,,,,,False,
2017-W07,furniture_bedroom,1,501.88,501.88,0,,,,,,,False,
2017-W15,furniture_bedroom,1,252.3,252.3,0,,,,,,,False,
2017-W17,furniture_bedroom,3,1098.9,274.73,0,,,,,,,False,
2017-W19,furniture_bedroom,1,673.08,336.54,0,500.46,425.6,377.09,1351.66,0.0,0.41,False,0.0
2017-W20,furniture_bedroom,3,4985.98,997.2,0,534.98,376.58,501.88,1288.14,0.0,11.82,True,0.0
2017-W21,furniture_bedroom,1,236.58,236.58,0,1276.82,1848.06,587.48,4972.95,0.0,-0.56,False,0.0
2017-W22,furniture_bedroom,1,170.29,170.29,0,1128.21,1732.25,501.88,4592.72,0.0,-0.55,False,0.0
2017-W23,furniture_bedroom,1,249.56,249.56,0,1008.47,1639.13,377.09,4286.72,0.0,-0.46,False,0.0
2017-W24,furniture_bedroom,1,102.12,102.12,0,1021.07,1631.94,377.09,4284.96,0.0,-0.56,False,0.0
2017-W27,furniture_bedroom,1,332.16,332.16,0,971.1,1656.06,250.93,4283.21,0.0,-0.39,False,0.0
2017-W29,furniture_bedroom,1,406.65,406.65,0,981.08,1651.34,290.86,4283.76,0.0,-0.35,False,0.0
2017-W30,furniture_bedroom,3,857.82,285.94,0,894.55,1662.38,290.86,4219.32,0.0,-0.02,False,0.0
2017-W32,furniture_bedroom,2,438.7,219.35,0,917.64,1660.15,290.86,4237.94,0.0,-0.29,False,0.0
2017-W35,furniture_bedroom,1,263.66,263.66,0,349.24,234.81,290.86,818.86,0.0,-0.36,False,0.0
2017-W36,furniture_bedroom,1,108.98,108.98,0,352.62,233.15,297.91,818.92,0.0,-1.05,False,0.0
2017-W38,furniture_bedroom,1,1255.32,627.66,0,344.96,240.88,297.91,826.71,0.0,3.78,True,0.0
2017-W39,furniture_bedroom,1,187.34,187.34,0,470.68,396.3,369.4,1263.27,0.0,-0.71,False,0.0
2017-W40,furniture_bedroom,2,533.78,266.89,0,481.33,385.99,369.4,1253.3,0.0,0.14,False,0.0
2017-W41,furniture_bedroom,1,565.58,565.58,0,506.53,381.41,422.67,1269.35,0.0,0.15,False,0.0
2017-W44,furniture_bedroom,1,312.49,312.49,0,526.4,379.6,486.24,1285.6,0.0,-0.56,False,0.0
2017-W45,furniture_bedroom,1,578.38,578.38,0,458.23,360.04,375.6,1178.32,0.0,0.33,False,0.0
2017-W46,furniture_bedroom,1,262.1,262.1,0,475.69,362.34,423.14,1200.37,0.0,-0.59,False,0.0
2017-W47,furniture_bedroom,1,209.98,209.98,0,475.5,362.47,423.14,1200.44,0.0,-0.73,False,0.0
2017-W52,furniture_bedroom,1,230.75,230.75,0,488.12,349.41,423.14,1186.93,0.0,-0.74,False,0.0
2018-W01,furniture_bedroom,2,441.35,220.68,0,360.05,169.46,287.3,698.97,21.13,0.48,False,0.0
2018-W02,furniture_bedroom,2,416.07,208.03,0,391.8,155.72,376.92,703.23,80.37,0.16,False,0.0
2018-W03,furniture_bedroom,1,240.22,240.22,0,377.09,145.62,364.28,668.32,85.85,-0.94,False,0.0
2018-W06,furniture_bedroom,1,280.56,280.56,0,336.42,130.06,287.3,596.53,76.3,-0.43,False,0.0
2018-W07,furniture_bedroom,2,370.0,185.0,0,332.43,131.38,271.33,595.18,69.67,0.29,False,0.0
2018-W08,furniture_bedroom,1,224.71,224.71,0,306.38,89.69,271.33,485.76,126.99,-0.91,False,0.0
2018-W09,furniture_bedroom,4,876.54,175.31,0,301.71,93.23,260.39,488.17,115.24,6.17,True,0.0
2018-W10,furniture_bedroom,2,482.75,241.38,0,385.02,216.24,325.28,817.51,0.0,0.45,False,0.0
2018-W11,furniture_bedroom,1,275.69,275.69,0,416.52,208.79,393.04,834.1,0.0,-0.67,False,0.0
2018-W12,furniture_bedroom,2,254.3,84.77,0,395.82,214.12,325.28,824.06,0.0,-0.66,False,0.0
2018-W13,furniture_bedroom,1,236.55,236.55,0,375.6,219.51,278.12,814.61,0.0,-0.63,False,0.0
2018-W14,furniture_bedroom,2,461.34,230.67,0,375.14,219.83,278.12,814.8,0.0,0.39,False,0.0
2018-W15,furniture_bedroom,2,948.49,316.16,0,397.74,218.01,322.85,833.75,0.0,2.53,True,0.0
2018-W16,furniture_bedroom,1,352.16,352.16,0,470.05,291.16,368.52,1052.36,0.0,-0.4,False,0.0
2018-W18,furniture_bedroom,1,264.76,264.76,0,485.98,279.05,406.75,1044.08,0.0,-0.79,False,0.0
2018-W19,furniture_bedroom,1,217.04,217.04,0,409.5,237.46,313.92,884.42,0.0,-0.81,False,0.0
2018-W20,furniture_bedroom,2,1246.26,415.42,0,376.29,244.24,270.23,864.76,0.0,3.56,True,0.0
2018-W22,furniture_bedroom,2,602.57,301.28,0,497.61,386.66,308.46,1270.93,0.0,0.27,False,0.0
2018-W23,furniture_bedroom,2,534.2,267.1,0,541.15,374.77,406.75,1290.69,0.0,-0.02,False,0.0
2018-W24,furniture_bedroom,1,453.88,453.88,0,578.35,354.44,497.77,1287.23,0.0,-0.35,False,0.0
2018-W25,furniture_bedroom,2,562.45,187.48,0,577.42,354.8,494.04,1287.02,0.0,-0.04,False,0.0
2018-W26,furniture_bedroom,2,456.63,228.31,0,529.16,321.84,494.04,1172.85,0.0,-0.23,False,0.0
2018-W29,furniture_bedroom,1,218.62,218.62,0,542.22,315.7,495.42,1173.61,0.0,-1.03,False,0.0
2018-W30,furniture_bedroom,5,1789.35,178.94,0,536.46,321.85,495.42,1180.16,0.0,3.89,True,0.0
2018-W31,furniture_bedroom,1,479.0,239.5,0,733.0,518.76,548.33,1770.52,0.0,-0.49,False,0.0
2018-W32,furniture_bedroom,2,1176.16,392.05,0,637.09,479.78,506.6,1596.64,0.0,1.12,False,0.0
2018-W33,furniture_bedroom,4,1231.39,307.85,0,708.79,515.42,506.6,1739.62,0.0,1.01,False,0.0
2018-W34,furniture_bedroom,2,419.92,209.96,0,795.94,540.03,520.72,1876.0,0.0,-0.7,False,0.0
2016-W35,furniture_decor,1,272.46,136.23,0,,,,,,,False,
2016-W40,furniture_decor,44,9202.65,139.43,0,,,,,,,False,
2016-W41,furniture_decor,7,1649.89,183.32,0,,,,,,,False,
2017-W01,furniture_decor,3,349.61,116.54,0,,,,,,,False,
2017-W02,furniture_decor,23,3827.56,123.47,0,2868.65,4269.69,999.75,11408.03,0.0,0.22,False,0.0
2017-W03,furniture_decor,56,9650.36,114.89,0,3060.43,3722.44,1649.89,10505.32,0.0,1.77,False,0.0
2017-W04,furniture_decor,42,8630.66,148.8,0,4158.76,4280.55,2738.72,12719.86,0.0,1.04,False,0.0
2017-W05,furniture_decor,57,12318.6,173.5,0,4797.6,4257.48,3827.56,13312.55,0.0,1.77,False,0.0
2017-W06,furniture_decor,53,6982.12,114.46,0,5737.72,4754.72,6229.11,15247.16,0.0,0.26,False,0.0
2017-W07,furniture_decor,52,9613.25,135.4,0,6576.43,4213.98,7806.39,15004.39,0.0,0.72,False,0.0
2017-W08,furniture_decor,57,10462.32,132.43,0,6627.76,4252.86,7806.39,15133.47,0.0,0.9,False,0.0
2017-W09,furniture_decor,82,14451.8,123.52,1,7729.31,3906.5,9121.96,15542.3,0.0,1.72,False,0.0
2017-W10,furniture_decor,55,7895.9,112.8,0,9492.08,3222.64,9631.8,15937.36,3046.8,-0.5,False,0.0
2017-W11,furniture_decor,60,9505.34,123.45,0,10000.63,2422.81,9631.8,14846.24,5155.01,-0.2,False,0.0
2017-W12,furniture_decor,52,7905.46,121.62,1,9982.5,2426.34,9559.3,14835.18,5129.82,-0.86,False,0.0
2017-W13,furniture_decor,38,4913.64,111.67,0,9891.85,2496.59,9559.3,14885.03,4898.67,-1.99,False,0.0
2017-W14,furniture_decor,43,12046.17,219.02,0,8966.23,2820.08,8705.4,14606.39,3326.06,1.09,False,0.0
2017-W15,furniture_decor,27,6050.5,195.18,1,9599.24,2878.83,9559.3,15356.9,3841.57,-1.23,False,0.0
2017-W16,furniture_decor,46,11246.69,181.4,1,9153.89,3140.08,8705.4,15434.04,2873.74,0.67,False,0.0
2017-W17,furniture_decor,46,10245.49,182.96,0,9251.94,3198.47,8705.4,15648.88,2855.0,0.31,False,0.0
2017-W18,furniture_decor,58,7982.2,120.94,0,8726.15,2488.5,8705.4,13703.15,3749.15,-0.3,False,0.0
2017-W19,furniture_decor,43,8677.06,135.58,0,8736.94,2484.57,8743.77,13706.07,3767.8,-0.02,False,0.0
2017-W20,furniture_decor,66,11303.75,109.75,0,8633.4,2465.16,8329.63,13563.71,3703.09,1.08,False,0.0
2017-W21,furniture_decor,40,8148.79,159.78,0,9058.19,2610.32,9461.28,14278.82,3837.55,-0.35,False,0.0
2017-W22,furniture_decor,51,7475.65,111.58,0,9462.58,2071.5,9461.28,13605.58,5319.58,-0.96,False,0.0
2017-W23,furniture_decor,41,7273.35,115.45,0,8891.27,1878.43,8412.92,12648.13,5134.41,-0.86,False,0.0
2017-W24,furniture_decor,34,4186.98,97.37,1,9044.12,1650.12,8412.92,12344.36,5743.88,-2.94,True,1556.9
2017-W25,furniture_decor,46,15050.97,264.05,0,8161.66,2123.71,8065.5,12409.07,3914.25,3.24,True,0.0
2017-W26,furniture_decor,53,14320.6,216.98,0,8762.34,3202.78,8065.5,15167.9,2356.79,1.74,False,0.0
2017-W27,furniture_decor,61,12438.01,149.86,0,9554.64,3723.83,8412.92,17002.3,2106.99,0.77,False,0.0
2017-W28,furniture_decor,51,7885.16,115.96,0,10024.76,3833.01,9726.27,17690.78,2358.74,-0.56,False,0.0
2017-W29,furniture_decor,47,8588.42,138.52,0,9597.44,3860.51,8016.98,17318.47,1876.41,-0.26,False,0.0
2017-W30,furniture_decor,68,14048.04,143.35,0,9652.39,3840.02,8236.79,17332.44,1972.35,1.14,False,0.0
2017-W31,furniture_decor,80,17070.69,158.06,3,10473.94,4007.21,10513.22,18488.37,2459.51,1.65,False,0.0
2017-W32,furniture_decor,65,10198.88,129.1,0,11698.61,4370.01,13243.03,20438.64,2958.58,-0.34,False,0.0
2017-W33,furniture_decor,82,14762.67,143.33,0,12450.1,3272.96,13243.03,18996.02,5904.17,0.71,False,0.0
2017-W34,furniture_decor,74,16887.25,153.52,0,12414.06,3241.67,13243.03,18897.4,5930.72,1.38,False,0.0
2017-W35,furniture_decor,65,17921.95,165.94,1,12734.89,3567.91,13243.03,19870.72,5599.06,1.45,False,0.0
2017-W36,furniture_decor,70,13070.24,140.54,0,13420.38,4003.0,14405.36,21426.39,5414.37,-0.09,False,0.0
2017-W37,furniture_decor,66,14679.69,181.23,1,14068.52,3344.33,14405.36,20757.17,7379.87,0.18,False,0.0
2017-W38,furniture_decor,64,13898.02,151.07,0,14829.93,2507.01,14721.18,19843.95,9815.9,-0.37,False,0.0
2017-W39,furniture_decor,56,7289.53,113.9,0,14811.17,2514.25,14721.18,19839.67,9782.68,-2.99,True,2493.15
2017-W40,furniture_decor,52,11935.77,172.98,0,13588.53,3459.17,14288.86,20506.86,6670.19,-0.48,False,0.0
2017-W41,furniture_decor,58,13475.58,175.01,1,13805.64,3265.09,14288.86,20335.82,7275.46,-0.1,False,0.0
2017-W42,furniture_decor,69,17456.66,166.25,0,13644.75,3242.83,13686.8,20130.41,7159.09,1.18,False,0.0
2017-W43,furniture_decor,63,15619.23,161.02,0,13715.93,3329.26,13686.8,20374.46,7057.4,0.57,False,0.0
2017-W44,furniture_decor,54,11405.46,156.24,0,13428.09,2996.59,13686.8,19421.28,7434.9,-0.67,False,0.0
2017-W45,furniture_decor,91,16061.69,138.46,0,13219.99,3081.6,13686.8,19383.18,7056.8,0.92,False,0.0
2017-W46,furniture_decor,95,27362.09,182.41,6,13392.74,3211.13,13686.8,19815.0,6970.49,4.35,True,0.0
2017-W47,furniture_decor,228,84865.89,227.52,0,15075.75,5908.91,14547.4,26893.57,3257.93,11.81,True,0.0
2017-W48,furniture_decor,143,29065.98,149.82,0,24772.8,24791.08,15840.46,74354.96,0.0,0.17,False,0.0
2017-W49,furniture_decor,89,15155.59,126.3,0,26914.07,24257.97,16759.18,75430.02,0.0,-0.48,False,0.0
2017-W50,furniture_decor,80,12886.13,130.16,0,27124.07,24131.96,16759.18,75388.0,0.0,-0.59,False,0.0
2017-W51,furniture_decor,49,11792.54,163.79,0,26552.76,24445.6,15840.46,75443.95,0.0,-0.6,False,0.0
2017-W52,furniture_decor,54,8133.06,117.87,0,26074.42,24725.93,15608.64,75526.28,0.0,-0.73,False,0.0
2018-W01,furniture_decor,114,24348.86,159.14,0,25665.37,25028.49,15608.64,75722.35,0.0,-0.05,False,0.0
2018-W02,furniture_decor,114,25365.0,162.6,0,26701.27,24744.1,19752.22,76189.48,0.0,-0.05,False,0.0
2018-W03,furniture_decor,131,29287.28,157.46,0,26451.63,24746.56,19752.22,75944.75,0.0,0.11,False,0.0
2018-W04,furniture_decor,90,17657.8,154.89,4,19504.3,8421.38,19752.22,36347.07,2661.54,-0.22,False,0.0
2018-W05,furniture_decor,67,10848.99,132.3,0,18078.28,7484.78,16406.7,33047.84,3108.72,-0.97,False,0.0
2018-W06,furniture_decor,59,10307.08,141.19,0,17539.96,7869.98,15271.96,33279.91,1800.01,-0.92,False,0.0
2018-W07,furniture_decor,97,18781.38,153.95,0,17217.58,8136.17,14725.17,33489.91,945.24,0.19,False,0.0
2018-W08,furniture_decor,99,20789.15,153.99,7,18091.18,7840.28,18219.59,33771.73,2410.63,0.34,False,0.0
2018-W09,furniture_decor,119,30849.15,201.63,1,19673.19,6744.12,19785.26,33161.44,6184.95,1.66,False,0.0
2018-W10,furniture_decor,102,45331.22,274.73,0,20485.73,7710.3,19785.26,35906.32,5065.13,3.22,True,0.0
2018-W11,furniture_decor,84,22116.91,182.78,0,22981.51,11709.59,19785.26,46400.68,0.0,-0.07,False,0.0
2018-W12,furniture_decor,104,19303.08,142.99,0,22085.21,11429.03,19785.26,44943.26,0.0,-0.24,False,0.0
2018-W13,furniture_decor,92,20303.56,153.81,1,22290.87,11352.52,20046.12,44995.92,0.0,-0.18,False,0.0
2018-W14,furniture_decor,107,24423.56,169.61,0,23472.69,10447.27,20546.36,44367.23,2578.16,0.09,False,0.0
2018-W15,furniture_decor,103,21087.9,166.05,0,25237.25,8997.45,21453.03,43232.16,7242.34,-0.46,False,0.0
2018-W16,furniture_decor,129,25492.03,147.35,0,25525.57,8795.72,21602.4,43117.01,7934.12,-0.0,False,0.0
2018-W17,furniture_decor,102,24835.03,174.89,1,26113.43,8588.66,23270.24,43290.75,8936.1,-0.15,False,0.0
2018-W18,furniture_decor,111,22191.07,160.8,0,25361.66,8375.49,23270.24,42112.64,8610.68,-0.38,False,0.0
2018-W19,furniture_decor,129,29706.38,164.12,0,22469.14,2248.11,22153.99,26965.36,17972.93,3.22,True,0.0
2018-W20,furniture_decor,132,30071.61,172.83,0,23417.83,3389.72,23307.32,30197.27,16638.38,1.96,False,0.0
2018-W21,furniture_decor,65,13435.32,158.06,3,24763.89,3650.4,24629.3,32064.7,17463.09,-3.1,True,4027.77
2018-W22,furniture_decor,61,14558.9,161.77,0,23905.36,5289.12,24629.3,34483.6,13327.13,-1.77,False,0.0
2018-W23,furniture_decor,53,13334.34,202.04,0,22672.28,6219.18,23513.05,35110.64,10233.92,-1.5,False,0.0
2018-W24,furniture_decor,78,17553.74,179.12,0,21703.08,7050.02,23513.05,35803.12,7603.05,-0.59,False,0.0
2018-W25,furniture_decor,73,13110.39,148.98,0,20710.8,6999.01,19872.4,34708.83,6712.77,-1.09,False,0.0
2018-W26,furniture_decor,89,23654.01,193.89,0,19245.22,7235.6,16056.32,33716.41,4774.03,0.61,False,0.0
2018-W27,furniture_decor,71,14241.89,153.14,0,19428.09,7338.44,16056.32,34104.96,4751.21,-0.71,False,0.0
2018-W28,furniture_decor,39,7490.71,174.2,0,17495.03,6191.33,14400.4,29877.69,5112.36,-1.62,False,0.0
2018-W29,furniture_decor,93,19577.7,160.47,1,14672.41,4574.88,13838.6,23822.18,5522.64,1.07,False,0.0
2018-W30,furniture_decor,97,30061.42,221.04,0,15440.21,4845.06,14400.4,25130.33,5750.09,3.02,True,0.0
2018-W31,furniture_decor,107,32655.96,216.26,1,17378.03,7043.58,15897.82,31465.19,3290.86,2.17,True,0.0
2018-W32,furniture_decor,110,25936.7,175.25,0,19793.23,8599.69,18565.72,36992.61,2593.85,0.71,False,0.0
2018-W33,furniture_decor,100,23176.11,171.67,1,20841.1,8796.31,21615.86,38433.72,3248.48,0.27,False,0.0
2018-W34,furniture_decor,52,8353.65,132.6,0,22099.31,8234.5,23415.06,38568.31,5630.31,-1.67,False,0.0
2018-W35,furniture_decor,2,215.59,107.8,0,20186.77,9501.22,21376.9,39189.21,1184.32,-2.1,True,968.73
2017-W04,furniture_living_room,3,948.54,237.13,0,,,,,,,False,
2017-W05,furniture_living_room,9,4114.86,342.9,0,,,,,,,False,
2017-W06,furniture_living_room,3,1103.18,220.64,0,,,,,,,False,
2017-W08,furniture_living_room,6,6284.88,523.74,1,,,,,,,False,
2017-W09,furniture_living_room,2,540.78,90.13,1,3112.86,2568.32,2609.02,8249.51,0.0,-1.0,False,0.0
2017-W10,furniture_living_room,4,512.71,128.18,0,2598.45,2504.06,1103.18,7606.57,0.0,-0.83,False,0.0
2017-W11,furniture_living_room,5,1144.87,190.81,0,2250.83,2396.1,1025.86,7043.03,0.0,-0.46,False,0.0
2017-W12,furniture_living_room,6,4225.19,384.11,0,2092.83,2226.92,1103.18,6546.67,0.0,0.96,False,0.0
2017-W13,furniture_living_room,4,2687.48,383.93,0,2359.38,2195.24,1124.03,6749.86,0.0,0.15,False,0.0
2017-W14,furniture_living_room,2,264.61,132.31,0,2576.74,2120.4,1916.18,6817.55,0.0,-1.09,False,0.0
2017-W15,furniture_living_room,6,2107.7,301.1,0,2095.46,2158.04,1124.03,6411.54,0.0,0.01,False,0.0
2017-W16,furniture_living_room,1,127.98,127.98,0,2221.03,2120.96,1626.28,6462.94,0.0,-0.99,False,0.0
2017-W18,furniture_living_room,10,1990.44,165.87,0,1451.41,1445.03,842.82,4341.47,0.0,0.37,False,0.0
2017-W19,furniture_living_room,5,1135.47,227.09,0,1632.62,1404.86,1567.66,4442.34,0.0,-0.35,False,0.0
2017-W20,furniture_living_room,4,1725.21,287.54,0,1710.47,1350.12,1567.66,4410.72,0.0,0.01,False,0.0
2017-W21,furniture_living_room,7,1421.87,177.73,0,1783.01,1330.85,1857.82,4444.7,0.0,-0.27,False,0.0
2017-W22,furniture_living_room,4,1205.39,241.08,0,1432.59,892.98,1573.54,3218.56,0.0,-0.25,False,0.0
2017-W23,furniture_living_room,6,2296.68,229.67,0,1247.33,735.26,1313.63,2717.85,0.0,1.43,False,0.0
2017-W24,furniture_living_room,2,221.04,110.52,0,1501.34,697.29,1573.54,2895.91,106.77,-1.84,False,0.0
2017-W25,furniture_living_room,3,444.25,148.08,0,1265.51,777.36,1313.63,2820.23,0.0,-1.06,False,0.0
2017-W26,furniture_living_room,1,160.79,80.39,0,1305.04,716.94,1313.63,2738.92,0.0,-1.6,False,0.0
2017-W27,furniture_living_room,4,868.04,217.01,0,1076.34,757.73,1170.43,2591.8,0.0,-0.27,False,0.0
2017-W28,furniture_living_room,11,2884.88,192.33,0,1042.91,760.64,1036.72,2564.2,0.0,2.42,True,0.0
2017-W29,furniture_living_room,4,1865.11,266.44,0,1187.87,986.28,1036.72,3160.43,0.0,0.69,False,0.0
2017-W30,furniture_living_room,6,791.37,131.9,0,1243.27,1013.38,1036.72,3270.04,0.0,-0.45,False,0.0
2017-W31,furniture_living_room,8,1573.07,174.79,0,1191.52,1026.09,829.7,3243.69,0.0,0.37,False,0.0
2017-W32,furniture_living_room,3,325.06,108.35,0,1101.07,943.3,829.7,2987.67,0.0,-0.82,False,0.0
2017-W33,furniture_living_room,3,458.47,114.62,0,1114.07,930.06,829.7,2974.2,0.0,-0.7,False,0.0
2017-W34,furniture_living_room,6,856.18,122.31,0,1115.85,928.61,829.7,2973.07,0.0,-0.28,False,0.0
2017-W35,furniture_living_room,3,509.82,169.94,0,1202.77,856.16,862.11,2915.1,0.0,-0.81,False,0.0
2017-W36,furniture_living_room,3,399.29,133.1,0,1157.99,885.05,823.78,2928.09,0.0,-0.86,False,0.0
2017-W37,furniture_living_room,4,333.98,83.5,0,847.3,573.76,650.6,1994.82,0.0,-0.89,False,0.0
2017-W38,furniture_living_room,1,36.58,36.58,0,655.9,420.7,484.14,1497.3,0.0,-1.47,False,0.0
2017-W39,furniture_living_room,2,585.41,292.7,0,561.56,467.96,428.88,1497.48,0.0,0.05,False,0.0
2017-W40,furniture_living_room,3,745.05,106.44,0,438.1,235.55,428.88,909.2,0.0,1.3,False,0.0
2017-W41,furniture_living_room,4,1182.35,236.47,0,490.6,252.92,484.14,996.44,0.0,2.74,True,0.0
2017-W42,furniture_living_room,5,925.09,115.64,0,581.08,350.46,547.62,1282.01,0.0,0.98,False,0.0
2017-W43,furniture_living_room,1,96.09,96.09,0,589.7,358.94,547.62,1307.57,0.0,-1.38,False,0.0
2017-W44,furniture_living_room,4,469.02,117.25,0,537.98,399.59,492.35,1337.16,0.0,-0.17,False,0.0
2017-W45,furniture_living_room,3,932.52,310.84,0,546.7,396.89,527.21,1340.47,0.0,0.97,False,0.0
2017-W46,furniture_living_room,3,442.12,147.37,0,621.51,407.34,665.23,1436.19,0.0,-0.44,False,0.0
2017-W47,furniture_living_room,14,3878.48,258.57,0,672.21,344.54,665.23,1361.28,0.0,9.31,True,0.0
2017-W48,furniture_living_room,12,16675.33,757.97,0,1083.84,1180.08,835.07,3443.99,0.0,13.21,True,0.0
2017-W49,furniture_living_room,4,1392.58,232.1,0,3075.13,5618.92,928.8,14312.97,0.0,-0.3,False,0.0
2017-W50,furniture_living_room,4,736.04,147.21,0,3101.4,5609.29,928.8,14319.98,0.0,-0.42,False,0.0
2017-W51,furniture_living_room,1,155.2,155.2,0,3077.77,5620.16,834.28,14318.08,0.0,-0.52,False,0.0
2018-W01,furniture_living_room,2,241.75,120.88,0,3085.16,5615.71,834.28,14316.59,0.0,-0.51,False,0.0
2018-W02,furniture_living_room,6,848.47,141.41,0,3056.75,5631.39,834.28,14319.54,0.0,-0.39,False,0.0
2018-W03,furniture_living_room,7,936.67,117.08,0,3046.25,5636.0,792.26,14318.24,0.0,-0.37,False,0.0
2018-W04,furniture_living_room,4,663.8,132.76,0,3108.07,5605.99,892.57,14320.04,0.0,-0.44,False,0.0
2018-W05,furniture_living_room,7,877.24,125.32,0,2706.23,5657.85,792.26,14021.92,0.0,-0.32,False,0.0
2018-W06,furniture_living_room,3,384.96,128.32,0,731.47,394.72,792.26,1520.91,0.0,-0.88,False,0.0
2018-W07,furniture_living_room,6,901.08,150.18,0,605.52,303.95,699.92,1213.42,0.0,0.97,False,0.0
2018-W08,furniture_living_room,4,7443.17,1240.53,0,626.15,319.29,756.14,1264.73,0.0,21.35,True,0.0
2018-W09,furniture_living_room,7,6128.83,510.74,0,1537.14,2400.13,862.86,6337.4,0.0,1.91,False,0.0
2018-W10,furniture_living_room,3,778.2,259.4,0,2273.03,2813.18,889.16,7899.38,0.0,-0.53,False,0.0
2018-W11,furniture_living_room,6,1450.71,207.24,0,2264.24,2818.36,889.16,7900.97,0.0,-0.29,False,0.0
2018-W12,furniture_living_room,3,370.18,123.39,0,2328.5,2789.48,889.16,7907.47,0.0,-0.7,False,0.0
2018-W13,furniture_living_room,3,505.12,168.37,0,2291.8,2816.32,889.16,7924.43,0.0,-0.63,False,0.0
2018-W14,furniture_living_room,6,2121.36,212.14,0,2245.28,2845.94,839.64,7937.16,0.0,-0.04,False,0.0
2018-W15,furniture_living_room,2,423.75,211.88,0,2462.33,2748.33,1175.9,7958.99,0.0,-0.74,False,0.0
2018-W16,furniture_living_room,7,2032.87,254.11,0,2402.66,2791.9,1114.46,7986.47,0.0,-0.13,False,0.0
2018-W17,furniture_living_room,7,2223.78,277.97,0,1726.38,1913.64,1114.46,5553.66,0.0,0.26,False,0.0
2018-W18,furniture_living_room,3,2196.64,549.16,0,1238.25,810.1,1114.46,2858.44,0.0,1.18,False,0.0
2018-W19,furniture_living_room,2,253.0,126.5,0,1415.55,849.3,1741.79,3114.15,0.0,-1.37,False,0.0
2018-W20,furniture_living_room,4,2122.38,424.48,0,1265.84,942.65,1268.99,3151.14,0.0,0.91,False,0.0
2018-W22,furniture_living_room,4,3415.53,569.25,0,1484.86,907.73,2077.11,3300.33,0.0,2.13,True,0.0
2018-W23,furniture_living_room,5,1035.67,207.13,0,1848.66,1033.48,2121.87,3915.63,0.0,-0.79,False,0.0
2018-W24,furniture_living_room,8,1368.21,171.03,0,1712.95,1063.41,2077.62,3839.77,0.0,-0.32,False,0.0
2018-W25,furniture_living_room,6,753.21,107.6,0,1831.01,945.75,2077.62,3722.52,0.0,-1.14,False,0.0
2018-W26,furniture_living_room,9,1894.08,145.7,0,1671.05,1012.59,1745.3,3696.23,0.0,0.22,False,0.0
2018-W27,furniture_living_room,7,1055.46,131.93,0,1629.84,993.41,1631.14,3616.66,0.0,-0.58,False,0.0
2018-W28,furniture_living_room,9,4043.69,311.05,0,1487.19,982.26,1211.84,3451.72,0.0,2.6,True,0.0
2018-W29,furniture_living_room,16,2557.03,142.06,0,1961.03,1193.44,1631.14,4347.92,0.0,0.5,False,0.0
2018-W30,furniture_living_room,10,2813.9,281.39,0,2015.36,1211.6,1631.14,4438.55,0.0,0.66,False,0.0
2018-W31,furniture_living_room,17,2665.48,148.08,0,1940.16,1128.06,1631.14,4196.28,0.0,0.64,False,0.0
2018-W32,furniture_living_room,12,2459.34,204.95,0,2143.88,1087.83,2225.56,4319.55,0.0,0.29,False,0.0
2018-W33,furniture_living_room,8,1533.0,170.33,0,2280.27,1044.21,2508.19,4368.7,191.85,-0.72,False,0.0
2018-W34,furniture_living_room,5,994.91,165.82,0,2377.75,908.94,2508.19,4195.62,559.87,-1.52,False,0.0
2017-W17,furniture_mattress_and_upholstery,1,130.8,130.8,0,,,,,,,False,
2017-W19,furniture_mattress_and_upholstery,1,145.83,48.61,0,,,,,,,False,
2017-W20,furniture_mattress_and_upholstery,1,482.69,482.69,0,,,,,,,False,
2017-W22,furniture_mattress_and_upholstery,1,103.36,103.36,0,,,,,,,False,
2017-W29,furniture_mattress_and_upholstery,1,178.53,178.53,0,215.67,178.88,138.32,573.43,0.0,-0.21,False,0.0
2017-W33,furniture_mattress_and_upholstery,1,150.97,150.97,0,208.24,155.8,145.83,519.85,0.0,-0.37,False,0.0
2017-W35,furniture_mattress_and_upholstery,1,482.69,482.69,0,198.7,141.3,148.4,481.3,0.0,2.01,True,0.0
2017-W37,furniture_mattress_and_upholstery,1,133.82,133.82,0,239.27,167.81,150.97,574.89,0.0,-0.63,False,0.0
2017-W46,furniture_mattress_and_upholstery,1,124.52,124.52,0,226.09,159.77,148.4,545.63,0.0,-0.64,False,0.0
2017-W48,furniture_mattress_and_upholstery,2,409.98,204.99,0,225.3,160.32,148.4,545.94,0.0,1.15,False,0.0
2017-W49,furniture_mattress_and_upholstery,1,258.33,129.16,0,258.32,168.6,164.75,595.53,0.0,0.0,False,0.0
2017-W50,furniture_mattress_and_upholstery,2,195.9,97.95,0,230.27,142.61,164.75,515.49,0.0,-0.24,False,0.0
2017-W51,furniture_mattress_and_upholstery,4,512.48,128.12,0,241.84,134.36,187.22,510.55,0.0,2.01,True,0.0
2018-W01,furniture_mattress_and_upholstery,1,111.62,111.62,0,283.59,161.09,227.12,605.77,0.0,-1.07,False,0.0
2018-W02,furniture_mattress_and_upholstery,3,366.73,122.24,0,278.67,166.24,227.12,611.15,0.0,0.53,False,0.0
2018-W03,furniture_mattress_and_upholstery,4,680.43,170.11,0,264.17,150.19,227.12,564.55,0.0,2.77,True,0.0
2018-W04,furniture_mattress_and_upholstery,1,111.62,111.62,0,332.5,198.86,312.53,730.23,0.0,-1.11,False,0.0
2018-W06,furniture_mattress_and_upholstery,2,235.52,117.76,0,330.89,200.83,312.53,732.55,0.0,-0.47,False,0.0
2018-W08,furniture_mattress_and_upholstery,4,455.96,113.99,0,309.08,200.49,246.92,710.06,0.0,0.73,False,0.0
2018-W09,furniture_mattress_and_upholstery,1,153.0,153.0,0,333.78,205.46,301.12,744.7,0.0,-0.88,False,0.0
2018-W10,furniture_mattress_and_upholstery,1,133.99,133.99,0,328.42,210.08,301.12,748.58,0.0,-0.93,False,0.0
2018-W11,furniture_mattress_and_upholstery,1,148.97,148.97,0,281.11,205.27,194.26,691.65,0.0,-0.64,False,0.0
2018-W12,furniture_mattress_and_upholstery,1,148.97,148.97,0,285.78,201.25,194.26,688.28,0.0,-0.68,False,0.0
2018-W27,furniture_mattress_and_upholstery,1,141.83,141.83,0,258.56,203.45,150.99,665.46,0.0,-0.57,False,0.0
2016-W40,garden_tools,5,1465.19,293.04,0,,,,,,,False,
2017-W01,garden_tools,2,348.71,174.36,0,,,,,,,False,
2017-W02,garden_tools,9,3799.18,422.13,0,,,,,,,False,
2017-W03,garden_tools,5,1296.1,162.01,0,,,,,,,False,
2017-W04,garden_tools,20,3743.98,149.76,0,1727.3,1466.04,1380.64,4659.38,0.0,1.38,False,0.0
2017-W05,garden_tools,15,13483.86,464.96,0,2130.63,1557.36,1465.19,5245.35,0.0,7.29,True,0.0
2017-W06,garden_tools,11,3056.54,254.71,0,4022.84,4839.72,2604.58,13702.28,0.0,-0.2,False,0.0
2017-W07,garden_tools,20,8165.47,302.42,1,3884.79,4433.11,3056.54,12751.02,0.0,0.97,False,0.0
2017-W08,garden_tools,18,4463.49,234.92,0,4419.88,4374.42,3400.26,13168.71,0.0,0.01,False,0.0
2017-W09,garden_tools,15,5626.23,296.12,0,4794.67,4210.47,3771.58,13215.61,0.0,0.2,False,0.0
2017-W10,garden_tools,25,4645.4,76.15,0,5454.36,3808.64,4131.34,13071.63,0.0,-0.21,False,0.0
2017-W11,garden_tools,43,11154.47,199.19,1,5560.13,3767.63,4554.44,13095.4,0.0,1.48,False,0.0
2017-W12,garden_tools,26,11124.67,300.67,0,6792.43,3785.9,5135.81,14364.24,0.0,1.14,False,0.0
2017-W13,garden_tools,19,5726.57,260.3,0,7715.02,3835.87,6895.85,15386.76,43.27,-0.52,False,0.0
2017-W14,garden_tools,25,10040.76,346.23,0,6745.36,3074.08,5676.4,12893.52,597.19,1.07,False,0.0
2017-W15,garden_tools,23,4987.24,166.24,0,7618.38,2861.19,6946.02,13340.76,1896.01,-0.92,False,0.0
2017-W16,garden_tools,21,4709.44,92.34,0,7221.1,2992.03,5676.4,13205.17,1237.04,-0.84,False,0.0
2017-W17,garden_tools,26,16224.2,477.18,7,7251.85,2960.75,5676.4,13173.34,1330.35,3.03,True,0.0
2017-W18,garden_tools,33,11272.17,250.49,0,8576.59,4228.86,7883.66,17034.32,118.86,0.64,False,0.0
2017-W19,garden_tools,29,6303.7,191.02,0,9404.94,3991.16,10582.72,17387.27,1422.61,-0.78,False,0.0
2017-W20,garden_tools,27,4512.2,141.01,0,8798.59,4055.35,8172.23,16909.3,687.89,-1.06,False,0.0
2017-W21,garden_tools,26,4863.42,162.11,1,7972.04,4185.32,6015.14,16342.67,0.0,-0.74,False,0.0
2017-W22,garden_tools,22,4147.68,159.53,0,7864.14,4261.9,5645.47,16387.94,0.0,-0.87,False,0.0
2017-W23,garden_tools,31,6554.13,192.77,0,7127.51,4340.5,4925.33,15808.51,0.0,-0.13,False,0.0
2017-W24,garden_tools,28,5792.09,170.36,0,7323.37,4264.82,5583.56,15853.01,0.0,-0.36,False,0.0
2017-W25,garden_tools,15,2775.48,163.26,0,7458.7,4186.49,6047.9,15831.67,0.0,-1.12,False,0.0
2017-W26,garden_tools,18,3417.38,170.87,0,5777.61,2540.43,5327.76,10858.48,696.74,-0.93,False,0.0
2017-W27,garden_tools,29,5190.14,167.42,0,4795.76,1354.62,4687.81,7504.99,2086.53,0.29,False,0.0
2017-W28,garden_tools,25,4464.59,159.45,0,4656.57,1228.91,4687.81,7114.38,2198.75,-0.16,False,0.0
2017-W29,garden_tools,70,15766.07,177.15,0,4650.61,1229.82,4664.0,7110.26,2190.97,9.04,True,0.0
2017-W30,garden_tools,26,4690.37,156.35,1,6013.45,4127.21,4827.36,14267.86,0.0,-0.32,False,0.0
2017-W31,garden_tools,40,5613.54,122.03,0,6081.28,4096.51,4940.26,14274.29,0.0,-0.11,False,0.0
2017-W32,garden_tools,37,9959.65,199.19,0,5963.71,4094.49,4940.26,14152.69,0.0,0.98,False,0.0
2017-W33,garden_tools,63,12533.87,171.7,0,6484.65,4328.0,4940.26,15140.65,0.0,1.4,False,0.0
2017-W34,garden_tools,30,5176.65,143.8,1,7704.45,4504.81,5401.84,16714.06,0.0,-0.56,False,0.0
2017-W35,garden_tools,50,10749.23,143.32,0,7924.36,4304.1,5401.84,16532.56,0.0,0.66,False,0.0
2017-W36,garden_tools,43,6806.63,136.13,0,8619.25,4247.99,7786.59,17115.22,123.27,-0.43,False,0.0
2017-W37,garden_tools,51,11003.49,174.66,0,8912.0,3993.86,8383.14,16899.73,924.27,0.52,False,0.0
2017-W38,garden_tools,36,9904.87,210.74,0,8316.68,3075.65,8383.14,14467.98,2165.38,0.52,False,0.0
2017-W39,garden_tools,42,12661.8,200.98,0,8968.49,2730.54,9932.26,14429.56,3507.42,1.35,False,0.0
2017-W40,garden_tools,56,17803.97,204.64,0,9849.52,2628.58,10354.44,15106.67,4592.37,3.03,True,0.0
2017-W41,garden_tools,38,7167.42,140.54,0,10830.06,3853.3,10876.36,18536.66,3123.47,-0.95,False,0.0
2017-W42,garden_tools,43,8564.55,145.16,0,10159.26,3979.37,10327.05,18117.99,2200.53,-0.4,False,0.0
2017-W43,garden_tools,50,10395.85,165.01,0,10582.74,3528.04,10327.05,17638.82,3526.67,-0.05,False,0.0
2017-W44,garden_tools,50,17311.46,243.82,0,10538.57,3527.87,10150.36,17594.31,3482.83,1.92,False,0.0
2017-W45,garden_tools,56,15584.84,205.06,0,11851.68,3877.99,10699.67,19607.66,4095.69,0.96,False,0.0
2017-W46,garden_tools,67,18297.36,212.76,1,12424.34,4068.44,11528.82,20561.22,4287.47,1.44,False,0.0
2017-W47,garden_tools,219,32036.58,112.41,0,13473.41,4394.89,14123.32,22263.19,4683.62,4.22,True,0.0
2017-W48,garden_tools,75,15376.97,149.29,0,15895.25,7857.8,16448.15,31610.86,179.65,-0.07,False,0.0
2017-W49,garden_tools,86,18651.62,169.56,0,15591.88,7820.35,15480.9,31232.57,0.0,0.39,False,0.0
2017-W50,garden_tools,49,27296.58,349.96,1,17027.4,7071.16,16448.15,31169.73,2885.08,1.45,False,0.0
2017-W51,garden_tools,36,9282.71,197.5,0,19368.91,6969.16,17804.41,33307.23,5430.59,-1.45,False,0.0
2017-W52,garden_tools,59,9154.86,120.46,0,19229.76,7181.77,17804.41,33593.31,4866.22,-1.4,False,0.0
2018-W01,garden_tools,29,5583.33,150.9,0,18210.19,8022.76,16941.1,34255.71,2164.67,-1.57,False,0.0
2018-W02,garden_tools,49,8427.17,133.76,0,16960.0,9185.34,16837.16,35330.69,0.0,-0.93,False,0.0
2018-W03,garden_tools,48,7389.74,136.85,0,15726.23,9632.07,12329.84,34990.36,0.0,-0.87,False,0.0
2018-W04,garden_tools,59,14559.56,207.99,1,12645.37,7338.48,9218.78,27322.33,0.0,0.26,False,0.0
2018-W05,garden_tools,46,9110.47,149.35,2,12543.2,7300.61,9218.78,27144.41,0.0,-0.47,False,0.0
2018-W06,garden_tools,68,11352.09,133.55,0,11350.55,6930.1,9132.67,25210.74,0.0,0.0,False,0.0
2018-W07,garden_tools,69,16591.73,174.65,0,9357.49,2676.07,9132.67,14709.63,4005.35,2.7,True,0.0
2018-W08,garden_tools,39,5553.35,129.15,0,10271.12,3699.04,9132.67,17669.2,2873.04,-1.28,False,0.0
2018-W09,garden_tools,56,16521.73,214.57,0,9820.93,4056.22,8768.82,17933.36,1708.5,1.65,False,0.0
2018-W10,garden_tools,44,14371.95,239.53,0,11188.23,4262.09,10231.28,19712.4,2664.06,0.75,False,0.0
2018-W11,garden_tools,44,11237.88,190.47,2,11931.33,4230.04,12862.02,20391.41,3471.24,-0.16,False,0.0
2018-W12,garden_tools,47,10614.58,171.2,0,12412.34,3840.7,12862.02,20093.74,4730.95,-0.47,False,0.0
2018-W13,garden_tools,52,12751.86,196.18,0,11919.22,3778.37,11294.98,19475.97,4362.48,0.22,False,0.0
2018-W14,garden_tools,40,7003.46,142.93,0,12374.4,3607.12,12051.98,19588.64,5160.15,-1.49,False,0.0
2018-W15,garden_tools,45,7477.77,146.62,0,11830.82,4079.87,11994.87,19990.56,3671.08,-1.07,False,0.0
2018-W16,garden_tools,63,14423.79,163.91,0,10691.57,3825.05,10926.23,18341.67,3041.47,0.98,False,0.0
2018-W17,garden_tools,65,16343.7,217.92,0,11800.38,3382.93,11994.87,18566.24,5034.51,1.34,False,0.0
2018-W18,garden_tools,72,12929.23,123.14,0,11778.12,3347.84,11994.87,18473.81,5082.44,0.34,False,0.0
2018-W19,garden_tools,56,15867.96,251.87,0,11597.78,3224.75,11994.87,18047.29,5148.28,1.32,False,0.0
2018-W20,garden_tools,66,20328.68,233.66,0,12176.54,3550.02,12840.54,19276.58,5076.51,2.3,True,0.0
2018-W21,garden_tools,28,8673.74,197.13,0,13390.81,4479.17,13676.51,22349.14,4432.47,-1.05,False,0.0
2018-W22,garden_tools,27,4169.02,134.48,0,12881.04,4783.96,13676.51,22448.97,3313.12,-1.82,False,0.0
2018-W23,garden_tools,36,8403.01,175.06,0,12526.74,5352.61,13676.51,23231.96,1821.51,-0.77,False,0.0
2018-W24,garden_tools,40,5341.25,124.22,0,12642.39,5236.67,13676.51,23115.74,2169.04,-1.39,False,0.0
2018-W25,garden_tools,23,5127.88,165.42,0,11507.07,5754.26,10801.48,23015.6,0.0,-1.11,False,0.0
2018-W26,garden_tools,47,15113.08,222.25,0,10105.1,5773.81,8538.38,21652.71,0.0,0.87,False,0.0
2018-W27,garden_tools,33,8358.46,225.9,0,10378.08,5974.54,8538.38,22327.16,0.0,-0.34,False,0.0
2018-W28,garden_tools,20,4661.2,202.66,0,9439.39,5564.64,8380.74,20568.68,0.0,-0.86,False,0.0
2018-W29,garden_tools,40,7878.26,175.07,0,7480.96,3592.2,6849.86,14665.36,296.55,0.11,False,0.0
2018-W30,garden_tools,45,14128.86,227.88,0,7381.52,3565.38,6609.76,14512.28,250.76,1.89,False,0.0
2018-W31,garden_tools,29,4418.54,122.74,1,8626.5,3996.25,8118.36,16619.0,634.0,-1.05,False,0.0
2018-W32,garden_tools,47,12197.71,221.78,0,8128.44,4267.19,6609.76,16662.83,0.0,0.95,False,0.0
2018-W33,garden_tools,36,8015.04,186.4,0,8985.5,4315.7,8118.36,17616.9,354.1,-0.22,False,0.0
2018-W34,garden_tools,17,2193.25,121.85,0,9346.39,4060.18,8186.75,17466.75,1226.04,-1.76,False,0.0
2018-W35,garden_tools,1,361.98,180.99,0,7731.41,4007.9,7946.65,15747.22,0.0,-1.84,False,0.0
2016-W40,health_beauty,39,5334.89,121.25,2,,,,,,,False,
2016-W41,health_beauty,5,727.27,121.21,0,,,,,,,False,
2017-W01,health_beauty,2,1056.14,176.02,0,,,,,,,False,
2017-W02,health_beauty,4,775.6,193.9,0,,,,,,,False,
2017-W03,health_beauty,17,4029.44,223.86,0,1973.48,2245.63,915.87,6464.73,0.0,0.92,False,0.0
2017-W04,health_beauty,44,5644.56,122.71,0,2384.67,2151.17,1056.14,6687.01,0.0,1.52,False,0.0
2017-W05,health_beauty,60,13816.76,209.34,0,2927.98,2339.48,2542.79,7606.95,0.0,4.65,True,0.0
2017-W06,health_beauty,48,5966.01,104.67,0,4483.52,4636.69,4029.44,13756.9,0.0,0.32,False,0.0
2017-W07,health_beauty,26,5514.83,190.17,0,4668.83,4324.62,4682.16,13318.08,0.0,0.2,False,0.0
2017-W08,health_beauty,34,6276.99,130.77,0,4691.33,4329.05,4772.14,13349.42,0.0,0.37,False,0.0
2017-W09,health_beauty,25,4648.89,149.96,0,5385.04,4037.95,5579.7,13460.94,0.0,-0.18,False,0.0
2017-W10,health_beauty,40,7007.76,162.97,0,5834.14,3670.82,5579.7,13175.77,0.0,0.32,False,0.0
2017-W11,health_beauty,50,9261.04,171.5,1,6613.16,3053.29,5805.28,12719.73,506.58,0.87,False,0.0
2017-W12,health_beauty,53,7607.06,135.84,0,7267.1,2980.23,6121.5,13227.56,1306.65,0.11,False,0.0
2017-W13,health_beauty,39,5840.56,129.79,0,7512.42,2907.47,6642.38,13327.37,1697.47,-0.58,False,0.0
2017-W14,health_beauty,35,4381.26,112.34,0,6515.39,1427.87,6121.5,9371.14,3659.65,-1.49,False,0.0
2017-W15,health_beauty,34,6155.63,170.99,1,6317.3,1612.92,6058.78,9543.13,3091.46,-0.1,False,0.0
2017-W16,health_beauty,46,8731.97,164.75,0,6397.4,1583.01,6216.31,9563.41,3231.38,1.47,False,0.0
2017-W17,health_beauty,49,7753.79,146.3,0,6704.27,1781.8,6581.7,10267.88,3140.67,0.59,False,0.0
2017-W18,health_beauty,65,12918.73,179.43,0,7092.38,1598.91,7307.41,10290.2,3894.56,3.64,True,0.0
2017-W19,health_beauty,58,16041.31,229.16,0,7831.26,2604.04,7680.42,13039.34,2623.17,3.15,True,0.0
2017-W20,health_beauty,58,10810.74,174.37,0,8678.79,3911.18,7680.42,16501.16,856.42,0.55,False,0.0
2017-W21,health_beauty,54,11067.31,187.58,0,9079.25,3949.6,8242.88,16978.44,1180.06,0.5,False,0.0
2017-W22,health_beauty,73,14524.4,170.88,0,9732.59,3765.32,9771.36,17263.24,2201.95,1.27,False,0.0
2017-W23,health_beauty,52,13575.98,242.43,0,11000.48,3395.54,10939.02,17791.56,4209.41,0.76,False,0.0
2017-W24,health_beauty,51,5727.1,98.74,1,11928.03,2853.21,11993.02,17634.45,6221.61,-2.17,True,494.51
2017-W25,health_beauty,54,10057.33,162.22,0,11552.42,3466.03,11993.02,18484.49,4620.35,-0.43,False,0.0
2017-W26,health_beauty,55,10961.79,171.28,0,11840.36,3190.08,11993.02,18220.52,5460.21,-0.28,False,0.0
2017-W27,health_beauty,59,9110.76,144.62,1,11595.74,3170.54,11014.55,17936.83,5254.66,-0.78,False,0.0
2017-W28,health_beauty,62,11976.03,126.06,0,10729.43,2693.23,10886.26,16115.89,5342.96,0.46,False,0.0
2017-W29,health_beauty,68,9227.08,126.4,0,10875.09,2729.53,11014.55,16334.14,5416.03,-0.6,False,0.0
2017-W30,health_beauty,66,15103.88,218.9,0,10645.06,2787.93,10509.56,16220.92,5069.2,1.6,False,0.0
2017-W31,health_beauty,75,12765.29,159.57,0,10717.49,2908.06,10509.56,16533.61,4901.37,0.7,False,0.0
2017-W32,health_beauty,66,14539.72,196.48,0,10616.16,2806.58,10509.56,16229.31,5003.01,1.4,False,0.0
2017-W33,health_beauty,81,16497.57,191.83,0,11717.74,2296.64,11468.91,16311.01,7124.46,2.08,True,0.0
2017-W34,health_beauty,76,11027.12,139.58,1,12522.76,2721.0,12370.66,17964.77,7080.76,-0.55,False,0.0
2017-W35,health_beauty,85,11550.25,126.93,0,12530.93,2715.74,12370.66,17962.42,7099.45,-0.36,False,0.0
2017-W36,health_beauty,81,17270.4,198.51,0,12835.87,2394.85,12370.66,17625.56,8046.17,1.85,False,0.0
2017-W37,health_beauty,100,18563.37,168.76,0,13497.66,2817.52,13652.5,19132.71,7862.62,1.8,False,0.0
2017-W38,health_beauty,78,14667.39,161.18,0,14664.7,2728.08,14821.8,20120.85,9208.55,0.0,False,0.0
2017-W39,health_beauty,79,13758.31,167.78,0,14610.14,2722.4,14603.56,20054.93,9165.35,-0.31,False,0.0
2017-W40,health_beauty,72,11075.54,145.73,0,14734.27,2647.88,14603.56,20030.03,9438.5,-1.38,False,0.0
2017-W41,health_beauty,66,9859.76,138.87,2,14301.24,2950.24,14212.85,20201.72,8400.77,-1.51,False,0.0
2017-W42,health_beauty,99,18235.39,161.38,0,13471.52,3169.56,12654.28,19810.63,7132.4,1.5,False,0.0
2017-W43,health_beauty,73,12190.89,125.68,0,14372.55,3392.16,14212.85,21156.87,7588.23,-0.64,False,0.0
2017-W44,health_beauty,56,9856.02,151.63,0,14452.63,3322.87,14212.85,21098.37,7806.9,-1.38,False,0.0
2017-W45,health_beauty,78,12842.25,145.93,0,13525.83,3456.0,12974.6,20437.83,6613.83,-0.2,False,0.0
2017-W46,health_beauty,82,17349.13,197.15,1,12810.69,2793.02,12516.57,18396.73,7224.66,1.62,False,0.0
2017-W47,health_beauty,221,45208.54,177.29,0,13145.91,3181.59,12516.57,19509.1,6782.72,10.08,True,0.0
2017-W48,health_beauty,172,30133.93,155.33,0,17077.19,11801.06,12516.57,40679.31,0.0,1.11,False,0.0
2017-W49,health_beauty,130,21905.53,157.59,0,19459.49,12328.31,15095.69,44116.12,0.0,0.2,False,0.0
2017-W50,health_beauty,112,24090.98,199.1,0,20965.21,11708.37,17792.26,44381.95,0.0,0.27,False,0.0
2017-W51,health_beauty,69,11031.25,134.53,0,21697.16,11696.36,19627.33,45089.89,0.0,-0.91,False,0.0
2017-W52,health_beauty,57,7545.64,117.9,0,21552.2,11837.34,19627.33,45226.89,0.0,-1.18,False,0.0
2018-W01,health_beauty,99,15302.08,137.86,0,21263.41,12186.5,19627.33,45636.4,0.0,-0.49,False,0.0
2018-W02,health_beauty,146,20450.88,129.44,0,21570.88,11972.83,19627.33,45516.54,0.0,-0.09,False,0.0
2018-W03,health_beauty,144,21875.18,133.39,0,21958.6,11866.33,21178.2,45691.26,0.0,-0.01,False,0.0
2018-W04,health_beauty,136,26786.48,172.82,1,19041.93,7339.33,21163.03,33720.59,4363.28,1.06,False,0.0
2018-W05,health_beauty,124,23473.79,166.48,4,18623.5,6682.65,21163.03,31988.81,5258.19,0.73,False,0.0
2018-W06,health_beauty,136,24793.71,164.2,3,18819.54,6814.39,21163.03,32448.31,5190.76,0.88,False,0.0
2018-W07,health_beauty,152,28362.92,161.15,0,18907.38,6896.09,21163.03,32699.55,5115.2,1.37,False,0.0
2018-W08,health_beauty,156,28440.93,158.01,3,21073.84,6789.89,22674.48,34653.61,7494.06,1.09,False,0.0
2018-W09,health_beauty,184,37863.11,187.44,2,23685.75,4462.59,24133.75,32610.93,14760.56,3.18,True,0.0
2018-W10,health_beauty,160,33913.19,189.46,0,26505.88,5431.26,25790.1,37368.39,15643.36,1.36,False,0.0
2018-W11,health_beauty,131,26514.17,185.41,0,28188.66,5372.43,27574.7,38933.52,17443.8,-0.31,False,0.0
2018-W12,health_beauty,131,22058.23,151.08,0,28768.54,4815.08,27574.7,38398.69,19138.38,-1.39,False,0.0
2018-W13,health_beauty,124,18247.96,129.42,2,28177.51,5353.24,27438.54,38883.98,17471.03,-1.85,False,0.0
2018-W14,health_beauty,130,25768.63,177.71,0,27524.28,6252.51,27438.54,40029.3,15019.25,-0.28,False,0.0
2018-W15,health_beauty,139,29680.34,178.8,0,27646.14,6200.98,27438.54,40048.1,15244.19,0.33,False,0.0
2018-W16,health_beauty,141,25829.4,169.93,0,27810.82,6240.1,27477.55,40291.02,15330.62,-0.32,False,0.0
2018-W17,health_beauty,165,27562.65,148.99,0,27484.38,6270.66,26171.78,40025.7,14943.05,0.01,False,0.0
2018-W18,health_beauty,198,40765.75,168.45,1,26196.82,4694.59,26171.78,35586.0,16807.64,3.1,True,0.0
2018-W19,health_beauty,218,40181.98,158.2,0,27053.39,6558.7,26171.78,40170.79,13935.99,2.0,True,0.0
2018-W20,health_beauty,152,30348.31,175.42,1,28761.87,8016.36,26696.02,44794.58,12729.16,0.2,False,0.0
2018-W21,health_beauty,90,13780.42,133.79,3,29798.13,7548.14,28621.5,44894.41,14701.84,-2.12,True,921.42
2018-W22,health_beauty,106,27906.61,234.51,0,29239.68,8614.66,28621.5,46469.01,12010.36,-0.15,False,0.0
2018-W23,health_beauty,183,36755.09,184.7,1,29506.93,8524.29,28793.48,46555.51,12458.36,0.85,False,0.0
2018-W24,health_beauty,194,37028.24,165.3,0,30391.28,8903.4,29127.46,48198.07,12584.48,0.75,False,0.0
2018-W25,health_beauty,205,33059.05,143.74,0,31791.13,8963.86,33551.7,49718.85,13863.41,0.14,False,0.0
2018-W26,health_beauty,167,25914.88,133.58,0,32478.18,8802.65,34907.07,50083.48,14872.88,-0.75,False,0.0
2018-W27,health_beauty,164,28388.61,155.13,0,30621.82,8360.03,31703.68,47341.89,13901.75,-0.27,False,0.0
2018-W28,health_beauty,133,30466.7,205.86,0,29147.65,7420.4,29368.46,43988.45,14306.85,0.18,False,0.0
2018-W29,health_beauty,204,34273.01,156.5,2,29162.45,7423.25,29427.66,44008.96,14315.94,0.69,False,0.0
2018-W30,health_beauty,140,39610.56,222.53,0,31724.02,4187.58,31762.88,40099.18,23348.87,1.88,False,0.0
2018-W31,health_beauty,221,44352.85,178.12,1,33187.02,4679.02,33666.03,42545.06,23828.98,2.39,True,0.0
2018-W32,health_beauty,239,48992.05,181.45,3,34136.74,6070.79,33666.03,46278.32,21995.16,2.45,True,0.0
2018-W33,health_beauty,219,40044.94,163.45,3,35632.21,8039.27,33666.03,51710.76,19553.67,0.55,False,0.0
2018-W34,health_beauty,136,24993.02,170.02,0,36505.45,8099.03,36941.79,52703.51,20307.39,-1.42,False,0.0
2018-W35,health_beauty,14,1570.04,104.67,0,36390.22,8275.87,36941.79,52941.95,19838.48,-4.21,True,18268.44
2017-W06,home_appliances,1,174.28,174.28,0,,,,,,,False,
2017-W07,home_appliances,6,681.12,113.52,0,,,,,,,False,
2017-W09,home_appliances,2,229.9,76.63,0,,,,,,,False,
2017-W10,home_appliances,1,41.52,41.52,0,,,,,,,False,
2017-W11,home_appliances,4,186.0,46.5,0,281.7,277.76,202.09,837.22,0.0,-0.34,False,0.0
2017-W12,home_appliances,2,98.43,49.22,0,262.56,244.32,186.0,751.21,0.0,-0.67,False,0.0
2017-W14,home_appliances,2,83.14,41.57,0,235.21,228.57,180.14,692.35,0.0,-0.67,False,0.0
2017-W15,home_appliances,2,91.79,45.89,0,213.48,216.43,174.28,646.34,0.0,-0.56,False,0.0
2017-W16,home_appliances,2,142.62,71.31,0,198.27,204.94,136.36,608.15,0.0,-0.27,False,0.0
2017-W17,home_appliances,3,412.86,103.22,0,194.32,205.77,120.52,605.86,0.0,1.06,False,0.0
2017-W18,home_appliances,10,734.71,73.47,0,160.78,118.43,120.52,397.65,0.0,4.85,True,0.0
2017-W19,home_appliances,6,794.59,132.43,0,223.88,236.33,120.52,696.53,0.0,2.41,True,0.0
2017-W20,home_appliances,5,357.4,71.48,0,318.02,295.81,164.31,909.63,0.0,0.13,False,0.0
2017-W21,home_appliances,2,93.85,46.92,0,339.44,291.05,250.01,921.54,0.0,-0.84,False,0.0
2017-W22,home_appliances,8,673.42,67.34,0,338.87,291.59,250.01,922.05,0.0,1.15,False,0.0
2017-W23,home_appliances,7,400.89,50.11,0,412.66,292.32,385.13,997.29,0.0,-0.04,False,0.0
2017-W24,home_appliances,10,712.14,71.21,0,451.29,262.79,406.88,976.87,0.0,0.99,False,0.0
2017-W25,home_appliances,11,1088.87,98.99,0,522.48,243.67,543.14,1009.82,35.15,2.32,True,0.0
2017-W26,home_appliances,13,926.49,66.18,0,606.98,308.75,692.78,1224.48,0.0,1.03,False,0.0
2017-W27,home_appliances,5,303.82,60.76,0,630.96,326.99,692.78,1284.93,0.0,-1.0,False,0.0
2017-W28,home_appliances,3,149.38,49.79,0,569.61,337.76,537.16,1245.13,0.0,-1.24,False,0.0
2017-W29,home_appliances,13,2114.05,162.62,0,543.61,363.46,537.16,1270.53,0.0,4.32,True,0.0
2017-W30,home_appliances,12,1352.59,112.72,0,796.13,618.59,692.78,2033.31,0.0,0.9,False,0.0
2017-W31,home_appliances,5,1161.01,165.86,0,881.03,645.37,819.32,2171.77,0.0,0.43,False,0.0
2017-W32,home_appliances,11,1408.27,128.02,0,976.04,620.04,1007.68,2216.12,0.0,0.7,False,0.0
2017-W33,home_appliances,16,1435.76,84.46,0,1063.06,626.53,1124.94,2316.11,0.0,0.59,False,0.0
2017-W34,home_appliances,6,424.04,70.67,0,1106.42,640.42,1256.8,2387.26,0.0,-1.07,False,0.0
2017-W35,home_appliances,17,2427.5,142.79,0,1043.62,683.76,1256.8,2411.13,0.0,2.02,True,0.0
2017-W36,home_appliances,1,670.3,670.3,0,1309.08,763.15,1380.43,2835.37,0.0,-0.84,False,0.0
2017-W38,home_appliances,3,262.92,87.64,0,1374.19,666.12,1380.43,2706.42,41.96,-1.67,False,0.0
2017-W39,home_appliances,2,200.87,100.44,0,1142.8,693.35,1256.8,2529.5,0.0,-1.36,False,0.0
2017-W40,home_appliances,2,180.31,90.16,0,998.83,759.94,915.66,2518.72,0.0,-1.08,False,0.0
2017-W41,home_appliances,2,898.06,449.03,0,876.25,807.64,547.17,2491.54,0.0,0.03,False,0.0
2017-W42,home_appliances,3,990.65,330.22,0,812.47,779.28,547.17,2371.03,0.0,0.23,False,0.0
2017-W43,home_appliances,1,164.26,164.26,0,756.83,743.49,547.17,2243.8,0.0,-0.8,False,0.0
2017-W45,home_appliances,1,50.63,50.63,0,724.36,765.45,466.61,2255.25,0.0,-0.88,False,0.0
2017-W46,home_appliances,1,33.23,33.23,0,427.25,368.08,231.9,1163.41,0.0,-1.07,False,0.0
2017-W47,home_appliances,10,3108.36,310.84,0,347.62,376.8,190.59,1101.21,0.0,7.33,True,0.0
2017-W48,home_appliances,18,2279.35,126.63,0,703.3,1041.72,190.59,2786.74,0.0,1.51,False,0.0
2017-W49,home_appliances,7,597.52,85.36,0,963.11,1151.88,539.18,3266.87,0.0,-0.32,False,0.0
2017-W51,home_appliances,1,188.56,188.56,0,1015.26,1120.39,747.79,3256.04,0.0,-0.74,False,0.0
2017-W52,home_appliances,3,485.17,161.72,0,926.57,1158.43,393.04,3243.43,0.0,-0.38,False,0.0
2018-W01,home_appliances,4,338.83,67.77,0,863.38,1168.18,336.86,3199.74,0.0,-0.45,False,0.0
2018-W02,home_appliances,9,621.84,69.09,0,885.21,1154.81,412.0,3194.82,0.0,-0.23,False,0.0
2018-W03,home_appliances,9,673.54,74.84,0,956.61,1112.73,541.34,3182.06,0.0,-0.25,False,0.0
2018-W04,home_appliances,3,394.82,131.61,0,1036.65,1058.53,609.68,3153.7,0.0,-0.61,False,0.0
2018-W05,home_appliances,8,982.58,109.18,0,697.45,659.32,541.34,2016.09,0.0,0.43,False,0.0
2018-W06,home_appliances,9,1715.31,190.59,0,535.36,242.49,541.34,1020.34,50.38,4.87,True,0.0
2018-W07,home_appliances,8,537.49,67.19,1,675.08,484.6,553.5,1644.28,0.0,-0.28,False,0.0
2018-W08,home_appliances,15,2747.07,183.14,0,718.7,448.94,579.66,1616.59,0.0,4.52,True,0.0
2018-W09,home_appliances,14,1026.75,68.45,0,1001.44,830.76,647.69,2662.95,0.0,0.03,False,0.0
2018-W10,home_appliances,17,3449.88,202.93,0,1087.42,786.81,828.06,2661.05,0.0,3.0,True,0.0
2018-W11,home_appliances,14,1222.65,81.51,0,1440.93,1114.72,1004.66,3670.37,0.0,-0.2,False,0.0
2018-W12,home_appliances,23,4551.95,197.91,0,1509.57,1076.99,1124.7,3663.54,0.0,2.82,True,0.0
2018-W13,home_appliances,13,1901.2,146.25,0,2029.21,1412.82,1468.98,4854.86,0.0,-0.09,False,0.0
2018-W14,home_appliances,24,3279.51,131.18,0,2144.04,1351.61,1808.26,4847.26,0.0,0.84,False,0.0
2018-W15,home_appliances,37,8865.9,233.31,0,2339.56,1393.23,2324.14,5126.02,0.0,4.68,True,0.0
2018-W16,home_appliances,25,3533.13,141.33,0,3380.61,2514.61,3013.29,8409.84,0.0,0.06,False,0.0
2018-W17,home_appliances,19,1642.15,78.2,0,3478.87,2501.64,3364.7,8482.16,0.0,-0.73,False,0.0
2018-W18,home_appliances,10,690.25,69.03,0,3555.8,2423.72,3364.7,8403.23,0.0,-1.18,False,0.0
2018-W19,home_appliances,12,1792.46,149.37,0,3210.84,2628.66,2590.36,8468.17,0.0,-0.54,False,0.0
2018-W20,home_appliances,22,3182.0,138.35,0,3282.07,2574.25,2590.36,8430.57,0.0,-0.04,False,0.0
2018-W21,home_appliances,13,1030.45,73.6,0,3110.82,2522.76,2541.6,8156.34,0.0,-0.82,False,0.0
2018-W22,home_appliances,17,1707.64,100.45,0,3001.98,2600.01,2487.23,8201.99,0.0,-0.5,False,0.0
2018-W23,home_appliances,14,1486.26,106.16,0,2805.5,2635.19,1750.05,8075.88,0.0,-0.5,False,0.0
2018-W24,home_appliances,15,1518.5,101.23,0,1883.04,986.64,1674.9,3856.32,0.0,-0.37,False,0.0
2018-W25,home_appliances,12,1678.58,139.88,0,1631.21,728.69,1580.32,3088.6,173.83,0.07,False,0.0
2018-W26,home_appliances,17,1821.37,107.14,0,1635.77,728.88,1598.54,3093.54,178.0,0.25,False,0.0
2018-W27,home_appliances,14,1195.57,85.4,0,1777.16,620.99,1693.11,3019.14,535.17,-0.94,False,0.0
2018-W28,home_appliances,10,560.72,56.07,0,1702.55,653.88,1598.54,3010.3,394.79,-1.75,False,0.0
2018-W29,home_appliances,21,2077.16,98.91,0,1374.89,422.41,1502.38,2219.7,530.07,1.66,False,0.0
2018-W30,home_appliances,19,1522.95,80.16,0,1505.72,460.84,1598.54,2427.4,584.05,0.04,False,0.0
2018-W31,home_appliances,22,2130.5,92.63,0,1482.64,453.85,1520.72,2390.34,574.94,1.43,False,0.0
2018-W32,home_appliances,19,1705.68,77.53,0,1563.17,508.45,1600.76,2580.08,546.26,0.28,False,0.0
2018-W33,home_appliances,26,2406.31,89.12,1,1586.57,510.41,1692.13,2607.38,565.75,1.61,False,0.0
2018-W34,home_appliances,9,575.29,63.92,0,1677.53,588.09,1763.52,2853.71,501.36,-1.87,False,0.0
2017-W03,home_appliances_2,1,485.38,485.38,0,,,,,,,False,
2017-W04,home_appliances_2,3,928.34,71.41,0,,,,,,,False,
2017-W05,home_appliances_2,4,934.97,186.99,0,,,,,,,False,
2017-W09,home_appliances_2,1,32.53,32.53,0,,,,,,,False,
2017-W11,home_appliances_2,1,535.9,535.9,0,595.31,430.15,706.86,1455.6,0.0,-0.14,False,0.0
2017-W15,home_appliances_2,1,477.13,477.13,0,583.42,373.47,535.9,1330.36,0.0,-0.28,False,0.0
2017-W16,home_appliances_2,1,469.84,469.84,0,565.71,336.84,510.64,1239.4,0.0,-0.28,False,0.0
2017-W18,home_appliances_2,3,2602.84,867.61,0,552.01,309.62,485.38,1171.26,0.0,6.62,True,0.0
2017-W19,home_appliances_2,2,217.02,108.51,0,808.37,779.68,510.64,2367.74,0.0,-0.76,False,0.0
2017-W20,home_appliances_2,3,528.16,176.05,0,774.82,801.05,506.52,2376.91,0.0,-0.31,False,0.0
2017-W21,home_appliances_2,1,105.37,105.37,0,724.8,802.58,502.64,2329.97,0.0,-0.77,False,0.0
2017-W22,home_appliances_2,1,257.3,257.3,0,621.1,824.84,473.48,2270.77,0.0,-0.44,False,0.0
2017-W23,home_appliances_2,1,160.65,160.65,0,649.2,805.52,473.48,2260.24,0.0,-0.61,False,0.0
2017-W24,home_appliances_2,1,302.91,302.91,0,602.29,823.78,363.57,2249.85,0.0,-0.36,False,0.0
2017-W25,home_appliances_2,2,498.14,124.54,0,580.51,829.84,280.1,2240.2,0.0,-0.1,False,0.0
2017-W26,home_appliances_2,3,519.39,173.13,0,584.05,829.37,280.1,2242.78,0.0,-0.08,False,0.0
2017-W27,home_appliances_2,1,202.48,202.48,0,323.62,169.45,280.1,662.53,0.0,-0.71,False,0.0
2017-W28,home_appliances_2,1,176.36,176.36,0,321.8,170.83,280.1,663.47,0.0,-0.85,False,0.0
2017-W30,home_appliances_2,3,624.72,208.24,0,277.82,154.64,229.89,587.1,0.0,2.24,True,0.0
2017-W31,home_appliances_2,1,839.4,419.7,0,342.74,178.99,280.1,700.73,0.0,2.77,True,0.0
2017-W32,home_appliances_2,3,752.68,250.89,1,415.51,245.32,400.52,906.15,0.0,1.37,False,0.0
2017-W33,home_appliances_2,7,1635.27,233.61,1,489.51,246.75,508.76,983.01,0.0,4.64,True,0.0
2017-W34,home_appliances_2,4,1187.1,296.77,0,656.06,460.16,572.06,1576.38,0.0,1.15,False,0.0
2017-W35,home_appliances_2,2,384.03,192.01,0,742.18,489.9,688.7,1721.97,0.0,-0.73,False,0.0
2017-W36,home_appliances_2,3,1289.53,429.84,0,725.26,500.9,688.7,1727.06,0.0,1.13,False,0.0
2017-W38,home_appliances_2,3,682.09,227.36,0,861.14,486.05,796.04,1833.24,0.0,-0.37,False,0.0
2017-W40,home_appliances_2,1,674.83,674.83,0,924.35,411.43,796.04,1747.21,101.5,-0.61,False,0.0
2017-W41,home_appliances_2,2,1023.45,511.72,0,930.62,406.57,796.04,1743.75,117.48,0.23,False,0.0
2017-W42,home_appliances_2,3,953.18,317.73,0,953.62,405.87,888.06,1765.37,141.88,-0.0,False,0.0
2017-W43,home_appliances_2,3,350.93,87.73,0,978.68,397.8,988.32,1774.29,183.08,-1.58,False,0.0
2017-W44,home_appliances_2,2,794.71,397.36,0,818.14,351.43,817.64,1521.0,115.29,-0.07,False,0.0
2017-W45,home_appliances_2,1,75.16,75.16,0,769.09,318.41,738.4,1405.91,132.28,-2.18,True,57.12
2017-W46,home_appliances_2,4,2252.73,563.18,0,730.48,383.78,738.4,1498.05,0.0,3.97,True,0.0
2017-W47,home_appliances_2,4,1975.97,493.99,0,850.88,645.84,738.4,2142.56,0.0,1.74,False,0.0
2017-W48,home_appliances_2,4,814.68,203.67,0,1012.62,750.98,873.94,2514.58,0.0,-0.26,False,0.0
2017-W49,home_appliances_2,3,738.16,246.05,0,1030.1,743.59,883.93,2517.28,0.0,-0.39,False,0.0
2017-W50,home_appliances_2,2,430.42,215.21,0,994.44,750.76,804.7,2495.96,0.0,-0.75,False,0.0
2017-W51,home_appliances_2,2,695.06,347.53,0,929.1,777.15,766.44,2483.39,0.0,-0.3,False,0.0
2018-W01,home_appliances_2,3,3320.72,1106.91,0,972.11,749.61,766.44,2471.33,0.0,3.13,True,0.0
2018-W02,home_appliances_2,2,1169.11,389.7,0,1287.86,1109.72,776.42,3507.3,0.0,-0.11,False,0.0
2018-W03,home_appliances_2,1,669.71,669.71,0,1424.61,1001.01,991.9,3426.63,0.0,-0.75,False,0.0
2018-W04,home_appliances_2,2,1171.05,585.52,0,1226.73,969.91,776.42,3166.54,0.0,-0.06,False,0.0
2018-W05,home_appliances_2,6,4291.3,715.22,0,1126.11,921.63,776.42,2969.37,0.0,3.43,True,0.0
2018-W06,home_appliances_2,4,4381.72,1095.43,0,1560.69,1432.1,953.64,4424.89,0.0,1.97,False,0.0
2018-W07,home_appliances_2,7,2244.8,320.69,0,2016.14,1689.4,1170.08,5394.94,0.0,0.14,False,0.0
2018-W08,home_appliances_2,4,1292.24,323.06,0,2242.93,1563.18,1707.93,5369.3,0.0,-0.61,False,0.0
2018-W09,home_appliances_2,4,670.66,167.67,0,2317.58,1491.32,1768.52,5300.21,0.0,-1.1,False,0.0
2018-W10,home_appliances_2,1,415.83,415.83,0,1986.32,1530.47,1231.64,5047.26,0.0,-1.03,False,0.0
2018-W11,home_appliances_2,4,2068.85,517.21,0,1892.16,1609.08,1231.64,5110.33,0.0,0.11,False,0.0
2018-W12,home_appliances_2,3,1113.5,371.17,0,2067.06,1531.39,1680.54,5129.84,0.0,-0.62,False,0.0
2018-W13,home_appliances_2,5,4088.32,817.66,0,2059.86,1536.33,1680.54,5132.52,0.0,1.32,False,0.0
2018-W14,home_appliances_2,3,4730.33,1576.78,0,2034.49,1495.34,1680.54,5025.18,0.0,1.8,False,0.0
2018-W15,home_appliances_2,6,5555.96,925.99,0,2078.07,1576.4,1680.54,5230.86,0.0,2.21,True,0.0
2018-W16,home_appliances_2,5,4979.47,829.91,0,2491.96,2003.31,1680.54,6498.58,0.0,1.24,False,0.0
2018-W17,home_appliances_2,6,4375.83,729.3,0,2952.86,2109.22,3078.58,7171.3,0.0,0.67,False,0.0
2018-W18,home_appliances_2,7,7023.61,1003.37,0,3416.01,1936.2,4232.08,7288.4,0.0,1.86,False,0.0
2018-W19,home_appliances_2,6,2911.82,485.3,0,4241.98,1882.16,4553.08,8006.31,477.66,-0.71,False,0.0
2018-W20,home_appliances_2,5,2925.18,585.04,0,4347.35,1762.94,4553.08,7873.24,821.47,-0.81,False,0.0
2018-W21,home_appliances_2,2,307.63,153.81,0,4573.81,1358.06,4553.08,7289.93,1857.7,-3.14,True,1550.07
2018-W22,home_appliances_2,2,538.6,179.53,0,4101.23,2038.49,4553.08,8178.22,24.24,-1.75,False,0.0
2018-W23,home_appliances_2,5,1708.75,341.75,0,3577.26,2366.08,3650.5,8309.43,0.0,-0.79,False,0.0
2018-W24,home_appliances_2,1,36.67,36.67,0,3096.36,2296.41,2918.5,7689.18,0.0,-1.33,False,0.0
2018-W25,home_appliances_2,6,5165.12,860.85,0,2478.51,2380.76,2310.28,7240.03,0.0,1.13,False,0.0
2018-W26,home_appliances_2,5,2139.08,112.58,0,2577.17,2484.7,2310.28,7546.58,0.0,-0.18,False,0.0
2018-W27,home_appliances_2,3,3709.59,1236.53,0,1966.61,1717.77,1923.92,5402.14,0.0,1.01,False,0.0
2018-W28,home_appliances_2,6,5829.3,971.55,0,2066.33,1801.59,1923.92,5669.51,0.0,2.09,True,0.0
2018-W29,home_appliances_2,9,3377.1,337.71,0,2429.34,2238.88,1923.92,6907.11,0.0,0.42,False,0.0
2018-W30,home_appliances_2,3,765.8,255.27,0,2813.03,2080.76,2758.09,6974.55,0.0,-0.98,False,0.0
2018-W31,home_appliances_2,5,2948.94,589.79,0,2841.43,2046.56,2758.09,6934.54,0.0,0.05,False,0.0
2018-W32,home_appliances_2,4,5916.46,1479.12,1,2996.45,1994.82,3163.02,6986.08,0.0,1.46,False,0.0
2018-W33,home_appliances_2,6,2069.85,295.69,0,3731.42,1824.43,3543.34,7380.28,82.57,-0.91,False,0.0
2018-W34,home_appliances_2,1,197.49,197.49,0,3344.52,1805.05,3163.02,6954.62,0.0,-1.74,False,0.0
2017-W04,home_comfort_2,2,95.57,47.78,0,,,,,,,False,
2017-W11,home_comfort_2,1,23.86,11.93,0,,,,,,,False,
2017-W13,home_comfort_2,2,367.03,183.51,0,,,,,,,False,
2017-W14,home_comfort_2,1,23.86,23.86,0,,,,,,,False,
2017-W23,home_comfort_2,1,28.0,28.0,0,127.58,163.17,59.72,453.93,0.0,-0.61,False,0.0
2017-W26,home_comfort_2,1,28.0,28.0,0,107.66,148.16,28.0,403.99,0.0,-0.54,False,0.0
2017-W33,home_comfort_2,1,122.97,122.97,0,94.39,136.45,28.0,367.29,0.0,0.21,False,0.0
2017-W35,home_comfort_2,1,99.0,49.5,0,98.47,125.03,28.0,348.53,0.0,0.0,False,0.0
2017-W36,home_comfort_2,1,29.69,29.69,0,98.54,115.76,61.78,330.05,0.0,-0.59,False,0.0
2017-W42,home_comfort_2,2,56.0,28.0,0,90.3,118.31,28.84,326.93,0.0,-0.29,False,0.0
2017-W43,home_comfort_2,1,252.0,84.0,0,94.32,116.26,42.84,326.85,0.0,1.36,False,0.0
2017-W45,home_comfort_2,1,24.75,24.75,0,79.94,78.79,42.84,237.53,0.0,-0.7,False,0.0
2017-W47,home_comfort_2,2,56.0,28.0,0,80.05,78.7,42.84,237.46,0.0,-0.31,False,0.0
2018-W08,home_comfort_2,2,140.0,46.67,0,83.55,76.65,56.0,236.86,0.0,0.74,False,0.0
2018-W10,home_comfort_2,1,44.33,44.33,0,97.55,75.27,77.5,248.1,0.0,-0.71,False,0.0
2018-W14,home_comfort_2,1,78.06,78.06,0,87.72,76.6,56.0,240.93,0.0,-0.13,False,0.0
2018-W23,home_comfort_2,1,102.76,51.38,0,85.1,76.52,56.0,238.14,0.0,0.23,False,0.0
2018-W28,home_comfort_2,1,106.44,53.22,0,94.24,73.25,67.03,240.74,0.0,0.17,False,0.0
2018-W30,home_comfort_2,1,32.22,32.22,0,100.54,71.64,90.41,243.83,0.0,-0.95,False,0.0
2017-W05,home_confort,1,124.35,124.35,0,,,,,,,False,
2017-W07,home_confort,1,245.78,245.78,0,,,,,,,False,
2017-W09,home_confort,1,101.14,101.14,0,,,,,,,False,
2017-W10,home_confort,3,311.81,103.94,0,,,,,,,False,
2017-W11,home_confort,1,338.83,338.83,0,195.77,100.04,185.06,395.84,0.0,1.43,False,0.0
2017-W12,home_confort,3,1384.15,346.04,0,224.38,107.7,245.78,439.78,8.99,10.77,True,0.0
2017-W13,home_confort,6,1293.32,215.55,0,417.68,483.17,278.8,1384.02,0.0,1.81,False,0.0
2017-W14,home_confort,2,388.17,194.08,0,542.77,551.44,311.81,1645.64,0.0,-0.28,False,0.0
2017-W16,home_confort,12,2411.11,120.56,0,523.44,513.45,325.32,1550.34,0.0,3.68,True,0.0
2017-W17,home_confort,1,57.56,57.56,0,809.29,810.27,363.5,2429.83,0.0,-0.93,False,0.0
2017-W18,home_confort,7,1759.47,219.93,0,785.76,831.43,363.5,2448.61,0.0,1.17,False,0.0
2017-W19,home_confort,5,1163.19,193.87,0,993.05,843.0,840.74,2679.05,0.0,0.2,False,0.0
2017-W20,home_confort,8,1205.58,150.7,0,1099.47,797.21,1228.26,2693.89,0.0,0.13,False,0.0
2017-W21,home_confort,9,1636.5,148.77,0,1207.82,735.58,1249.45,2678.98,0.0,0.58,False,0.0
2017-W22,home_confort,7,1114.92,159.27,0,1239.36,749.5,1249.45,2738.36,0.0,-0.17,False,0.0
2017-W23,home_confort,8,1923.67,106.87,0,1217.06,750.32,1184.38,2717.7,0.0,0.94,False,0.0
2017-W24,home_confort,2,286.91,143.45,0,1409.0,702.89,1421.04,2814.78,3.22,-1.6,False,0.0
2017-W25,home_confort,4,696.18,174.05,0,1143.47,670.74,1184.38,2484.95,0.0,-0.67,False,0.0
2017-W26,home_confort,4,803.01,160.6,0,1223.3,550.21,1184.38,2323.71,122.89,-0.76,False,0.0
2017-W27,home_confort,7,1739.91,217.49,0,1103.74,520.15,1139.06,2144.05,63.44,1.22,False,0.0
2017-W28,home_confort,14,4121.1,242.42,0,1175.84,567.39,1160.25,2310.61,41.06,5.19,True,0.0
2017-W29,home_confort,8,1148.62,114.86,0,1540.28,1187.11,1375.71,3914.5,0.0,-0.33,False,0.0
2017-W30,home_confort,5,1352.84,225.47,0,1479.29,1193.98,1131.77,3867.24,0.0,-0.11,False,0.0
2017-W31,home_confort,5,952.68,158.78,0,1509.03,1186.54,1250.73,3882.12,0.0,-0.47,False,0.0
2017-W32,home_confort,8,2058.79,205.88,0,1387.66,1187.73,1050.65,3763.12,0.0,0.57,False,0.0
2017-W33,home_confort,2,213.06,71.02,0,1609.14,1116.2,1250.73,3841.54,0.0,-1.25,False,0.0
2017-W34,home_confort,4,1168.43,233.69,1,1548.75,1183.68,1250.73,3916.11,0.0,-0.32,False,0.0
2017-W35,home_confort,9,1667.99,185.33,0,1594.43,1157.55,1260.64,3909.53,0.0,0.06,False,0.0
2017-W36,home_confort,1,2769.4,553.88,0,1585.44,1156.54,1260.64,3898.52,0.0,1.02,False,0.0
2017-W37,home_confort,5,2215.89,369.31,0,1416.48,765.96,1260.64,2948.4,0.0,1.04,False,0.0
2017-W38,home_confort,12,2461.19,189.32,0,1549.88,804.61,1510.42,3159.11,0.0,1.13,False,0.0
2017-W39,home_confort,5,1130.81,188.47,0,1688.43,859.39,1863.39,3407.22,0.0,-0.65,False,0.0
2017-W40,home_confort,6,1319.43,219.91,0,1710.7,839.69,1863.39,3390.07,31.32,-0.47,False,0.0
2017-W41,home_confort,8,1593.67,177.07,0,1618.28,836.59,1493.71,3291.45,0.0,-0.03,False,0.0
2017-W42,home_confort,9,1264.42,140.49,0,1790.85,619.54,1630.83,3029.94,551.76,-0.85,False,0.0
2017-W44,home_confort,7,1639.34,204.92,0,1802.85,606.56,1630.83,3015.97,589.73,-0.27,False,0.0
2017-W45,home_confort,3,585.23,195.08,0,1799.27,607.55,1616.5,3014.38,584.16,-2.0,False,0.0
2017-W46,home_confort,5,668.18,111.36,0,1526.25,600.03,1456.55,2726.31,326.18,-1.43,False,0.0
2017-W47,home_confort,16,3924.0,218.0,0,1332.78,595.4,1291.93,2523.59,141.98,4.35,True,0.0
2017-W48,home_confort,15,3399.77,212.49,0,1515.64,1045.75,1291.93,3607.13,0.0,1.8,False,0.0
2017-W49,home_confort,3,870.28,290.09,0,1799.26,1219.69,1456.55,4238.63,0.0,-0.76,False,0.0
2017-W50,home_confort,5,941.25,188.25,0,1743.11,1254.76,1429.04,4252.64,0.0,-0.64,False,0.0
2017-W51,home_confort,1,104.76,104.76,0,1661.56,1286.66,1102.84,4234.88,0.0,-1.21,False,0.0
2017-W52,home_confort,1,100.53,100.53,0,1516.6,1398.28,905.76,4313.16,0.0,-1.01,False,0.0
2018-W01,home_confort,5,1697.5,339.5,0,1324.25,1482.3,769.23,4288.85,0.0,0.25,False,0.0
2018-W02,home_confort,4,710.7,118.45,0,1463.28,1454.99,905.76,4373.27,0.0,-0.52,False,0.0
2018-W03,home_confort,4,666.32,166.58,0,1468.6,1451.75,905.76,4372.09,0.0,-0.55,False,0.0
2018-W04,home_confort,4,591.77,147.94,0,1061.39,1071.79,790.49,3204.96,0.0,-0.44,False,0.0
2018-W05,home_confort,2,282.13,141.06,0,710.39,508.21,688.51,1726.82,0.0,-0.84,False,0.0
2018-W06,home_confort,7,1264.23,180.6,0,636.87,524.07,629.05,1685.02,0.0,1.2,False,0.0
2018-W07,home_confort,5,810.2,162.04,0,677.24,561.94,629.05,1801.13,0.0,0.24,False,0.0
2018-W08,home_confort,5,1456.73,242.79,0,765.42,512.45,688.51,1790.31,0.0,1.35,False,0.0
2018-W09,home_confort,4,421.73,105.43,0,934.95,484.64,760.45,1904.22,0.0,-1.06,False,0.0
2018-W10,home_confort,4,561.76,140.44,0,775.48,400.46,688.51,1576.4,0.0,-0.53,False,0.0
2018-W11,home_confort,7,1091.69,155.96,0,756.86,407.31,629.05,1571.47,0.0,0.82,False,0.0
2018-W12,home_confort,4,638.0,159.5,0,810.03,421.32,700.98,1652.67,0.0,-0.41,False,0.0
2018-W13,home_confort,4,750.32,187.58,0,815.81,418.21,724.1,1652.22,0.0,-0.16,False,0.0
2018-W14,home_confort,5,602.84,33.49,0,874.33,361.81,780.26,1597.95,150.71,-0.75,False,0.0
2018-W15,home_confort,5,972.2,194.44,0,791.66,334.53,694.16,1460.71,122.61,0.54,False,0.0
2018-W16,home_confort,2,1126.45,281.61,0,811.91,340.66,694.16,1493.22,130.6,0.92,False,0.0
2018-W17,home_confort,3,507.64,101.53,0,770.62,262.36,694.16,1295.35,245.9,-1.0,False,0.0
2018-W18,home_confort,1,372.06,372.06,0,781.36,247.37,694.16,1276.1,286.62,-1.65,False,0.0
2018-W19,home_confort,7,1830.05,203.34,0,757.65,278.55,694.16,1314.76,200.54,3.85,True,0.0
2018-W20,home_confort,5,1157.39,192.9,0,849.94,464.98,694.16,1779.91,0.0,0.66,False,0.0
2018-W21,home_confort,6,764.07,127.34,0,914.87,467.42,861.26,1849.7,0.0,-0.32,False,0.0
2018-W23,home_confort,8,1590.77,159.08,0,916.59,466.75,868.14,1850.09,0.0,1.44,False,0.0
2018-W24,home_confort,2,416.28,208.14,0,1040.08,501.29,1049.32,2042.67,37.49,-1.24,False,0.0
2018-W25,home_confort,3,471.37,157.12,0,970.59,548.37,945.26,2067.32,0.0,-0.91,False,0.0
2018-W26,home_confort,3,452.42,150.81,0,888.7,570.24,635.86,2029.19,0.0,-0.77,False,0.0
2018-W27,home_confort,1,103.26,103.26,0,881.8,575.82,617.72,2033.44,0.0,-1.35,False,0.0
2018-W28,home_confort,3,610.96,203.65,0,848.2,616.24,617.72,2080.68,0.0,-0.38,False,0.0
2018-W29,home_confort,9,1368.98,152.11,0,695.82,472.79,541.16,1641.4,0.0,1.42,False,0.0
2018-W30,home_confort,8,1326.97,165.87,0,722.26,506.98,541.16,1736.23,0.0,1.19,False,0.0
2018-W31,home_confort,8,1080.27,98.21,0,792.63,550.79,541.16,1894.2,0.0,0.52,False,0.0
2018-W32,home_confort,4,865.61,173.12,0,728.81,468.54,541.16,1665.89,0.0,0.29,False,0.0
2018-W33,home_confort,5,822.99,164.6,0,784.98,452.37,738.29,1689.72,0.0,0.08,False,0.0
2018-W34,home_confort,1,286.18,286.18,0,828.93,434.27,844.3,1697.47,0.0,-1.25,False,0.0
2017-W06,home_construction,1,203.42,203.42,0,,,,,,,False,
2017-W07,home_construction,1,820.2,410.1,0,,,,,,,False,
2017-W08,home_construction,1,151.05,151.05,0,,,,,,,False,
2017-W10,home_construction,1,925.56,154.26,0,,,,,,,False,
2017-W11,home_construction,2,257.07,85.69,0,525.06,404.49,511.81,1334.04,0.0,-0.66,False,0.0
2017-W12,home_construction,2,307.36,153.68,0,471.46,370.24,257.07,1211.93,0.0,-0.44,False,0.0
2017-W14,home_construction,1,141.08,141.08,0,444.11,337.86,282.22,1119.82,0.0,-0.9,False,0.0
2017-W15,home_construction,1,641.18,641.18,0,400.82,329.0,257.07,1058.82,0.0,0.73,False,0.0
2017-W16,home_construction,2,800.8,400.4,0,430.86,316.23,282.22,1063.32,0.0,1.17,False,0.0
2017-W17,home_construction,1,113.88,113.88,0,505.54,325.25,474.27,1156.04,0.0,-1.2,False,0.0
2017-W18,home_construction,1,637.02,637.02,0,417.25,323.49,282.22,1064.23,0.0,0.68,False,0.0
2017-W19,home_construction,1,141.63,141.63,0,477.99,311.78,472.19,1101.56,0.0,-1.08,False,0.0
2017-W20,home_construction,2,2526.25,631.56,0,380.0,271.62,282.22,923.25,0.0,7.9,True,0.0
2017-W21,home_construction,1,53.53,53.53,0,663.65,798.58,472.19,2260.8,0.0,-0.76,False,0.0
2017-W22,home_construction,1,6579.5,1315.9,0,631.92,819.52,389.32,2270.97,0.0,7.26,True,0.0
2017-W24,home_construction,1,74.97,74.97,0,1436.72,2224.94,639.1,5886.6,0.0,-0.61,False,0.0
2017-W26,home_construction,2,750.31,375.15,0,1365.95,2262.55,389.32,5891.04,0.0,-0.27,False,0.0
2017-W30,home_construction,1,247.6,123.8,0,1359.64,2264.42,389.32,5888.47,0.0,-0.49,False,0.0
2017-W33,home_construction,1,141.43,141.43,0,1376.35,2254.38,442.31,5885.11,0.0,-0.55,False,0.0
2017-W36,home_construction,1,129.86,129.86,0,1314.4,2284.21,194.62,5882.82,0.0,-0.52,False,0.0
2017-W37,home_construction,5,2581.37,368.77,0,1312.93,2285.08,194.52,5883.09,0.0,0.56,False,0.0
2017-W38,home_construction,1,47.02,47.02,0,1319.82,2289.34,194.52,5898.5,0.0,-0.56,False,0.0
2017-W39,home_construction,2,369.47,184.74,0,1319.01,2289.85,194.52,5898.72,0.0,-0.41,False,0.0
2017-W40,home_construction,3,1283.29,256.66,0,542.75,854.59,194.52,2251.94,0.0,0.87,False,0.0
2017-W41,home_construction,6,2591.27,370.18,0,693.79,866.8,308.54,2427.39,0.0,2.19,True,0.0
2017-W42,home_construction,2,674.89,337.44,0,923.91,1097.59,308.54,3119.1,0.0,-0.23,False,0.0
2017-W43,home_construction,4,1148.41,287.1,0,977.32,1070.03,522.18,3117.38,0.0,0.16,False,0.0
2017-W44,home_construction,1,77.86,77.86,0,1103.2,1015.49,911.65,3134.18,0.0,-1.01,False,0.0
2017-W45,home_construction,3,281.95,93.98,0,1096.7,1022.75,911.65,3142.2,0.0,-0.8,False,0.0
2017-W46,home_construction,8,1727.85,215.98,0,809.27,855.3,522.18,2519.87,0.0,1.07,False,0.0
2017-W47,home_construction,15,2911.58,145.58,0,1019.37,847.72,911.65,2714.81,0.0,2.23,True,0.0
2017-W48,home_construction,11,3647.89,280.61,0,1337.14,1026.83,1215.85,3390.8,0.0,2.25,True,0.0
2017-W49,home_construction,8,2755.22,229.6,0,1632.71,1310.31,1438.13,4253.34,0.0,0.86,False,0.0
2017-W50,home_construction,11,3307.89,254.45,0,1653.21,1328.6,1438.13,4310.41,0.0,1.25,False,0.0
2017-W51,home_construction,3,966.18,241.55,0,1982.33,1376.88,2241.54,4736.09,0.0,-0.74,False,0.0
2017-W52,home_construction,3,1990.08,398.02,0,1959.55,1394.05,2241.54,4747.64,0.0,0.02,False,0.0
2018-W01,home_construction,3,1183.89,295.97,0,2198.58,1171.48,2372.65,4541.55,0.0,-0.87,False,0.0
2018-W02,home_construction,10,6306.11,485.09,0,2311.32,990.03,2372.65,4291.37,331.27,4.04,True,0.0
2018-W03,home_construction,5,1812.35,181.24,0,2883.6,1684.34,2833.4,6252.28,0.0,-0.64,False,0.0
2018-W04,home_construction,8,1381.3,106.25,0,2746.2,1726.05,2372.65,6198.29,0.0,-0.79,False,0.0
2018-W05,home_construction,6,2314.19,330.6,1,2462.88,1742.84,1901.22,5948.55,0.0,-0.09,False,0.0
2018-W06,home_construction,7,864.42,123.49,0,2407.75,1739.24,1901.22,5886.23,0.0,-0.89,False,0.0
2018-W07,home_construction,6,1084.67,180.78,0,2102.32,1772.81,1596.82,5647.94,0.0,-0.57,False,0.0
2018-W08,home_construction,8,1759.91,195.55,0,2117.13,1762.43,1596.82,5641.98,0.0,-0.2,False,0.0
2018-W09,home_construction,11,4353.2,229.12,0,2088.36,1766.67,1570.6,5621.7,0.0,1.28,False,0.0
2018-W10,home_construction,5,1097.12,219.42,0,2484.52,1886.18,1786.13,6256.88,0.0,-0.74,False,0.0
2018-W11,home_construction,4,513.86,102.77,0,1833.4,1123.29,1570.6,4079.97,0.0,-1.17,False,0.0
2018-W12,home_construction,10,3215.77,178.65,0,1671.08,1216.69,1239.21,4104.47,0.0,1.27,False,0.0
2018-W13,home_construction,11,2475.73,137.54,0,1900.39,1322.54,1428.52,4545.48,0.0,0.44,False,0.0
2018-W14,home_construction,14,2778.51,163.44,0,1920.58,1330.97,1428.52,4582.52,0.0,0.64,False,0.0
2018-W15,home_construction,11,2984.57,186.54,0,2159.85,1285.24,2117.82,4730.33,0.0,0.64,False,0.0
2018-W16,home_construction,14,4420.03,200.91,0,2397.33,1232.64,2627.12,4862.62,0.0,1.64,False,0.0
2018-W17,home_construction,19,3852.53,183.45,0,2729.85,1385.45,2881.54,5500.75,0.0,0.81,False,0.0
2018-W18,home_construction,13,2088.41,74.59,0,2667.27,1310.95,2881.54,5289.17,45.36,-0.44,False,0.0
2018-W19,home_construction,10,5138.8,302.28,0,2791.18,1181.83,2881.54,5154.83,427.52,1.99,False,0.0
2018-W20,home_construction,13,3130.13,195.63,0,3369.29,1030.15,3100.17,5429.59,1309.0,-0.23,False,0.0
2018-W21,home_construction,15,4742.65,263.48,0,3358.59,1032.41,3057.35,5423.42,1293.76,1.34,False,0.0
2018-W22,home_construction,18,5511.99,239.65,0,3641.95,1066.03,3491.33,5774.02,1509.89,1.75,False,0.0
2018-W23,home_construction,14,3614.22,200.79,0,3983.64,1181.55,4136.28,6346.75,1620.53,-0.31,False,0.0
2018-W24,home_construction,16,2687.94,168.0,0,4062.34,1125.12,4136.28,6312.58,1812.11,-1.22,False,0.0
2018-W25,home_construction,13,2120.64,132.54,0,3845.83,1209.92,3733.38,6265.67,1426.0,-1.43,False,0.0
2018-W26,home_construction,11,2222.66,170.97,0,3629.35,1354.81,3372.18,6338.97,919.72,-1.04,False,0.0
2018-W27,home_construction,13,1873.66,144.13,0,3646.13,1333.67,3372.18,6313.46,978.8,-1.33,False,0.0
2018-W28,home_construction,11,1286.12,107.18,0,3237.99,1311.03,2909.04,5860.04,615.93,-1.49,False,0.0
2018-W29,home_construction,14,2564.11,170.94,0,3007.48,1483.47,2455.3,5974.42,40.55,-0.3,False,0.0
2018-W30,home_construction,15,2691.62,158.33,0,2735.17,1309.16,2393.39,5353.48,116.86,-0.03,False,0.0
2018-W31,home_construction,12,3039.97,217.14,0,2382.62,685.99,2393.39,3754.6,1010.65,0.96,False,0.0
2018-W32,home_construction,21,4641.27,201.79,0,2310.84,556.53,2393.39,3423.91,1197.77,4.19,True,0.0
2018-W33,home_construction,10,1285.42,128.54,0,2555.01,998.56,2393.39,4552.13,557.88,-1.27,False,0.0
2018-W34,home_construction,4,1548.68,387.17,0,2450.6,1089.94,2393.39,4630.49,270.72,-0.83,False,0.0
2016-W40,housewares,8,2687.97,244.36,0,,,,,,,False,
2016-W41,housewares,1,48.55,48.55,0,,,,,,,False,
2017-W02,housewares,2,548.45,274.23,0,,,,,,,False,
2017-W03,housewares,4,764.09,191.02,0,,,,,,,False,
2017-W04,housewares,13,2716.82,135.84,0,1012.26,1156.64,656.27,3325.55,0.0,1.47,False,0.0
2017-W05,housewares,4,608.28,121.66,0,1353.18,1258.75,764.09,3870.69,0.0,-0.59,False,0.0
2017-W06,housewares,24,10325.51,356.05,1,1229.03,1166.21,686.18,3561.45,0.0,7.8,True,0.0
2017-W07,housewares,18,2672.51,140.66,0,2528.52,3599.2,764.09,9726.92,0.0,0.04,False,0.0
2017-W08,housewares,19,3710.22,132.51,1,2546.52,3332.6,1718.3,9211.72,0.0,0.35,False,0.0
2017-W09,housewares,29,2922.12,94.26,0,2674.3,3358.3,1718.3,9390.9,0.0,0.07,False,0.0
2017-W10,housewares,35,6101.72,135.59,0,3033.5,3186.62,2694.66,9406.74,0.0,0.96,False,0.0
2017-W11,housewares,42,9122.62,144.8,1,3727.66,3172.77,2819.47,10073.2,0.0,1.7,False,0.0
2017-W12,housewares,51,5525.23,92.09,1,4772.48,3423.76,3316.17,11620.0,0.0,0.22,False,0.0
2017-W13,housewares,30,2065.51,62.59,0,5123.53,3325.45,4617.72,11774.42,0.0,-0.92,False,0.0
2017-W14,housewares,35,4237.42,90.16,0,5305.68,3073.13,4617.72,11451.93,0.0,-0.35,False,0.0
2017-W15,housewares,24,2872.56,114.9,0,4544.67,2312.02,3973.82,9168.71,0.0,-0.72,False,0.0
2017-W16,housewares,26,5511.75,172.24,1,4569.67,2289.86,3973.82,9149.39,0.0,0.41,False,0.0
2017-W17,housewares,55,13322.22,160.51,5,4794.87,2281.83,4874.58,9358.53,231.21,3.74,True,0.0
2017-W18,housewares,52,7457.82,114.74,0,6094.88,3627.98,5518.49,13350.83,0.0,0.38,False,0.0
2017-W19,housewares,42,3982.23,86.57,0,6264.39,3659.88,5518.49,13584.16,0.0,-0.62,False,0.0
2017-W20,housewares,82,16355.04,168.61,2,5621.84,3535.52,4874.58,12692.87,0.0,3.04,True,0.0
2017-W21,housewares,51,7223.06,104.68,1,6975.57,5182.81,4874.58,17341.19,0.0,0.05,False,0.0
2017-W22,housewares,72,8241.76,99.3,1,7620.26,4790.74,6367.41,17201.74,0.0,0.13,False,0.0
2017-W23,housewares,64,7053.27,96.62,0,8120.8,4591.86,7340.44,17304.53,0.0,-0.23,False,0.0
2017-W24,housewares,55,9141.8,123.54,1,8643.39,4123.23,7340.44,16889.86,396.93,0.12,False,0.0
2017-W25,housewares,71,10566.87,118.73,1,9097.15,3924.31,7849.79,16945.77,1248.53,0.37,False,0.0
2017-W26,housewares,74,11465.84,120.69,0,8752.73,3608.74,7849.79,15970.22,1535.24,0.75,False,0.0
2017-W27,housewares,47,7558.97,130.33,0,9253.73,3680.79,8691.78,16615.31,1892.16,-0.46,False,0.0
2017-W28,housewares,44,7316.01,130.64,0,9700.83,3124.14,8691.78,15949.1,3452.55,-0.76,False,0.0
2017-W29,housewares,46,7266.07,121.1,0,8570.95,1669.79,7900.36,11910.53,5231.36,-0.78,False,0.0
2017-W30,housewares,65,9412.76,103.44,9,8576.32,1664.9,7900.36,11906.11,5246.53,0.5,False,0.0
2017-W31,housewares,65,9416.24,114.83,0,8722.7,1682.66,8350.38,12088.02,5357.38,0.41,False,0.0
2017-W32,housewares,56,8138.09,99.25,0,9018.07,1549.91,9277.28,12117.88,5918.26,-0.57,False,0.0
2017-W33,housewares,53,8300.46,122.07,5,8892.61,1578.82,8775.42,12050.24,5734.98,-0.38,False,0.0
2017-W34,housewares,47,4634.3,89.12,0,8609.3,1431.98,8219.28,11473.27,5745.34,-2.78,True,1111.04
2017-W35,housewares,65,13084.59,157.65,0,7755.36,1519.45,7848.53,10794.27,4716.46,3.51,True,0.0
2017-W36,housewares,42,6740.97,120.37,0,8446.06,2411.48,8219.28,13269.03,3623.1,-0.71,False,0.0
2017-W37,housewares,69,8154.99,98.25,0,8374.18,2458.1,8219.28,13290.38,3457.99,-0.09,False,0.0
2017-W38,housewares,48,4981.11,97.67,0,8485.3,2420.66,8227.72,13326.61,3643.99,-1.45,False,0.0
2017-W39,housewares,43,7372.24,136.52,0,7931.34,2672.11,8146.54,13275.57,2587.12,-0.21,False,0.0
2017-W40,housewares,41,5480.49,109.61,0,7675.84,2606.77,7755.16,12889.38,2462.31,-0.84,False,0.0
2017-W41,housewares,46,9746.03,145.46,0,7343.64,2706.86,7056.6,12757.37,1929.92,0.89,False,0.0
2017-W42,housewares,49,8815.25,129.64,0,7524.34,2825.51,7056.6,13175.36,1873.32,0.46,False,0.0
2017-W43,housewares,40,5688.78,111.54,0,8046.96,2591.57,7763.62,13230.09,2863.82,-0.91,False,0.0
2017-W44,housewares,42,8023.63,154.3,0,7122.48,1705.44,7056.6,10533.35,3711.61,0.53,False,0.0
2017-W45,housewares,57,7239.19,109.68,0,7282.82,1724.63,7697.94,10732.08,3833.55,-0.03,False,0.0
2017-W46,housewares,62,9952.67,132.7,1,7168.34,1688.48,7305.72,10545.31,3791.37,1.65,False,0.0
2017-W47,housewares,140,30051.97,164.22,1,7789.78,1683.36,7697.94,11156.5,4423.07,13.22,True,0.0
2017-W48,housewares,96,14695.73,119.48,0,10624.75,8026.47,8419.44,26677.7,0.0,0.51,False,0.0
2017-W49,housewares,75,11120.46,122.2,0,11776.66,7841.87,9280.64,27460.4,0.0,-0.08,False,0.0
2017-W50,housewares,59,9041.47,117.42,0,11948.46,7806.0,9383.96,27560.46,0.0,-0.37,False,0.0
2017-W51,housewares,52,9433.55,147.4,0,11976.74,7793.43,9497.07,27563.59,0.0,-0.33,False,0.0
2017-W52,housewares,31,5627.08,156.31,0,12444.83,7467.44,9693.11,27379.72,0.0,-0.91,False,0.0
2018-W01,housewares,51,9378.13,144.28,0,12145.26,7714.14,9693.11,27573.55,0.0,-0.36,False,0.0
2018-W02,housewares,79,13995.95,157.26,0,12412.63,7555.24,9693.11,27523.11,0.0,0.21,False,0.0
2018-W03,housewares,73,19804.88,220.05,1,12918.04,7502.22,10277.0,27922.49,0.0,0.92,False,0.0
2018-W04,housewares,81,11572.46,120.55,0,11637.16,4386.91,10277.0,20410.99,2863.33,-0.01,False,0.0
2018-W05,housewares,75,13647.62,156.87,4,11246.75,4211.3,10277.0,19669.34,2824.16,0.57,False,0.0
2018-W06,housewares,63,13844.07,160.98,2,11562.64,4294.43,10503.0,20151.51,2973.78,0.53,False,0.0
2018-W07,housewares,86,14591.36,127.99,2,12162.97,4226.79,12610.04,20616.56,3709.38,0.57,False,0.0
2018-W08,housewares,104,15809.72,125.47,0,12807.69,4143.54,13745.84,21094.78,4520.61,0.72,False,0.0
2018-W09,housewares,87,15157.35,144.36,0,14080.52,3039.56,13920.01,20159.65,8001.39,0.35,False,0.0
2018-W10,housewares,86,20204.9,177.24,1,14802.93,2376.82,14293.66,19556.56,10049.29,2.27,True,0.0
2018-W11,housewares,73,10688.89,121.46,0,15579.04,3006.09,14874.36,21591.22,9566.87,-1.63,False,0.0
2018-W12,housewares,88,28754.31,241.63,0,14439.55,2901.34,14217.72,20242.22,8636.87,4.93,True,0.0
2018-W13,housewares,72,10137.02,123.62,1,16587.28,5589.72,14874.36,27766.71,5407.84,-1.15,False,0.0
2018-W14,housewares,75,10422.28,125.57,0,16148.45,5977.8,14874.36,28104.04,4192.86,-0.96,False,0.0
2018-W15,housewares,100,15206.79,128.87,0,15720.73,6280.96,14874.36,28282.66,3158.8,-0.08,False,0.0
2018-W16,housewares,109,15672.69,124.39,0,15797.66,6268.91,15182.07,28335.48,3259.83,-0.02,False,0.0
2018-W17,housewares,105,23462.0,177.74,0,15780.53,6269.06,15182.07,28318.65,3242.4,1.23,False,0.0
2018-W18,housewares,109,27430.43,200.22,0,16818.61,6814.94,15439.74,30448.49,3188.73,1.56,False,0.0
2018-W19,housewares,129,28057.52,159.42,0,17721.8,7743.4,15439.74,33208.6,2235.01,1.33,False,0.0
2018-W20,housewares,136,41250.58,225.41,0,19892.88,7922.64,19567.34,35738.17,4047.59,2.7,True,0.0
2018-W21,housewares,75,11791.66,140.38,0,21454.91,10673.63,19567.34,42802.18,107.65,-0.91,False,0.0
2018-W22,housewares,93,27241.44,206.37,0,21661.74,10436.38,19567.34,42534.51,788.98,0.53,False,0.0
2018-W23,housewares,113,29102.3,174.27,0,23764.14,9500.93,25351.72,42765.99,4762.28,0.56,False,0.0
2018-W24,housewares,116,20096.07,151.1,1,25501.08,8968.24,27335.94,43437.56,7564.59,-0.6,False,0.0
2018-W25,housewares,96,15577.0,132.01,2,26054.0,8393.68,27335.94,42841.35,9266.65,-1.25,False,0.0
2018-W26,housewares,111,25817.6,166.57,2,25068.38,9168.69,27335.94,43405.75,6731.0,0.08,False,0.0
2018-W27,housewares,85,30496.88,269.88,0,24866.77,9126.97,26529.52,43120.71,6612.83,0.62,False,0.0
2018-W28,housewares,59,12692.23,169.23,3,25171.69,9288.12,26529.52,43747.93,6595.45,-1.34,False,0.0
2018-W29,housewares,114,16536.15,129.19,0,21601.9,7551.19,22956.84,36704.28,6499.52,-0.67,False,0.0
2018-W30,housewares,134,38829.25,224.45,2,22194.96,6821.71,22956.84,35838.39,8551.53,2.44,True,0.0
2018-W31,housewares,176,29322.78,136.39,3,23643.44,8945.86,22956.84,41535.15,5751.72,0.63,False,0.0
2018-W32,housewares,156,22085.93,124.08,1,23671.0,8965.39,22956.84,41601.78,5740.21,-0.18,False,0.0
2018-W33,housewares,180,29864.77,152.37,2,23919.73,8879.23,23951.76,41678.19,6161.26,0.67,False,0.0
2018-W34,housewares,86,15244.75,139.86,2,25705.7,8384.6,27570.19,42474.9,8936.5,-1.25,False,0.0
2018-W35,housewares,17,2249.65,97.81,0,24384.09,9161.69,25704.36,42707.48,6060.71,-2.42,True,3811.06
2016-W40,industry_commerce_and_business,3,640.78,160.19,0,,,,,,,False,
2017-W08,industry_commerce_and_business,1,134.94,134.94,0,,,,,,,False,
2017-W09,industry_commerce_and_business,2,282.03,141.01,0,,,,,,,False,
2017-W18,industry_commerce_and_business,1,156.64,156.64,0,,,,,,,False,
2017-W21,industry_commerce_and_business,1,395.58,395.58,0,303.6,233.95,219.33,771.5,0.0,0.39,False,0.0
2017-W22,industry_commerce_and_business,1,154.79,154.79,0,321.99,206.74,282.03,735.48,0.0,-0.81,False,0.0
2017-W25,industry_commerce_and_business,1,187.38,187.38,0,294.13,197.11,219.33,688.35,0.0,-0.54,False,0.0
2017-W27,industry_commerce_and_business,1,236.12,236.12,0,278.88,184.41,187.38,647.69,0.0,-0.23,False,0.0
2017-W28,industry_commerce_and_business,1,116.13,116.13,0,273.53,171.39,211.75,616.32,0.0,-0.92,False,0.0
2017-W33,industry_commerce_and_business,2,891.67,445.83,0,207.95,93.45,172.01,394.85,21.05,7.32,True,0.0
2017-W34,industry_commerce_and_business,1,152.28,152.28,0,302.54,254.02,211.75,810.59,0.0,-0.59,False,0.0
2017-W37,industry_commerce_and_business,1,126.2,126.2,0,286.32,259.6,172.01,805.52,0.0,-0.62,False,0.0
2017-W39,industry_commerce_and_business,1,125.51,125.51,0,282.52,261.98,171.08,806.49,0.0,-0.6,False,0.0
2017-W40,industry_commerce_and_business,1,1787.72,1787.72,0,248.76,262.73,153.54,774.23,0.0,5.86,True,0.0
2017-W41,industry_commerce_and_business,2,531.15,265.57,0,452.88,598.74,169.83,1650.36,0.0,0.13,False,0.0
2017-W42,industry_commerce_and_business,1,44.01,44.01,0,495.85,589.23,194.2,1674.3,0.0,-0.77,False,0.0
2017-W44,industry_commerce_and_business,1,105.3,105.3,0,471.83,605.03,139.24,1681.89,0.0,-0.61,False,0.0
2017-W45,industry_commerce_and_business,4,1338.77,334.69,0,470.48,605.95,139.24,1682.38,0.0,1.43,False,0.0
2017-W46,industry_commerce_and_business,1,842.96,842.96,0,526.37,667.81,139.24,1861.98,0.0,0.47,False,0.0
2017-W48,industry_commerce_and_business,2,168.85,84.42,0,612.7,657.1,328.68,1926.89,0.0,-0.68,False,0.0
2017-W49,industry_commerce_and_business,1,780.05,780.05,0,618.03,652.74,350.0,1923.52,0.0,0.25,False,0.0
2017-W50,industry_commerce_and_business,3,484.48,161.49,0,699.85,622.51,655.6,1944.87,0.0,-0.35,False,0.0
2017-W51,industry_commerce_and_business,2,291.56,145.78,0,536.95,441.31,507.82,1419.56,0.0,-0.56,False,0.0
2017-W52,industry_commerce_and_business,3,453.77,151.26,0,507.0,449.8,388.02,1406.6,0.0,-0.12,False,0.0
2018-W01,industry_commerce_and_business,6,683.38,113.9,0,558.22,411.23,469.12,1380.67,0.0,0.3,False,0.0
2018-W02,industry_commerce_and_business,3,1452.25,242.04,0,630.48,368.88,583.93,1368.24,0.0,2.23,True,0.0
2018-W03,industry_commerce_and_business,3,1380.44,460.15,0,644.66,400.81,583.93,1446.28,0.0,1.84,False,0.0
2018-W04,industry_commerce_and_business,4,1671.5,417.88,0,711.85,476.66,583.93,1665.18,0.0,2.01,True,0.0
2018-W05,industry_commerce_and_business,5,1955.18,325.86,0,899.68,525.67,731.71,1951.02,0.0,2.01,True,0.0
2018-W06,industry_commerce_and_business,5,710.62,118.44,0,1046.57,639.36,1031.91,2325.29,0.0,-0.53,False,0.0
2018-W07,industry_commerce_and_business,9,1582.77,143.89,0,1074.84,615.51,1045.53,2305.86,0.0,0.83,False,0.0
2018-W08,industry_commerce_and_business,8,2165.7,166.59,0,1236.24,546.16,1416.34,2328.56,143.91,1.7,False,0.0
2018-W09,industry_commerce_and_business,3,1068.21,267.05,0,1450.23,530.95,1517.51,2512.13,388.33,-0.72,False,0.0
2018-W10,industry_commerce_and_business,5,1056.45,176.08,0,1498.33,464.87,1517.51,2428.07,568.6,-0.95,False,0.0
2018-W11,industry_commerce_and_business,3,366.94,122.31,0,1448.86,490.81,1481.6,2430.48,467.23,-2.2,True,100.29
2018-W12,industry_commerce_and_business,7,1313.48,145.94,0,1322.17,623.78,1325.49,2569.74,74.6,-0.01,False,0.0
2018-W13,industry_commerce_and_business,10,1416.38,141.64,0,1277.42,607.78,1190.84,2492.98,61.86,0.23,False,0.0
2018-W14,industry_commerce_and_business,15,3216.11,178.67,0,1210.07,548.95,1190.84,2307.97,112.17,3.65,True,0.0
2018-W15,industry_commerce_and_business,9,1017.63,113.07,0,1523.26,853.52,1364.93,3230.3,0.0,-0.59,False,0.0
2018-W16,industry_commerce_and_business,7,1001.99,143.14,0,1452.61,871.1,1190.84,3194.81,0.0,-0.52,False,0.0
2018-W17,industry_commerce_and_business,13,2913.53,182.1,0,1307.15,831.26,1062.33,2969.67,0.0,1.93,False,0.0
2018-W18,industry_commerce_and_business,6,744.67,124.11,0,1537.81,995.32,1184.97,3528.46,0.0,-0.8,False,0.0
2018-W19,industry_commerce_and_business,14,3412.14,200.71,0,1498.84,1022.6,1165.56,3544.03,0.0,1.87,False,0.0
2018-W20,industry_commerce_and_business,12,2160.02,144.0,0,1879.49,1104.55,1364.93,4088.6,0.0,0.25,False,0.0
2018-W21,industry_commerce_and_business,3,369.28,123.09,0,1985.31,1082.92,1788.2,4151.15,0.0,-1.49,False,0.0
2018-W22,industry_commerce_and_business,7,921.47,131.64,0,1854.42,1216.54,1588.82,4287.51,0.0,-0.77,False,0.0
2018-W23,industry_commerce_and_business,4,1746.06,249.44,0,1567.59,1115.98,1009.81,3799.55,0.0,0.16,False,0.0
2018-W24,industry_commerce_and_business,4,458.04,114.51,0,1658.64,1094.2,1374.02,3847.05,0.0,-1.1,False,0.0
2018-W25,industry_commerce_and_business,4,797.88,199.47,0,1590.65,1155.99,1333.76,3902.63,0.0,-0.69,False,0.0
2018-W26,industry_commerce_and_business,6,1937.22,242.15,0,1326.2,1046.98,859.68,3420.16,0.0,0.58,False,0.0
2018-W27,industry_commerce_and_business,3,3752.53,1250.84,0,1475.26,1037.21,1333.76,3549.68,0.0,2.2,True,0.0
2018-W28,industry_commerce_and_business,2,251.28,125.64,0,1517.81,1130.77,1333.76,3779.36,0.0,-1.12,False,0.0
2018-W29,industry_commerce_and_business,7,1408.12,176.01,0,1279.22,1176.36,859.68,3631.95,0.0,0.11,False,0.0
2018-W31,industry_commerce_and_business,1,420.53,420.53,0,1409.08,1117.43,1164.8,3643.94,0.0,-0.88,False,0.0
2018-W32,industry_commerce_and_business,3,870.61,217.65,0,1346.46,1161.81,1103.0,3670.08,0.0,-0.41,False,0.0
2018-W33,industry_commerce_and_business,2,319.86,159.93,0,1237.03,1160.02,834.24,3557.07,0.0,-0.79,False,0.0
2018-W34,industry_commerce_and_business,4,1774.82,443.71,0,1219.75,1174.22,834.24,3568.2,0.0,0.47,False,0.0
2017-W04,kitchen_dining_laundry_garden_furniture,1,128.2,128.2,0,,,,,,,False,
2017-W07,kitchen_dining_laundry_garden_furniture,1,131.34,65.67,0,,,,,,,False,
2017-W09,kitchen_dining_laundry_garden_furniture,1,46.99,23.5,0,,,,,,,False,
2017-W10,kitchen_dining_laundry_garden_furniture,1,66.94,66.94,0,,,,,,,False,
2017-W12,kitchen_dining_laundry_garden_furniture,2,102.11,51.05,0,93.37,42.83,97.57,179.04,7.7,0.2,False,0.0
2017-W14,kitchen_dining_laundry_garden_furniture,3,570.01,142.5,0,95.12,37.3,102.11,169.72,20.51,12.73,True,0.0
2017-W15,kitchen_dining_laundry_garden_furniture,2,162.54,81.27,0,174.26,196.72,115.16,567.71,0.0,-0.06,False,0.0
2017-W16,kitchen_dining_laundry_garden_furniture,1,619.07,619.07,0,172.59,179.64,128.2,531.87,0.0,2.49,True,0.0
2017-W17,kitchen_dining_laundry_garden_furniture,2,127.36,63.68,0,228.4,229.3,129.77,687.0,0.0,-0.44,False,0.0
2017-W18,kitchen_dining_laundry_garden_furniture,2,128.98,64.49,0,228.3,229.35,129.35,687.0,0.0,-0.43,False,0.0
2017-W20,kitchen_dining_laundry_garden_furniture,4,417.8,104.45,0,228.0,229.5,128.17,686.99,0.0,0.83,False,0.0
2017-W21,kitchen_dining_laundry_garden_furniture,3,1090.43,363.48,0,274.35,225.12,145.76,724.59,0.0,3.63,True,0.0
2017-W22,kitchen_dining_laundry_garden_furniture,1,95.78,47.89,0,402.29,347.8,290.17,1097.9,0.0,-0.88,False,0.0
2017-W23,kitchen_dining_laundry_garden_furniture,1,86.8,86.8,0,401.5,348.59,290.17,1098.68,0.0,-0.9,False,0.0
2017-W25,kitchen_dining_laundry_garden_furniture,1,292.42,292.42,0,341.1,356.98,145.76,1055.06,0.0,-0.14,False,0.0
2017-W26,kitchen_dining_laundry_garden_furniture,1,67.59,67.59,0,357.33,350.6,210.7,1058.53,0.0,-0.83,False,0.0
2017-W28,kitchen_dining_laundry_garden_furniture,2,197.58,98.79,0,288.4,345.97,128.17,980.33,0.0,-0.26,False,0.0
2017-W29,kitchen_dining_laundry_garden_furniture,4,1240.88,206.81,0,297.17,342.17,163.28,981.51,0.0,2.76,True,0.0
2017-W30,kitchen_dining_laundry_garden_furniture,2,698.88,349.44,0,436.16,467.11,245.0,1370.37,0.0,0.56,False,0.0
2017-W31,kitchen_dining_laundry_garden_furniture,2,114.19,38.06,0,471.3,476.01,245.0,1423.32,0.0,-0.75,False,0.0
2017-W32,kitchen_dining_laundry_garden_furniture,3,511.31,170.44,0,349.26,415.97,155.88,1181.2,0.0,0.39,False,0.0
2017-W33,kitchen_dining_laundry_garden_furniture,2,645.11,322.56,0,401.21,405.61,245.0,1212.42,0.0,0.6,False,0.0
2017-W35,kitchen_dining_laundry_garden_furniture,2,165.9,82.95,0,471.0,391.57,401.86,1254.13,0.0,-0.78,False,0.0
2017-W37,kitchen_dining_laundry_garden_furniture,2,332.51,166.25,0,455.18,402.22,354.44,1259.62,0.0,-0.3,False,0.0
2017-W38,kitchen_dining_laundry_garden_furniture,2,130.53,65.27,0,488.29,375.79,421.91,1239.88,0.0,-0.95,False,0.0
2017-W40,kitchen_dining_laundry_garden_furniture,4,566.84,113.37,0,479.91,383.86,421.91,1247.64,0.0,0.23,False,0.0
2017-W42,kitchen_dining_laundry_garden_furniture,4,982.67,245.67,0,395.66,239.98,421.91,875.62,0.0,2.45,True,0.0
2017-W43,kitchen_dining_laundry_garden_furniture,5,4094.92,682.49,0,431.13,303.72,421.91,1038.57,0.0,12.06,True,0.0
2017-W44,kitchen_dining_laundry_garden_furniture,2,425.51,212.75,0,928.72,1308.64,539.08,3546.01,0.0,-0.38,False,0.0
2017-W45,kitchen_dining_laundry_garden_furniture,7,1665.61,166.56,0,918.0,1312.9,496.18,3543.79,0.0,0.57,False,0.0
2017-W46,kitchen_dining_laundry_garden_furniture,4,301.62,75.41,0,1045.56,1332.03,496.18,3709.63,0.0,-0.56,False,0.0
2017-W47,kitchen_dining_laundry_garden_furniture,12,4616.89,288.56,0,1062.53,1320.04,496.18,3702.6,0.0,2.69,True,0.0
2017-W48,kitchen_dining_laundry_garden_furniture,6,1900.27,316.71,0,1598.07,1772.96,774.76,5143.98,0.0,0.17,False,0.0
2017-W49,kitchen_dining_laundry_garden_furniture,4,1258.15,314.54,0,1819.29,1671.17,1324.14,5161.64,0.0,-0.34,False,0.0
2017-W50,kitchen_dining_laundry_garden_furniture,3,904.67,301.56,0,1905.71,1614.06,1461.88,5133.82,0.0,-0.62,False,0.0
2017-W51,kitchen_dining_laundry_garden_furniture,4,3342.78,477.54,0,1895.96,1620.65,1461.88,5137.26,0.0,0.89,False,0.0
2017-W52,kitchen_dining_laundry_garden_furniture,3,1274.17,318.54,0,1801.94,1491.53,1461.88,4785.0,0.0,-0.35,False,0.0
2018-W01,kitchen_dining_laundry_garden_furniture,4,1511.6,377.9,0,1908.02,1407.46,1469.89,4722.95,0.0,-0.28,False,0.0
2018-W02,kitchen_dining_laundry_garden_furniture,3,618.66,206.22,0,1888.77,1412.3,1392.88,4713.36,0.0,-0.9,False,0.0
2018-W03,kitchen_dining_laundry_garden_furniture,2,1186.8,395.6,0,1928.4,1365.06,1392.88,4658.51,0.0,-0.54,False,0.0
2018-W04,kitchen_dining_laundry_garden_furniture,6,1213.85,202.31,0,1499.64,836.23,1266.16,3172.1,0.0,-0.34,False,0.0
2018-W05,kitchen_dining_laundry_garden_furniture,10,4208.25,350.69,0,1413.84,824.38,1236.0,3062.6,0.0,3.39,True,0.0
2018-W06,kitchen_dining_laundry_garden_furniture,4,2237.8,447.56,1,1782.6,1279.17,1244.01,4340.93,0.0,0.36,False,0.0
2018-W08,kitchen_dining_laundry_garden_furniture,5,1856.96,309.49,0,1949.24,1234.51,1392.88,4418.26,0.0,-0.07,False,0.0
2018-W09,kitchen_dining_laundry_garden_furniture,4,1245.02,311.25,0,1763.51,1099.27,1392.88,3962.05,0.0,-0.47,False,0.0
2018-W10,kitchen_dining_laundry_garden_furniture,1,85.99,85.99,0,1759.87,1101.17,1378.31,3962.21,0.0,-1.52,False,0.0
2018-W11,kitchen_dining_laundry_garden_furniture,3,1396.24,465.41,0,1581.67,1252.1,1229.44,4085.86,0.0,-0.15,False,0.0
2018-W12,kitchen_dining_laundry_garden_furniture,3,391.42,130.47,0,1678.86,1195.57,1320.63,4069.99,0.0,-1.08,False,0.0
2018-W13,kitchen_dining_laundry_garden_furniture,4,1156.89,289.22,0,1579.44,1272.9,1320.63,4125.24,0.0,-0.33,False,0.0
2018-W14,kitchen_dining_laundry_garden_furniture,1,364.1,364.1,0,1572.32,1275.39,1320.63,4123.11,0.0,-0.95,False,0.0
2018-W15,kitchen_dining_laundry_garden_furniture,5,1476.16,295.23,0,1091.8,760.72,1200.96,2613.25,0.0,0.51,False,0.0
2018-W16,kitchen_dining_laundry_garden_furniture,6,1167.74,166.82,0,996.6,633.9,1200.96,2264.4,0.0,0.27,False,0.0
2018-W17,kitchen_dining_laundry_garden_furniture,7,1774.7,253.53,0,910.44,540.17,1162.32,1990.79,0.0,1.6,False,0.0
2018-W18,kitchen_dining_laundry_garden_furniture,3,1286.62,321.66,0,976.66,614.4,1162.32,2205.46,0.0,0.5,False,0.0
2018-W19,kitchen_dining_laundry_garden_furniture,1,166.06,166.06,0,1126.73,502.14,1227.18,2131.02,122.44,-1.91,False,0.0
2018-W20,kitchen_dining_laundry_garden_furniture,3,2416.73,604.18,0,972.96,588.72,1162.32,2150.4,0.0,2.45,True,0.0
2018-W21,kitchen_dining_laundry_garden_furniture,3,534.81,133.7,0,1226.12,723.06,1227.18,2672.24,0.0,-0.96,False,0.0
2018-W22,kitchen_dining_laundry_garden_furniture,3,1245.0,311.25,0,1148.36,763.87,1227.18,2676.1,0.0,0.13,False,0.0
2018-W23,kitchen_dining_laundry_garden_furniture,4,5581.88,697.74,0,1258.48,695.05,1265.81,2648.58,0.0,6.22,True,0.0
2018-W24,kitchen_dining_laundry_garden_furniture,3,1052.29,75.16,0,1771.69,1686.88,1265.81,5145.46,0.0,-0.43,False,0.0
2018-W25,kitchen_dining_laundry_garden_furniture,8,1139.97,126.66,1,1757.26,1693.27,1265.81,5143.8,0.0,-0.36,False,0.0
2018-W26,kitchen_dining_laundry_garden_furniture,4,950.92,190.18,0,1677.92,1707.15,1192.49,5092.22,0.0,-0.43,False,0.0
2018-W27,kitchen_dining_laundry_garden_furniture,7,1633.92,204.24,0,1635.96,1722.2,1096.13,5080.36,0.0,-0.0,False,0.0
2018-W28,kitchen_dining_laundry_garden_furniture,2,136.74,68.37,0,1819.44,1618.28,1192.49,5056.01,0.0,-1.04,False,0.0
2018-W29,kitchen_dining_laundry_garden_furniture,4,1382.88,345.72,0,1534.44,1696.92,1096.13,4928.29,0.0,-0.09,False,0.0
2018-W30,kitchen_dining_laundry_garden_furniture,6,1452.63,207.52,0,1640.45,1651.43,1192.49,4943.32,0.0,-0.11,False,0.0
2018-W31,kitchen_dining_laundry_garden_furniture,9,1446.26,160.7,0,1666.4,1645.95,1261.43,4958.31,0.0,-0.13,False,0.0
2018-W32,kitchen_dining_laundry_garden_furniture,1,75.1,75.1,0,1149.45,469.61,1261.43,2088.67,210.23,-2.29,True,135.13
2018-W33,kitchen_dining_laundry_garden_furniture,7,1006.58,143.8,0,1027.3,605.83,1261.43,2238.95,0.0,-0.03,False,0.0
2018-W34,kitchen_dining_laundry_garden_furniture,4,468.72,117.18,0,1010.63,604.11,1194.73,2218.86,0.0,-0.9,False,0.0
2018-W35,kitchen_dining_laundry_garden_furniture,1,1021.92,510.96,0,950.35,634.23,1194.73,2218.81,0.0,0.11,False,0.0
2018-W36,kitchen_dining_laundry_garden_furniture,1,166.46,166.46,0,873.85,574.05,1014.25,2021.96,0.0,-1.23,False,0.0
2017-W14,la_cuisine,1,63.25,63.25,0,,,,,,,False,
2017-W21,la_cuisine,1,232.19,232.19,0,,,,,,,False,
2017-W28,la_cuisine,1,147.15,73.58,0,,,,,,,False,
2017-W29,la_cuisine,2,256.9,128.45,0,,,,,,,False,
2017-W31,la_cuisine,1,155.18,77.59,0,174.87,88.02,189.67,350.91,0.0,-0.22,False,0.0
2017-W32,la_cuisine,1,213.06,213.06,0,170.93,76.73,155.18,324.4,17.47,0.55,False,0.0
2017-W35,la_cuisine,1,160.46,160.46,0,177.96,70.75,184.12,319.46,36.45,-0.25,False,0.0
2017-W40,la_cuisine,1,160.83,160.83,0,175.46,64.93,160.46,305.31,45.6,-0.23,False,0.0
2017-W48,la_cuisine,1,299.54,299.54,0,173.63,60.33,160.65,294.29,52.96,2.09,True,0.0
2018-W01,la_cuisine,1,130.03,130.03,0,203.16,56.28,186.94,315.72,90.6,-1.3,False,0.0
2018-W13,la_cuisine,1,426.7,426.7,0,190.39,60.21,160.65,310.81,69.98,3.92,True,0.0
2018-W16,la_cuisine,1,668.24,334.12,0,225.34,99.7,186.94,424.73,25.94,4.44,True,0.0
2017-W04,luggage_accessories,3,426.48,142.16,0,,,,,,,False,
2017-W05,luggage_accessories,8,994.59,110.51,0,,,,,,,False,
2017-W06,luggage_accessories,7,1169.16,73.07,0,,,,,,,False,
2017-W07,luggage_accessories,2,220.0,110.0,0,,,,,,,False,
2017-W08,luggage_accessories,4,370.69,92.67,0,702.56,451.69,710.54,1605.94,0.0,-0.73,False,0.0
2017-W09,luggage_accessories,4,591.5,147.88,0,636.18,418.39,426.48,1472.96,0.0,-0.11,False,0.0
2017-W10,luggage_accessories,7,1435.12,130.47,0,628.74,374.66,508.99,1378.06,0.0,2.15,True,0.0
2017-W11,luggage_accessories,8,1423.83,177.98,0,743.93,458.11,591.5,1660.16,0.0,1.48,False,0.0
2017-W12,luggage_accessories,8,2728.59,341.07,0,828.92,487.51,793.04,1803.95,0.0,3.9,True,0.0
2017-W13,luggage_accessories,10,2039.64,185.42,0,1116.68,797.14,1081.88,2710.96,0.0,1.16,False,0.0
2017-W14,luggage_accessories,10,2183.82,181.99,0,1247.32,857.61,1296.49,2962.53,0.0,1.09,False,0.0
2017-W15,luggage_accessories,10,1873.13,187.31,0,1374.15,917.35,1429.48,3208.84,0.0,0.54,False,0.0
2017-W16,luggage_accessories,10,2316.26,210.57,0,1580.79,798.75,1654.12,3178.29,0.0,0.92,False,0.0
2017-W17,luggage_accessories,15,2611.87,163.24,0,1823.99,662.18,1956.39,3148.35,499.62,1.19,False,0.0
2017-W18,luggage_accessories,9,2919.68,291.97,0,2076.53,487.11,2111.73,3050.75,1102.32,1.73,False,0.0
2017-W19,luggage_accessories,11,1830.29,166.39,0,2262.1,490.61,2250.04,3243.33,1280.88,-0.88,False,0.0
2017-W20,luggage_accessories,17,5344.77,242.94,0,2312.91,404.97,2250.04,3122.85,1502.97,7.49,True,0.0
2017-W21,luggage_accessories,18,5150.21,245.25,0,2639.93,1153.37,2250.04,4946.67,333.19,2.18,True,0.0
2017-W22,luggage_accessories,19,3448.44,156.75,0,3028.75,1416.41,2464.06,5861.58,195.93,0.3,False,0.0
2017-W23,luggage_accessories,14,3278.16,218.54,0,3186.83,1378.71,2765.77,5944.25,429.41,0.07,False,0.0
2017-W24,luggage_accessories,14,1813.06,129.5,0,3362.46,1272.88,3098.92,5908.23,816.69,-1.22,False,0.0
2017-W25,luggage_accessories,10,1447.99,144.8,0,3299.56,1342.5,3098.92,5984.55,614.57,-1.38,False,0.0
2017-W26,luggage_accessories,14,2277.78,162.7,0,3154.08,1483.34,3098.92,6120.76,187.39,-0.59,False,0.0
2017-W27,luggage_accessories,17,3098.14,106.83,0,3073.84,1514.86,2777.97,6103.56,44.12,0.02,False,0.0
2017-W28,luggage_accessories,21,3278.11,156.1,0,3232.32,1430.13,3188.15,6092.57,372.07,0.03,False,0.0
2017-W29,luggage_accessories,11,1425.65,129.6,0,2973.99,1154.04,3188.12,5282.06,665.91,-1.34,False,0.0
2017-W30,luggage_accessories,18,2521.69,132.72,0,2508.42,866.02,2687.96,4240.46,776.37,0.02,False,0.0
2017-W31,luggage_accessories,15,2054.39,136.96,0,2392.57,780.03,2399.74,3952.63,832.51,-0.43,False,0.0
2017-W32,luggage_accessories,20,3399.57,141.65,0,2239.6,697.14,2166.08,3633.88,845.32,1.66,False,0.0
2017-W33,luggage_accessories,10,1584.64,132.05,0,2437.92,779.28,2399.74,3996.48,879.35,-1.09,False,0.0
2017-W34,luggage_accessories,9,1598.09,145.28,0,2455.0,755.62,2399.74,3966.25,943.75,-1.13,False,0.0
2017-W35,luggage_accessories,11,1743.81,158.53,0,2370.04,814.33,2288.04,3998.69,741.38,-0.77,False,0.0
2017-W36,luggage_accessories,9,954.42,79.53,0,2200.74,781.45,1899.1,3763.65,637.84,-1.59,False,0.0
2017-W37,luggage_accessories,10,1700.2,170.02,0,1910.28,755.2,1670.95,3420.69,399.88,-0.28,False,0.0
2017-W38,luggage_accessories,12,1311.24,100.86,0,1944.6,736.03,1722.0,3416.66,472.54,-0.86,False,0.0
2017-W39,luggage_accessories,7,627.42,62.74,0,1793.29,724.78,1649.14,3242.85,343.74,-1.61,False,0.0
2017-W40,luggage_accessories,16,2216.18,138.51,0,1614.92,820.6,1591.36,3256.13,0.0,0.73,False,0.0
2017-W41,luggage_accessories,11,1559.9,119.99,0,1467.0,495.0,1591.36,2457.01,476.99,0.19,False,0.0
2017-W42,luggage_accessories,12,2372.77,169.48,0,1463.91,494.24,1579.0,2452.39,475.43,1.84,False,0.0
2017-W43,luggage_accessories,11,1842.83,122.86,0,1560.74,590.75,1630.05,2742.25,379.24,0.48,False,0.0
2017-W44,luggage_accessories,11,1687.33,129.79,0,1573.12,596.15,1630.05,2765.42,380.82,0.19,False,0.0
2017-W45,luggage_accessories,15,2259.73,141.23,0,1664.73,541.28,1693.76,2747.29,582.18,1.1,False,0.0
2017-W46,luggage_accessories,21,4067.96,193.71,1,1734.68,581.19,1765.08,2897.06,572.29,4.01,True,0.0
2017-W47,luggage_accessories,14,3676.74,193.51,0,2079.26,976.84,2029.5,4032.94,125.59,1.64,False,0.0
2017-W48,luggage_accessories,9,1832.36,166.58,0,2460.43,922.83,2237.96,4306.08,614.78,-0.68,False,0.0
2017-W49,luggage_accessories,20,3501.76,175.09,0,2412.45,947.0,2051.28,4306.45,518.45,1.15,False,0.0
2017-W50,luggage_accessories,6,1049.25,174.88,0,2655.19,946.12,2316.25,4547.43,762.94,-1.7,False,0.0
2017-W51,luggage_accessories,4,617.89,154.47,0,2489.74,1104.95,2051.28,4699.64,279.85,-1.69,False,0.0
2017-W52,luggage_accessories,12,2313.99,178.0,0,2336.63,1278.62,2046.04,4893.87,0.0,-0.02,False,0.0
2018-W01,luggage_accessories,13,2393.01,170.93,0,2414.96,1252.08,2286.86,4919.12,0.0,-0.02,False,0.0
2018-W02,luggage_accessories,28,4735.95,143.51,0,2431.62,1250.61,2353.5,4932.84,0.0,1.84,False,0.0
2018-W03,luggage_accessories,43,9320.21,207.12,0,2515.12,1390.0,2353.5,5295.12,0.0,4.9,True,0.0
2018-W04,luggage_accessories,27,5145.41,165.98,0,3220.55,2790.38,2353.5,8801.31,0.0,0.69,False,0.0
2018-W05,luggage_accessories,17,2871.79,159.54,0,3634.68,2800.75,2947.38,9236.19,0.0,-0.27,False,0.0
2018-W06,luggage_accessories,15,2151.0,134.44,1,3555.94,2813.85,2632.4,9183.63,0.0,-0.5,False,0.0
2018-W07,luggage_accessories,14,2351.97,138.35,1,3693.66,2698.22,2632.4,9090.1,0.0,-0.5,False,0.0
2018-W08,luggage_accessories,10,2055.79,186.89,0,3910.42,2476.37,2632.4,8863.15,0.0,-0.75,False,0.0
2018-W09,luggage_accessories,7,791.1,113.01,0,3878.14,2501.7,2632.4,8881.54,0.0,-1.23,False,0.0
2018-W10,luggage_accessories,14,2831.64,188.78,0,3677.9,2694.25,2611.88,9066.4,0.0,-0.31,False,0.0
2018-W11,luggage_accessories,10,3056.04,254.67,0,3439.86,2671.44,2591.8,8782.75,0.0,-0.14,False,0.0
2018-W12,luggage_accessories,14,1783.96,118.93,0,2656.84,1231.73,2591.8,5120.31,193.38,-0.71,False,0.0
2018-W13,luggage_accessories,9,1827.26,166.11,0,2236.66,734.53,2251.48,3705.71,767.61,-0.56,False,0.0
2018-W14,luggage_accessories,9,1252.61,139.18,0,2106.09,697.4,2103.4,3500.89,711.3,-1.22,False,0.0
2018-W15,luggage_accessories,13,2543.65,181.69,0,1993.8,758.77,1941.52,3511.33,476.27,0.72,False,0.0
2018-W16,luggage_accessories,13,3382.11,187.9,0,2017.76,774.55,1941.52,3566.86,468.65,1.76,False,0.0
2018-W17,luggage_accessories,14,3079.3,192.46,0,2183.55,913.37,2185.46,4010.28,356.81,0.98,False,0.0
2018-W18,luggage_accessories,10,1215.62,121.56,0,2469.57,760.51,2687.64,3990.59,948.55,-1.65,False,0.0
2018-W19,luggage_accessories,11,3638.78,279.91,0,2267.57,858.86,2185.46,3985.29,549.85,1.6,False,0.0
2018-W20,luggage_accessories,11,2896.93,193.13,0,2340.41,954.66,2185.46,4249.73,431.1,0.58,False,0.0
2018-W21,luggage_accessories,7,1033.77,147.68,0,2479.53,943.01,2720.29,4365.55,593.52,-1.53,False,0.0
2018-W22,luggage_accessories,5,1583.32,316.66,0,2380.35,1056.33,2720.29,4493.01,267.68,-0.75,False,0.0
2018-W23,luggage_accessories,10,1462.09,146.21,0,2421.69,1011.41,2720.29,4444.51,398.86,-0.95,False,0.0
2018-W24,luggage_accessories,10,1454.06,145.41,0,2286.49,1063.71,2240.12,4413.92,159.06,-0.78,False,0.0
2018-W25,luggage_accessories,10,1548.03,140.73,0,2045.48,996.3,1522.7,4038.08,52.88,-0.5,False,0.0
2018-W26,luggage_accessories,3,318.62,79.66,0,1854.08,912.91,1505.06,3679.9,28.25,-1.68,False,0.0
2018-W27,luggage_accessories,8,494.61,61.83,0,1741.95,1047.67,1505.06,3837.29,0.0,-1.19,False,0.0
2018-W28,luggage_accessories,10,1156.45,105.13,0,1348.93,793.32,1458.07,2935.56,0.0,-0.24,False,0.0
2018-W29,luggage_accessories,13,1524.53,117.27,0,1131.37,488.08,1305.26,2107.53,155.21,0.81,False,0.0
2018-W30,luggage_accessories,15,3084.96,205.66,0,1192.71,504.62,1458.07,2201.96,183.47,3.75,True,0.0
2018-W31,luggage_accessories,19,2842.21,135.34,1,1380.42,839.1,1458.07,3058.62,0.0,1.74,False,0.0
2018-W32,luggage_accessories,23,3424.53,142.69,0,1552.93,987.11,1489.3,3527.16,0.0,1.9,False,0.0
2018-W33,luggage_accessories,19,2511.6,119.6,0,1799.24,1184.93,1536.28,4169.11,0.0,0.6,False,0.0
2018-W34,luggage_accessories,9,1126.44,125.16,0,1919.69,1204.56,2018.06,4328.81,0.0,-0.66,False,0.0
2018-W35,luggage_accessories,1,26.29,26.29,0,2020.67,1078.43,2018.06,4177.52,0.0,-1.85,False,0.0
2016-W40,market_place,4,4423.73,402.16,0,,,,,,,False,
2016-W41,market_place,3,532.14,177.38,0,,,,,,,False,
2017-W03,market_place,3,219.92,73.31,0,,,,,,,False,
2017-W04,market_place,1,239.9,239.9,0,,,,,,,False,
2017-W05,market_place,4,207.49,51.87,0,1353.92,2051.51,386.02,5456.94,0.0,-0.56,False,0.0
2017-W06,market_place,6,285.41,40.77,0,1124.64,1849.16,239.9,4822.95,0.0,-0.45,False,0.0
2017-W07,market_place,6,844.94,140.82,1,984.76,1689.05,262.66,4362.86,0.0,-0.08,False,0.0
2017-W08,market_place,4,772.3,128.72,0,964.79,1542.79,285.41,4050.37,0.0,-0.12,False,0.0
2017-W09,market_place,6,1347.95,192.56,0,940.73,1429.96,408.78,3800.66,0.0,0.28,False,0.0
2017-W10,market_place,7,1050.35,131.29,0,556.26,408.06,408.78,1372.37,0.0,1.21,False,0.0
2017-W11,market_place,2,153.56,76.78,0,621.03,443.29,528.86,1507.62,0.0,-1.05,False,0.0
2017-W12,market_place,2,291.0,145.5,0,612.74,452.4,528.86,1517.53,0.0,-0.71,False,0.0
2017-W13,market_place,1,30.86,30.86,0,619.13,446.71,531.65,1512.54,0.0,-1.32,False,0.0
2017-W14,market_place,6,2494.28,356.33,0,597.05,473.52,531.65,1544.08,0.0,4.01,True,0.0
2017-W15,market_place,1,45.04,22.52,0,873.16,798.39,808.62,2469.94,0.0,-1.04,False,0.0
2017-W16,market_place,5,444.25,88.85,0,773.17,850.8,531.65,2474.77,0.0,-0.39,False,0.0
2017-W17,market_place,8,1528.15,138.92,0,732.16,858.72,367.62,2449.59,0.0,0.93,False,0.0
2017-W18,market_place,5,795.28,159.06,0,754.69,879.29,367.62,2513.27,0.0,0.05,False,0.0
2017-W19,market_place,3,603.28,201.09,0,722.8,871.63,367.62,2466.07,0.0,-0.14,False,0.0
2017-W20,market_place,8,1215.91,121.59,0,779.02,843.73,523.76,2466.48,0.0,0.52,False,0.0
2017-W21,market_place,1,143.12,143.12,0,894.63,830.57,699.28,2555.78,0.0,-0.9,False,0.0
2017-W22,market_place,6,789.26,131.54,0,908.66,814.69,699.28,2538.04,0.0,-0.15,False,0.0
2017-W23,market_place,5,524.48,87.41,0,695.54,504.65,696.27,1704.85,0.0,-0.34,False,0.0
2017-W24,market_place,2,232.83,116.41,0,755.47,440.8,696.27,1637.06,0.0,-1.19,False,0.0
2017-W25,market_place,3,214.36,71.45,0,729.04,467.64,696.27,1664.32,0.0,-1.1,False,0.0
2017-W26,market_place,3,394.84,131.61,0,564.82,366.72,563.88,1298.25,0.0,-0.46,False,0.0
2017-W27,market_place,4,563.88,140.97,0,514.76,357.99,459.66,1230.75,0.0,0.14,False,0.0
2017-W28,market_place,3,520.77,173.59,0,509.84,356.87,459.66,1223.58,0.0,0.03,False,0.0
2017-W29,market_place,2,471.41,235.71,0,422.94,218.0,457.8,858.94,0.0,0.22,False,0.0
2017-W30,market_place,3,179.04,44.76,0,463.98,186.41,496.09,836.8,91.15,-1.53,False,0.0
2017-W31,market_place,5,885.25,126.46,0,387.7,156.79,433.12,701.28,74.12,3.17,True,0.0
2017-W32,market_place,6,758.12,126.35,0,432.8,234.42,433.12,901.63,0.0,1.39,False,0.0
2017-W33,market_place,5,316.73,63.35,0,498.46,243.79,496.09,986.03,10.89,-0.75,False,0.0
2017-W34,market_place,6,718.55,119.76,0,511.26,228.98,496.09,969.21,53.3,0.91,False,0.0
2017-W35,market_place,3,455.71,151.9,0,551.72,234.02,542.33,1019.75,83.69,-0.41,False,0.0
2017-W36,market_place,2,130.99,65.5,0,538.2,236.33,496.09,1010.85,65.55,-1.72,False,0.0
2017-W37,market_place,4,352.35,58.72,0,489.48,277.1,463.56,1043.67,0.0,-0.49,False,0.0
2017-W38,market_place,2,398.64,199.32,0,474.59,281.37,404.03,1037.33,0.0,-0.27,False,0.0
2017-W39,market_place,1,75.07,75.07,0,502.04,258.17,427.17,1018.38,0.0,-1.65,False,0.0
2017-W40,market_place,1,76.99,76.99,0,400.77,244.94,375.5,890.65,0.0,-1.32,False,0.0
2017-W41,market_place,5,496.8,99.36,0,315.63,220.1,334.54,755.83,0.0,0.82,False,0.0
2017-W42,market_place,1,139.9,139.9,0,338.14,229.25,375.5,796.64,0.0,-0.86,False,0.0
2017-W43,market_place,3,846.43,211.61,0,265.81,177.53,246.12,620.86,0.0,3.27,True,0.0
2017-W44,market_place,4,591.4,147.85,0,314.65,267.95,246.12,850.55,0.0,1.03,False,0.0
2017-W45,market_place,1,147.06,147.06,0,372.2,272.28,375.5,916.76,0.0,-0.83,False,0.0
2017-W46,market_place,3,191.24,47.81,0,346.54,283.85,272.85,914.23,0.0,-0.55,False,0.0
2017-W47,market_place,2,1456.85,242.81,0,320.61,287.85,169.15,896.31,0.0,3.95,True,0.0
2017-W48,market_place,1,202.06,202.06,0,493.33,473.9,344.02,1441.14,0.0,-0.61,False,0.0
2017-W49,market_place,4,500.75,100.15,0,508.97,460.07,349.43,1429.1,0.0,-0.02,False,0.0
2017-W50,market_place,3,215.5,71.83,0,509.46,460.05,351.4,1429.57,0.0,-0.64,False,0.0
2017-W51,market_place,5,395.43,79.09,0,518.91,452.09,358.12,1423.08,0.0,-0.27,False,0.0
2017-W52,market_place,1,135.49,135.49,0,462.54,433.13,305.47,1328.8,0.0,-0.76,False,0.0
2018-W01,market_place,2,107.35,53.67,0,405.55,443.62,208.78,1292.79,0.0,-0.67,False,0.0
2018-W02,market_place,3,155.38,51.79,0,400.58,447.14,208.78,1294.85,0.0,-0.55,False,0.0
2018-W03,market_place,4,585.14,117.03,0,396.1,449.71,208.78,1295.51,0.0,0.42,False,0.0
2018-W04,market_place,1,36.65,36.65,0,287.14,181.74,208.78,650.62,0.0,-1.38,False,0.0
2018-W05,market_place,3,2881.63,720.41,0,266.46,201.17,185.44,668.81,0.0,13.0,True,0.0
2018-W06,market_place,7,3026.25,201.75,0,564.07,953.11,185.44,2470.29,0.0,2.58,True,0.0
2018-W07,market_place,6,663.57,110.6,0,915.42,1271.23,275.4,3457.88,0.0,-0.2,False,0.0
2018-W08,market_place,6,398.16,49.77,0,948.93,1259.04,370.26,3467.01,0.0,-0.44,False,0.0
2018-W09,market_place,3,591.62,197.21,0,981.77,1238.05,491.65,3457.86,0.0,-0.32,False,0.0
2018-W10,market_place,4,488.6,122.15,0,1042.3,1200.45,588.38,3443.21,0.0,-0.46,False,0.0
2018-W11,market_place,1,36.22,36.22,0,1083.95,1170.7,588.38,3425.34,0.0,-0.89,False,0.0
2018-W12,market_place,4,782.22,156.44,0,1015.34,1219.19,540.11,3453.72,0.0,-0.19,False,0.0
2018-W13,market_place,4,240.18,60.05,0,1108.53,1160.79,627.6,3430.11,0.0,-0.75,False,0.0
2018-W14,market_place,2,49.68,24.84,0,778.35,938.84,540.11,2656.04,0.0,-0.78,False,0.0
2018-W15,market_place,3,236.73,78.91,0,406.28,277.85,443.38,961.99,0.0,-0.61,False,0.0
2018-W16,market_place,5,338.26,67.65,0,352.93,261.91,319.17,876.76,0.0,-0.06,False,0.0
2018-W17,market_place,4,176.98,25.28,0,345.44,261.29,289.22,868.02,0.0,-0.64,False,0.0
2018-W18,market_place,3,199.06,66.35,0,293.61,246.17,238.46,785.95,0.0,-0.38,False,0.0
2018-W19,market_place,6,612.87,102.14,0,257.42,234.41,217.9,726.24,0.0,1.52,False,0.0
2018-W20,market_place,3,355.18,88.8,0,329.5,245.09,238.46,819.68,0.0,0.1,False,0.0
2018-W21,market_place,1,169.52,84.76,0,276.12,166.22,238.46,608.55,0.0,-0.64,False,0.0
2018-W22,market_place,1,67.22,67.22,0,267.29,170.23,217.9,607.74,0.0,-1.18,False,0.0
2018-W23,market_place,3,277.47,92.49,0,269.48,167.11,217.9,603.7,0.0,0.05,False,0.0
2018-W24,market_place,2,72.58,36.29,0,274.57,166.59,238.26,607.75,0.0,-1.21,False,0.0
2018-W25,market_place,1,64.43,64.43,0,241.36,178.16,188.02,597.68,0.0,-0.99,False,0.0
2018-W26,market_place,1,264.31,264.31,0,227.29,188.13,184.29,603.56,0.0,0.2,False,0.0
2018-W28,market_place,1,71.39,71.39,0,235.45,188.15,216.92,611.75,0.0,-0.87,False,0.0
2018-W30,market_place,3,205.95,41.19,0,167.76,116.88,121.05,401.51,0.0,0.33,False,0.0
2018-W31,market_place,1,122.05,122.05,0,149.11,91.94,121.05,332.99,0.0,-0.29,False,0.0
2018-W32,market_place,2,305.96,152.98,0,143.17,91.96,97.32,327.1,0.0,1.77,False,0.0
2018-W33,market_place,3,337.68,112.56,0,173.02,101.99,164.0,376.99,0.0,1.61,False,0.0
2018-W34,market_place,2,342.28,171.14,0,180.54,112.48,164.0,405.5,0.0,1.44,False,0.0
2017-W01,music,2,37.24,18.62,0,,,,,,,False,
2017-W10,music,1,42.51,42.51,0,,,,,,,False,
2017-W15,music,1,49.42,49.42,0,,,,,,,False,
2017-W17,music,1,39.42,39.42,0,,,,,,,False,
2017-W23,music,1,344.32,344.32,0,42.15,5.31,40.96,52.76,31.53,56.92,True,0.0
2017-W25,music,1,97.71,97.71,0,102.58,135.21,42.51,373.01,0.0,-0.04,False,0.0
2017-W26,music,2,699.09,349.55,0,101.77,120.96,45.96,343.68,0.0,4.94,True,0.0
2017-W27,music,1,350.54,350.54,0,187.1,251.32,49.42,689.74,0.0,0.65,False,0.0
2017-W42,music,1,70.03,70.03,0,207.53,239.75,73.56,687.02,0.0,-0.57,False,0.0
2018-W02,music,1,40.07,40.07,0,211.63,236.68,83.87,684.99,0.0,-0.72,False,0.0
2018-W07,music,1,40.07,40.07,0,211.32,236.93,83.87,685.18,0.0,-0.72,False,0.0
2018-W08,music,1,237.17,118.59,0,210.16,237.86,83.87,685.88,0.0,0.11,False,0.0
2018-W12,music,1,75.51,75.51,0,234.88,227.64,167.44,690.16,0.0,-0.7,False,0.0
2018-W13,music,1,322.17,322.17,0,201.27,229.01,86.61,659.3,0.0,0.53,False,0.0
2018-W14,music,1,169.64,169.64,0,229.33,228.26,156.34,685.85,0.0,-0.26,False,0.0
2018-W15,music,1,26.22,26.22,0,163.15,126.81,122.57,416.78,0.0,-1.08,False,0.0
2018-W17,music,1,233.45,233.45,0,122.61,108.93,72.77,340.47,0.0,1.02,False,0.0
2018-W18,music,3,455.2,151.73,0,143.04,112.91,122.57,368.86,0.0,2.76,True,0.0
2018-W19,music,2,476.18,238.09,0,194.93,148.59,201.54,492.1,0.0,1.89,False,0.0
2018-W22,music,1,205.9,205.9,0,249.44,162.96,235.31,575.36,0.0,-0.27,False,0.0
2018-W24,music,2,158.0,79.0,0,245.53,163.67,219.68,572.87,0.0,-0.53,False,0.0
2018-W25,music,1,11.56,5.78,0,255.84,153.72,219.68,563.29,0.0,-1.59,False,0.0
2018-W27,music,1,781.51,781.51,0,217.02,172.64,187.77,562.3,0.0,3.27,True,0.0
2018-W28,music,1,87.48,87.48,0,293.5,261.38,219.68,816.27,0.0,-0.79,False,0.0
2018-W29,music,1,24.29,24.29,0,301.16,253.2,219.68,807.56,0.0,-1.09,False,0.0
2018-W31,music,1,119.02,119.02,0,275.02,271.34,181.95,817.7,0.0,-0.57,False,0.0
2018-W32,music,3,129.79,43.26,0,232.99,265.42,138.51,763.83,0.0,-0.39,False,0.0
2018-W33,music,2,333.8,166.9,0,189.69,247.74,124.4,685.18,0.0,0.58,False,0.0
2017-W04,musical_instruments,1,357.74,357.74,0,,,,,,,False,
2017-W05,musical_instruments,2,1622.44,811.22,0,,,,,,,False,
2017-W06,musical_instruments,2,713.98,237.99,0,,,,,,,False,
2017-W07,musical_instruments,2,175.23,87.62,0,,,,,,,False,
2017-W08,musical_instruments,1,274.82,274.82,0,717.35,643.54,535.86,2004.42,0.0,-0.69,False,0.0
2017-W09,musical_instruments,3,628.17,209.39,0,628.84,591.41,357.74,1811.67,0.0,-0.0,False,0.0
2017-W10,musical_instruments,2,478.6,239.3,0,628.73,528.98,492.96,1686.68,0.0,-0.28,False,0.0
2017-W11,musical_instruments,2,402.43,201.22,0,607.28,486.21,478.6,1579.7,0.0,-0.42,False,0.0
2017-W12,musical_instruments,1,32.51,32.51,0,581.68,455.93,440.52,1493.54,0.0,-1.2,False,0.0
2017-W13,musical_instruments,3,1113.73,278.43,0,541.02,491.84,440.52,1524.7,0.0,1.16,False,0.0
2017-W14,musical_instruments,3,765.78,255.26,0,477.43,342.16,440.52,1161.75,0.0,0.84,False,0.0
2017-W15,musical_instruments,4,622.4,155.6,0,483.91,347.72,440.52,1179.35,0.0,0.4,False,0.0
2017-W16,musical_instruments,6,1844.66,307.44,0,539.81,326.29,550.5,1192.39,0.0,4.0,True,0.0
2017-W17,musical_instruments,2,530.92,265.46,0,736.04,543.75,625.28,1823.53,0.0,-0.38,False,0.0
2017-W18,musical_instruments,5,2970.71,330.08,0,723.88,547.58,576.66,1819.04,0.0,4.1,True,0.0
2017-W19,musical_instruments,2,120.87,60.44,0,1035.39,949.49,694.09,2934.36,0.0,-0.96,False,0.0
2017-W20,musical_instruments,4,3137.56,627.51,0,1000.2,981.0,694.09,2962.19,0.0,2.18,True,0.0
2017-W21,musical_instruments,6,3374.46,562.41,0,1388.33,1144.13,939.76,3676.58,0.0,1.74,False,0.0
2017-W22,musical_instruments,4,1379.11,76.62,0,1670.92,1330.61,1305.22,4332.14,0.0,-0.22,False,0.0
2017-W23,musical_instruments,4,1660.31,332.06,0,1747.59,1287.99,1611.88,4323.57,0.0,-0.07,False,0.0
2017-W24,musical_instruments,2,2084.24,694.75,0,1877.32,1208.27,1752.48,4293.87,0.0,0.17,False,0.0
2017-W25,musical_instruments,7,2097.77,262.22,0,1907.27,1210.31,1872.28,4327.9,0.0,0.16,False,0.0
2017-W26,musical_instruments,2,636.85,318.42,0,2103.13,1074.98,2091.0,4253.09,0.0,-1.36,False,0.0
2017-W27,musical_instruments,4,317.63,45.38,0,1811.4,1121.57,1872.28,4054.54,0.0,-1.33,False,0.0
2017-W28,musical_instruments,7,3414.26,487.75,0,1835.99,1080.61,1872.28,3997.22,0.0,1.46,False,0.0
2017-W29,musical_instruments,5,838.87,139.81,0,1870.58,1131.46,1872.28,4133.49,0.0,-0.91,False,0.0
2017-W30,musical_instruments,10,4044.53,288.9,2,1553.63,997.17,1519.71,3547.98,0.0,2.5,True,0.0
2017-W31,musical_instruments,6,2609.0,434.83,0,1886.81,1322.69,1872.28,4532.19,0.0,0.55,False,0.0
2017-W32,musical_instruments,3,900.3,150.05,4,2005.39,1341.87,2091.0,4689.13,0.0,-0.82,False,0.0
2017-W33,musical_instruments,5,2461.89,492.38,0,1857.4,1396.12,1499.04,4649.65,0.0,0.43,False,0.0
2017-W34,musical_instruments,6,1140.4,190.07,0,1902.92,1410.94,1681.09,4724.79,0.0,-0.54,False,0.0
2017-W35,musical_instruments,11,5003.36,454.85,0,1965.86,1356.57,1801.14,4679.0,0.0,2.24,True,0.0
2017-W36,musical_instruments,4,1374.82,343.7,0,2551.58,1542.13,2535.44,5635.84,0.0,-0.76,False,0.0
2017-W37,musical_instruments,6,1891.76,210.2,0,2296.65,1547.71,1918.36,5392.07,0.0,-0.26,False,0.0
2017-W38,musical_instruments,4,489.51,122.38,0,2428.26,1447.56,2176.82,5323.38,0.0,-1.34,False,0.0
2017-W39,musical_instruments,6,8967.31,896.73,0,1983.88,1426.02,1633.29,4835.92,0.0,4.9,True,0.0
2017-W40,musical_instruments,2,147.02,73.51,0,2778.67,2867.52,1633.29,8513.71,0.0,-0.92,False,0.0
2017-W41,musical_instruments,4,843.97,210.99,0,2684.51,2949.22,1633.29,8582.94,0.0,-0.62,False,0.0
2017-W42,musical_instruments,11,5786.07,361.63,0,2482.27,3021.26,1257.61,8524.78,0.0,1.09,False,0.0
2017-W43,musical_instruments,4,2657.28,664.32,1,3062.98,3169.33,1633.29,9401.64,0.0,-0.13,False,0.0
2017-W44,musical_instruments,4,2036.99,509.25,0,2769.72,3071.16,1633.29,8912.04,0.0,-0.24,False,0.0
2017-W45,musical_instruments,10,3634.62,242.31,2,2852.49,3036.93,1964.38,8926.34,0.0,0.26,False,0.0
2017-W46,musical_instruments,5,1882.31,376.46,0,3070.35,3020.63,2347.14,9111.61,0.0,-0.39,False,0.0
2017-W47,musical_instruments,19,9345.1,491.85,0,3244.45,2887.85,2347.14,9020.15,0.0,2.11,True,0.0
2017-W48,musical_instruments,11,5302.15,482.01,0,3291.67,2995.87,2347.14,9283.41,0.0,0.67,False,0.0
2017-W49,musical_instruments,11,1807.2,164.29,0,3936.06,2768.65,3145.95,9473.36,0.0,-0.77,False,0.0
2017-W50,musical_instruments,13,3391.12,260.86,0,4056.46,2632.57,3145.95,9321.61,0.0,-0.25,False,0.0
2017-W51,musical_instruments,7,2894.42,361.8,0,3757.1,2542.42,3024.2,8841.93,0.0,-0.34,False,0.0
2017-W52,musical_instruments,5,1610.3,268.38,0,3786.74,2529.11,3142.77,8844.96,0.0,-0.86,False,0.0
2018-W01,musical_instruments,12,2575.52,214.63,0,3733.4,2575.36,3142.77,8884.12,0.0,-0.45,False,0.0
2018-W02,musical_instruments,17,4863.61,286.09,0,3601.02,2608.17,2734.97,8817.36,0.0,0.48,False,0.0
2018-W03,musical_instruments,7,3765.1,537.87,0,3973.68,2539.61,3142.77,9052.89,0.0,-0.08,False,0.0
2018-W04,musical_instruments,12,5484.28,391.73,0,3276.18,1333.44,3142.77,5943.06,609.29,1.66,False,0.0
2018-W05,musical_instruments,12,1596.35,114.02,1,3298.94,1373.91,3142.77,6046.77,551.12,-1.24,False,0.0
2018-W06,musical_instruments,7,2514.59,359.23,0,3272.59,1408.21,3142.77,6089.01,456.16,-0.54,False,0.0
2018-W07,musical_instruments,11,4116.18,316.63,0,3163.02,1431.58,2734.97,6026.18,299.86,0.67,False,0.0
2018-W08,musical_instruments,8,3933.52,302.58,0,3315.74,1463.64,3170.31,6243.02,388.46,0.42,False,0.0
2018-W09,musical_instruments,8,1047.06,116.34,0,3606.14,1298.03,3849.31,6202.2,1010.09,-1.97,False,0.0
2018-W10,musical_instruments,11,2705.15,245.92,0,3415.09,1557.88,3849.31,6530.84,299.33,-0.46,False,0.0
2018-W11,musical_instruments,11,1762.75,146.9,0,3145.28,1454.66,3235.12,6054.6,235.96,-0.95,False,0.0
2018-W12,musical_instruments,18,5590.73,266.23,0,2894.98,1504.2,2609.87,5903.38,0.0,1.79,False,0.0
2018-W13,musical_instruments,9,3465.67,385.07,0,2908.29,1530.61,2609.87,5969.52,0.0,0.36,False,0.0
2018-W14,musical_instruments,13,5412.58,360.84,0,3141.96,1441.83,3085.41,6025.62,258.29,1.57,False,0.0
2018-W15,musical_instruments,14,6704.86,394.4,0,3504.2,1615.31,3699.6,6734.82,273.59,1.98,False,0.0
2018-W16,musical_instruments,14,3450.26,230.02,0,3827.79,1974.72,3699.6,7777.22,0.0,-0.19,False,0.0
2018-W17,musical_instruments,12,3670.64,305.89,0,3767.38,1978.41,3457.96,7724.2,0.0,-0.05,False,0.0
2018-W18,musical_instruments,11,5715.25,476.27,0,4095.33,1653.89,3568.16,7403.11,787.55,0.98,False,0.0
2018-W19,musical_instruments,17,7451.45,438.32,0,4471.59,1634.73,4541.61,7741.06,1202.13,1.82,False,0.0
2018-W20,musical_instruments,19,5656.51,282.83,0,5182.68,1521.42,5501.66,8225.52,2139.84,0.31,False,0.0
2018-W21,musical_instruments,6,1092.18,156.03,0,5190.9,1524.11,5534.54,8239.13,2142.67,-2.69,True,1050.49
2018-W22,musical_instruments,13,4114.33,316.49,0,4894.22,2048.67,5534.54,8991.56,796.87,-0.38,False,0.0
2018-W23,musical_instruments,10,4750.17,475.02,0,4731.94,2053.16,4885.42,8838.25,625.62,0.01,False,0.0
2018-W24,musical_instruments,12,4290.75,306.48,0,4487.6,1895.05,4432.25,8277.7,697.5,-0.1,False,0.0
2018-W25,musical_instruments,5,1750.91,291.82,0,4592.66,1852.14,4520.46,8296.94,888.38,-1.53,False,0.0
2018-W26,musical_instruments,13,8175.99,545.07,0,4352.69,2096.86,4520.46,8546.41,158.98,1.82,False,0.0
2018-W28,musical_instruments,10,5519.98,460.0,0,4660.29,2472.18,4520.46,9604.65,0.0,0.35,False,0.0
2018-W29,musical_instruments,9,1093.11,121.46,0,4418.85,2244.48,4520.46,8907.82,0.0,-1.48,False,0.0
2018-W30,musical_instruments,10,3732.77,339.34,1,3848.43,2455.01,4202.54,8758.45,0.0,-0.05,False,0.0
2018-W31,musical_instruments,12,6704.09,558.67,0,4178.5,2195.27,4202.54,8569.04,0.0,1.15,False,0.0
2018-W32,musical_instruments,16,2744.4,144.44,0,4502.22,2368.56,4520.46,9239.35,0.0,-0.74,False,0.0
2018-W33,musical_instruments,8,2462.62,307.83,0,4251.5,2443.54,4011.76,9138.58,0.0,-0.73,False,0.0
2018-W34,musical_instruments,5,506.7,101.34,0,4022.98,2523.52,3238.58,9070.02,0.0,-1.39,False,0.0
2016-W40,office_furniture,5,1323.47,264.69,0,,,,,,,False,
2016-W41,office_furniture,1,264.08,264.08,0,,,,,,,False,
2017-W04,office_furniture,4,670.56,167.64,0,,,,,,,False,
2017-W05,office_furniture,18,6318.95,263.29,0,,,,,,,False,
2017-W06,office_furniture,25,7351.03,245.03,0,2144.26,2817.13,997.02,7778.52,0.0,1.85,False,0.0
2017-W07,office_furniture,11,4243.33,303.09,0,3185.62,3372.57,1323.47,9930.76,0.0,0.31,False,0.0
2017-W09,office_furniture,3,2792.84,698.21,0,3361.9,3047.27,2783.4,9456.44,0.0,-0.19,False,0.0
2017-W10,office_furniture,16,10092.43,403.7,0,3280.61,2790.07,2792.84,8860.74,0.0,2.44,True,0.0
2017-W11,office_furniture,22,8577.14,276.68,0,4132.09,3531.64,3518.08,11195.38,0.0,1.26,False,0.0
2017-W12,office_furniture,12,3266.93,217.8,0,5038.8,3637.13,5281.14,12313.05,0.0,-0.49,False,0.0
2017-W13,office_furniture,16,2660.58,166.29,0,5414.15,3203.02,5281.14,11820.19,0.0,-0.86,False,0.0
2017-W14,office_furniture,10,3593.64,326.69,0,5662.9,2838.53,5281.14,11339.96,0.0,-0.73,False,0.0
2017-W15,office_furniture,1,475.47,475.47,0,5322.24,2911.16,3918.48,11144.55,0.0,-1.66,False,0.0
2017-W16,office_furniture,9,3845.85,295.83,0,4462.8,3224.68,3430.28,10912.15,0.0,-0.19,False,0.0
2017-W17,office_furniture,21,6090.67,234.26,0,4413.11,3231.6,3430.28,10876.3,0.0,0.52,False,0.0
2017-W18,office_furniture,11,2632.06,219.34,0,4825.34,3205.62,3719.74,11236.58,0.0,-0.68,False,0.0
2017-W19,office_furniture,15,13766.98,458.9,0,3892.79,2450.75,3430.28,8794.28,0.0,4.03,True,0.0
2017-W20,office_furniture,7,1111.27,158.75,0,4541.52,4039.67,3430.28,12620.87,0.0,-0.85,False,0.0
2017-W21,office_furniture,4,894.35,178.87,0,4272.06,4205.34,3127.11,12682.74,0.0,-0.8,False,0.0
2017-W22,office_furniture,10,1815.96,181.6,0,4051.29,4346.03,3112.85,12743.35,0.0,-0.51,False,0.0
2017-W23,office_furniture,6,1125.74,187.62,0,3829.08,4417.63,2224.01,12664.34,0.0,-0.61,False,0.0
2017-W24,office_furniture,11,2466.23,205.52,0,3910.36,4352.61,2224.01,12615.59,0.0,-0.33,False,0.0
2017-W25,office_furniture,16,4775.61,251.35,0,3737.91,4382.76,2141.1,12503.43,0.0,0.24,False,0.0
2017-W26,office_furniture,9,2883.99,262.18,0,3573.52,4305.9,2141.1,12185.32,0.0,-0.16,False,0.0
2017-W27,office_furniture,22,5465.58,218.62,0,3605.02,4298.95,2141.1,12202.91,0.0,0.43,False,0.0
2017-W28,office_furniture,22,5279.73,170.31,0,2567.34,1729.93,2141.1,6027.2,0.0,1.57,False,0.0
2017-W29,office_furniture,22,9318.03,258.83,0,3088.4,1852.16,2675.11,6792.72,0.0,3.36,True,0.0
2017-W30,office_furniture,26,8651.06,247.17,0,4141.36,2649.48,3829.8,9440.31,0.0,1.7,False,0.0
2017-W31,office_furniture,11,3533.4,271.8,0,4995.75,2884.15,5027.67,10764.04,0.0,-0.51,False,0.0
2017-W32,office_furniture,13,5413.52,284.92,0,5296.7,2526.01,5027.67,10348.73,244.68,0.05,False,0.0
2017-W33,office_furniture,12,5825.71,364.11,0,5665.12,2254.56,5346.62,10174.24,1155.99,0.07,False,0.0
2017-W34,office_furniture,6,1473.64,245.61,0,5796.38,2225.76,5439.55,10247.9,1344.85,-1.94,False,0.0
2017-W35,office_furniture,10,11777.24,692.78,0,5620.08,2525.12,5439.55,10670.32,569.85,2.44,True,0.0
2017-W36,office_furniture,8,4541.97,412.91,0,6409.04,3328.25,5619.62,13065.54,0.0,-0.56,False,0.0
2017-W37,office_furniture,8,1672.83,209.1,0,6316.82,3373.92,5619.62,13064.65,0.0,-1.38,False,0.0
2017-W38,office_furniture,12,12213.42,200.22,0,5361.17,3483.36,4977.75,12327.89,0.0,1.97,False,0.0
2017-W39,office_furniture,8,3090.79,280.98,0,5806.47,4131.41,4977.75,14069.29,0.0,-0.66,False,0.0
2017-W40,office_furniture,10,24112.4,1269.07,0,5751.14,4169.0,4977.75,14089.13,0.0,4.4,True,0.0
2017-W41,office_furniture,16,8693.11,413.96,0,8088.5,7699.53,5183.84,23487.56,0.0,0.08,False,0.0
2017-W42,office_furniture,19,5891.35,280.54,0,8446.93,7645.7,6617.54,23738.33,0.0,-0.33,False,0.0
2017-W43,office_furniture,17,18989.63,654.81,0,8999.14,7217.66,7292.23,23434.45,0.0,1.38,False,0.0
2017-W44,office_furniture,17,26235.2,749.58,0,9900.69,8020.08,7292.23,25940.84,0.0,2.04,True,0.0
2017-W45,office_furniture,16,5327.57,295.98,0,12612.34,9483.27,10453.26,31578.89,0.0,-0.77,False,0.0
2017-W46,office_furniture,24,9327.28,310.91,0,13069.18,8954.27,10453.26,30977.73,0.0,-0.42,False,0.0
2017-W47,office_furniture,12,4549.27,303.28,0,12708.42,9051.29,9010.2,30811.0,0.0,-0.9,False,0.0
2017-W48,office_furniture,16,6848.35,297.75,0,12890.73,8842.17,9010.2,30575.07,0.0,-0.68,False,0.0
2017-W49,office_furniture,15,6947.05,330.81,0,10732.72,7751.65,7770.73,26236.02,0.0,-0.49,False,0.0
2017-W50,office_furniture,12,2968.09,212.01,0,10514.46,7841.34,6897.7,26197.15,0.0,-0.96,False,0.0
2017-W51,office_furniture,4,600.68,150.17,0,10149.06,8149.61,6897.7,26448.28,0.0,-1.17,False,0.0
2017-W52,office_furniture,4,1196.95,299.24,0,7850.44,7889.05,6087.96,23628.54,0.0,-0.84,False,0.0
2018-W01,office_furniture,19,5034.55,228.84,0,4720.66,3013.42,4938.42,10747.49,0.0,0.1,False,0.0
2018-W02,office_furniture,25,10125.04,306.82,0,4684.03,3006.76,4791.91,10697.55,0.0,1.81,False,0.0
2018-W03,office_furniture,26,8889.39,261.45,0,4783.75,3190.38,4791.91,11164.5,0.0,1.29,False,0.0
2018-W04,office_furniture,29,13578.81,308.61,0,5326.26,3498.9,5941.45,12324.07,0.0,2.36,True,0.0
2018-W05,office_furniture,21,32692.32,778.39,0,6167.57,4564.17,5990.8,15295.91,0.0,5.81,True,0.0
2018-W06,office_furniture,21,8161.59,291.49,0,9385.73,10460.29,6961.97,30306.31,0.0,-0.12,False,0.0
2018-W07,office_furniture,3,7996.69,1142.38,0,10034.92,10162.01,8525.49,30358.93,0.0,-0.2,False,0.0
2018-W08,office_furniture,15,3744.89,220.29,0,10959.42,9495.69,8525.49,29950.8,0.0,-0.76,False,0.0
2018-W09,office_furniture,42,26792.84,412.2,0,11277.91,9158.2,8525.49,29594.32,0.0,1.69,False,0.0
2018-W10,office_furniture,40,23230.96,414.84,0,13997.7,10209.69,9507.22,34417.08,0.0,0.9,False,0.0
2018-W11,office_furniture,36,8876.88,211.35,0,15635.94,10545.48,11234.1,36726.89,0.0,-0.64,False,0.0
2018-W12,office_furniture,22,9628.39,310.59,0,15634.37,10546.62,11227.84,36727.62,0.0,-0.57,False,0.0
2018-W13,office_furniture,32,19277.04,385.54,0,15140.57,10747.19,9252.63,36634.95,0.0,0.38,False,0.0
2018-W14,office_furniture,16,20169.25,650.62,0,13463.66,8409.73,9252.63,30283.12,0.0,0.8,False,0.0
2018-W15,office_furniture,22,9853.23,364.93,0,14964.62,8399.78,14452.72,31764.19,0.0,-0.61,False,0.0
2018-W16,office_furniture,28,16923.18,412.76,0,15196.68,8203.12,14565.14,31602.92,0.0,0.21,False,0.0
2018-W17,office_furniture,19,17329.0,541.53,0,16843.97,6773.55,18100.11,30391.07,3296.87,0.07,False,0.0
2018-W18,office_furniture,13,2682.19,178.81,0,15660.99,5493.2,17126.09,26647.39,4674.6,-2.36,True,1992.41
2018-W19,office_furniture,21,15429.87,497.74,0,13092.4,6205.87,13388.2,25504.14,680.65,0.38,False,0.0
2018-W20,office_furniture,20,9289.29,387.05,0,13911.52,5998.99,16176.53,25909.5,1913.53,-0.77,False,0.0
2018-W21,office_furniture,17,13417.66,536.71,0,13869.13,6034.67,16176.53,25938.47,1799.79,-0.07,False,0.0
2018-W22,office_furniture,12,4452.53,318.04,0,13136.71,5626.31,14423.76,24389.33,1884.09,-1.54,False,0.0
2018-W23,office_furniture,14,5332.49,313.68,0,11172.12,5563.52,11635.44,22299.15,45.08,-1.05,False,0.0
2018-W24,office_furniture,10,3663.67,281.82,0,10607.03,5933.88,11353.48,22474.78,0.0,-1.17,False,0.0
2018-W25,office_furniture,19,7610.67,304.43,0,8949.59,5767.1,7310.89,20483.78,0.0,-0.23,False,0.0
2018-W26,office_furniture,12,3879.72,215.54,0,7734.8,4668.87,6471.58,17072.53,0.0,-0.83,False,0.0
2018-W27,office_furniture,10,2863.13,238.59,0,7884.49,4499.87,6471.58,16884.22,0.0,-1.12,False,0.0
2018-W28,office_furniture,11,2799.7,233.31,0,6313.64,3591.31,4892.51,13496.27,0.0,-0.98,False,0.0
2018-W29,office_furniture,22,13935.88,435.5,0,5502.45,3555.91,4166.12,12614.27,0.0,2.37,True,0.0
2018-W30,office_furniture,10,5327.33,443.94,0,5567.22,3721.56,4166.12,13010.35,0.0,-0.06,False,0.0
2018-W31,office_furniture,15,7447.71,391.98,1,5676.57,3696.9,4603.52,13070.38,0.0,0.48,False,0.0
2018-W32,office_furniture,9,4631.81,356.29,0,5940.98,3744.12,4603.52,13429.21,0.0,-0.35,False,0.0
2018-W33,office_furniture,4,1110.57,277.64,0,6061.99,3675.0,4979.57,13412.0,0.0,-1.35,False,0.0
2018-W34,office_furniture,1,126.9,126.9,0,5249.48,3988.85,4255.77,13227.17,0.0,-1.28,False,0.0
2018-W35,office_furniture,1,712.9,712.9,0,4780.38,4374.93,3747.47,13530.25,0.0,-0.93,False,0.0
2017-W30,party_supplies,1,83.41,83.41,0,,,,,,,False,
2017-W37,party_supplies,1,606.4,303.2,0,,,,,,,False,
2017-W41,party_supplies,1,84.63,84.63,0,,,,,,,False,
2017-W43,party_supplies,1,79.24,79.24,0,,,,,,,False,
2017-W46,party_supplies,2,303.99,151.99,0,213.42,262.0,84.02,737.41,0.0,0.35,False,0.0
2017-W47,party_supplies,1,27.77,27.77,0,231.53,230.48,84.63,692.5,0.0,-0.88,False,0.0
2017-W48,party_supplies,1,602.58,602.58,0,197.57,222.3,84.02,642.18,0.0,1.82,False,0.0
2017-W49,party_supplies,1,273.27,273.27,0,255.43,254.19,84.63,763.82,0.0,0.07,False,0.0
2017-W50,party_supplies,1,276.65,276.65,0,257.66,235.42,178.95,728.51,0.0,0.08,False,0.0
2018-W03,party_supplies,1,85.63,85.63,0,281.82,224.66,274.96,731.13,0.0,-0.87,False,0.0
2018-W04,party_supplies,1,84.63,84.63,0,216.72,189.94,179.45,596.59,0.0,-0.7,False,0.0
2018-W09,party_supplies,3,592.92,148.23,0,216.72,189.94,179.45,596.59,0.0,1.98,False,0.0
2018-W10,party_supplies,1,252.99,252.99,0,280.93,221.09,274.96,723.11,0.0,-0.13,False,0.0
2018-W13,party_supplies,1,292.88,292.88,0,274.55,221.07,263.13,716.69,0.0,0.08,False,0.0
2018-W15,party_supplies,1,160.52,80.26,0,307.69,197.39,274.96,702.48,0.0,-0.75,False,0.0
2018-W19,party_supplies,1,58.23,58.23,0,252.44,161.7,263.13,575.83,0.0,-1.2,False,0.0
2018-W21,party_supplies,1,24.29,24.29,0,225.56,175.06,206.76,575.67,0.0,-1.15,False,0.0
2018-W22,party_supplies,1,175.84,87.92,0,194.01,186.88,123.08,567.76,0.0,-0.1,False,0.0
2018-W23,party_supplies,1,29.69,29.69,0,205.29,182.06,168.18,569.41,0.0,-0.96,False,0.0
2018-W24,party_supplies,1,82.69,82.69,0,198.42,188.19,168.18,574.81,0.0,-0.61,False,0.0
2018-W28,party_supplies,1,54.44,54.44,0,134.64,102.22,121.6,339.08,0.0,-0.78,False,0.0
2018-W29,party_supplies,1,29.92,29.92,0,109.82,93.08,70.46,295.97,0.0,-0.86,False,0.0
2018-W31,party_supplies,4,427.72,106.93,0,76.95,59.61,56.33,196.17,0.0,5.88,True,0.0
2018-W32,party_supplies,3,541.1,180.37,0,110.35,137.32,56.33,385.0,0.0,3.14,True,0.0
2018-W33,party_supplies,4,501.5,71.64,0,170.71,202.02,68.56,574.75,0.0,1.64,False,0.0
2018-W34,party_supplies,2,200.15,100.08,0,230.36,222.07,129.26,674.5,0.0,-0.14,False,0.0
2018-W35,party_supplies,1,33.23,33.23,0,233.4,221.38,141.42,676.16,0.0,-0.9,False,0.0
2017-W16,pc_gamer,1,144.66,144.66,0,,,,,,,False,
2017-W17,pc_gamer,1,145.07,72.53,0,,,,,,,False,
2017-W21,pc_gamer,1,138.15,138.15,0,,,,,,,False,
2017-W24,pc_gamer,1,156.18,156.18,0,,,,,,,False,
2018-W08,pc_gamer,1,187.56,187.56,0,146.01,7.48,144.86,160.98,131.05,5.55,True,0.0
2018-W30,pc_gamer,1,914.76,457.38,0,154.32,19.68,145.07,193.68,114.97,38.65,True,0.0
2018-W31,pc_gamer,1,249.42,249.42,1,281.06,310.95,150.62,902.95,0.0,-0.1,False,0.0
2018-W33,pc_gamer,1,238.63,238.63,0,276.54,284.1,156.18,844.75,0.0,-0.13,False,0.0
2016-W40,perfumery,29,7173.98,217.39,2,,,,,,,False,
2016-W41,perfumery,1,27.86,9.29,0,,,,,,,False,
2017-W03,perfumery,2,216.14,72.05,0,,,,,,,False,
2017-W04,perfumery,22,5306.62,196.54,0,,,,,,,False,
2017-W05,perfumery,20,2564.51,106.85,0,3181.15,3614.55,2761.38,10410.24,0.0,-0.17,False,0.0
2017-W06,perfumery,15,3671.94,229.5,0,3057.82,3142.41,2564.51,9342.65,0.0,0.2,False,0.0
2017-W07,perfumery,8,1719.09,191.01,0,3160.18,2821.82,3118.23,8803.81,0.0,-0.51,False,0.0
2017-W08,perfumery,8,1419.46,177.43,1,2954.31,2632.91,2564.51,8220.13,0.0,-0.58,False,0.0
2017-W09,perfumery,13,2419.94,186.15,0,2762.45,2497.27,2141.8,7757.0,0.0,-0.14,False,0.0
2017-W10,perfumery,18,4469.76,235.25,0,2168.2,1751.95,2069.52,5672.09,0.0,1.31,False,0.0
2017-W11,perfumery,33,7093.13,214.94,0,2723.43,1679.08,2492.23,6081.59,0.0,2.6,True,0.0
2017-W12,perfumery,29,6105.66,196.96,0,3583.06,1950.5,3118.23,7484.06,0.0,1.29,False,0.0
2017-W13,perfumery,18,5001.48,250.07,0,3682.94,2068.27,3118.23,7819.48,0.0,0.64,False,0.0
2017-W14,perfumery,32,8524.77,224.34,0,3987.56,2059.46,4070.85,8106.48,0.0,2.2,True,0.0
2017-W15,perfumery,22,3769.07,163.87,0,4594.16,2597.6,4735.62,9789.35,0.0,-0.32,False,0.0
2017-W16,perfumery,26,5080.68,175.2,0,4850.41,2364.08,4735.62,9578.56,122.26,0.1,False,0.0
2017-W17,perfumery,17,3625.61,213.27,0,5308.06,1917.14,5041.08,9142.35,1473.78,-0.88,False,0.0
2017-W18,perfumery,27,4196.06,149.86,0,5458.77,1691.82,5041.08,8842.4,2075.14,-0.75,False,0.0
2017-W19,perfumery,26,4903.29,175.12,0,5424.56,1717.25,5041.08,8859.06,1990.06,-0.3,False,0.0
2017-W20,perfumery,37,6590.56,164.76,0,5150.83,1582.53,4952.38,8315.89,1985.77,0.91,False,0.0
2017-W21,perfumery,33,8151.51,194.08,0,5211.44,1632.81,4952.38,8477.07,1945.81,1.8,False,0.0
2017-W22,perfumery,33,5407.36,146.14,0,5605.19,1928.07,4991.99,9461.33,1749.06,-0.1,False,0.0
2017-W23,perfumery,46,7245.63,139.34,0,5215.52,1527.02,4991.99,8269.56,2161.47,1.33,False,0.0
2017-W24,perfumery,35,7556.86,215.91,0,5650.09,1551.08,5244.02,8752.24,2547.93,1.23,False,0.0
2017-W25,perfumery,23,6280.5,209.35,0,5959.61,1664.16,5998.96,9287.93,2631.29,0.19,False,0.0
2017-W26,perfumery,25,5220.81,186.46,0,6291.47,1371.15,6435.53,9033.77,3549.17,-0.78,False,0.0
2017-W27,perfumery,21,2064.51,93.84,2,6419.56,1182.29,6435.53,8784.15,4054.98,-3.68,True,1990.47
2017-W28,perfumery,31,4255.36,121.58,0,6064.72,1906.56,6435.53,9877.84,2251.6,-0.95,False,0.0
2017-W29,perfumery,35,5380.71,134.52,0,5772.82,1991.42,5843.93,9755.67,1789.97,-0.2,False,0.0
2017-W30,perfumery,26,4270.55,152.52,0,5426.47,1744.23,5394.04,8914.92,1938.01,-0.66,False,0.0
2017-W31,perfumery,20,2147.98,97.64,0,5284.37,1791.67,5300.76,8867.7,1701.03,-1.75,False,0.0
2017-W32,perfumery,20,3819.99,159.17,0,4647.16,1897.84,4745.68,8442.85,851.47,-0.44,False,0.0
2017-W33,perfumery,30,4904.51,140.13,0,4180.05,1496.9,4262.96,7173.85,1186.25,0.48,False,0.0
2017-W34,perfumery,31,4869.0,131.59,0,4008.05,1285.15,4262.96,6578.35,1437.75,0.67,False,0.0
2017-W35,perfumery,27,3022.93,104.24,0,3964.08,1243.05,4262.96,6450.18,1477.97,-0.76,False,0.0
2017-W36,perfumery,28,5928.25,156.01,0,4083.88,1067.63,4262.96,6219.14,1948.62,1.73,False,0.0
2017-W37,perfumery,39,4965.66,90.28,0,4292.99,1253.64,4569.77,6800.27,1785.71,0.54,False,0.0
2017-W38,perfumery,37,5448.58,126.71,0,4241.11,1210.03,4569.77,6661.16,1821.06,1.0,False,0.0
2017-W39,perfumery,36,4244.9,108.84,1,4388.36,1283.57,4886.76,6955.49,1821.23,-0.11,False,0.0
2017-W40,perfumery,32,3723.53,112.83,0,4650.48,924.62,4886.76,6499.71,2801.24,-1.0,False,0.0
2017-W41,perfumery,42,4905.71,98.11,0,4638.42,937.53,4886.76,6513.48,2763.36,0.29,False,0.0
2017-W42,perfumery,44,4627.37,96.4,0,4638.57,937.58,4887.35,6513.73,2763.41,-0.01,False,0.0
2017-W43,perfumery,41,6180.47,128.76,0,4608.37,932.98,4766.54,6474.32,2742.41,1.69,False,0.0
2017-W44,perfumery,29,3713.44,116.05,0,5003.06,828.49,4935.68,6660.04,3346.08,-1.56,False,0.0
2017-W45,perfumery,34,4573.32,114.33,0,4726.21,845.05,4766.54,6416.3,3036.11,-0.18,False,0.0
2017-W46,perfumery,54,7008.95,120.84,0,4677.16,840.54,4600.34,6358.24,2996.09,2.77,True,0.0
2017-W47,perfumery,125,18305.65,124.53,0,4872.21,1163.94,4600.34,7200.1,2544.33,11.54,True,0.0
2017-W48,perfumery,91,10627.52,108.44,0,6629.8,4852.6,4766.54,16335.0,0.0,0.82,False,0.0
2017-W49,perfumery,73,10272.16,133.4,0,7492.8,4875.76,5543.09,17244.32,0.0,0.57,False,0.0
2017-W50,perfumery,66,10071.57,143.88,0,8163.61,4837.99,6594.71,17839.59,0.0,0.39,False,0.0
2017-W51,perfumery,35,4459.09,117.34,0,8844.14,4648.71,8540.26,18141.55,0.0,-0.94,False,0.0
2017-W52,perfumery,30,4709.27,134.55,0,8628.96,4826.07,8540.26,18281.1,0.0,-0.81,False,0.0
2018-W01,perfumery,37,4139.67,103.49,0,8753.44,4692.16,8540.26,18137.75,0.0,-0.98,False,0.0
2018-W02,perfumery,47,6223.81,113.16,0,8699.24,4749.5,8540.26,18198.23,0.0,-0.52,False,0.0
2018-W03,perfumery,48,5889.86,115.49,0,8601.09,4797.29,8147.69,18195.67,0.0,-0.57,False,0.0
2018-W04,perfumery,61,7524.98,112.31,1,7049.12,2803.09,6056.84,12655.3,1442.94,0.17,False,0.0
2018-W05,perfumery,46,7996.46,142.79,1,6661.3,2426.62,6056.84,11514.55,1808.06,0.55,False,0.0
2018-W06,perfumery,49,6781.4,132.97,2,6376.84,2046.48,6056.84,10469.79,2283.88,0.2,False,0.0
2018-W07,perfumery,51,7703.2,142.65,0,5965.57,1438.05,6056.84,8841.67,3089.46,1.21,False,0.0
2018-W08,perfumery,45,4590.14,95.63,0,6371.08,1409.68,6502.6,9190.43,3551.73,-1.26,False,0.0
2018-W09,perfumery,59,7367.86,118.84,1,6356.19,1430.22,6502.6,9216.63,3495.75,0.71,False,0.0
2018-W10,perfumery,42,6603.7,117.92,0,6759.71,1141.84,7074.63,9043.39,4476.04,-0.14,False,0.0
2018-W11,perfumery,48,7104.18,129.17,0,6807.2,1124.13,7074.63,9055.46,4558.94,0.26,False,0.0
2018-W12,perfumery,44,6106.9,122.14,0,6958.99,1062.88,7236.02,9084.75,4833.23,-0.8,False,0.0
2018-W13,perfumery,26,3831.78,136.85,0,6781.73,1073.2,6942.79,8928.14,4635.32,-2.75,True,803.54
2018-W14,perfumery,44,5345.42,111.36,0,6261.14,1369.09,6692.55,8999.33,3522.96,-0.67,False,0.0
2018-W15,perfumery,36,4973.98,115.67,0,6081.65,1385.18,6355.3,8852.01,3311.29,-0.8,False,0.0
2018-W16,perfumery,32,5247.13,154.33,0,5740.5,1259.11,5726.16,8258.71,3222.28,-0.39,False,0.0
2018-W17,perfumery,35,4744.25,128.22,0,5822.62,1193.05,5726.16,8208.72,3436.52,-0.9,False,0.0
2018-W18,perfumery,46,7043.21,130.43,0,5494.67,1060.88,5296.28,7616.43,3372.9,1.46,False,0.0
2018-W19,perfumery,52,8288.92,156.39,0,5549.61,1135.29,5296.28,7820.19,3279.03,2.41,True,0.0
2018-W20,perfumery,48,10676.05,180.95,0,5697.7,1410.87,5296.28,8519.44,2875.96,3.53,True,0.0
2018-W21,perfumery,22,3017.92,125.75,0,6268.84,2265.92,5296.28,10800.68,1737.0,-1.43,False,0.0
2018-W22,perfumery,30,5717.12,190.57,0,6167.11,2404.97,5296.28,10977.05,1357.17,-0.19,False,0.0
2018-W23,perfumery,50,8832.5,166.65,0,6213.57,2390.37,5482.12,10994.32,1432.82,1.1,False,0.0
2018-W24,perfumery,48,10613.06,176.88,0,6695.89,2491.65,6380.16,11679.2,1712.58,1.57,False,0.0
2018-W25,perfumery,30,6335.67,191.99,0,7366.63,2754.34,7666.06,12875.3,1857.95,-0.37,False,0.0
2018-W26,perfumery,20,4424.22,176.97,0,7565.56,2590.48,7666.06,12746.51,2384.6,-1.21,False,0.0
2018-W27,perfumery,34,5519.07,131.41,3,7238.18,2821.14,7312.3,12880.46,1595.9,-0.61,False,0.0
2018-W28,perfumery,25,4726.48,143.23,0,6891.95,2843.64,6026.4,12579.23,1204.67,-0.76,False,0.0
2018-W29,perfumery,42,6789.43,135.79,1,6148.26,2465.45,5618.09,11079.16,1217.35,0.26,False,0.0
2018-W30,perfumery,53,8541.36,144.77,0,6619.69,2117.39,6026.4,10854.47,2384.92,0.91,False,0.0
2018-W31,perfumery,67,9736.12,135.22,0,6972.72,2179.92,6562.55,11332.57,2612.88,1.27,False,0.0
2018-W32,perfumery,51,7154.09,130.07,0,7085.68,2309.61,6562.55,11704.89,2466.46,0.03,False,0.0
2018-W33,perfumery,48,8203.02,157.75,0,6653.3,1828.61,6562.55,10310.52,2996.09,0.85,False,0.0
2018-W34,perfumery,51,7781.78,138.96,0,6886.72,1900.06,6971.76,10686.84,3086.61,0.47,False,0.0
2018-W35,perfumery,1,87.62,87.62,0,7306.42,1630.06,7467.94,10566.53,4046.31,-4.43,True,3958.69
2016-W40,pet_shop,3,659.7,164.93,0,,,,,,,False,
2016-W41,pet_shop,1,116.16,116.16,0,,,,,,,False,
2017-W01,pet_shop,5,86.1,17.22,0,,,,,,,False,
2017-W02,pet_shop,1,16.62,16.62,0,,,,,,,False,
2017-W03,pet_shop,3,387.12,129.04,0,219.64,296.32,101.13,812.28,0.0,0.57,False,0.0
2017-W04,pet_shop,4,1047.04,174.51,0,253.14,267.32,116.16,787.79,0.0,2.97,True,0.0
2017-W05,pet_shop,8,818.73,81.87,0,385.46,402.76,251.64,1190.98,0.0,1.08,False,0.0
2017-W06,pet_shop,10,834.81,83.48,0,447.35,402.49,387.12,1252.33,0.0,0.96,False,0.0
2017-W07,pet_shop,8,1363.52,170.44,0,495.78,397.01,523.41,1289.81,0.0,2.19,True,0.0
2017-W08,pet_shop,8,1112.11,139.01,0,583.76,502.5,602.92,1588.76,0.0,1.05,False,0.0
2017-W09,pet_shop,7,2273.34,227.33,0,708.26,493.39,826.77,1695.03,0.0,3.17,True,0.0
2017-W10,pet_shop,2,221.07,110.53,0,981.66,672.78,940.92,2327.22,0.0,-1.13,False,0.0
2017-W11,pet_shop,14,3802.38,253.49,0,1007.22,633.63,940.92,2274.48,0.0,4.41,True,0.0
2017-W12,pet_shop,14,5251.96,308.94,0,1434.12,1120.0,1079.57,3674.13,0.0,3.41,True,0.0
2017-W13,pet_shop,9,918.29,91.83,0,1959.74,1731.91,1237.82,5423.57,0.0,-0.6,False,0.0
2017-W14,pet_shop,9,1841.11,204.57,0,1972.18,1722.88,1237.82,5417.94,0.0,-0.08,False,0.0
2017-W15,pet_shop,9,1150.51,115.05,0,2097.97,1663.69,1602.32,5425.36,0.0,-0.57,False,0.0
2017-W16,pet_shop,11,1641.7,126.28,0,2071.35,1678.76,1495.81,5428.87,0.0,-0.26,False,0.0
2017-W17,pet_shop,15,3875.06,203.95,0,2137.54,1645.65,1741.4,5428.84,0.0,1.06,False,0.0
2017-W18,pet_shop,18,3458.03,157.18,0,2337.76,1758.12,1741.4,5854.0,0.0,0.64,False,0.0
2017-W19,pet_shop,16,3650.6,228.16,0,2742.38,1563.05,2649.57,5868.48,0.0,0.58,False,0.0
2017-W20,pet_shop,15,1533.0,90.18,0,2723.41,1549.2,2649.57,5821.82,0.0,-0.77,False,0.0
2017-W21,pet_shop,8,599.94,74.99,0,2258.54,1200.89,1741.4,4660.31,0.0,-1.38,False,0.0
2017-W22,pet_shop,18,2179.08,103.77,0,2218.74,1255.67,1741.4,4730.08,0.0,-0.03,False,0.0
2017-W23,pet_shop,21,2239.75,77.23,0,2260.99,1246.8,1910.39,4754.59,0.0,-0.02,False,0.0
2017-W24,pet_shop,9,1466.96,112.84,0,2397.15,1165.0,2209.42,4727.14,67.15,-0.8,False,0.0
2017-W25,pet_shop,11,1459.99,132.73,0,2375.3,1182.69,2209.42,4740.68,9.92,-0.77,False,0.0
2017-W26,pet_shop,13,908.34,69.87,0,2073.42,1045.45,1856.04,4164.32,0.0,-1.11,False,0.0
2017-W27,pet_shop,19,3644.64,158.46,0,1754.71,947.06,1499.98,3648.82,0.0,2.0,False,0.0
2017-W28,pet_shop,19,3432.78,114.43,0,1753.96,945.35,1499.98,3644.67,0.0,1.78,False,0.0
2017-W29,pet_shop,17,2473.35,123.67,0,1991.44,1106.75,1823.02,4204.94,0.0,0.44,False,0.0
2017-W30,pet_shop,12,1584.44,121.88,0,2225.61,958.54,2209.42,4142.69,308.53,-0.67,False,0.0
2017-W31,pet_shop,17,4206.92,221.42,0,2151.28,985.34,1912.1,4121.97,180.6,2.09,True,0.0
2017-W32,pet_shop,16,3031.91,126.33,0,2397.18,1226.52,2028.9,4850.21,0.0,0.52,False,0.0
2017-W33,pet_shop,8,748.52,93.56,0,2592.8,1180.91,2752.63,4954.62,230.97,-1.56,False,0.0
2017-W34,pet_shop,21,4885.31,187.9,0,2503.86,1299.27,2752.63,5102.4,0.0,1.83,False,0.0
2017-W35,pet_shop,23,5044.16,201.77,0,3000.98,1360.95,3232.34,5722.88,279.09,1.5,False,0.0
2017-W36,pet_shop,18,2490.18,113.19,0,3175.92,1534.4,3232.34,6244.72,107.12,-0.45,False,0.0
2017-W37,pet_shop,12,6083.55,337.98,0,3058.1,1547.99,2761.04,6154.08,0.0,1.95,False,0.0
2017-W38,pet_shop,17,2349.57,123.66,0,3509.37,1849.95,3619.42,7209.27,0.0,-0.63,False,0.0
2017-W39,pet_shop,11,1415.13,108.86,0,3605.02,1753.48,3619.42,7111.97,98.06,-1.25,False,0.0
2017-W40,pet_shop,17,5008.54,250.43,0,3256.04,1889.13,2761.04,7034.31,0.0,0.93,False,0.0
2017-W41,pet_shop,14,1843.39,131.67,0,3503.12,1982.58,3687.74,7468.28,0.0,-0.84,False,0.0
2017-W42,pet_shop,14,2622.99,131.15,0,3639.98,1794.1,3687.74,7228.17,51.79,-0.57,False,0.0
2017-W43,pet_shop,14,1619.17,115.66,0,3357.19,1747.45,2556.58,6852.09,0.0,-0.99,False,0.0
2017-W44,pet_shop,7,1725.01,215.63,0,2929.06,1693.84,2419.88,6316.74,0.0,-0.71,False,0.0
2017-W45,pet_shop,13,4160.54,218.98,1,2833.42,1743.05,2096.48,6319.52,0.0,0.76,False,0.0
2017-W46,pet_shop,16,3155.55,157.78,0,2593.04,1309.48,2096.48,5212.01,0.0,0.43,False,0.0
2017-W47,pet_shop,33,4340.51,105.87,0,2693.79,1319.04,2233.19,5331.88,55.7,1.25,False,0.0
2017-W48,pet_shop,27,5161.02,161.28,0,3059.46,1319.42,2889.27,5698.31,420.62,1.59,False,0.0
2017-W49,pet_shop,21,2727.58,113.65,0,3078.52,1352.29,2889.27,5783.11,373.94,-0.26,False,0.0
2017-W50,pet_shop,18,2489.43,138.3,0,3189.05,1270.59,2941.56,5730.22,647.87,-0.55,False,0.0
2017-W51,pet_shop,9,1519.81,151.98,0,3172.35,1279.93,2941.56,5732.21,612.49,-1.29,False,0.0
2017-W52,pet_shop,13,1505.39,115.8,0,3159.93,1297.52,2941.56,5754.97,564.9,-1.28,False,0.0
2018-W01,pet_shop,17,4559.21,198.23,0,3132.48,1334.02,2941.56,5800.53,464.43,1.07,False,0.0
2018-W02,pet_shop,24,5155.15,190.93,0,3182.31,1384.41,2941.56,5951.13,413.49,1.43,False,0.0
2018-W03,pet_shop,16,2730.1,124.1,0,3432.26,1549.55,3534.04,6531.36,333.17,-0.45,False,0.0
2018-W04,pet_shop,15,2353.97,130.78,0,3230.96,1519.0,2728.84,6268.97,192.95,-0.58,False,0.0
2018-W05,pet_shop,15,2489.32,155.58,0,2880.08,1320.75,2608.5,5521.58,238.58,-0.3,False,0.0
2018-W06,pet_shop,19,3399.08,154.5,0,2850.3,1327.35,2489.38,5505.0,195.6,0.41,False,0.0
2018-W07,pet_shop,27,3652.53,114.14,1,2964.0,1330.98,2609.71,5625.96,302.05,0.52,False,0.0
2018-W08,pet_shop,19,4688.86,195.37,0,3230.59,1208.32,3064.59,5647.24,813.95,1.21,False,0.0
2018-W09,pet_shop,32,4974.52,142.13,0,3628.53,1075.95,3525.8,5780.44,1476.62,1.25,False,0.0
2018-W10,pet_shop,14,1328.51,69.92,0,3680.44,1135.64,3525.8,5951.72,1409.17,-2.07,True,80.66
2018-W11,pet_shop,29,4273.63,137.86,0,3202.11,1227.9,3064.59,5657.91,746.32,0.87,False,0.0
2018-W12,pet_shop,31,7470.26,196.59,0,3395.05,1263.88,3525.8,5922.8,867.3,3.22,True,0.0
2018-W13,pet_shop,24,4071.33,140.39,0,4034.59,1829.64,3963.08,7693.87,375.31,0.02,False,0.0
2018-W14,pet_shop,39,5491.56,133.94,0,4232.34,1721.03,4172.48,7674.41,790.27,0.73,False,0.0
2018-W15,pet_shop,33,7761.18,194.03,0,4493.9,1735.25,4481.24,7964.41,1023.39,1.88,False,0.0
2018-W16,pet_shop,33,6038.65,150.97,0,5007.48,2033.11,4831.69,9073.71,941.26,0.51,False,0.0
2018-W17,pet_shop,38,5915.75,144.29,2,5176.2,2058.74,5233.04,9293.68,1058.73,0.36,False,0.0
2018-W18,pet_shop,29,3748.38,124.95,0,5293.86,2072.42,5703.66,9438.69,1149.03,-0.75,False,0.0
2018-W19,pet_shop,38,4682.39,104.05,0,5596.34,1511.71,5703.66,8619.77,2572.92,-0.6,False,0.0
2018-W20,pet_shop,32,3740.94,93.52,0,5647.44,1466.86,5703.66,8581.16,2713.71,-1.3,False,0.0
2018-W21,pet_shop,21,2411.82,96.47,0,5181.27,1395.67,5086.98,7972.62,2389.92,-1.98,False,0.0
2018-W22,pet_shop,24,5541.95,205.26,0,4973.83,1678.82,5086.98,8331.47,1616.2,0.34,False,0.0
2018-W23,pet_shop,41,6437.13,139.94,0,4980.13,1681.13,5112.17,8342.39,1617.87,0.87,False,0.0
2018-W24,pet_shop,36,8253.22,179.42,0,4814.63,1411.83,5112.17,7638.29,1990.96,2.44,True,0.0
2018-W25,pet_shop,29,8284.37,192.66,0,5091.45,1838.69,5112.17,8768.83,1414.06,1.74,False,0.0
2018-W26,pet_shop,38,5017.48,125.44,0,5387.52,2154.05,5112.17,9695.62,1079.43,-0.17,False,0.0
2018-W27,pet_shop,24,3706.8,137.29,0,5546.16,2060.8,5279.72,9667.77,1424.56,-0.89,False,0.0
2018-W28,pet_shop,19,3716.3,154.85,0,5424.21,2146.31,5279.72,9716.83,1131.6,-0.8,False,0.0
2018-W29,pet_shop,38,7474.17,155.71,0,5421.13,2149.09,5279.72,9719.31,1122.96,0.96,False,0.0
2018-W30,pet_shop,32,7497.72,208.27,0,6053.93,1862.62,5989.54,9779.17,2328.68,0.78,False,0.0
2018-W31,pet_shop,51,10991.64,183.19,0,6298.4,1913.48,6955.65,10125.36,2471.44,2.45,True,0.0
2018-W32,pet_shop,53,11594.75,178.38,1,6867.71,2536.71,7485.94,11941.13,1794.3,1.86,False,0.0
2018-W33,pet_shop,47,10273.57,165.7,0,7285.4,3025.46,7485.94,13336.32,1234.49,0.99,False,0.0
2018-W34,pet_shop,28,4265.21,142.17,0,7534.05,3196.21,7485.94,13926.47,1141.64,-1.02,False,0.0
2018-W19,portateis_cozinha_e_preparadores_de_alimentos,2,2046.41,1023.2,0,,,,,,,False,
2018-W29,portateis_cozinha_e_preparadores_de_alimentos,3,113.06,37.69,0,,,,,,,False,
2018-W30,portateis_cozinha_e_preparadores_de_alimentos,4,220.38,44.08,0,,,,,,,False,
2018-W31,portateis_cozinha_e_preparadores_de_alimentos,1,50.24,50.24,1,,,,,,,False,
2018-W32,portateis_cozinha_e_preparadores_de_alimentos,2,1256.37,628.19,0,607.52,961.83,166.72,2531.18,0.0,0.67,False,0.0
2018-W33,portateis_cozinha_e_preparadores_de_alimentos,1,103.68,103.68,0,737.29,882.06,220.38,2501.42,0.0,-0.72,False,0.0
2018-W35,portateis_cozinha_e_preparadores_de_alimentos,1,545.51,545.51,0,631.69,830.26,166.72,2292.22,0.0,-0.1,False,0.0
2017-W04,security_and_services,1,209.06,209.06,0,,,,,,,False,
2017-W37,security_and_services,1,115.45,115.45,0,,,,,,,False,
2017-W13,signaling_and_security,1,91.23,91.23,0,,,,,,,False,
2017-W14,signaling_and_security,2,140.14,70.07,0,,,,,,,False,
2017-W15,signaling_and_security,1,43.51,43.51,0,,,,,,,False,
2017-W19,signaling_and_security,1,40.1,40.1,0,,,,,,,False,
2017-W21,signaling_and_security,1,101.96,101.96,0,78.74,47.12,67.37,172.98,0.0,0.49,False,0.0
2017-W22,signaling_and_security,1,1267.76,633.88,0,83.39,42.1,91.23,167.6,0.0,28.13,True,0.0
2017-W23,signaling_and_security,2,345.4,172.7,0,280.78,484.98,96.6,1250.75,0.0,0.13,False,0.0
2017-W28,signaling_and_security,2,813.81,271.27,0,290.01,443.4,101.96,1176.81,0.0,1.18,False,0.0
2017-W29,signaling_and_security,2,223.13,111.56,0,355.49,450.35,121.05,1256.18,0.0,-0.29,False,0.0
2017-W30,signaling_and_security,1,21.75,21.75,0,371.98,441.62,181.64,1255.22,0.0,-0.79,False,0.0
2017-W31,signaling_and_security,1,144.65,144.65,0,357.18,452.35,162.54,1261.88,0.0,-0.47,False,0.0
2017-W32,signaling_and_security,1,115.04,115.04,0,369.82,443.66,183.89,1257.15,0.0,-0.57,False,0.0
2017-W33,signaling_and_security,1,141.4,141.4,0,379.19,436.44,183.89,1252.07,0.0,-0.54,False,0.0
2017-W34,signaling_and_security,1,42.38,42.38,0,384.12,433.07,183.89,1250.26,0.0,-0.79,False,0.0
2017-W37,signaling_and_security,2,183.73,91.87,0,230.94,256.66,143.02,744.26,0.0,-0.18,False,0.0
2017-W38,signaling_and_security,2,596.31,99.39,0,210.74,252.69,143.02,716.12,0.0,1.53,False,0.0
2017-W39,signaling_and_security,2,259.87,129.94,0,183.55,179.69,143.02,542.94,0.0,0.42,False,0.0
2017-W40,signaling_and_security,3,393.12,131.04,0,188.14,181.31,143.02,550.77,0.0,1.13,False,0.0
2017-W41,signaling_and_security,1,185.05,185.05,0,234.56,180.16,164.19,594.89,0.0,-0.27,False,0.0
2017-W42,signaling_and_security,1,261.6,65.4,0,239.61,177.83,184.39,595.28,0.0,0.12,False,0.0
2017-W43,signaling_and_security,1,132.57,132.57,0,257.93,170.57,222.46,599.07,0.0,-0.73,False,0.0
2017-W45,signaling_and_security,2,1687.46,421.87,0,256.83,171.46,222.46,599.74,0.0,8.34,True,0.0
2017-W48,signaling_and_security,1,51.89,17.3,0,462.46,516.61,260.74,1495.69,0.0,-0.79,False,0.0
2017-W50,signaling_and_security,1,123.29,123.29,0,445.98,528.73,260.74,1503.45,0.0,-0.61,False,0.0
2017-W52,signaling_and_security,1,719.15,719.15,0,386.86,535.92,222.46,1458.7,0.0,0.62,False,0.0
2018-W01,signaling_and_security,2,147.51,73.75,0,444.27,544.9,223.32,1534.06,0.0,-0.54,False,0.0
2018-W02,signaling_and_security,1,78.14,78.14,0,413.57,555.02,166.28,1523.6,0.0,-0.6,False,0.0
2018-W03,signaling_and_security,3,1416.21,354.05,0,400.2,562.54,140.04,1525.29,0.0,1.81,False,0.0
2018-W04,signaling_and_security,1,149.23,149.23,0,544.53,661.34,140.04,1867.21,0.0,-0.6,False,0.0
2018-W06,signaling_and_security,3,225.41,75.14,0,546.61,659.88,148.37,1866.38,0.0,-0.49,False,0.0
2018-W07,signaling_and_security,5,494.5,82.42,0,363.85,475.48,148.37,1314.81,0.0,0.27,False,0.0
2018-W08,signaling_and_security,1,497.6,124.4,0,419.18,459.47,187.32,1338.13,0.0,0.17,False,0.0
2018-W09,signaling_and_security,1,399.8,199.9,0,465.97,443.83,359.96,1353.63,0.0,-0.15,False,0.0
2018-W10,signaling_and_security,3,681.16,170.29,0,426.05,432.01,312.6,1290.07,0.0,0.59,False,0.0
2018-W11,signaling_and_security,2,209.82,69.94,0,492.76,423.98,447.15,1340.72,0.0,-0.67,False,0.0
2018-W12,signaling_and_security,1,378.39,378.39,0,509.22,407.83,447.15,1324.88,0.0,-0.32,False,0.0
2018-W13,signaling_and_security,1,85.35,85.35,0,379.49,178.94,389.1,737.37,21.6,-1.64,False,0.0
2018-W14,signaling_and_security,2,333.07,111.02,0,371.5,191.66,389.1,754.82,0.0,-0.2,False,0.0
2018-W15,signaling_and_security,5,1110.59,85.43,0,384.96,183.54,389.1,752.05,17.87,3.95,True,0.0
2018-W16,signaling_and_security,4,971.96,138.85,0,461.97,316.88,389.1,1095.74,0.0,1.61,False,0.0
2018-W17,signaling_and_security,10,1979.36,164.95,0,521.27,365.2,389.1,1251.67,0.0,3.99,True,0.0
2018-W18,signaling_and_security,5,1099.67,183.28,0,718.71,624.84,529.78,1968.4,0.0,0.61,False,0.0
2018-W20,signaling_and_security,2,367.62,183.81,0,771.03,638.62,675.18,2048.26,0.0,-0.63,False,0.0
2018-W22,signaling_and_security,1,19457.04,3242.84,0,790.75,621.0,675.18,2032.75,0.0,30.06,True,0.0
2018-W23,signaling_and_security,5,1554.24,259.04,0,3175.58,6605.85,1035.82,16387.28,0.0,-0.25,False,0.0
2018-W24,signaling_and_security,5,1200.92,171.56,0,3359.19,6527.63,1105.13,16414.46,0.0,-0.33,False,0.0
2018-W25,signaling_and_security,5,823.57,164.71,0,3467.68,6477.17,1155.76,16422.02,0.0,-0.41,False,0.0
2018-W26,signaling_and_security,1,89.77,89.77,0,3431.8,6492.87,1150.3,16417.54,0.0,-0.51,False,0.0
2018-W27,signaling_and_security,4,18831.71,1883.17,0,3321.52,6547.88,1150.3,16417.28,0.0,2.37,True,0.0
2018-W28,signaling_and_security,8,1988.22,165.69,0,5428.07,8480.12,1150.3,22388.31,0.0,-0.41,False,0.0
2018-W29,signaling_and_security,2,443.88,221.94,0,5539.14,8420.94,1377.58,22381.02,0.0,-0.61,False,0.0
2018-W30,signaling_and_security,3,316.24,105.41,0,5548.67,8414.29,1377.58,22377.25,0.0,-0.62,False,0.0
2018-W31,signaling_and_security,4,705.69,141.14,0,3156.07,6366.67,1012.25,15889.41,0.0,-0.38,False,0.0
2018-W32,signaling_and_security,6,1771.75,177.18,0,3050.0,6404.13,764.63,15858.25,0.0,-0.2,False,0.0
2018-W33,signaling_and_security,5,621.26,124.25,0,3121.35,6383.73,764.63,15888.81,0.0,-0.39,False,0.0
2018-W34,signaling_and_security,2,390.59,130.2,0,3096.06,6394.52,663.48,15885.11,0.0,-0.42,False,0.0
2017-W02,small_appliances,2,516.99,258.5,0,,,,,,,False,
2017-W03,small_appliances,1,53.46,53.46,0,,,,,,,False,
2017-W04,small_appliances,1,875.96,875.96,0,,,,,,,False,
2017-W05,small_appliances,6,1238.33,176.9,0,,,,,,,False,
2017-W06,small_appliances,12,2784.58,214.2,0,671.18,506.28,696.48,1683.74,0.0,4.17,True,0.0
2017-W07,small_appliances,4,1992.07,398.41,0,1093.86,1041.88,875.96,3177.63,0.0,0.86,False,0.0
2017-W08,small_appliances,3,525.17,175.06,0,1243.56,1001.44,1057.14,3246.44,0.0,-0.72,False,0.0
2017-W09,small_appliances,8,4699.7,587.46,0,1140.94,953.66,875.96,3048.25,0.0,3.73,True,0.0
2017-W10,small_appliances,5,1471.6,294.32,0,1585.78,1537.09,1057.14,4659.96,0.0,-0.07,False,0.0
2017-W11,small_appliances,8,4617.02,513.0,0,1705.11,1478.19,1354.96,4661.48,0.0,1.97,False,0.0
2017-W12,small_appliances,7,2238.73,319.82,0,2275.55,1623.19,1731.84,5521.94,0.0,-0.02,False,0.0
2017-W13,small_appliances,7,9181.69,1147.71,0,2445.9,1523.79,2115.4,5493.49,0.0,4.42,True,0.0
2017-W14,small_appliances,5,3986.91,797.38,0,3438.82,2732.85,2511.65,8904.51,0.0,0.2,False,0.0
2017-W15,small_appliances,2,320.14,160.07,0,3589.11,2724.78,3112.82,9038.66,0.0,-1.2,False,0.0
2017-W16,small_appliances,8,11900.52,1322.28,0,3380.12,2921.77,3112.82,9223.65,0.0,2.92,True,0.0
2017-W17,small_appliances,4,458.13,114.53,0,4802.04,3928.44,4301.96,12658.93,0.0,-1.11,False,0.0
2017-W18,small_appliances,1,373.13,373.13,0,4271.84,4219.66,3112.82,12711.17,0.0,-0.92,False,0.0
2017-W19,small_appliances,2,881.96,293.99,0,4134.53,4339.96,3112.82,12814.45,0.0,-0.75,False,0.0
2017-W20,small_appliances,6,1193.05,198.84,0,3667.65,4479.31,1560.34,12626.26,0.0,-0.55,False,0.0
2017-W21,small_appliances,4,2129.74,425.95,0,3536.94,4541.78,1037.51,12620.5,0.0,-0.31,False,0.0
2017-W22,small_appliances,7,3758.16,536.88,0,2655.45,3933.29,1037.51,10522.02,0.0,0.28,False,0.0
2017-W23,small_appliances,4,941.78,235.44,0,2626.85,3923.04,1037.51,10472.94,0.0,-0.43,False,0.0
2017-W24,small_appliances,6,3756.63,469.58,0,2704.56,3876.71,1067.42,10457.98,0.0,0.27,False,0.0
2017-W25,small_appliances,3,2544.5,848.17,0,1686.57,1386.31,1067.42,4459.18,0.0,0.62,False,0.0
2017-W26,small_appliances,9,1181.32,131.26,0,1947.37,1316.69,1661.4,4580.75,0.0,-0.58,False,0.0
2017-W27,small_appliances,6,351.44,58.57,0,2048.39,1204.91,1661.4,4458.22,0.0,-1.41,False,0.0
2017-W28,small_appliances,9,3052.08,305.21,0,1982.08,1289.88,1661.4,4561.85,0.0,0.83,False,0.0
2017-W29,small_appliances,8,1790.79,223.85,1,2214.46,1294.88,2337.12,4804.21,0.0,-0.33,False,0.0
2017-W30,small_appliances,7,832.94,118.99,0,2172.09,1303.56,2167.64,4779.21,0.0,-1.03,False,0.0
2017-W31,small_appliances,9,918.9,83.54,0,1806.44,1201.37,1486.05,4209.17,0.0,-0.74,False,0.0
2017-W32,small_appliances,6,655.27,109.21,0,1803.58,1203.74,1486.05,4211.06,0.0,-0.95,False,0.0
2017-W33,small_appliances,9,1409.19,140.92,0,1415.9,959.53,1050.11,3334.96,0.0,-0.01,False,0.0
2017-W34,small_appliances,6,1062.01,132.75,0,1273.99,846.01,1050.11,2966.0,0.0,-0.25,False,0.0
2017-W35,small_appliances,6,1666.64,277.77,0,1259.08,848.92,990.46,2956.92,0.0,0.48,False,0.0
2017-W36,small_appliances,5,831.86,138.64,1,1423.48,771.89,1235.6,2967.26,0.0,-0.77,False,0.0
2017-W37,small_appliances,15,7833.7,522.25,1,1145.95,422.95,990.46,1991.86,300.04,15.81,True,0.0
2017-W38,small_appliances,3,588.1,196.03,0,1901.31,2420.09,990.46,6741.49,0.0,-0.54,False,0.0
2017-W39,small_appliances,5,2541.53,317.69,0,1870.71,2437.02,990.46,6744.75,0.0,0.28,False,0.0
2017-W40,small_appliances,6,1453.14,242.19,0,2073.54,2413.9,1235.6,6901.34,0.0,-0.26,False,0.0
2017-W41,small_appliances,11,2333.51,212.14,0,2173.27,2362.87,1431.16,6899.02,0.0,0.07,False,0.0
2017-W42,small_appliances,5,1832.43,261.78,0,2288.81,2342.69,1559.89,6974.18,0.0,-0.19,False,0.0
2017-W43,small_appliances,6,1317.66,219.61,0,2385.11,2300.51,1749.54,6986.13,0.0,-0.46,False,0.0
2017-W44,small_appliances,3,520.36,173.45,0,2341.49,2319.31,1642.78,6980.11,0.0,-0.79,False,0.0
2017-W45,small_appliances,3,775.9,258.63,0,2302.55,2350.68,1642.78,7003.91,0.0,-0.65,False,0.0
2017-W46,small_appliances,6,1840.46,306.74,0,1420.33,773.7,1385.4,2967.73,0.0,0.54,False,0.0
2017-W47,small_appliances,17,3906.33,229.78,1,1576.87,704.89,1642.78,2986.66,167.09,3.3,True,0.0
2017-W48,small_appliances,8,2975.19,297.52,0,1747.47,1051.6,1642.78,3850.68,0.0,1.17,False,0.0
2017-W49,small_appliances,10,4445.46,444.55,0,1937.73,1125.81,1836.45,4189.35,0.0,2.23,True,0.0
2017-W50,small_appliances,7,1728.97,247.0,0,2201.72,1436.6,1836.45,5074.92,0.0,-0.33,False,0.0
2017-W51,small_appliances,4,2175.45,543.86,0,2188.79,1440.86,1784.72,5070.51,0.0,-0.01,False,0.0
2017-W52,small_appliances,2,595.42,297.71,0,2296.02,1398.05,2007.96,5092.12,0.0,-1.22,False,0.0
2018-W01,small_appliances,13,5057.59,361.26,0,2305.4,1384.62,2007.96,5074.63,0.0,1.99,False,0.0
2018-W02,small_appliances,11,3900.24,354.57,0,2840.61,1528.95,2575.32,5898.5,0.0,0.69,False,0.0
2018-W03,small_appliances,8,2192.16,243.57,0,3098.08,1509.78,3437.72,6117.63,78.53,-0.6,False,0.0
2018-W04,small_appliances,13,5702.47,407.32,0,2883.81,1500.29,2583.68,5884.39,0.0,1.88,False,0.0
2018-W05,small_appliances,13,2341.52,156.1,0,3224.72,1803.28,3046.2,6831.29,0.0,-0.49,False,0.0
2018-W06,small_appliances,5,823.76,164.75,0,2961.73,1752.52,2266.84,6466.77,0.0,-1.22,False,0.0
2018-W07,small_appliances,6,609.79,87.11,0,2848.58,1868.85,2266.84,6586.27,0.0,-1.2,False,0.0
2018-W08,small_appliances,6,1011.99,168.66,0,2652.87,2024.87,2266.84,6702.62,0.0,-0.81,False,0.0
2018-W09,small_appliances,11,3765.72,313.81,0,2704.94,1968.99,2266.84,6642.92,0.0,0.54,False,0.0
2018-W10,small_appliances,10,4059.7,369.06,1,2543.46,1793.65,2266.84,6130.75,0.0,0.85,False,0.0
2018-W11,small_appliances,11,7321.34,610.11,0,2563.39,1811.67,2266.84,6186.73,0.0,2.63,True,0.0
2018-W12,small_appliances,8,2139.76,237.75,0,3204.54,2454.93,3053.62,8114.4,0.0,-0.43,False,0.0
2018-W13,small_appliances,6,2762.04,394.58,0,2759.2,2251.8,2240.64,7262.8,0.0,0.0,False,0.0
2018-W14,small_appliances,20,4809.82,178.14,0,2811.76,2245.56,2450.9,7302.88,0.0,0.89,False,0.0
2018-W15,small_appliances,16,3909.11,195.46,0,3310.02,2182.78,3263.88,7675.58,0.0,0.27,False,0.0
2018-W16,small_appliances,11,1111.39,92.62,0,3722.44,1892.04,3837.42,7506.52,0.0,-1.38,False,0.0
2018-W17,small_appliances,10,1290.74,129.07,1,3734.86,1871.92,3837.42,7478.7,0.0,-1.31,False,0.0
2018-W18,small_appliances,8,1290.7,143.41,0,3425.49,2061.05,3335.58,7547.6,0.0,-1.04,False,0.0
2018-W19,small_appliances,11,3510.85,270.07,0,3079.36,2169.01,2450.9,7417.39,0.0,0.2,False,0.0
2018-W20,small_appliances,8,3255.86,361.76,0,2603.05,1378.88,2450.9,5360.81,0.0,0.47,False,0.0
2018-W21,small_appliances,8,4407.59,339.05,0,2742.56,1381.77,3008.95,5506.09,0.0,1.2,False,0.0
2018-W22,small_appliances,5,10054.51,1436.36,0,2948.26,1502.3,3383.36,5952.86,0.0,4.73,True,0.0
2018-W23,small_appliances,15,6009.78,353.52,0,3603.84,2912.86,3383.36,9429.57,0.0,0.83,False,0.0
2018-W24,small_appliances,10,4620.53,420.05,0,3866.43,3036.38,3383.36,9939.19,0.0,0.25,False,0.0
2018-W25,small_appliances,10,1155.71,115.57,0,4305.07,2827.83,3959.22,9960.73,0.0,-1.11,False,0.0
2018-W26,small_appliances,8,3444.57,382.73,0,4288.19,2848.72,3959.22,9985.63,0.0,-0.3,False,0.0
2018-W27,small_appliances,9,1395.42,139.54,0,4557.42,2617.34,3959.22,9792.1,0.0,-1.21,False,0.0
2018-W28,small_appliances,6,6427.83,803.48,0,4293.0,2835.91,3926.08,9964.82,0.0,0.75,False,0.0
2018-W29,small_appliances,10,2843.61,189.57,0,4689.49,2891.39,4514.06,10472.27,0.0,-0.64,False,0.0
2018-W30,small_appliances,6,1090.8,181.8,0,4494.0,2965.11,4032.55,10424.21,0.0,-1.15,False,0.0
2018-W31,small_appliances,9,2132.46,236.94,1,3373.53,2143.49,3144.09,7660.52,0.0,-0.58,False,0.0
2018-W32,small_appliances,11,2939.03,244.92,1,2888.87,1885.02,2488.04,6658.91,0.0,0.03,False,0.0
2018-W33,small_appliances,6,1981.65,330.28,0,2678.68,1753.51,2488.04,6185.7,0.0,-0.4,False,0.0
2018-W34,small_appliances,3,1224.38,408.13,0,2781.92,1673.52,2488.04,6128.97,0.0,-0.93,False,0.0
2017-W26,small_appliances_home_oven_and_coffee,1,88.65,88.65,0,,,,,,,False,
2017-W32,small_appliances_home_oven_and_coffee,2,133.86,66.93,0,,,,,,,False,
2017-W36,small_appliances_home_oven_and_coffee,1,673.47,673.47,0,,,,,,,False,
2018-W02,small_appliances_home_oven_and_coffee,1,385.13,385.13,0,,,,,,,False,
2018-W06,small_appliances_home_oven_and_coffee,2,829.84,414.92,0,320.28,269.17,259.5,858.61,0.0,1.89,False,0.0
2018-W07,small_appliances_home_oven_and_coffee,1,797.62,797.62,0,422.19,325.99,385.13,1074.17,0.0,1.15,False,0.0
2018-W08,small_appliances_home_oven_and_coffee,1,793.09,793.09,0,484.76,329.4,529.3,1143.57,0.0,0.94,False,0.0
2018-W09,small_appliances_home_oven_and_coffee,2,1586.18,793.09,0,528.81,322.5,673.47,1173.8,0.0,3.28,True,0.0
2018-W10,small_appliances_home_oven_and_coffee,1,238.98,238.98,0,660.98,478.43,733.28,1617.85,0.0,-0.88,False,0.0
2018-W11,small_appliances_home_oven_and_coffee,1,2960.05,2960.05,0,679.77,455.13,733.28,1590.03,0.0,5.01,True,0.0
2018-W12,small_appliances_home_oven_and_coffee,1,818.4,272.8,0,1033.04,874.5,795.36,2782.04,0.0,-0.25,False,0.0
2018-W13,small_appliances_home_oven_and_coffee,3,3409.96,1136.65,0,1051.16,867.46,808.01,2786.08,0.0,2.72,True,0.0
2018-W14,small_appliances_home_oven_and_coffee,4,3561.46,890.37,0,1429.26,1149.16,824.12,3727.59,0.0,1.86,False,0.0
2018-W15,small_appliances_home_oven_and_coffee,4,3198.99,799.75,0,1770.72,1336.21,1202.29,4443.14,0.0,1.07,False,0.0
2018-W16,small_appliances_home_oven_and_coffee,4,3548.97,887.24,0,2070.89,1355.96,2273.12,4782.82,0.0,1.09,False,0.0
2018-W17,small_appliances_home_oven_and_coffee,1,2114.63,2114.63,0,2415.37,1334.87,3079.52,5085.1,0.0,-0.23,False,0.0
2018-W18,small_appliances_home_oven_and_coffee,2,2345.13,1172.57,0,2481.43,1300.61,3079.52,5082.64,0.0,-0.1,False,0.0
2018-W19,small_appliances_home_oven_and_coffee,3,3597.49,1199.16,0,2744.7,946.92,3079.52,4638.53,850.87,0.9,False,0.0
2018-W20,small_appliances_home_oven_and_coffee,3,3518.31,1172.77,0,2824.38,993.31,3304.48,4811.0,837.76,0.7,False,0.0
2018-W21,small_appliances_home_oven_and_coffee,2,2472.75,1236.38,0,3161.87,591.97,3464.14,4345.82,1977.92,-1.16,False,0.0
2018-W24,small_appliances_home_oven_and_coffee,3,3672.13,1224.04,0,3044.72,627.53,3358.65,4299.78,1789.65,1.0,False,0.0
2018-W27,small_appliances_home_oven_and_coffee,2,2884.45,961.48,0,3058.55,641.61,3358.65,4341.77,1775.33,-0.27,False,0.0
2018-W29,small_appliances_home_oven_and_coffee,5,2047.25,409.45,0,3019.23,641.41,3201.38,4302.06,1736.4,-1.52,False,0.0
2018-W30,small_appliances_home_oven_and_coffee,7,1252.56,178.94,0,2831.52,682.65,2678.6,4196.83,1466.21,-2.31,True,213.65
2018-W31,small_appliances_home_oven_and_coffee,4,1119.78,279.94,0,2723.76,857.6,2678.6,4438.97,1008.55,-1.87,False,0.0
2018-W32,small_appliances_home_oven_and_coffee,2,932.14,466.07,0,2570.59,1027.49,2678.6,4625.56,515.62,-1.59,False,0.0
2018-W33,small_appliances_home_oven_and_coffee,7,823.24,117.61,0,2237.42,1077.83,2260.0,4393.09,81.75,-1.31,False,0.0
2018-W34,small_appliances_home_oven_and_coffee,4,538.82,134.71,0,1900.54,1040.84,1649.9,3982.21,0.0,-1.31,False,0.0
2016-W40,sports_leisure,16,3739.62,233.73,2,,,,,,,False,
2016-W41,sports_leisure,3,187.49,62.5,0,,,,,,,False,
2017-W02,sports_leisure,8,1282.14,160.27,0,,,,,,,False,
2017-W03,sports_leisure,14,3662.9,174.42,0,,,,,,,False,
2017-W04,sports_leisure,31,10865.6,252.69,0,2218.04,1770.3,2472.52,5758.63,0.0,4.88,True,0.0
2017-W05,sports_leisure,34,5611.31,130.5,0,3947.55,4160.11,3662.9,12267.77,0.0,0.4,False,0.0
2017-W06,sports_leisure,50,7709.13,120.46,0,4224.84,3782.4,3701.26,11789.65,0.0,0.92,False,0.0
2017-W07,sports_leisure,23,4517.04,180.68,1,4722.6,3695.47,3739.62,12113.53,0.0,-0.06,False,0.0
2017-W08,sports_leisure,29,5415.63,154.73,0,4696.9,3422.11,4128.33,11541.12,0.0,0.21,False,0.0
2017-W09,sports_leisure,42,11916.45,259.05,0,4906.4,3406.4,4966.34,11719.2,0.0,2.06,True,0.0
2017-W10,sports_leisure,30,5945.45,138.27,0,6372.52,3603.6,5513.47,13579.72,0.0,-0.12,False,0.0
2017-W11,sports_leisure,34,7240.79,157.41,0,6955.44,2986.96,5778.38,12929.35,981.52,0.1,False,0.0
2017-W12,sports_leisure,50,8359.67,141.69,2,7402.68,2675.12,6593.12,12752.91,2052.44,0.36,False,0.0
2017-W13,sports_leisure,34,5923.8,148.09,0,7089.43,2337.06,6593.12,11763.55,2415.32,-0.5,False,0.0
2017-W14,sports_leisure,47,8938.06,168.64,3,7128.5,2311.29,6593.12,11751.08,2505.91,0.78,False,0.0
2017-W15,sports_leisure,38,6288.6,142.92,0,7282.11,2394.73,6593.12,12071.57,2492.65,-0.41,False,0.0
2017-W16,sports_leisure,43,7147.79,142.96,1,7503.56,2174.27,6764.7,11852.11,3155.01,-0.16,False,0.0
2017-W17,sports_leisure,63,10104.85,144.36,1,7720.08,2017.22,7194.29,11754.53,3685.63,1.18,False,0.0
2017-W18,sports_leisure,64,13757.65,176.38,0,7493.63,1519.01,7194.29,10531.65,4455.61,4.12,True,0.0
2017-W19,sports_leisure,49,9013.26,150.22,1,8470.15,2545.7,7800.23,13561.55,3378.75,0.21,False,0.0
2017-W20,sports_leisure,74,16754.92,188.26,1,8691.71,2500.14,8648.86,13692.0,3691.42,3.23,True,0.0
2017-W21,sports_leisure,66,12673.38,150.87,0,9741.12,3776.81,8975.66,17294.74,2187.5,0.78,False,0.0
2017-W22,sports_leisure,47,7492.49,144.09,1,10584.81,3549.28,9559.06,17683.37,3486.25,-0.87,False,0.0
2017-W23,sports_leisure,62,11337.63,151.17,0,10404.12,3679.5,9559.06,17763.12,3045.11,0.25,False,0.0
2017-W24,sports_leisure,62,11072.38,147.63,0,11035.25,3284.57,10721.24,17604.38,4466.12,0.01,False,0.0
2017-W25,sports_leisure,43,8593.58,179.03,1,11525.82,2890.44,11205.0,17306.69,5744.95,-1.01,False,0.0
2017-W26,sports_leisure,66,9753.62,131.81,0,11336.91,3041.99,11205.0,17420.88,5252.94,-0.52,False,0.0
2017-W27,sports_leisure,70,10980.96,120.67,1,10836.41,2913.48,10413.0,16663.37,5009.45,0.05,False,0.0
2017-W28,sports_leisure,81,15799.67,162.88,2,11082.37,2819.11,11026.67,16720.58,5444.16,1.67,False,0.0
2017-W29,sports_leisure,68,10237.71,134.71,0,10962.96,2552.1,11026.67,16067.17,5858.76,-0.28,False,0.0
2017-W30,sports_leisure,87,16749.1,145.64,2,10658.5,2462.62,10609.34,15583.75,5733.26,2.47,True,0.0
2017-W31,sports_leisure,82,14123.74,156.93,0,11815.58,2898.59,11026.67,17612.75,6018.41,0.8,False,0.0
2017-W32,sports_leisure,88,17711.45,167.09,1,12163.84,2998.61,11026.67,18161.06,6166.63,1.85,False,0.0
2017-W33,sports_leisure,96,13228.8,121.37,0,12993.73,3525.75,12552.35,20045.23,5942.23,0.07,False,0.0
2017-W34,sports_leisure,84,11557.63,122.95,0,13573.13,3047.83,13676.27,19668.78,7477.48,-0.66,False,0.0
2017-W35,sports_leisure,83,11625.48,127.75,2,13798.63,2779.81,13676.27,19358.26,8239.01,-0.78,False,0.0
2017-W36,sports_leisure,80,17290.12,196.48,0,13879.2,2694.52,13676.27,19268.23,8490.17,1.27,False,0.0
2017-W37,sports_leisure,116,15344.22,118.95,0,14065.5,2890.66,13676.27,19846.82,8284.19,0.44,False,0.0
2017-W38,sports_leisure,105,24755.89,198.05,0,14703.82,2455.75,14733.98,19615.32,9792.32,4.09,True,0.0
2017-W39,sports_leisure,93,12450.58,117.46,0,15704.67,4327.03,14733.98,24358.73,7050.61,-0.75,False,0.0
2017-W40,sports_leisure,105,17698.87,146.27,0,15495.52,4452.96,14286.51,24401.45,6589.6,0.49,False,0.0
2017-W41,sports_leisure,93,14412.25,132.22,0,15493.95,4452.07,14286.51,24398.09,6589.81,-0.24,False,0.0
2017-W42,sports_leisure,100,16329.2,138.38,0,15641.88,4385.21,14878.24,24412.31,6871.45,0.16,False,0.0
2017-W43,sports_leisure,82,11065.32,117.72,1,16238.33,4063.0,15836.71,24364.33,8112.32,-1.27,False,0.0
2017-W44,sports_leisure,90,17406.14,164.21,1,16168.31,4157.58,15836.71,24483.47,7853.14,0.3,False,0.0
2017-W45,sports_leisure,95,15640.75,150.39,1,16182.81,4162.25,15836.71,24507.32,7858.3,-0.13,False,0.0
2017-W46,sports_leisure,91,13441.12,133.08,0,16219.88,4155.03,15984.98,24529.94,7909.81,-0.67,False,0.0
2017-W47,sports_leisure,204,31362.99,135.19,0,14805.53,2381.63,15026.5,19568.78,10042.28,6.95,True,0.0
2017-W48,sports_leisure,162,29632.18,159.31,1,17169.58,6136.53,15984.98,29442.64,4896.52,2.03,True,0.0
2017-W49,sports_leisure,143,26207.01,157.87,0,18661.24,7567.17,15984.98,33795.59,3526.9,1.0,False,0.0
2017-W50,sports_leisure,114,23085.84,169.75,0,20135.59,7767.42,16867.67,35670.43,4600.75,0.38,False,0.0
2017-W51,sports_leisure,81,13749.05,154.48,1,20980.17,7661.02,20245.99,36302.21,5658.13,-0.94,False,0.0
2017-W52,sports_leisure,47,8461.45,145.89,0,21315.64,7210.34,20245.99,35736.32,6894.95,-1.78,False,0.0
2018-W01,sports_leisure,92,14378.65,140.97,0,20197.55,8484.17,19363.29,37165.89,3229.21,-0.69,False,0.0
2018-W02,sports_leisure,141,35367.35,216.98,0,20039.79,8592.06,18732.24,37223.9,2855.67,1.78,False,0.0
2018-W03,sports_leisure,147,29051.2,183.87,0,22780.56,9621.86,24646.42,42024.28,3536.85,0.65,False,0.0
2018-W04,sports_leisure,121,29227.85,202.97,2,22491.59,9358.39,24646.42,41208.36,3774.82,0.72,False,0.0
2018-W05,sports_leisure,155,29076.44,156.32,2,22441.05,9315.31,24646.42,41071.66,3810.44,0.71,False,0.0
2018-W06,sports_leisure,140,32348.4,192.55,0,22799.73,9533.71,26068.52,41867.15,3732.31,1.0,False,0.0
2018-W07,sports_leisure,138,21882.53,143.02,2,23957.55,10117.96,29063.82,44193.47,3721.62,-0.21,False,0.0
2018-W08,sports_leisure,153,21423.17,122.42,3,24974.23,9323.05,29063.82,43620.34,6328.13,-0.38,False,0.0
2018-W09,sports_leisure,171,28611.93,149.8,1,26594.45,6838.68,29063.82,40271.8,12917.1,0.3,False,0.0
2018-W10,sports_leisure,175,31078.33,159.38,0,28373.61,4734.28,29063.82,37842.16,18905.05,0.57,False,0.0
2018-W11,sports_leisure,157,29240.66,154.71,0,27837.48,4017.77,29063.82,35873.02,19801.94,0.35,False,0.0
2018-W12,sports_leisure,142,28234.43,165.11,4,27861.16,4026.5,29152.14,35914.15,19808.17,0.09,False,0.0
2018-W13,sports_leisure,130,23237.12,151.88,0,27736.99,3993.51,28844.18,35724.0,19749.97,-1.13,False,0.0
2018-W14,sports_leisure,137,27835.95,171.83,0,27007.07,4239.76,28423.18,35486.6,18527.54,0.2,False,0.0
2018-W15,sports_leisure,130,23073.45,160.23,0,26443.02,3692.49,28035.19,33827.99,19058.04,-0.91,False,0.0
2018-W16,sports_leisure,110,15153.03,128.42,0,26591.88,3501.43,28035.19,33594.73,19589.03,-3.27,True,4436.0
2018-W17,sports_leisure,117,25075.61,176.59,2,25808.11,5141.39,28035.19,36090.89,15525.33,-0.14,False,0.0
2018-W18,sports_leisure,112,21842.19,168.02,0,25366.07,5016.39,26455.78,35398.85,15333.29,-0.7,False,0.0
2018-W19,sports_leisure,128,22451.06,155.91,0,24211.56,4555.59,24156.36,33322.74,15100.37,-0.39,False,0.0
2018-W20,sports_leisure,125,18244.94,131.26,1,23362.86,4093.88,23155.28,31550.61,15175.1,-1.25,False,0.0
2018-W21,sports_leisure,52,9080.4,156.56,0,22114.17,3915.28,22762.26,29944.73,14283.61,-3.33,True,5203.21
2018-W22,sports_leisure,74,14359.97,166.98,0,20344.58,5986.56,22146.62,32317.7,8371.45,-1.0,False,0.0
2018-W23,sports_leisure,72,11036.74,139.71,0,18660.08,5449.34,20043.56,29558.76,7761.4,-1.4,False,0.0
2018-W24,sports_leisure,99,17519.59,133.74,1,17155.49,5712.07,16698.98,28579.64,5731.35,0.06,False,0.0
2018-W25,sports_leisure,93,19597.1,179.79,0,17451.31,5654.54,17882.26,28760.4,6142.23,0.38,False,0.0
2018-W26,sports_leisure,92,16918.76,161.13,3,16766.5,4877.64,17882.26,26521.78,7011.21,0.03,False,0.0
2018-W27,sports_leisure,101,18913.79,161.66,1,16151.07,4436.38,17219.18,25023.83,7278.31,0.62,False,0.0
2018-W28,sports_leisure,54,9347.65,148.38,0,15708.91,3857.26,17219.18,23423.42,7994.4,-1.65,False,0.0
2018-W29,sports_leisure,93,16934.94,162.84,1,14596.75,4280.99,15639.36,23158.72,6034.78,0.55,False,0.0
2018-W30,sports_leisure,120,21777.92,163.74,0,15578.57,3695.81,16926.85,22970.19,8186.94,1.68,False,0.0
2018-W31,sports_leisure,131,19828.01,131.31,1,16505.81,4237.28,17227.26,24980.38,8031.24,0.78,False,0.0
2018-W32,sports_leisure,116,17814.57,139.18,1,17604.72,3725.35,18216.69,25055.41,10154.03,0.06,False,0.0
2018-W33,sports_leisure,135,24465.12,163.1,0,17641.59,3725.84,18364.18,25093.28,10189.91,1.83,False,0.0
2018-W34,sports_leisure,74,8915.63,111.45,0,18250.1,4423.12,18364.18,27096.33,9403.86,-2.11,True,488.23
2018-W35,sports_leisure,14,1321.82,82.61,0,17249.7,5533.03,18364.18,28315.77,6183.64,-2.88,True,4861.82
2017-W01,stationery,1,19.62,19.62,0,,,,,,,False,
2017-W03,stationery,3,3967.04,396.7,0,,,,,,,False,
2017-W04,stationery,3,723.07,241.02,0,,,,,,,False,
2017-W05,stationery,5,929.17,185.83,0,,,,,,,False,
2017-W06,stationery,11,1351.32,112.61,0,1409.72,1748.78,826.12,4907.28,0.0,-0.03,False,0.0
2017-W07,stationery,2,287.7,95.9,0,1398.04,1514.71,929.17,4427.47,0.0,-0.73,False,0.0
2017-W08,stationery,1,77.84,77.84,0,1212.99,1428.62,826.12,4070.23,0.0,-0.79,False,0.0
2017-W09,stationery,6,1010.22,168.37,0,1050.82,1372.91,723.07,3796.64,0.0,-0.03,False,0.0
2017-W10,stationery,15,1776.63,93.51,0,1045.75,1271.15,826.12,3588.04,0.0,0.57,False,0.0
2017-W11,stationery,11,1943.39,161.95,0,1265.37,1219.26,969.7,3703.88,0.0,0.56,False,0.0
2017-W12,stationery,8,648.8,81.1,0,1012.42,660.62,969.7,2333.65,0.0,-0.55,False,0.0
2017-W13,stationery,19,1946.42,102.44,0,1003.13,665.76,969.7,2334.66,0.0,1.42,False,0.0
2017-W14,stationery,8,648.83,81.1,0,1130.29,742.36,1180.77,2615.01,0.0,-0.65,False,0.0
2017-W15,stationery,9,1036.51,115.17,0,1042.48,753.94,829.53,2550.35,0.0,-0.01,False,0.0
2017-W16,stationery,6,1752.29,292.05,0,1136.08,690.67,1023.36,2517.42,0.0,0.89,False,0.0
2017-W17,stationery,10,1386.4,138.64,0,1345.39,566.76,1394.4,2478.92,211.86,0.07,False,0.0
2017-W18,stationery,17,2051.97,97.71,0,1392.41,550.35,1569.34,2493.11,291.7,1.2,False,0.0
2017-W19,stationery,13,1472.24,98.15,0,1426.83,585.31,1569.34,2597.45,256.2,0.08,False,0.0
2017-W20,stationery,14,1579.19,105.28,0,1367.93,548.45,1429.32,2464.84,271.03,0.39,False,0.0
2017-W21,stationery,12,1539.2,118.4,0,1484.23,466.73,1525.72,2417.7,550.76,0.12,False,0.0
2017-W22,stationery,10,1488.28,135.3,0,1433.33,429.88,1505.72,2293.08,573.58,0.13,False,0.0
2017-W23,stationery,8,1250.33,138.93,0,1538.26,291.07,1513.74,2120.4,956.12,-0.99,False,0.0
2017-W24,stationery,8,899.44,112.43,0,1564.99,244.51,1513.74,2054.0,1075.97,-2.72,True,176.53
2017-W25,stationery,10,824.45,82.45,0,1458.38,324.13,1480.26,2106.65,810.11,-1.96,False,0.0
2017-W26,stationery,11,1660.25,138.35,0,1388.14,395.09,1480.26,2178.31,597.96,0.69,False,0.0
2017-W27,stationery,18,2580.23,129.01,0,1339.17,317.77,1480.26,1974.71,703.63,3.91,True,0.0
2017-W28,stationery,16,1891.15,105.06,2,1477.67,544.57,1513.74,2566.81,388.53,0.76,False,0.0
2017-W29,stationery,14,1481.84,105.85,0,1516.67,563.71,1513.74,2644.09,389.24,-0.06,False,0.0
2017-W30,stationery,21,2479.14,107.79,0,1509.5,563.75,1485.06,2637.0,382.0,1.72,False,0.0
2017-W31,stationery,15,1346.06,84.13,0,1633.35,659.19,1571.04,2951.74,314.97,-0.44,False,0.0
2017-W32,stationery,19,2738.15,119.05,0,1645.32,652.08,1571.04,2949.47,341.17,1.68,False,0.0
2017-W33,stationery,18,2221.01,116.9,0,1875.16,675.25,1775.7,3225.66,524.66,0.51,False,0.0
2017-W34,stationery,20,2451.9,116.76,0,2049.73,529.63,2056.08,3108.99,990.46,0.76,False,0.0
2017-W35,stationery,9,971.87,97.19,0,2148.68,520.34,2336.46,3189.37,1108.0,-2.26,True,136.13
2017-W36,stationery,17,2434.15,128.11,0,1947.64,629.13,2056.08,3205.89,689.39,0.77,False,0.0
2017-W37,stationery,16,2108.22,110.96,1,2015.52,651.07,2327.58,3317.65,713.38,0.14,False,0.0
2017-W38,stationery,16,1524.95,95.31,0,2093.81,614.35,2327.58,3322.51,865.11,-0.93,False,0.0
2017-W39,stationery,24,2895.26,115.81,0,1974.54,621.44,2164.61,3217.41,731.66,1.48,False,0.0
2017-W40,stationery,17,2390.55,113.84,3,2168.19,638.75,2327.58,3445.69,890.68,0.35,False,0.0
2017-W41,stationery,16,1688.3,105.52,0,2124.74,605.4,2305.78,3335.53,913.95,-0.72,False,0.0
2017-W42,stationery,22,2810.77,117.12,0,2058.15,622.35,2249.39,3302.86,813.44,1.21,False,0.0
2017-W43,stationery,21,3770.44,139.65,0,2103.01,666.18,2249.39,3435.37,770.65,2.5,True,0.0
2017-W44,stationery,24,3246.3,124.86,0,2452.83,719.96,2412.35,3892.75,1012.91,1.1,False,0.0
2017-W45,stationery,33,5002.34,142.92,0,2554.35,772.31,2600.66,4098.96,1009.73,3.17,True,0.0
2017-W46,stationery,37,5791.56,137.89,0,2916.11,1128.96,2853.02,5174.03,658.19,2.55,True,0.0
2017-W47,stationery,47,7338.88,141.13,0,3449.44,1361.68,3070.78,6172.8,726.08,2.86,True,0.0
2017-W48,stationery,53,8052.95,141.28,0,4004.89,1902.32,3508.37,7809.52,200.26,2.13,True,0.0
2017-W49,stationery,44,8629.45,165.95,0,4712.69,2239.4,4386.39,9191.5,233.89,1.75,False,0.0
2017-W50,stationery,57,8827.37,140.12,0,5580.34,2244.87,5396.95,10070.07,1090.6,1.45,False,0.0
2017-W51,stationery,52,6150.3,111.82,0,6332.41,2191.67,6565.22,10715.75,1949.08,-0.08,False,0.0
2017-W52,stationery,47,5818.77,107.75,0,6629.89,1941.48,6744.59,10512.85,2746.94,-0.42,False,0.0
2018-W01,stationery,101,16472.79,142.01,0,6951.45,1452.45,6744.59,9856.36,4046.55,6.56,True,0.0
2018-W02,stationery,126,18177.3,128.92,0,8385.26,3488.3,7695.92,15361.86,1408.65,2.81,True,0.0
2018-W03,stationery,78,9451.1,116.68,0,9933.48,4708.03,8341.2,19349.53,517.42,-0.1,False,0.0
2018-W04,stationery,53,6727.06,110.28,3,10197.5,4599.72,8728.41,19396.94,998.07,-0.75,False,0.0
2018-W05,stationery,46,4590.28,95.63,2,10031.77,4710.58,8728.41,19452.93,610.61,-1.16,False,0.0
2018-W06,stationery,37,4219.1,105.48,1,9526.87,5084.02,7777.22,19694.91,0.0,-1.04,False,0.0
2018-W07,stationery,23,2767.18,76.87,1,8950.84,5424.28,6438.68,19799.39,0.0,-1.14,False,0.0
2018-W08,stationery,33,4221.65,100.52,1,8527.95,5793.14,6272.92,20114.23,0.0,-0.74,False,0.0
2018-W09,stationery,47,4870.05,93.65,0,8328.31,5925.84,5658.67,20179.99,0.0,-0.58,False,0.0
2018-W10,stationery,34,4430.39,110.76,0,6877.96,4994.4,4730.16,16866.76,0.0,-0.49,False,0.0
2018-W11,stationery,27,3073.66,109.77,0,5159.6,2045.96,4510.34,9251.52,1067.69,-1.02,False,0.0
2018-W12,stationery,38,4181.34,95.03,0,4362.42,1204.27,4326.02,6770.95,1953.89,-0.15,False,0.0
2018-W13,stationery,30,4493.69,124.82,0,4044.21,735.14,4220.38,5514.48,2573.93,0.61,False,0.0
2018-W14,stationery,26,3406.38,97.33,0,4032.13,725.62,4220.38,5483.37,2580.89,-0.86,False,0.0
2018-W15,stationery,34,5090.23,133.95,0,3930.54,752.11,4201.5,5434.77,2426.32,1.54,False,0.0
2018-W16,stationery,39,6211.41,108.97,0,4220.92,684.17,4326.02,5589.26,2852.59,2.91,True,0.0
2018-W17,stationery,27,2698.88,93.06,0,4469.64,981.53,4462.04,6432.69,2506.59,-1.8,False,0.0
2018-W18,stationery,28,6602.66,227.68,0,4198.25,1142.04,4305.86,6482.33,1914.17,2.11,True,0.0
2018-W19,stationery,30,3590.09,108.79,0,4469.78,1427.65,4337.51,7325.08,1614.49,-0.62,False,0.0
2018-W20,stationery,33,4432.66,119.8,0,4534.34,1365.84,4337.51,7266.01,1802.66,-0.07,False,0.0
2018-W21,stationery,21,1900.09,82.61,0,4565.75,1359.43,4463.17,7284.62,1846.88,-1.96,False,0.0
2018-W22,stationery,25,3347.1,128.73,0,4241.55,1655.99,4011.38,7553.53,929.57,-0.54,False,0.0
2018-W23,stationery,46,5471.04,99.47,0,4234.14,1660.39,4011.38,7554.92,913.36,0.74,False,0.0
2018-W24,stationery,37,6001.02,117.67,0,4281.74,1693.57,4011.38,7668.87,894.61,1.02,False,0.0
2018-W25,stationery,30,4334.45,117.15,0,4255.44,1660.63,4011.38,7576.71,934.18,0.05,False,0.0
2018-W26,stationery,24,2664.81,106.59,0,4459.89,1537.76,4383.56,7535.4,1384.37,-1.17,False,0.0
2018-W27,stationery,26,3890.41,138.94,0,3967.66,1375.57,3962.27,6718.8,1216.51,-0.06,False,0.0
2018-W28,stationery,25,2920.64,108.17,0,4005.2,1367.87,4112.43,6740.94,1269.45,-0.79,False,0.0
2018-W29,stationery,44,7134.6,151.8,0,3816.2,1404.34,3618.76,6624.88,1007.51,2.36,True,0.0
2018-W30,stationery,46,6733.26,116.09,0,4470.51,1591.07,4112.43,7652.66,1288.36,1.42,False,0.0
2018-W31,stationery,63,8853.71,121.28,0,4893.78,1696.44,4902.74,8286.66,1500.9,2.33,True,0.0
2018-W32,stationery,51,6230.27,117.55,0,5316.61,2205.93,5167.74,9728.47,904.75,0.41,False,0.0
2018-W33,stationery,41,4867.31,108.16,0,5345.27,2217.55,5282.36,9780.37,910.17,-0.22,False,0.0
2018-W34,stationery,25,3644.53,125.67,0,5411.88,2190.69,5548.79,9793.26,1030.5,-0.81,False,0.0
2018-W35,stationery,1,71.08,71.08,0,5534.34,2037.19,5548.79,9608.72,1459.96,-2.68,True,1388.88
2017-W05,tablets_printing_image,2,234.0,117.0,0,,,,,,,False,
2017-W06,tablets_printing_image,2,224.16,112.08,0,,,,,,,False,
2017-W08,tablets_printing_image,4,482.36,120.59,0,,,,,,,False,
2017-W09,tablets_printing_image,1,110.3,110.3,0,,,,,,,False,
2017-W11,tablets_printing_image,1,124.18,124.18,0,262.7,156.83,229.08,576.36,0.0,-0.88,False,0.0
2017-W12,tablets_printing_image,1,113.86,113.86,0,235.0,149.28,224.16,533.56,0.0,-0.81,False,0.0
2017-W13,tablets_printing_image,4,534.75,133.69,0,214.81,142.38,174.17,499.58,0.0,2.25,True,0.0
2017-W14,tablets_printing_image,2,149.56,49.85,0,260.52,177.53,224.16,615.58,0.0,-0.62,False,0.0
2017-W15,tablets_printing_image,1,120.14,120.14,0,246.65,168.98,186.86,584.6,0.0,-0.75,False,0.0
2017-W16,tablets_printing_image,1,461.56,230.78,0,232.41,174.89,136.87,582.19,0.0,1.31,False,0.0
2017-W17,tablets_printing_image,3,744.29,186.07,0,262.09,192.54,136.87,647.16,0.0,2.5,True,0.0
2017-W18,tablets_printing_image,2,224.16,112.08,0,294.83,249.26,136.87,793.35,0.0,-0.28,False,0.0
2017-W19,tablets_printing_image,2,1321.35,660.67,0,309.06,240.31,186.86,789.68,0.0,4.21,True,0.0
2017-W21,tablets_printing_image,3,369.36,123.12,0,458.71,416.73,342.86,1292.16,0.0,-0.21,False,0.0
2017-W22,tablets_printing_image,3,341.85,68.37,0,490.65,395.79,415.46,1282.22,0.0,-0.38,False,0.0
2017-W23,tablets_printing_image,2,228.88,114.44,0,466.53,398.58,355.6,1263.7,0.0,-0.6,False,0.0
2017-W24,tablets_printing_image,1,108.44,108.44,0,476.45,390.48,355.6,1257.4,0.0,-0.94,False,0.0
2017-W26,tablets_printing_image,1,111.19,111.19,0,474.99,392.02,355.6,1259.03,0.0,-0.93,False,0.0
2017-W27,tablets_printing_image,1,108.44,108.44,0,431.19,412.76,285.36,1256.7,0.0,-0.78,False,0.0
2017-W31,tablets_printing_image,1,114.44,114.44,0,351.71,405.0,226.52,1161.71,0.0,-0.59,False,0.0
2017-W32,tablets_printing_image,1,30.0,30.0,0,337.99,411.74,171.66,1161.47,0.0,-0.75,False,0.0
2017-W34,tablets_printing_image,3,372.1,93.03,0,176.58,123.13,112.82,422.83,0.0,1.59,False,0.0
2017-W35,tablets_printing_image,1,124.51,124.51,0,176.92,123.74,112.82,424.4,0.0,-0.42,False,0.0
2017-W36,tablets_printing_image,1,51.0,51.0,0,149.75,104.76,112.82,359.27,0.0,-0.94,False,0.0
2017-W37,tablets_printing_image,1,114.44,114.44,0,127.52,104.44,109.82,336.4,0.0,-0.13,False,0.0
2017-W39,tablets_printing_image,1,114.44,114.44,0,128.27,104.31,112.82,336.88,0.0,-0.13,False,0.0
2017-W40,tablets_printing_image,1,111.19,111.19,0,128.67,104.24,114.44,337.15,0.0,-0.17,False,0.0
2017-W44,tablets_printing_image,1,105.28,105.28,0,129.01,104.17,114.44,337.35,0.0,-0.23,False,0.0
2017-W46,tablets_printing_image,1,30.0,30.0,0,127.87,104.4,112.82,336.67,0.0,-0.94,False,0.0
2017-W47,tablets_printing_image,4,307.11,76.78,0,127.87,104.4,112.82,336.67,0.0,1.72,False,0.0
2017-W48,tablets_printing_image,1,79.17,79.17,0,119.75,83.02,112.82,285.79,0.0,-0.49,False,0.0
2017-W49,tablets_printing_image,3,247.82,82.61,0,114.08,84.19,108.24,282.46,0.0,1.59,False,0.0
2017-W50,tablets_printing_image,2,158.34,79.17,0,138.68,91.56,112.82,321.8,0.0,0.21,False,0.0
2018-W02,tablets_printing_image,1,63.62,63.62,0,144.17,91.21,112.82,326.59,0.0,-0.88,False,0.0
2018-W03,tablets_printing_image,1,124.34,124.34,0,137.82,95.26,108.24,328.33,0.0,-0.14,False,0.0
2018-W04,tablets_printing_image,1,60.72,60.72,0,139.46,94.85,114.81,329.15,0.0,-0.83,False,0.0
2018-W05,tablets_printing_image,2,136.18,68.09,0,133.89,98.38,101.76,330.65,0.0,0.02,False,0.0
2018-W06,tablets_printing_image,2,147.67,73.84,0,147.16,89.09,130.26,325.34,0.0,0.01,False,0.0
2018-W07,tablets_printing_image,4,471.17,94.23,0,127.23,61.87,130.26,250.97,3.49,5.56,True,0.0
2018-W08,tablets_printing_image,3,187.55,62.52,0,176.23,132.86,141.93,441.96,0.0,0.09,False,0.0
2018-W09,tablets_printing_image,2,127.57,63.78,0,168.7,129.9,141.93,428.5,0.0,-0.32,False,0.0
2018-W11,tablets_printing_image,1,450.16,225.08,0,164.85,130.7,131.88,426.26,0.0,2.18,True,0.0
2018-W17,tablets_printing_image,1,70.24,70.24,0,213.17,156.78,141.93,526.73,0.0,-0.91,False,0.0
2018-W20,tablets_printing_image,1,58.19,58.19,0,206.41,162.23,141.93,530.87,0.0,-0.91,False,0.0
2018-W23,tablets_printing_image,1,72.85,72.85,0,206.09,162.56,141.93,531.21,0.0,-0.82,False,0.0
2016-W36,telephony,1,75.06,75.06,1,,,,,,,False,
2016-W40,telephony,7,667.54,83.44,1,,,,,,,False,
2016-W41,telephony,2,75.28,37.64,0,,,,,,,False,
2017-W02,telephony,4,1686.57,337.31,0,,,,,,,False,
2017-W03,telephony,2,55.88,27.94,0,626.11,760.12,371.41,2146.36,0.0,-0.75,False,0.0
2017-W04,telephony,10,1223.94,111.27,0,512.07,705.96,75.28,1923.98,0.0,1.01,False,0.0
2017-W05,telephony,22,3468.3,128.46,1,630.71,695.1,371.41,2020.91,0.0,4.08,True,0.0
2017-W06,telephony,28,5760.76,160.02,1,1036.08,1246.16,667.54,3528.39,0.0,3.79,True,0.0
2017-W07,telephony,25,1812.16,60.41,0,1626.67,2030.12,945.74,5686.91,0.0,0.09,False,0.0
2017-W08,telephony,27,1395.29,51.68,0,1843.8,1930.93,1455.26,5705.66,0.0,-0.23,False,0.0
2017-W09,telephony,21,942.35,44.87,0,1934.77,1884.17,1540.93,5703.12,0.0,-0.53,False,0.0
2017-W10,telephony,30,1860.98,54.73,1,2043.16,1784.22,1540.93,5611.59,0.0,-0.1,False,0.0
2017-W11,telephony,21,1403.84,63.81,0,2064.96,1780.3,1603.72,5625.55,0.0,-0.37,False,0.0
2017-W12,telephony,54,4574.66,73.78,2,2233.45,1619.52,1608.0,5472.48,0.0,1.45,False,0.0
2017-W13,telephony,43,4061.6,84.62,0,2652.29,1749.23,1836.57,6150.74,0.0,0.81,False,0.0
2017-W14,telephony,33,3437.38,92.9,0,2726.46,1800.59,1836.57,6327.63,0.0,0.39,False,0.0
2017-W15,telephony,24,1107.6,46.15,0,2436.03,1379.36,1836.57,5194.75,0.0,-0.96,False,0.0
2017-W16,telephony,31,2392.61,72.5,0,2347.96,1445.78,1632.41,5239.52,0.0,0.03,False,0.0
2017-W17,telephony,46,3054.05,64.98,0,2472.63,1393.97,2126.8,5260.56,0.0,0.42,False,0.0
2017-W18,telephony,50,3037.76,58.42,0,2736.59,1255.89,2723.33,5248.38,224.8,0.24,False,0.0
2017-W19,telephony,42,3025.72,63.04,1,2883.69,1206.64,3045.9,5296.96,470.42,0.12,False,0.0
2017-W20,telephony,47,3382.92,63.83,2,3086.42,1048.35,3045.9,5183.11,989.73,0.28,False,0.0
2017-W21,telephony,43,3226.33,64.53,0,2937.46,877.39,3045.9,4692.24,1182.67,0.33,False,0.0
2017-W22,telephony,40,3967.37,76.3,0,2833.05,767.3,3045.9,4367.65,1298.44,1.48,False,0.0
2017-W23,telephony,51,3196.34,57.08,0,2899.3,845.8,3045.9,4590.89,1207.7,0.35,False,0.0
2017-W24,telephony,41,3078.65,69.97,0,3160.39,437.58,3125.2,4035.55,2285.22,-0.19,False,0.0
2017-W25,telephony,23,941.43,39.23,0,3246.14,315.94,3137.5,3878.02,2614.27,-7.29,True,1672.84
2017-W26,telephony,24,1090.89,40.4,0,2982.06,879.58,3137.5,4741.22,1222.91,-2.15,True,132.02
2017-W27,telephony,27,1711.3,59.01,0,2738.71,1102.94,3137.5,4944.58,532.83,-0.93,False,0.0
2017-W28,telephony,24,1777.85,65.85,0,2574.4,1150.93,3137.5,4876.27,272.54,-0.69,False,0.0
2017-W29,telephony,33,3990.03,110.83,0,2373.77,1129.56,2428.25,4632.88,114.66,1.43,False,0.0
2017-W30,telephony,40,3780.11,72.69,0,2469.23,1238.88,2428.25,4947.0,0.0,1.06,False,0.0
2017-W31,telephony,37,3547.78,86.53,2,2445.83,1207.91,2428.25,4861.65,30.0,0.91,False,0.0
2017-W32,telephony,26,2713.6,100.5,0,2489.76,1244.93,2428.25,4979.62,0.0,0.18,False,0.0
2017-W33,telephony,29,3001.48,96.82,0,2444.12,1226.82,2245.72,4897.77,0.0,0.45,False,0.0
2017-W34,telephony,28,2890.19,90.32,0,2701.63,1072.89,2857.54,4847.42,555.84,0.18,False,0.0
2017-W35,telephony,37,4171.95,112.76,1,2926.54,853.07,2945.84,4632.68,1220.4,1.46,False,0.0
2017-W36,telephony,49,9482.13,175.59,0,3234.12,793.86,3274.63,4821.84,1646.41,7.87,True,0.0
2017-W37,telephony,43,7160.37,149.17,0,4197.16,2200.94,3663.94,8599.03,0.0,1.35,False,0.0
2017-W38,telephony,24,2961.69,118.47,0,4593.45,2431.64,3663.94,9456.74,0.0,-0.67,False,0.0
2017-W39,telephony,32,3583.93,99.55,0,4491.15,2487.33,3274.63,9465.8,0.0,-0.36,False,0.0
2017-W40,telephony,43,5954.4,114.51,0,4495.67,2485.4,3292.7,9466.47,0.0,0.59,False,0.0
2017-W41,telephony,58,6655.6,109.11,0,4900.77,2416.6,3877.94,9733.97,67.56,0.73,False,0.0
2017-W42,telephony,67,9811.52,124.2,0,5357.53,2350.77,5063.17,10059.07,655.99,1.89,False,0.0
2017-W43,telephony,45,6414.53,118.79,0,6222.7,2575.85,6305.0,11374.4,1071.0,0.07,False,0.0
2017-W44,telephony,39,5640.18,117.5,0,6503.02,2439.19,6535.06,11381.4,1624.64,-0.35,False,0.0
2017-W45,telephony,61,8064.13,113.58,0,6022.78,2127.1,6184.46,10276.98,1768.58,0.96,False,0.0
2017-W46,telephony,50,4750.32,83.34,0,6135.75,2218.2,6184.46,10572.14,1699.35,-0.62,False,0.0
2017-W47,telephony,146,16709.57,103.15,0,6359.33,1923.08,6184.46,10205.49,2513.16,5.38,True,0.0
2017-W48,telephony,91,12623.13,124.98,0,8000.03,3850.36,6535.06,15700.76,299.3,1.2,False,0.0
2017-W49,telephony,68,7425.83,88.4,0,8833.62,4060.38,7359.86,16954.37,712.87,-0.35,False,0.0
2017-W50,telephony,48,3953.98,71.89,0,8929.9,4010.17,7744.98,16950.25,909.55,-1.24,False,0.0
2017-W51,telephony,50,2805.22,51.95,0,8197.71,4346.82,6920.18,16891.36,0.0,-1.24,False,0.0
2017-W52,telephony,53,3229.78,55.69,0,7746.54,4728.86,6533.0,17204.27,0.0,-0.96,False,0.0
2018-W01,telephony,57,4238.94,58.07,0,7445.24,4953.69,6088.08,17352.62,0.0,-0.65,False,0.0
2018-W02,telephony,75,4915.75,57.83,0,6967.1,5068.69,4494.63,17104.48,0.0,-0.4,False,0.0
2018-W03,telephony,87,5458.76,55.7,0,6987.78,5058.68,4577.34,17105.14,0.0,-0.3,False,0.0
2018-W04,telephony,82,5672.74,66.74,0,5581.42,3187.79,4577.34,11957.0,0.0,0.03,False,0.0
2018-W05,telephony,91,4638.83,49.35,1,4712.62,1488.92,4577.34,7690.47,1734.78,-0.05,False,0.0
2018-W06,telephony,95,6175.28,61.75,1,4364.25,1013.57,4438.88,6391.39,2337.11,1.79,False,0.0
2018-W07,telephony,85,5114.27,52.19,0,4641.91,1176.31,4777.29,6994.54,2289.28,0.4,False,0.0
2018-W08,telephony,84,12157.04,119.19,0,4930.54,915.67,5015.01,6761.89,3099.19,7.89,True,0.0
2018-W09,telephony,63,4421.8,63.17,2,6046.45,2542.13,5286.52,11130.71,962.2,-0.64,False,0.0
2018-W10,telephony,69,6706.28,91.87,0,6069.31,2524.31,5286.52,11117.93,1020.68,0.25,False,0.0
2018-W11,telephony,77,6658.1,84.28,0,6293.12,2486.52,5565.75,11266.16,1320.09,0.15,False,0.0
2018-W12,telephony,86,11928.66,129.66,0,6443.04,2465.09,5924.01,11373.22,1512.87,2.23,True,0.0
2018-W13,telephony,70,6633.19,78.97,0,7225.03,3097.08,6416.69,13419.19,1030.88,-0.19,False,0.0
2018-W14,telephony,48,4701.59,87.07,0,7474.33,2935.2,6645.64,13344.73,1603.93,-0.94,False,0.0
2018-W15,telephony,58,11238.22,149.84,0,7290.12,3071.46,6645.64,13433.03,1147.2,1.29,False,0.0
2018-W16,telephony,72,6390.2,71.0,0,8055.61,3211.64,6682.19,14478.88,1632.34,-0.52,False,0.0
2018-W17,telephony,52,7328.6,109.38,0,7334.76,2777.39,6645.64,12889.53,1779.98,-0.0,False,0.0
2018-W18,telephony,56,7909.05,134.05,0,7698.1,2520.08,6682.19,12738.27,2657.94,0.08,False,0.0
2018-W19,telephony,76,6913.57,87.51,0,7848.45,2488.13,6993.35,12824.71,2872.19,-0.38,False,0.0
2018-W20,telephony,59,4769.67,78.19,0,7880.38,2472.26,7121.08,12824.91,2935.86,-1.26,False,0.0
2018-W21,telephony,34,3684.57,94.48,0,6985.51,2058.64,6773.38,11102.8,2868.22,-1.6,False,0.0
2018-W22,telephony,40,6328.21,147.17,0,6616.93,2371.0,6651.88,11358.93,1874.94,-0.12,False,0.0
2018-W23,telephony,42,8739.9,194.22,0,6820.26,2249.94,6651.88,11320.13,2320.39,0.85,False,0.0
2018-W24,telephony,54,11690.68,182.67,0,6507.97,1639.77,6651.88,9787.51,3228.43,3.16,True,0.0
2018-W25,telephony,56,5438.63,90.64,0,7170.53,2454.05,7121.08,12078.64,2262.42,-0.71,False,0.0
2018-W26,telephony,37,4490.26,112.26,1,6934.28,2526.56,6620.89,11987.41,1881.16,-0.97,False,0.0
2018-W27,telephony,33,3395.99,97.03,0,6506.94,2625.34,5883.42,11757.61,1256.26,-1.18,False,0.0
2018-W28,telephony,26,4486.61,140.21,0,6067.24,2833.79,5104.15,11734.83,399.65,-0.56,False,0.0
2018-W29,telephony,59,11859.65,191.28,0,6031.86,2854.0,4964.44,11739.86,323.85,2.04,True,0.0
2018-W30,telephony,60,8482.91,132.55,1,7053.74,3319.14,5883.42,13692.02,415.46,0.43,False,0.0
2018-W31,telephony,92,17454.5,166.23,0,7323.08,3339.22,6960.77,14001.51,644.64,3.03,True,0.0
2018-W32,telephony,79,41663.02,378.75,0,8412.4,4916.41,6960.77,18245.23,0.0,6.76,True,0.0
2018-W33,telephony,62,9752.78,157.3,0,12158.95,12827.21,6960.77,37813.37,0.0,-0.19,False,0.0
2018-W34,telephony,31,4072.58,116.36,0,12698.22,12592.87,9117.85,37883.95,0.0,-0.68,False,0.0
2018-W35,telephony,3,85.73,28.58,0,12646.0,12632.56,9117.85,37911.13,0.0,-0.99,False,0.0
2016-W40,toys,23,5298.09,211.92,3,,,,,,,False,
2016-W41,toys,2,372.65,186.33,0,,,,,,,False,
2017-W01,toys,3,243.85,81.28,0,,,,,,,False,
2017-W02,toys,3,516.22,172.07,1,,,,,,,False,
2017-W03,toys,12,1115.64,92.97,0,1607.7,2462.77,444.44,6533.25,0.0,-0.2,False,0.0
2017-W04,toys,22,3199.67,139.12,0,1509.29,2144.15,516.22,5797.58,0.0,0.79,False,0.0
2017-W05,toys,15,2952.47,184.53,0,1791.02,2038.17,815.93,5867.35,0.0,0.57,False,0.0
2017-W06,toys,21,4138.26,188.1,1,1956.94,1911.67,1115.64,5780.28,0.0,1.14,False,0.0
2017-W07,toys,15,2662.56,156.62,0,2229.61,1930.59,2034.05,6090.79,0.0,0.22,False,0.0
2017-W08,toys,11,1056.69,88.06,0,1900.16,1511.57,1889.1,4923.3,0.0,-0.56,False,0.0
2017-W09,toys,20,3431.47,149.19,0,1985.67,1429.96,1889.1,4845.59,0.0,1.01,False,0.0
2017-W10,toys,23,3933.1,163.88,0,2384.12,1314.74,2807.52,5013.6,0.0,1.18,False,0.0
2017-W11,toys,23,2747.64,119.46,0,2811.23,1168.07,3076.07,5147.37,475.1,-0.05,False,0.0
2017-W12,toys,20,3272.32,155.82,0,3015.23,952.2,3076.07,4919.63,1110.84,0.27,False,0.0
2017-W13,toys,21,4503.39,187.64,0,3024.31,954.55,3112.4,4933.42,1115.21,1.55,False,0.0
2017-W14,toys,31,3952.55,119.77,0,3218.18,1086.28,3351.9,5390.74,1045.62,0.68,False,0.0
2017-W15,toys,22,3332.18,138.84,0,3194.96,1065.59,3351.9,5326.15,1063.78,0.13,False,0.0
2017-W16,toys,21,3582.69,149.28,0,3278.67,1043.88,3381.82,5366.42,1190.91,0.29,False,0.0
2017-W17,toys,25,4670.37,166.8,0,3594.42,532.57,3507.08,4659.56,2529.27,2.02,True,0.0
2017-W18,toys,37,5418.21,142.58,0,3749.28,646.39,3757.9,5042.05,2456.51,2.58,True,0.0
2017-W19,toys,44,5253.74,107.22,0,3934.92,878.35,3767.62,5691.63,2178.21,1.5,False,0.0
2017-W20,toys,45,4990.96,106.19,0,4248.18,840.5,4227.97,5929.19,2567.17,0.88,False,0.0
2017-W21,toys,47,7008.07,146.0,0,4463.01,772.32,4586.88,6007.65,2918.37,3.3,True,0.0
2017-W22,toys,46,8126.92,169.31,2,4776.1,1187.24,4830.66,7150.59,2401.61,2.82,True,0.0
2017-W23,toys,53,6321.27,119.27,0,5297.89,1614.15,5122.35,8526.2,2069.58,0.63,False,0.0
2017-W24,toys,33,4363.09,128.33,1,5671.53,1429.53,5335.98,8530.59,2812.47,-0.92,False,0.0
2017-W25,toys,26,3194.73,118.32,0,5769.08,1286.05,5335.98,8341.19,3196.97,-2.0,True,2.24
2017-W26,toys,29,3699.16,115.6,0,5584.62,1545.75,5335.98,8676.13,2493.12,-1.22,False,0.0
2017-W27,toys,45,7557.04,151.14,0,5369.74,1685.37,5122.35,8740.49,1999.0,1.3,False,0.0
2017-W28,toys,50,6150.72,102.51,0,5657.66,1851.29,5656.12,9360.24,1955.07,0.27,False,0.0
2017-W29,toys,39,5305.14,129.39,0,5802.62,1836.98,6236.0,9476.59,2128.66,-0.27,False,0.0
2017-W30,toys,45,6745.9,146.65,0,5589.76,1774.96,5727.93,9139.68,2039.84,0.65,False,0.0
2017-W31,toys,52,6587.86,117.64,0,5417.13,1545.25,5727.93,8507.62,2326.64,0.76,False,0.0
2017-W32,toys,38,5422.92,135.57,0,5450.46,1570.2,5727.93,8590.86,2310.05,-0.02,False,0.0
2017-W33,toys,41,6032.79,128.36,1,5582.93,1508.87,5786.82,8600.67,2565.2,0.3,False,0.0
2017-W34,toys,27,4343.62,144.79,0,5937.69,1160.59,6091.76,8258.87,3616.51,-1.37,False,0.0
2017-W35,toys,37,6355.99,144.45,0,6018.25,993.33,6091.76,8004.9,4031.59,0.34,False,0.0
2017-W36,toys,47,7661.82,134.42,1,5868.12,799.35,6091.76,7466.83,4269.41,2.24,True,0.0
2017-W37,toys,69,9057.06,119.17,0,6057.0,1022.94,6194.39,8102.89,4011.12,2.93,True,0.0
2017-W38,toys,71,12547.01,147.61,1,6525.99,1414.23,6471.92,9354.45,3697.54,4.26,True,0.0
2017-W39,toys,84,11834.58,131.5,1,7251.13,2563.42,6471.92,12377.98,2124.29,1.79,False,0.0
2017-W40,toys,87,11737.5,119.77,0,7906.97,3002.97,7008.9,13912.92,1901.03,1.28,False,0.0
2017-W41,toys,71,11175.25,147.04,0,8696.3,3085.52,8359.44,14867.34,2525.25,0.8,False,0.0
2017-W42,toys,48,11040.84,200.74,2,9339.1,2985.4,10116.15,15309.91,3368.3,0.57,False,0.0
2017-W43,toys,51,6703.74,117.61,0,10176.26,2227.2,11108.04,14630.65,5721.86,-1.56,False,0.0
2017-W44,toys,34,7232.38,185.45,1,10219.72,2143.82,11108.04,14507.36,5932.09,-1.39,False,0.0
2017-W45,toys,52,8718.69,145.31,0,10166.04,2221.0,11108.04,14608.05,5724.04,-0.65,False,0.0
2017-W46,toys,70,14252.36,187.53,1,10123.75,2248.2,11108.04,14620.14,5627.36,1.84,False,0.0
2017-W47,toys,188,34284.73,155.13,0,10336.92,2568.78,11108.04,15474.48,5199.36,9.32,True,0.0
2017-W48,toys,200,32466.76,147.58,0,13143.19,8899.79,11108.04,30942.77,0.0,2.17,True,0.0
2017-W49,toys,157,28767.51,166.29,0,15734.34,11162.15,11108.04,38058.65,0.0,1.17,False,0.0
2017-W50,toys,102,16035.83,144.47,2,17933.38,11847.53,12646.6,41628.44,0.0,-0.16,False,0.0
2017-W51,toys,43,7848.06,178.37,0,18557.75,11560.54,15144.1,41678.83,0.0,-0.93,False,0.0
2017-W52,toys,36,7074.5,191.2,0,18700.79,11398.87,15144.1,41498.52,0.0,-1.02,False,0.0
2018-W01,toys,41,8268.83,179.76,0,18681.06,11421.67,15144.1,41524.4,0.0,-0.91,False,0.0
2018-W02,toys,40,7457.31,181.89,0,18624.82,11478.69,15144.1,41582.21,0.0,-0.97,False,0.0
2018-W03,toys,33,6022.05,172.06,0,17775.44,12083.91,12152.33,41943.26,0.0,-0.97,False,0.0
2018-W04,toys,32,3635.18,103.86,0,14242.61,10609.19,8058.44,35460.98,0.0,-1.0,False,0.0
2018-W05,toys,30,3306.92,110.23,1,10638.66,8144.89,7652.68,26928.43,0.0,-0.9,False,0.0
2018-W06,toys,31,4193.45,110.35,0,7456.08,3935.97,7265.91,15328.03,0.0,-0.83,False,0.0
2018-W07,toys,33,4406.95,122.42,1,5975.79,1998.06,6548.28,9971.91,1979.67,-0.79,False,0.0
2018-W08,toys,31,3573.52,102.1,2,5545.65,1905.68,5214.5,9357.01,1734.28,-1.03,False,0.0
2018-W09,toys,51,7464.54,133.3,0,5108.03,1906.42,4300.2,8920.88,1295.18,1.24,False,0.0
2018-W10,toys,48,6116.15,117.62,3,5007.49,1728.86,4300.2,8465.22,1549.76,0.64,False,0.0
2018-W11,toys,62,8486.07,114.68,0,4839.84,1508.33,4300.2,7856.51,1823.18,2.42,True,0.0
2018-W12,toys,48,7328.1,140.93,0,5147.85,1966.28,4300.2,9080.41,1215.28,1.11,False,0.0
2018-W13,toys,42,5873.73,119.87,0,5609.46,1993.72,5261.55,9596.91,1622.02,0.13,False,0.0
2018-W14,toys,45,7947.91,158.96,0,5930.31,1763.48,5994.94,9457.28,2403.35,1.14,False,0.0
2018-W15,toys,27,2924.83,108.33,0,6399.62,1734.57,6722.12,9868.76,2930.48,-2.0,True,5.65
2018-W16,toys,54,7041.11,121.4,0,6214.36,2031.54,6722.12,10277.43,2151.29,0.41,False,0.0
2018-W17,toys,51,7225.36,138.95,1,6647.8,1736.02,7184.6,10119.85,3175.76,0.33,False,0.0
2018-W18,toys,51,8031.54,143.42,0,6617.91,1721.95,7133.24,10061.81,3174.01,0.82,False,0.0
2018-W19,toys,63,11616.07,176.0,0,6857.33,1774.57,7276.73,10406.48,3308.18,2.68,True,0.0
2018-W20,toys,56,11197.82,193.07,1,7248.58,2414.6,7276.73,12077.78,2419.38,1.64,False,0.0
2018-W21,toys,34,5015.28,139.31,0,7732.3,2791.07,7586.64,13314.43,2150.17,-0.97,False,0.0
2018-W22,toys,39,7701.94,179.11,0,7624.99,2887.56,7586.64,13400.11,1849.87,0.03,False,0.0
2018-W23,toys,42,4916.84,98.34,0,7594.24,2884.94,7463.65,13364.13,1824.36,-0.93,False,0.0
2018-W24,toys,45,10781.26,189.14,0,7843.24,2482.2,7463.65,12807.65,2878.84,1.18,False,0.0
2018-W25,toys,35,4002.02,102.62,0,8310.76,2655.7,7866.74,13622.16,2999.37,-1.62,False,0.0
2018-W26,toys,39,4932.91,117.45,0,7907.85,3057.95,7866.74,14023.75,1791.94,-0.97,False,0.0
2018-W27,toys,34,3697.52,102.71,0,7520.52,3231.37,6358.61,13983.26,1057.77,-1.18,False,0.0
2018-W28,toys,23,3277.48,142.5,1,6530.7,3002.29,4974.09,12535.28,526.12,-1.08,False,0.0
2018-W29,toys,41,4775.15,108.53,0,5540.66,2508.73,4924.88,10558.12,523.19,-0.31,False,0.0
2018-W30,toys,34,8385.8,190.59,0,5510.64,2517.34,4846.0,10545.31,475.97,1.14,False,0.0
2018-W31,toys,40,5205.55,121.06,1,5596.12,2612.2,4846.0,10820.53,371.72,-0.15,False,0.0
2018-W32,toys,48,13294.3,237.4,4,5632.21,2603.46,4854.03,10839.12,425.3,2.94,True,0.0
2018-W33,toys,43,6170.98,137.13,1,5946.34,3356.26,4854.03,12658.86,0.0,0.07,False,0.0
2018-W34,toys,30,4103.83,128.24,0,6217.46,3263.07,5069.23,12743.6,0.0,-0.65,False,0.0
2018-W35,toys,5,385.93,77.19,0,6113.83,3322.32,4990.35,12758.47,0.0,-1.72,False,0.0
2016-W40,unknown,2,95.92,47.96,0,,,,,,,False,
2017-W03,unknown,2,564.68,282.34,0,,,,,,,False,
2017-W04,unknown,8,1364.89,151.65,0,,,,,,,False,
2017-W05,unknown,15,5765.63,360.35,0,,,,,,,False,
2017-W06,unknown,22,2665.3,111.05,0,1947.78,2598.6,964.79,7144.97,0.0,0.28,False,0.0
2017-W07,unknown,7,486.45,69.49,0,2091.28,2273.21,1364.89,6637.71,0.0,-0.71,False,0.0
2017-W08,unknown,7,1628.62,135.72,0,1823.81,2136.17,964.79,6096.16,0.0,-0.09,False,0.0
2017-W09,unknown,12,1906.76,146.67,0,1795.93,1951.45,1364.89,5698.82,0.0,0.06,False,0.0
2017-W10,unknown,18,3266.48,155.55,0,1809.78,1807.11,1496.76,5424.01,0.0,0.81,False,0.0
2017-W11,unknown,6,769.77,109.97,1,2206.1,1723.27,1767.69,5652.65,0.0,-0.83,False,0.0
2017-W12,unknown,14,1897.21,105.4,0,2231.74,1696.69,1767.69,5625.11,0.0,-0.2,False,0.0
2017-W13,unknown,16,2773.61,154.09,0,2298.28,1668.03,1901.98,5634.34,0.0,0.28,False,0.0
2017-W14,unknown,21,4650.03,172.22,0,1924.28,968.11,1901.98,3860.5,0.0,2.82,True,0.0
2017-W15,unknown,8,1761.02,195.67,0,2172.37,1360.09,1901.98,4892.55,0.0,-0.3,False,0.0
2017-W16,unknown,11,1357.08,123.37,0,2331.69,1199.57,1901.98,4730.82,0.0,-0.81,False,0.0
2017-W17,unknown,16,3560.04,154.78,0,2297.74,1225.86,1901.98,4749.46,0.0,1.03,False,0.0
2017-W18,unknown,23,3380.6,140.86,0,2504.4,1288.29,2335.41,5080.99,0.0,0.68,False,0.0
2017-W19,unknown,14,4703.66,223.98,0,2518.67,1298.53,2335.41,5115.73,0.0,1.68,False,0.0
2017-W20,unknown,19,2174.2,98.83,0,3010.41,1286.43,3077.1,5583.27,437.54,-0.65,False,0.0
2017-W21,unknown,19,2421.13,100.88,0,3045.03,1255.55,3077.1,5556.12,533.94,-0.5,False,0.0
2017-W22,unknown,26,4351.02,140.36,0,3000.97,1272.5,2900.86,5545.98,455.96,1.06,False,0.0
2017-W23,unknown,14,3083.3,181.37,0,2963.59,1220.47,2900.86,5404.54,522.64,0.1,False,0.0
2017-W24,unknown,12,1723.34,132.56,1,3128.88,1119.73,3231.95,5368.33,889.43,-1.26,False,0.0
2017-W25,unknown,8,443.81,55.48,1,3174.66,1041.7,3231.95,5258.06,1091.26,-2.62,True,647.45
2017-W26,unknown,8,660.7,73.41,0,2785.13,1398.53,2752.22,5582.19,0.0,-1.52,False,0.0
2017-W27,unknown,11,1153.93,88.76,1,2445.14,1554.95,2297.66,5555.04,0.0,-0.83,False,0.0
2017-W28,unknown,11,1250.68,52.11,0,2001.43,1304.74,1948.77,4610.9,0.0,-0.58,False,0.0
2017-W29,unknown,16,1503.28,83.52,0,1885.99,1327.91,1487.01,4541.82,0.0,-0.29,False,0.0
2017-W30,unknown,14,1019.48,63.72,1,1771.26,1314.66,1376.98,4400.57,0.0,-0.57,False,0.0
2017-W31,unknown,13,1168.61,77.91,1,1354.82,812.48,1202.3,2979.78,0.0,-0.23,False,0.0
2017-W32,unknown,10,1073.95,97.63,0,1115.48,415.7,1161.27,1946.88,284.08,-0.1,False,0.0
2017-W33,unknown,13,2179.98,114.74,0,1034.3,335.76,1113.94,1705.83,362.78,3.41,True,0.0
2017-W34,unknown,19,2456.02,106.78,0,1251.33,443.41,1161.27,2138.14,364.51,2.72,True,0.0
2017-W35,unknown,21,2354.04,98.09,0,1475.74,544.56,1209.64,2564.86,386.62,1.61,False,0.0
2017-W36,unknown,14,2638.24,114.71,0,1625.76,605.17,1376.98,2836.1,415.41,1.67,False,0.0
2017-W37,unknown,22,2488.95,108.22,1,1799.2,676.91,1841.63,3153.01,445.39,1.02,False,0.0
2017-W38,unknown,10,2256.58,188.05,0,1922.41,704.49,2267.01,3331.39,513.43,0.47,False,0.0
2017-W39,unknown,7,2008.76,167.4,0,2077.05,607.01,2305.31,3291.07,863.02,-0.11,False,0.0
2017-W40,unknown,19,10863.89,434.56,2,2182.06,488.5,2305.31,3159.06,1205.07,17.77,True,0.0
2017-W41,unknown,22,9558.35,398.26,0,3405.81,3019.84,2405.03,9445.5,0.0,2.04,True,0.0
2017-W42,unknown,8,3340.77,371.2,1,4328.1,3652.44,2472.48,11632.99,0.0,-0.27,False,0.0
2017-W43,unknown,11,5151.93,396.3,0,4438.7,3600.69,2563.59,11640.07,0.0,0.2,False,0.0
2017-W44,unknown,7,783.4,97.92,0,4788.43,3503.85,2989.5,11796.14,0.0,-1.14,False,0.0
2017-W45,unknown,18,4528.6,181.14,0,4556.58,3721.1,2914.86,11998.77,0.0,-0.01,False,0.0
2017-W46,unknown,28,5248.44,169.3,1,4811.54,3627.9,3934.69,12067.33,0.0,0.12,False,0.0
2017-W47,unknown,45,6078.96,119.2,0,5185.52,3478.01,4840.27,12141.53,0.0,0.26,False,0.0
2017-W48,unknown,27,2788.34,96.15,0,5694.29,3236.21,5200.18,12166.71,0.0,-0.9,False,0.0
2017-W49,unknown,44,6420.81,139.58,0,4684.85,2587.87,4840.27,9860.58,0.0,0.67,False,0.0
2017-W50,unknown,25,3012.88,115.88,0,4292.66,1886.47,4840.27,8065.6,519.72,-0.68,False,0.0
2017-W51,unknown,19,3660.45,146.42,0,4251.67,1913.47,4840.27,8078.62,424.72,-0.31,False,0.0
2017-W52,unknown,42,6026.69,131.02,0,4065.24,1885.69,4094.52,7836.61,293.86,1.04,False,0.0
2018-W01,unknown,39,7614.38,155.4,0,4720.65,1440.79,4888.52,7602.22,1839.07,2.01,True,0.0
2018-W02,unknown,38,7219.12,176.08,0,5106.37,1759.77,5637.56,8625.92,1586.82,1.2,False,0.0
2018-W03,unknown,60,12838.48,160.48,0,5352.7,1913.7,6052.82,9180.1,1525.31,3.91,True,0.0
2018-W04,unknown,33,4125.26,111.49,0,6197.64,3282.72,6223.75,12763.08,0.0,-0.63,False,0.0
2018-W05,unknown,27,3977.2,128.3,1,6364.76,3114.06,6223.75,12592.88,136.63,-0.77,False,0.0
2018-W06,unknown,27,4782.1,154.26,0,6059.31,3225.63,5075.98,12510.56,0.0,-0.4,False,0.0
2018-W07,unknown,36,6756.25,160.86,2,6280.46,3042.36,5404.4,12365.19,195.73,0.16,False,0.0
2018-W08,unknown,25,2850.07,114.0,0,6667.44,2852.46,6391.47,12372.36,962.51,-1.34,False,0.0
2018-W09,unknown,24,4332.47,173.3,0,6270.36,3159.03,5769.18,12588.41,0.0,-0.61,False,0.0
2018-W10,unknown,41,6726.05,146.22,0,5860.12,3172.62,4557.28,12205.37,0.0,0.27,False,0.0
2018-W11,unknown,22,3081.4,140.06,0,5798.48,3147.14,4557.28,12092.76,0.0,-0.86,False,0.0
2018-W12,unknown,32,4809.57,141.46,0,4578.85,1476.11,4228.86,7531.07,1626.63,0.16,False,0.0
2018-W13,unknown,19,6622.38,301.02,0,4664.39,1465.86,4557.28,7596.11,1732.66,1.34,False,0.0
2018-W14,unknown,27,3088.32,114.38,0,4995.04,1582.41,4795.84,8159.86,1830.22,-1.2,False,0.0
2018-W15,unknown,27,4211.78,145.23,0,4783.31,1722.12,4571.02,8227.54,1339.08,-0.33,False,0.0
2018-W16,unknown,6,845.58,120.8,0,4465.26,1529.92,4272.12,7525.1,1405.41,-2.37,True,559.83
2018-W17,unknown,10,1997.35,166.45,0,4214.69,1941.12,4272.12,8096.93,332.45,-1.14,False,0.0
2018-W18,unknown,11,1219.06,60.95,1,3922.8,2090.69,3650.05,8104.17,0.0,-1.29,False,0.0
2018-W19,unknown,12,1399.39,107.65,0,3234.43,1936.78,3084.86,7108.0,0.0,-0.95,False,0.0
2018-W20,unknown,10,2475.4,165.03,0,3024.18,2044.09,2542.84,7112.37,0.0,-0.27,False,0.0
2018-W21,unknown,5,464.82,92.96,0,2732.41,1915.38,2236.38,6563.17,0.0,-1.18,False,0.0
2018-W22,unknown,3,153.5,51.17,0,1962.71,1250.79,1698.37,4464.3,0.0,-1.45,False,0.0
2018-W23,unknown,8,1429.6,178.7,0,1595.86,1302.8,1309.22,4201.46,0.0,-0.13,False,0.0
2018-W24,unknown,4,506.13,126.53,0,1248.09,765.13,1309.22,2778.36,0.0,-0.97,False,0.0
2018-W25,unknown,7,831.18,118.74,0,1205.66,799.29,1309.22,2804.24,0.0,-0.47,False,0.0
2018-W26,unknown,2,147.82,36.95,0,1059.88,738.3,1025.12,2536.48,0.0,-1.24,False,0.0
2018-W27,unknown,3,193.83,64.61,0,925.98,799.88,668.66,2525.74,0.0,-0.92,False,0.0
2018-W28,unknown,8,931.72,103.52,0,775.28,811.43,485.48,2398.14,0.0,0.19,False,0.0
2018-W29,unknown,7,1029.84,128.73,0,582.32,454.36,485.48,1491.05,0.0,0.98,False,0.0
2018-W30,unknown,18,2457.52,111.71,0,652.95,476.84,668.66,1606.64,0.0,3.78,True,0.0
2018-W31,unknown,10,1610.29,161.03,0,940.96,749.77,881.45,2440.5,0.0,0.89,False,0.0
2018-W32,unknown,10,1229.81,102.48,0,963.54,769.07,881.45,2501.68,0.0,0.35,False,0.0
2018-W33,unknown,9,1003.72,111.52,0,1054.0,749.9,980.78,2553.81,0.0,-0.07,False,0.0
2018-W34,unknown,4,519.54,129.88,0,1075.57,745.04,1016.78,2565.66,0.0,-0.75,False,0.0
2018-W35,unknown,1,37.46,37.46,0,1122.03,688.35,1016.78,2498.74,0.0,-1.58,False,0.0
2016-W40,watches_gifts,5,3468.04,693.61,0,,,,,,,False,
2017-W01,watches_gifts,1,164.21,164.21,0,,,,,,,False,
2017-W02,watches_gifts,3,1169.27,389.76,0,,,,,,,False,
2017-W03,watches_gifts,2,610.63,305.31,0,,,,,,,False,
2017-W04,watches_gifts,3,2890.49,963.5,0,1353.04,1468.73,889.95,4290.49,0.0,1.05,False,0.0
2017-W05,watches_gifts,11,5588.11,465.68,0,1660.53,1445.9,1169.27,4552.33,0.0,2.72,True,0.0
2017-W06,watches_gifts,8,5251.6,656.45,0,2315.12,2059.97,2029.88,6435.07,0.0,1.43,False,0.0
2017-W07,watches_gifts,3,802.74,267.58,0,2734.62,2183.59,2890.49,7101.81,0.0,-0.88,False,0.0
2017-W08,watches_gifts,8,1586.16,144.2,0,2493.14,2133.88,2029.88,6760.9,0.0,-0.43,False,0.0
2017-W09,watches_gifts,18,7290.01,383.68,1,2257.9,2114.7,1377.72,6487.29,0.0,2.38,True,0.0
2017-W10,watches_gifts,16,3292.76,205.8,0,3148.63,2560.55,2238.32,8269.73,0.0,0.06,False,0.0
2017-W11,watches_gifts,24,12746.63,439.54,0,3414.06,2432.94,3091.62,8279.94,0.0,3.84,True,0.0
2017-W12,watches_gifts,15,4545.19,303.01,0,4931.06,3822.15,4272.18,12575.35,0.0,-0.1,False,0.0
2017-W13,watches_gifts,17,6715.04,373.06,0,5137.9,3739.83,4898.4,12617.56,0.0,0.42,False,0.0
2017-W14,watches_gifts,26,8293.83,276.46,0,5278.77,3780.22,4898.4,12839.2,0.0,0.8,False,0.0
2017-W15,watches_gifts,13,4126.16,317.4,1,5659.04,3927.25,5630.12,13513.55,0.0,-0.39,False,0.0
2017-W16,watches_gifts,18,5214.49,208.58,0,6074.47,3491.8,5630.12,13058.07,0.0,-0.25,False,0.0
2017-W17,watches_gifts,26,6772.7,233.54,0,6528.01,3030.74,5964.76,12589.49,466.54,0.08,False,0.0
2017-W18,watches_gifts,17,4586.86,241.41,0,6463.35,3017.65,5964.76,12498.65,428.05,-0.62,False,0.0
2017-W19,watches_gifts,33,9339.6,266.85,1,6625.11,2853.64,5964.76,12332.38,917.84,0.95,False,0.0
2017-W20,watches_gifts,30,17775.0,493.75,0,6199.23,1906.65,5964.76,10012.53,2385.94,6.07,True,0.0
2017-W21,watches_gifts,33,9594.06,274.12,0,7852.96,4388.8,6743.87,16630.57,0.0,0.4,False,0.0
2017-W22,watches_gifts,28,11144.85,359.51,0,8212.84,4400.19,7533.26,17013.21,0.0,0.67,False,0.0
2017-W23,watches_gifts,34,8838.1,210.43,1,8569.22,4521.47,8056.15,17612.15,0.0,0.06,False,0.0
2017-W24,watches_gifts,25,6849.31,273.97,0,9158.21,4151.8,9088.85,17461.8,854.61,-0.56,False,0.0
2017-W25,watches_gifts,31,6681.86,196.53,1,9362.56,3966.03,9088.85,17294.63,1430.49,-0.68,False,0.0
2017-W26,watches_gifts,23,4499.54,187.48,0,9351.2,3974.63,9088.85,17300.46,1401.95,-1.22,False,0.0
2017-W27,watches_gifts,23,9969.55,398.78,0,9340.29,3989.67,9088.85,17319.64,1360.94,0.16,False,0.0
2017-W28,watches_gifts,42,10164.09,225.87,0,9419.03,3995.87,9216.08,17410.77,1427.29,0.19,False,0.0
2017-W29,watches_gifts,40,8713.23,185.39,1,8467.67,2244.39,9216.08,12956.45,3978.89,0.11,False,0.0
2017-W30,watches_gifts,37,9394.17,213.5,0,8357.57,2202.45,8775.67,12762.47,3952.66,0.47,False,0.0
2017-W31,watches_gifts,53,12540.92,228.02,0,8138.73,1959.52,8775.67,12057.77,4219.69,2.25,True,0.0
2017-W32,watches_gifts,38,7224.09,180.6,1,8601.58,2508.68,9053.7,13618.95,3584.22,-0.55,False,0.0
2017-W33,watches_gifts,37,6503.41,151.24,0,8648.43,2474.55,9053.7,13597.53,3699.33,-0.87,False,0.0
2017-W34,watches_gifts,41,10274.21,209.68,0,8626.12,2495.53,9053.7,13617.18,3635.07,0.66,False,0.0
2017-W35,watches_gifts,57,21676.28,314.15,0,9347.96,1894.08,9681.86,13136.11,5559.81,6.51,True,0.0
2017-W36,watches_gifts,52,10116.08,163.16,0,10811.3,4774.68,9779.13,20360.66,1261.94,-0.15,False,0.0
2017-W37,watches_gifts,64,13448.78,203.77,1,10805.3,4775.64,9755.12,20356.57,1254.02,0.55,False,0.0
2017-W38,watches_gifts,65,11753.19,170.34,0,11397.24,4772.77,10195.14,20942.78,1851.71,0.07,False,0.0
2017-W39,watches_gifts,56,11102.67,194.78,0,11692.12,4703.7,11013.7,21099.53,2284.71,-0.13,False,0.0
2017-W40,watches_gifts,48,13854.24,234.82,0,11512.34,4694.1,10688.44,20900.55,2124.13,0.5,False,0.0
2017-W41,watches_gifts,62,18280.06,268.82,1,12341.11,4405.24,11427.93,21151.58,3530.63,1.35,False,0.0
2017-W42,watches_gifts,99,23143.77,220.42,0,13813.19,4135.2,12600.98,22083.59,5542.79,2.26,True,0.0
2017-W43,watches_gifts,59,18003.84,233.82,0,15421.88,4978.97,13651.51,25379.83,5463.94,0.52,False,0.0
2017-W44,watches_gifts,55,15020.9,250.35,0,14962.83,4462.45,13651.51,23887.74,6037.92,0.01,False,0.0
2017-W45,watches_gifts,90,25968.3,252.12,0,15575.93,4016.03,14437.57,23608.0,7543.86,2.59,True,0.0
2017-W46,watches_gifts,86,17618.38,187.43,0,17140.87,5302.07,16512.37,27745.02,6536.72,0.09,False,0.0
2017-W47,watches_gifts,152,45602.79,269.84,2,17874.02,4835.65,17811.11,27545.33,8202.71,5.73,True,0.0
2017-W48,watches_gifts,109,29494.67,247.85,0,22186.53,10267.4,18141.95,42721.33,1651.74,0.71,False,0.0
2017-W49,watches_gifts,79,19487.18,234.79,0,24141.59,9937.95,20711.92,44017.49,4265.69,-0.47,False,0.0
2017-W50,watches_gifts,100,20470.07,186.09,0,24292.48,9844.97,21315.48,43982.41,4602.54,-0.39,False,0.0
2017-W51,watches_gifts,64,13958.51,188.63,2,23958.27,9934.51,19978.62,43827.29,4089.25,-1.01,False,0.0
2017-W52,watches_gifts,52,10889.77,201.66,0,23452.6,10374.11,19978.62,44200.83,2704.37,-1.21,False,0.0
2018-W01,watches_gifts,70,13661.49,189.74,0,22936.21,10941.1,19978.62,44818.41,1054.01,-0.85,False,0.0
2018-W02,watches_gifts,68,36480.32,439.52,0,21397.86,11312.75,18552.78,44023.36,0.0,1.33,False,0.0
2018-W03,watches_gifts,73,15794.97,199.94,0,23755.6,12332.15,19978.62,48419.89,0.0,-0.65,False,0.0
2018-W04,watches_gifts,83,25809.4,271.68,0,20029.62,8779.7,17641.08,37589.02,2470.23,0.66,False,0.0
2018-W05,watches_gifts,85,23211.48,218.98,2,19568.96,8295.46,17641.08,36159.88,2978.04,0.44,False,0.0
2018-W06,watches_gifts,69,17779.91,233.95,2,20034.5,8394.13,18132.52,36822.76,3246.24,-0.27,False,0.0
2018-W07,watches_gifts,62,13572.46,193.89,2,19698.23,8428.0,16787.44,36554.24,2842.22,-0.73,False,0.0
2018-W08,watches_gifts,96,20299.68,200.99,1,19649.97,8466.58,16787.44,36583.14,2716.81,0.08,False,0.0
2018-W09,watches_gifts,97,25151.05,244.18,1,20826.21,7694.09,19039.79,36214.4,5438.03,0.56,False,0.0
2018-W10,watches_gifts,105,24902.4,220.38,0,22262.41,7223.6,21755.58,36709.62,7815.2,0.37,False,0.0
2018-W11,watches_gifts,105,29489.96,254.22,0,20815.17,4680.17,21755.58,30175.5,11454.84,1.85,False,0.0
2018-W12,watches_gifts,94,27134.76,274.09,0,22527.04,5069.99,24056.94,32667.01,12387.07,0.91,False,0.0
2018-W13,watches_gifts,78,20121.72,245.39,0,22692.71,5212.22,24056.94,33117.16,12268.27,-0.49,False,0.0
2018-W14,watches_gifts,91,22451.53,209.83,0,22306.49,5282.29,22601.04,32871.08,11741.9,0.03,False,0.0
2018-W15,watches_gifts,74,21448.51,274.98,0,22890.44,4958.71,23676.96,32807.86,12973.03,-0.29,False,0.0
2018-W16,watches_gifts,102,22637.18,195.15,0,23874.95,3372.62,23676.96,30620.18,17129.72,-0.37,False,0.0
2018-W17,watches_gifts,165,34452.27,185.23,0,24167.14,3109.62,23769.79,30386.39,17947.89,3.31,True,0.0
2018-W18,watches_gifts,201,39590.09,185.87,0,25329.79,4806.1,23769.79,34941.99,15717.59,2.97,True,0.0
2018-W19,watches_gifts,208,45197.22,204.51,0,27165.75,6947.74,24885.97,41061.23,13270.27,2.6,True,0.0
2018-W20,watches_gifts,110,25957.02,219.97,0,29129.16,9462.63,24885.97,48054.42,10203.9,-0.34,False,0.0
2018-W21,watches_gifts,49,19451.96,308.76,0,28981.94,9507.15,24297.1,47996.24,9967.65,-1.0,False,0.0
2018-W22,watches_gifts,87,30344.51,329.83,0,28898.22,9598.82,24297.1,48095.87,9700.57,0.15,False,0.0
2018-W23,watches_gifts,89,18844.85,204.84,0,29884.84,9240.49,28150.76,48365.82,11403.87,-1.19,False,0.0
2018-W24,watches_gifts,123,31010.4,218.38,0,29559.39,9618.2,28150.76,48795.8,10322.98,0.15,False,0.0
2018-W25,watches_gifts,101,28718.38,235.4,0,30606.04,9203.99,30677.46,49014.01,12198.07,-0.21,False,0.0
2018-W26,watches_gifts,101,22472.95,214.03,0,29889.3,9084.16,29531.44,48057.62,11720.99,-0.82,False,0.0
2018-W27,watches_gifts,86,16215.66,180.17,0,27749.66,8467.81,27337.7,44685.27,10814.05,-1.36,False,0.0
2018-W28,watches_gifts,116,27800.86,207.47,0,24126.97,5676.4,24214.98,35479.77,12774.17,0.65,False,0.0
2018-W29,watches_gifts,142,28348.08,188.99,0,24357.45,5797.46,25136.9,35952.37,12762.52,0.69,False,0.0
2018-W30,watches_gifts,111,23598.22,203.43,0,25469.46,5570.88,28074.47,36611.22,14327.7,-0.34,False,0.0
2018-W31,watches_gifts,151,27193.95,172.11,0,24626.18,5227.53,25699.54,35081.23,14171.12,0.49,False,0.0
2018-W32,watches_gifts,111,30928.31,249.42,0,25669.81,4716.92,27497.4,35103.66,16235.97,1.11,False,0.0
2018-W33,watches_gifts,107,22213.21,189.86,0,25659.55,4703.72,27497.4,35066.98,16252.12,-0.73,False,0.0
2018-W34,watches_gifts,56,10149.88,161.11,0,24846.41,4661.48,25396.08,34169.37,15523.44,-3.15,True,5373.56
2018-W35,watches_gifts,5,464.07,77.34,0,23306.02,7004.88,25396.08,37315.77,9296.27,-3.26,True,8832.2
