year_week,category_en,orders_count,weekly_revenue,avg_order_value,cancellations
2016-W35,furniture_decor,1,272.46,136.23,0
2016-W36,telephony,1,75.06,75.06,1
2016-W39,baby,1,109.34,109.34,1
2016-W40,furniture_decor,44,9202.65,139.43,0
2016-W40,perfumery,29,7173.98,217.39,2
2016-W40,health_beauty,39,5334.89,121.25,2
2016-W40,toys,23,5298.09,211.92,3
2016-W40,air_conditioning,5,4675.43,467.54,0
2016-W40,market_place,4,4423.73,402.16,0
2016-W40,consoles_games,7,3868.99,552.71,0
2016-W40,sports_leisure,16,3739.62,233.73,2
2016-W40,watches_gifts,5,3468.04,693.61,0
2016-W40,housewares,8,2687.97,244.36,0
2016-W40,auto,10,2521.85,229.26,2
2016-W40,bed_bath_table,5,2291.71,286.46,0
2016-W40,baby,10,2235.09,171.93,0
2016-W40,computers_accessories,16,2098.19,99.91,0
2016-W40,garden_tools,5,1465.19,293.04,0
2016-W40,electronics,2,1347.57,673.78,0
2016-W40,cool_stuff,8,1335.41,166.93,0
2016-W40,office_furniture,5,1323.47,264.69,0
2016-W40,fixed_telephony,4,754.34,188.59,0
2016-W40,telephony,7,667.54,83.44,1
2016-W40,pet_shop,3,659.7,164.93,0
2016-W40,industry_commerce_and_business,3,640.78,160.19,0
2016-W40,fashion_bags_accessories,6,617.21,88.17,1
2016-W40,books_technical,1,299.84,299.84,0
2016-W40,diapers_and_hygiene,1,150.99,150.99,0
2016-W40,audio,1,147.08,147.08,0
2016-W40,books_general_interest,1,144.54,144.54,0
2016-W40,unknown,2,95.92,47.96,0
2016-W40,fashio_female_clothing,1,69.63,69.63,0
2016-W40,fashion_shoes,1,40.95,40.95,0
2016-W40,fashion_male_clothing,1,35.86,35.86,0
2016-W41,furniture_decor,7,1649.89,183.32,0
2016-W41,health_beauty,5,727.27,121.21,0
2016-W41,market_place,3,532.14,177.38,0
2016-W41,toys,2,372.65,186.33,0
2016-W41,office_furniture,1,264.08,264.08,0
2016-W41,consoles_games,3,220.43,73.48,0
2016-W41,computers_accessories,2,216.17,72.06,0
2016-W41,auto,1,194.85,194.85,0
2016-W41,sports_leisure,3,187.49,62.5,0
2016-W41,fashion_bags_accessories,2,121.54,60.77,0
2016-W41,pet_shop,1,116.16,116.16,0
2016-W41,food,1,96.23,96.23,0
2016-W41,telephony,2,75.28,37.64,0
2016-W41,housewares,1,48.55,48.55,0
2016-W41,audio,1,35.95,35.95,0
2016-W41,perfumery,1,27.86,9.29,0
2016-W41,fixed_telephony,1,20.11,20.11,0
2016-W51,fashion_bags_accessories,1,19.62,19.62,0
2017-W01,cool_stuff,1,1693.04,846.52,0
2017-W01,health_beauty,2,1056.14,176.02,0
2017-W01,furniture_decor,3,349.61,116.54,0
2017-W01,garden_tools,2,348.71,174.36,0
2017-W01,fashion_bags_accessories,10,317.95,31.79,0
2017-W01,toys,3,243.85,81.28,0
2017-W01,watches_gifts,1,164.21,164.21,0
2017-W01,furniture_bedroom,8,148.76,18.59,0
2017-W01,consoles_games,1,124.84,124.84,0
2017-W01,pet_shop,5,86.1,17.22,0
2017-W01,bed_bath_table,1,84.59,84.59,0
2017-W01,fixed_telephony,2,46.55,23.27,0
2017-W01,baby,2,39.24,19.62,0
2017-W01,auto,2,39.24,19.62,0
2017-W01,music,2,37.24,18.62,0
2017-W01,stationery,1,19.62,19.62,0
2017-W02,furniture_decor,23,3827.56,123.47,0
2017-W02,garden_tools,9,3799.18,422.13,0
2017-W02,telephony,4,1686.57,337.31,0
2017-W02,sports_leisure,8,1282.14,160.27,0
2017-W02,watches_gifts,3,1169.27,389.76,0
2017-W02,computers_accessories,3,837.8,209.45,0
2017-W02,health_beauty,4,775.6,193.9,0
2017-W02,cool_stuff,3,614.0,204.67,0
2017-W02,housewares,2,548.45,274.23,0
2017-W02,small_appliances,2,516.99,258.5,0
2017-W02,toys,3,516.22,172.07,1
2017-W02,bed_bath_table,5,380.56,76.11,0
2017-W02,baby,2,205.84,102.92,0
2017-W02,fashion_bags_accessories,2,163.39,81.7,0
2017-W02,fixed_telephony,4,152.11,38.03,0
2017-W02,consoles_games,1,124.84,124.84,0
2017-W02,pet_shop,1,16.62,16.62,0
2017-W03,furniture_decor,56,9650.36,114.89,0
2017-W03,health_beauty,17,4029.44,223.86,0
2017-W03,stationery,3,3967.04,396.7,0
2017-W03,sports_leisure,14,3662.9,174.42,0
2017-W03,auto,10,2536.25,230.57,0
2017-W03,consoles_games,5,2429.96,347.14,0
2017-W03,cool_stuff,5,2313.96,385.66,0
2017-W03,bed_bath_table,10,1993.09,181.19,0
2017-W03,baby,9,1678.76,139.9,0
2017-W03,garden_tools,5,1296.1,162.01,0
2017-W03,toys,12,1115.64,92.97,0
2017-W03,housewares,4,764.09,191.02,0
2017-W03,electronics,10,685.53,62.32,0
2017-W03,fixed_telephony,8,673.33,67.33,0
2017-W03,watches_gifts,2,610.63,305.31,0
2017-W03,unknown,2,564.68,282.34,0
2017-W03,fashion_bags_accessories,4,506.01,101.2,0
2017-W03,home_appliances_2,1,485.38,485.38,0
2017-W03,computers_accessories,5,418.22,83.64,0
2017-W03,pet_shop,3,387.12,129.04,0
2017-W03,market_place,3,219.92,73.31,0
2017-W03,perfumery,2,216.14,72.05,0
2017-W03,fashion_male_clothing,1,159.11,159.11,0
2017-W03,fashion_underwear_beach,1,102.15,102.15,0
2017-W03,telephony,2,55.88,27.94,0
2017-W03,small_appliances,1,53.46,53.46,0
2017-W03,fashion_shoes,1,49.01,49.01,0
2017-W04,sports_leisure,31,10865.6,252.69,0
2017-W04,furniture_decor,42,8630.66,148.8,0
2017-W04,cool_stuff,18,6849.51,285.4,0
2017-W04,auto,12,5696.0,379.73,1
2017-W04,health_beauty,44,5644.56,122.71,0
2017-W04,perfumery,22,5306.62,196.54,0
2017-W04,baby,13,5135.65,320.98,0
2017-W04,garden_tools,20,3743.98,149.76,0
2017-W04,consoles_games,11,3582.72,325.7,0
2017-W04,computers_accessories,13,3233.65,190.21,0
2017-W04,toys,22,3199.67,139.12,0
2017-W04,watches_gifts,3,2890.49,963.5,0
2017-W04,housewares,13,2716.82,135.84,0
2017-W04,bed_bath_table,16,2128.97,106.45,0
2017-W04,fashion_bags_accessories,13,1632.32,81.62,0
2017-W04,unknown,8,1364.89,151.65,0
2017-W04,telephony,10,1223.94,111.27,0
2017-W04,air_conditioning,3,1103.79,275.95,0
2017-W04,pet_shop,4,1047.04,174.51,0
2017-W04,furniture_living_room,3,948.54,237.13,0
2017-W04,home_appliances_2,3,928.34,71.41,0
2017-W04,small_appliances,1,875.96,875.96,0
2017-W04,stationery,3,723.07,241.02,0
2017-W04,office_furniture,4,670.56,167.64,0
2017-W04,luggage_accessories,3,426.48,142.16,0
2017-W04,musical_instruments,1,357.74,357.74,0
2017-W04,fixed_telephony,4,300.86,60.17,0
2017-W04,market_place,1,239.9,239.9,0
2017-W04,security_and_services,1,209.06,209.06,0
2017-W04,books_general_interest,1,144.14,144.14,0
2017-W04,kitchen_dining_laundry_garden_furniture,1,128.2,128.2,0
2017-W04,agro_industry_and_commerce,1,122.84,61.42,0
2017-W04,fashio_female_clothing,2,102.81,51.41,0
2017-W04,home_comfort_2,2,95.57,47.78,0
2017-W04,electronics,1,86.9,86.9,0
2017-W04,food,2,78.82,39.41,0
2017-W05,health_beauty,60,13816.76,209.34,0
2017-W05,garden_tools,15,13483.86,464.96,0
2017-W05,furniture_decor,57,12318.6,173.5,0
2017-W05,office_furniture,18,6318.95,263.29,0
2017-W05,unknown,15,5765.63,360.35,0
2017-W05,sports_leisure,34,5611.31,130.5,0
2017-W05,watches_gifts,11,5588.11,465.68,0
2017-W05,cool_stuff,21,4543.2,189.3,0
2017-W05,furniture_living_room,9,4114.86,342.9,0
2017-W05,bed_bath_table,34,3813.78,108.97,1
2017-W05,computers_accessories,16,3800.48,200.03,0
2017-W05,telephony,22,3468.3,128.46,1
2017-W05,toys,15,2952.47,184.53,0
2017-W05,auto,15,2566.55,150.97,0
2017-W05,perfumery,20,2564.51,106.85,0
2017-W05,consoles_games,9,2482.57,275.84,0
2017-W05,computers,1,2217.99,2217.99,0
2017-W05,baby,10,1979.35,141.38,0
2017-W05,musical_instruments,2,1622.44,811.22,0
2017-W05,small_appliances,6,1238.33,176.9,0
2017-W05,fashion_bags_accessories,10,1124.75,102.25,0
2017-W05,luggage_accessories,8,994.59,110.51,0
2017-W05,home_appliances_2,4,934.97,186.99,0
2017-W05,stationery,5,929.17,185.83,0
2017-W05,pet_shop,8,818.73,81.87,0
2017-W05,housewares,4,608.28,121.66,0
2017-W05,construction_tools_construction,2,506.03,253.01,0
2017-W05,fashion_underwear_beach,3,286.77,71.69,0
2017-W05,tablets_printing_image,2,234.0,117.0,0
2017-W05,market_place,4,207.49,51.87,0
2017-W05,books_general_interest,2,192.87,96.44,0
2017-W05,fashion_male_clothing,2,174.21,87.11,0
2017-W05,food,1,167.1,167.1,0
2017-W05,home_confort,1,124.35,124.35,0
2017-W05,fixed_telephony,4,107.35,26.84,0
2017-W05,dvds_blu_ray,1,95.6,47.8,0
2017-W05,agro_industry_and_commerce,2,82.85,41.42,0
2017-W05,audio,1,44.01,44.01,0
2017-W06,housewares,24,10325.51,356.05,1
2017-W06,sports_leisure,50,7709.13,120.46,0
2017-W06,office_furniture,25,7351.03,245.03,0
2017-W06,auto,33,7074.87,202.14,0
2017-W06,furniture_decor,53,6982.12,114.46,0
2017-W06,bed_bath_table,43,6597.57,131.95,1
2017-W06,computers_accessories,27,6382.21,227.94,0
2017-W06,health_beauty,48,5966.01,104.67,0
2017-W06,telephony,28,5760.76,160.02,1
2017-W06,watches_gifts,8,5251.6,656.45,0
2017-W06,toys,21,4138.26,188.1,1
2017-W06,cool_stuff,18,4019.3,191.4,0
2017-W06,perfumery,15,3671.94,229.5,0
2017-W06,garden_tools,11,3056.54,254.71,0
2017-W06,small_appliances,12,2784.58,214.2,0
2017-W06,unknown,22,2665.3,111.05,0
2017-W06,stationery,11,1351.32,112.61,0
2017-W06,costruction_tools_garden,1,1249.36,624.68,0
2017-W06,fashion_bags_accessories,14,1231.77,82.12,0
2017-W06,baby,11,1176.06,106.91,0
2017-W06,luggage_accessories,7,1169.16,73.07,0
2017-W06,furniture_living_room,3,1103.18,220.64,0
2017-W06,pet_shop,10,834.81,83.48,0
2017-W06,consoles_games,3,810.18,270.06,0
2017-W06,musical_instruments,2,713.98,237.99,0
2017-W06,electronics,5,488.18,81.36,0
2017-W06,fashion_underwear_beach,3,456.76,114.19,0
2017-W06,books_general_interest,3,381.86,127.29,0
2017-W06,market_place,6,285.41,40.77,0
2017-W06,tablets_printing_image,2,224.16,112.08,0
2017-W06,food,2,222.14,111.07,0
2017-W06,home_construction,1,203.42,203.42,0
2017-W06,home_appliances,1,174.28,174.28,0
2017-W06,construction_tools_construction,1,171.03,171.03,0
2017-W06,fashion_male_clothing,2,153.9,51.3,0
2017-W06,agro_industry_and_commerce,2,153.64,76.82,0
2017-W06,fashio_female_clothing,1,134.0,134.0,0
2017-W06,air_conditioning,1,124.97,62.48,0
2017-W06,fixed_telephony,3,115.47,28.87,0
2017-W06,fashion_shoes,1,45.97,45.97,0
2017-W06,dvds_blu_ray,1,36.94,36.94,0
2017-W07,bed_bath_table,39,9945.1,187.64,0
2017-W07,furniture_decor,52,9613.25,135.4,0
2017-W07,garden_tools,20,8165.47,302.42,1
2017-W07,auto,17,5753.15,261.51,0
2017-W07,health_beauty,26,5514.83,190.17,0
2017-W07,sports_leisure,23,4517.04,180.68,1
2017-W07,office_furniture,11,4243.33,303.09,0
2017-W07,computers_accessories,28,3822.86,123.32,0
2017-W07,air_conditioning,9,2824.49,313.83,0
2017-W07,housewares,18,2672.51,140.66,0
2017-W07,toys,15,2662.56,156.62,0
2017-W07,cool_stuff,17,2426.0,142.71,0
2017-W07,small_appliances,4,1992.07,398.41,0
2017-W07,telephony,25,1812.16,60.41,0
2017-W07,perfumery,8,1719.09,191.01,0
2017-W07,pet_shop,8,1363.52,170.44,0
2017-W07,baby,11,1013.04,92.09,0
2017-W07,electronics,3,937.18,234.29,0
2017-W07,market_place,6,844.94,140.82,1
2017-W07,home_construction,1,820.2,410.1,0
2017-W07,watches_gifts,3,802.74,267.58,0
2017-W07,fashion_bags_accessories,6,747.29,93.41,0
2017-W07,home_appliances,6,681.12,113.52,0
2017-W07,furniture_bedroom,1,501.88,501.88,0
2017-W07,unknown,7,486.45,69.49,0
2017-W07,food,4,474.35,118.59,0
2017-W07,construction_tools_safety,1,396.86,396.86,0
2017-W07,fashion_male_clothing,2,306.39,153.19,0
2017-W07,stationery,2,287.7,95.9,0
2017-W07,fixed_telephony,6,287.14,47.86,0
2017-W07,home_confort,1,245.78,245.78,0
2017-W07,fashion_shoes,1,222.8,111.4,0
2017-W07,luggage_accessories,2,220.0,110.0,0
2017-W07,consoles_games,2,187.49,93.75,0
2017-W07,books_technical,1,182.4,182.4,0
2017-W07,musical_instruments,2,175.23,87.62,0
2017-W07,books_general_interest,1,166.0,166.0,0
2017-W07,fashio_female_clothing,1,149.09,149.09,0
2017-W07,kitchen_dining_laundry_garden_furniture,1,131.34,65.67,0
2017-W07,books_imported,1,114.9,114.9,0
2017-W07,audio,2,105.91,26.48,0
2017-W07,agro_industry_and_commerce,3,104.85,34.95,0
2017-W07,cine_photo,1,95.24,95.24,0
2017-W07,fashion_underwear_beach,1,87.68,87.68,0
2017-W07,construction_tools_construction,1,56.96,56.96,0
2017-W08,furniture_decor,57,10462.32,132.43,0
2017-W08,furniture_living_room,6,6284.88,523.74,1
2017-W08,health_beauty,34,6276.99,130.77,0
2017-W08,sports_leisure,29,5415.63,154.73,0
2017-W08,bed_bath_table,32,5166.62,126.02,0
2017-W08,garden_tools,18,4463.49,234.92,0
2017-W08,auto,17,4034.86,212.36,1
2017-W08,housewares,19,3710.22,132.51,1
2017-W08,computers,1,3602.47,3602.47,0
2017-W08,cool_stuff,13,3084.23,237.25,0
2017-W08,computers_accessories,25,3059.42,105.5,0
2017-W08,consoles_games,7,1667.67,238.24,0
2017-W08,unknown,7,1628.62,135.72,0
2017-W08,watches_gifts,8,1586.16,144.2,0
2017-W08,perfumery,8,1419.46,177.43,1
2017-W08,telephony,27,1395.29,51.68,0
2017-W08,baby,5,1228.42,245.68,0
2017-W08,pet_shop,8,1112.11,139.01,0
2017-W08,toys,11,1056.69,88.06,0
2017-W08,market_place,4,772.3,128.72,0
2017-W08,small_appliances,3,525.17,175.06,0
2017-W08,air_conditioning,2,490.25,245.13,0
2017-W08,tablets_printing_image,4,482.36,120.59,0
2017-W08,fashion_bags_accessories,5,399.75,79.95,0
2017-W08,electronics,3,386.48,96.62,0
2017-W08,luggage_accessories,4,370.69,92.67,0
2017-W08,books_general_interest,3,336.7,112.23,0
2017-W08,musical_instruments,1,274.82,274.82,0
2017-W08,fashio_female_clothing,2,236.68,118.34,0
2017-W08,fixed_telephony,4,164.9,41.23,0
2017-W08,home_construction,1,151.05,151.05,0
2017-W08,industry_commerce_and_business,1,134.94,134.94,0
2017-W08,fashion_male_clothing,1,128.52,128.52,0
2017-W08,stationery,1,77.84,77.84,0
2017-W08,food,2,66.61,22.2,0
2017-W08,audio,1,36.19,36.19,0
2017-W08,agro_industry_and_commerce,1,36.1,12.03,0
2017-W09,furniture_decor,82,14451.8,123.52,1
2017-W09,sports_leisure,42,11916.45,259.05,0
2017-W09,bed_bath_table,48,8597.53,148.23,0
2017-W09,watches_gifts,18,7290.01,383.68,1
2017-W09,cool_stuff,22,6469.14,202.16,0
2017-W09,garden_tools,15,5626.23,296.12,0
2017-W09,small_appliances,8,4699.7,587.46,0
2017-W09,health_beauty,25,4648.89,149.96,0
2017-W09,computers_accessories,22,4010.68,160.43,0
2017-W09,toys,20,3431.47,149.19,0
2017-W09,housewares,29,2922.12,94.26,0
2017-W09,office_furniture,3,2792.84,698.21,0
2017-W09,fixed_telephony,6,2680.01,223.33,0
2017-W09,perfumery,13,2419.94,186.15,0
2017-W09,pet_shop,7,2273.34,227.33,0
2017-W09,consoles_games,10,2114.51,192.23,0
2017-W09,auto,10,1922.9,174.81,1
2017-W09,unknown,12,1906.76,146.67,0
2017-W09,market_place,6,1347.95,192.56,0
2017-W09,fashion_bags_accessories,7,1162.25,116.22,0
2017-W09,stationery,6,1010.22,168.37,0
2017-W09,electronics,7,952.28,86.57,0
2017-W09,telephony,21,942.35,44.87,0
2017-W09,air_conditioning,2,920.28,460.14,0
2017-W09,baby,9,890.35,80.94,0
2017-W09,books_general_interest,4,861.09,172.22,0
2017-W09,construction_tools_construction,3,768.73,256.24,0
2017-W09,musical_instruments,3,628.17,209.39,0
2017-W09,luggage_accessories,4,591.5,147.88,0
2017-W09,furniture_living_room,2,540.78,90.13,1
2017-W09,industry_commerce_and_business,2,282.03,141.01,0
2017-W09,home_appliances,2,229.9,76.63,0
2017-W09,fashion_shoes,2,220.02,110.01,0
2017-W09,drinks,1,187.52,187.52,0
2017-W09,food,1,177.38,177.38,0
2017-W09,tablets_printing_image,1,110.3,110.3,0
2017-W09,home_confort,1,101.14,101.14,0
2017-W09,fashion_male_clothing,1,82.19,82.19,0
2017-W09,audio,1,61.74,61.74,0
2017-W09,fashion_sport,1,54.01,54.01,0
2017-W09,kitchen_dining_laundry_garden_furniture,1,46.99,23.5,0
2017-W09,food_drink,1,35.96,35.96,1
2017-W09,home_appliances_2,1,32.53,32.53,0
2017-W09,art,1,27.59,27.59,0
2017-W10,computers_accessories,39,12781.48,250.62,0
2017-W10,bed_bath_table,59,12417.29,167.8,0
2017-W10,office_furniture,16,10092.43,403.7,0
2017-W10,furniture_decor,55,7895.9,112.8,0
2017-W10,health_beauty,40,7007.76,162.97,0
2017-W10,housewares,35,6101.72,135.59,0
2017-W10,sports_leisure,30,5945.45,138.27,0
2017-W10,cool_stuff,28,5137.76,177.16,0
2017-W10,auto,20,4942.81,224.67,2
2017-W10,garden_tools,25,4645.4,76.15,0
2017-W10,perfumery,18,4469.76,235.25,0
2017-W10,toys,23,3933.1,163.88,0
2017-W10,watches_gifts,16,3292.76,205.8,0
2017-W10,unknown,18,3266.48,155.55,0
2017-W10,consoles_games,11,3035.3,275.94,1
2017-W10,air_conditioning,5,2420.77,484.15,0
2017-W10,telephony,30,1860.98,54.73,1
2017-W10,stationery,15,1776.63,93.51,0
2017-W10,dvds_blu_ray,2,1568.95,522.98,1
2017-W10,small_appliances,5,1471.6,294.32,0
2017-W10,luggage_accessories,7,1435.12,130.47,0
2017-W10,food,5,1223.65,203.94,0
2017-W10,audio,7,1058.69,132.34,0
2017-W10,market_place,7,1050.35,131.29,0
2017-W10,electronics,5,951.21,158.53,0
2017-W10,home_construction,1,925.56,154.26,0
2017-W10,baby,11,878.67,67.59,0
2017-W10,fashion_bags_accessories,10,847.38,65.18,0
2017-W10,books_general_interest,7,725.15,103.59,1
2017-W10,fixed_telephony,4,575.49,115.1,1
2017-W10,furniture_living_room,4,512.71,128.18,0
2017-W10,fashion_shoes,2,479.99,68.57,0
2017-W10,musical_instruments,2,478.6,239.3,0
2017-W10,home_confort,3,311.81,103.94,0
2017-W10,pet_shop,2,221.07,110.53,0
2017-W10,construction_tools_safety,1,208.17,208.17,0
2017-W10,fashion_underwear_beach,2,161.34,80.67,0
2017-W10,kitchen_dining_laundry_garden_furniture,1,66.94,66.94,0
2017-W10,books_technical,1,47.78,47.78,0
2017-W10,music,1,42.51,42.51,0
2017-W10,home_appliances,1,41.52,41.52,0
2017-W10,food_drink,1,34.42,34.42,0
2017-W10,fashion_male_clothing,1,29.42,29.42,0
2017-W11,watches_gifts,24,12746.63,439.54,0
2017-W11,garden_tools,43,11154.47,199.19,1
2017-W11,furniture_decor,60,9505.34,123.45,0
2017-W11,health_beauty,50,9261.04,171.5,1
2017-W11,housewares,42,9122.62,144.8,1
2017-W11,office_furniture,22,8577.14,276.68,0
2017-W11,bed_bath_table,52,7816.98,128.15,0
2017-W11,sports_leisure,34,7240.79,157.41,0
2017-W11,perfumery,33,7093.13,214.94,0
2017-W11,cool_stuff,29,5630.47,194.15,0
2017-W11,small_appliances,8,4617.02,513.0,0
2017-W11,consoles_games,13,3927.94,261.86,0
2017-W11,pet_shop,14,3802.38,253.49,0
2017-W11,computers_accessories,26,3711.36,132.55,0
2017-W11,books_general_interest,4,3087.74,385.97,0
2017-W11,auto,15,2798.09,174.88,0
2017-W11,toys,23,2747.64,119.46,0
2017-W11,fashion_bags_accessories,14,1967.1,115.71,0
2017-W11,electronics,7,1958.27,244.78,0
2017-W11,stationery,11,1943.39,161.95,0
2017-W11,baby,10,1599.83,145.44,0
2017-W11,luggage_accessories,8,1423.83,177.98,0
2017-W11,telephony,21,1403.84,63.81,0
2017-W11,food,10,1312.53,131.25,0
2017-W11,furniture_living_room,5,1144.87,190.81,0
2017-W11,air_conditioning,4,822.92,137.15,0
2017-W11,unknown,6,769.77,109.97,1
2017-W11,home_appliances_2,1,535.9,535.9,0
2017-W11,musical_instruments,2,402.43,201.22,0
2017-W11,drinks,2,346.43,173.22,0
2017-W11,home_confort,1,338.83,338.83,0
2017-W11,audio,2,270.36,135.18,0
2017-W11,fashion_shoes,2,261.88,130.94,0
2017-W11,home_construction,2,257.07,85.69,0
2017-W11,construction_tools_safety,1,217.59,217.59,0
2017-W11,fashion_male_clothing,1,216.51,216.51,0
2017-W11,home_appliances,4,186.0,46.5,0
2017-W11,market_place,2,153.56,76.78,0
2017-W11,construction_tools_construction,1,126.69,126.69,1
2017-W11,tablets_printing_image,1,124.18,124.18,0
2017-W11,fashion_underwear_beach,3,113.45,37.82,0
2017-W11,fixed_telephony,1,74.59,74.59,0
2017-W11,agro_industry_and_commerce,1,74.17,74.17,0
2017-W11,food_drink,2,65.65,32.83,0
2017-W11,books_technical,1,55.96,27.98,0
2017-W11,art,1,47.05,47.05,0
2017-W11,fashio_female_clothing,1,30.86,30.86,0
2017-W11,home_comfort_2,1,23.86,11.93,0
2017-W12,computers_accessories,35,11403.68,285.09,0
2017-W12,garden_tools,26,11124.67,300.67,0
2017-W12,bed_bath_table,60,10389.46,123.68,0
2017-W12,sports_leisure,50,8359.67,141.69,2
2017-W12,furniture_decor,52,7905.46,121.62,1
2017-W12,health_beauty,53,7607.06,135.84,0
2017-W12,perfumery,29,6105.66,196.96,0
2017-W12,cool_stuff,29,5642.46,182.01,1
2017-W12,housewares,51,5525.23,92.09,1
2017-W12,pet_shop,14,5251.96,308.94,0
2017-W12,auto,15,5035.33,251.77,0
2017-W12,telephony,54,4574.66,73.78,2
2017-W12,watches_gifts,15,4545.19,303.01,0
2017-W12,furniture_living_room,6,4225.19,384.11,0
2017-W12,toys,20,3272.32,155.82,0
2017-W12,office_furniture,12,3266.93,217.8,0
2017-W12,luggage_accessories,8,2728.59,341.07,0
2017-W12,small_appliances,7,2238.73,319.82,0
2017-W12,consoles_games,9,2015.39,223.93,0
2017-W12,unknown,14,1897.21,105.4,0
2017-W12,fashion_bags_accessories,19,1405.6,73.98,0
2017-W12,home_confort,3,1384.15,346.04,0
2017-W12,electronics,9,1021.49,113.5,0
2017-W12,baby,8,784.89,98.11,0
2017-W12,stationery,8,648.8,81.1,0
2017-W12,fashion_shoes,5,639.83,127.97,0
2017-W12,fashion_male_clothing,3,494.86,98.97,0
2017-W12,home_construction,2,307.36,153.68,0
2017-W12,market_place,2,291.0,145.5,0
2017-W12,books_general_interest,2,250.42,125.21,0
2017-W12,art,3,246.2,49.24,0
2017-W12,food,2,230.92,115.46,0
2017-W12,air_conditioning,3,226.59,75.53,0
2017-W12,fixed_telephony,3,124.31,41.44,0
2017-W12,drinks,1,122.2,61.1,0
2017-W12,tablets_printing_image,1,113.86,113.86,0
2017-W12,kitchen_dining_laundry_garden_furniture,2,102.11,51.05,0
2017-W12,home_appliances,2,98.43,49.22,0
2017-W12,audio,1,45.95,45.95,0
2017-W12,agro_industry_and_commerce,1,36.52,36.52,0
2017-W12,food_drink,1,32.86,32.86,0
2017-W12,dvds_blu_ray,1,32.68,32.68,0
2017-W12,musical_instruments,1,32.51,32.51,0
2017-W13,auto,21,13402.27,496.38,2
2017-W13,small_appliances,7,9181.69,1147.71,0
2017-W13,bed_bath_table,68,8942.84,109.06,0
2017-W13,computers_accessories,35,8638.75,227.34,1
2017-W13,watches_gifts,17,6715.04,373.06,0
2017-W13,sports_leisure,34,5923.8,148.09,0
2017-W13,cool_stuff,23,5884.93,245.21,0
2017-W13,health_beauty,39,5840.56,129.79,0
2017-W13,garden_tools,19,5726.57,260.3,0
2017-W13,perfumery,18,5001.48,250.07,0
2017-W13,furniture_decor,38,4913.64,111.67,0
2017-W13,toys,21,4503.39,187.64,0
2017-W13,telephony,43,4061.6,84.62,0
2017-W13,unknown,16,2773.61,154.09,0
2017-W13,furniture_living_room,4,2687.48,383.93,0
2017-W13,fixed_telephony,3,2669.71,444.95,0
2017-W13,office_furniture,16,2660.58,166.29,0
2017-W13,housewares,30,2065.51,62.59,0
2017-W13,luggage_accessories,10,2039.64,185.42,0
2017-W13,stationery,19,1946.42,102.44,0
2017-W13,fashion_bags_accessories,15,1849.19,108.78,0
2017-W13,electronics,7,1554.46,172.72,0
2017-W13,home_confort,6,1293.32,215.55,0
2017-W13,musical_instruments,3,1113.73,278.43,0
2017-W13,pet_shop,9,918.29,91.83,0
2017-W13,consoles_games,6,905.83,100.65,0
2017-W13,food,5,819.64,117.09,0
2017-W13,baby,8,772.44,96.56,0
2017-W13,tablets_printing_image,4,534.75,133.69,0
2017-W13,books_general_interest,3,433.04,144.35,0
2017-W13,dvds_blu_ray,1,427.16,427.16,0
2017-W13,home_comfort_2,2,367.03,183.51,0
2017-W13,fashion_shoes,3,365.81,121.94,0
2017-W13,air_conditioning,4,305.38,76.34,0
2017-W13,audio,3,239.41,79.8,0
2017-W13,fashion_underwear_beach,1,185.83,185.83,0
2017-W13,fashion_male_clothing,1,119.3,119.3,0
2017-W13,signaling_and_security,1,91.23,91.23,0
2017-W13,fashion_sport,1,60.86,60.86,0
2017-W13,market_place,1,30.86,30.86,0
2017-W14,fixed_telephony,3,13218.97,1888.42,0
2017-W14,furniture_decor,43,12046.17,219.02,0
2017-W14,garden_tools,25,10040.76,346.23,0
2017-W14,bed_bath_table,63,9115.36,113.94,0
2017-W14,sports_leisure,47,8938.06,168.64,3
2017-W14,perfumery,32,8524.77,224.34,0
2017-W14,watches_gifts,26,8293.83,276.46,0
2017-W14,computers_accessories,21,6753.5,306.98,0
2017-W14,cool_stuff,28,5229.07,141.33,1
2017-W14,unknown,21,4650.03,172.22,0
2017-W14,health_beauty,35,4381.26,112.34,0
2017-W14,housewares,35,4237.42,90.16,0
2017-W14,auto,17,4073.1,193.96,0
2017-W14,small_appliances,5,3986.91,797.38,0
2017-W14,toys,31,3952.55,119.77,0
2017-W14,office_furniture,10,3593.64,326.69,0
2017-W14,telephony,33,3437.38,92.9,0
2017-W14,consoles_games,5,2644.64,528.93,0
2017-W14,market_place,6,2494.28,356.33,0
2017-W14,luggage_accessories,10,2183.82,181.99,0
2017-W14,pet_shop,9,1841.11,204.57,0
2017-W14,dvds_blu_ray,1,1435.58,1435.58,0
2017-W14,drinks,1,1225.44,204.24,0
2017-W14,fashion_bags_accessories,8,943.68,94.37,0
2017-W14,electronics,13,936.42,72.03,0
2017-W14,musical_instruments,3,765.78,255.26,0
2017-W14,baby,10,743.85,74.39,0
2017-W14,stationery,8,648.83,81.1,0
2017-W14,kitchen_dining_laundry_garden_furniture,3,570.01,142.5,0
2017-W14,air_conditioning,3,529.85,132.46,0
2017-W14,fashion_shoes,3,426.36,106.59,0
2017-W14,home_confort,2,388.17,194.08,0
2017-W14,food,4,289.3,57.86,0
2017-W14,furniture_living_room,2,264.61,132.31,0
2017-W14,audio,2,193.25,96.63,0
2017-W14,fashion_male_clothing,2,160.32,80.16,0
2017-W14,tablets_printing_image,2,149.56,49.85,0
2017-W14,fashion_underwear_beach,3,142.81,47.6,0
2017-W14,home_construction,1,141.08,141.08,0
2017-W14,signaling_and_security,2,140.14,70.07,0
2017-W14,books_general_interest,1,129.98,129.98,0
2017-W14,books_technical,1,86.92,86.92,0
2017-W14,home_appliances,2,83.14,41.57,0
2017-W14,cine_photo,1,78.71,78.71,0
2017-W14,la_cuisine,1,63.25,63.25,0
2017-W14,home_comfort_2,1,23.86,23.86,0
2017-W14,costruction_tools_garden,1,21.87,21.87,0
2017-W15,sports_leisure,38,6288.6,142.92,0
2017-W15,health_beauty,34,6155.63,170.99,1
2017-W15,furniture_decor,27,6050.5,195.18,1
2017-W15,cool_stuff,31,5698.03,183.81,0
2017-W15,computers_accessories,27,5407.86,193.14,1
2017-W15,auto,23,5280.26,211.21,0
2017-W15,garden_tools,23,4987.24,166.24,0
2017-W15,watches_gifts,13,4126.16,317.4,1
2017-W15,perfumery,22,3769.07,163.87,0
2017-W15,bed_bath_table,31,3457.16,76.83,0
2017-W15,toys,22,3332.18,138.84,0
2017-W15,housewares,24,2872.56,114.9,0
2017-W15,furniture_living_room,6,2107.7,301.1,0
2017-W15,luggage_accessories,10,1873.13,187.31,0
2017-W15,unknown,8,1761.02,195.67,0
2017-W15,air_conditioning,3,1476.71,492.24,0
2017-W15,fashion_bags_accessories,13,1309.87,93.56,0
2017-W15,pet_shop,9,1150.51,115.05,0
2017-W15,telephony,24,1107.6,46.15,0
2017-W15,stationery,9,1036.51,115.17,0
2017-W15,baby,5,1008.17,168.03,0
2017-W15,costruction_tools_tools,1,748.27,748.27,0
2017-W15,home_construction,1,641.18,641.18,0
2017-W15,musical_instruments,4,622.4,155.6,0
2017-W15,home_appliances_2,1,477.13,477.13,0
2017-W15,office_furniture,1,475.47,475.47,0
2017-W15,fashion_shoes,4,405.81,101.45,0
2017-W15,audio,1,404.56,202.28,0
2017-W15,small_appliances,2,320.14,160.07,0
2017-W15,electronics,6,265.22,44.2,0
2017-W15,furniture_bedroom,1,252.3,252.3,0
2017-W15,food,2,241.95,120.97,0
2017-W15,fashion_sport,2,230.31,115.16,0
2017-W15,books_general_interest,2,177.03,88.52,0
2017-W15,fashio_female_clothing,1,171.69,171.69,0
2017-W15,consoles_games,1,164.04,82.02,0
2017-W15,kitchen_dining_laundry_garden_furniture,2,162.54,81.27,0
2017-W15,tablets_printing_image,1,120.14,120.14,0
2017-W15,home_appliances,2,91.79,45.89,0
2017-W15,fixed_telephony,1,64.83,64.83,0
2017-W15,music,1,49.42,49.42,0
2017-W15,market_place,1,45.04,22.52,0
2017-W15,signaling_and_security,1,43.51,43.51,0
2017-W15,costruction_tools_garden,1,30.56,30.56,0
2017-W15,food_drink,1,24.86,24.86,0
2017-W15,fashion_underwear_beach,1,16.86,16.86,0
2017-W16,small_appliances,8,11900.52,1322.28,0
2017-W16,furniture_decor,46,11246.69,181.4,1
2017-W16,bed_bath_table,64,9873.77,109.71,0
2017-W16,health_beauty,46,8731.97,164.75,0
2017-W16,computers_accessories,32,7796.03,194.9,0
2017-W16,sports_leisure,43,7147.79,142.96,1
2017-W16,cool_stuff,23,5754.95,230.2,0
2017-W16,housewares,26,5511.75,172.24,1
2017-W16,watches_gifts,18,5214.49,208.58,0
2017-W16,perfumery,26,5080.68,175.2,0
2017-W16,garden_tools,21,4709.44,92.34,0
2017-W16,office_furniture,9,3845.85,295.83,0
2017-W16,toys,21,3582.69,149.28,0
2017-W16,auto,16,2545.31,159.08,0
2017-W16,home_confort,12,2411.11,120.56,0
2017-W16,telephony,31,2392.61,72.5,0
2017-W16,luggage_accessories,10,2316.26,210.57,0
2017-W16,baby,17,1869.98,110.0,0
2017-W16,musical_instruments,6,1844.66,307.44,0
2017-W16,stationery,6,1752.29,292.05,0
2017-W16,pet_shop,11,1641.7,126.28,0
2017-W16,unknown,11,1357.08,123.37,0
2017-W16,consoles_games,5,1132.82,188.8,0
2017-W16,electronics,13,1072.61,76.61,0
2017-W16,fashion_bags_accessories,9,970.91,88.26,0
2017-W16,air_conditioning,4,961.36,192.27,0
2017-W16,home_construction,2,800.8,400.4,0
2017-W16,books_general_interest,7,699.31,99.9,0
2017-W16,kitchen_dining_laundry_garden_furniture,1,619.07,619.07,0
2017-W16,fashion_shoes,6,525.24,87.54,0
2017-W16,home_appliances_2,1,469.84,469.84,0
2017-W16,tablets_printing_image,1,461.56,230.78,0
2017-W16,market_place,5,444.25,88.85,0
2017-W16,costruction_tools_garden,1,339.24,169.62,0
2017-W16,fashion_male_clothing,3,277.07,92.36,0
2017-W16,audio,2,153.32,51.11,0
2017-W16,pc_gamer,1,144.66,144.66,0
2017-W16,home_appliances,2,142.62,71.31,0
2017-W16,furniture_living_room,1,127.98,127.98,0
2017-W16,drinks,1,124.93,62.47,0
2017-W16,dvds_blu_ray,1,115.31,115.31,0
2017-W16,fixed_telephony,1,74.59,74.59,0
2017-W16,books_imported,1,65.14,65.14,0
2017-W16,fashion_sport,1,41.04,41.04,0
2017-W16,food,1,26.28,26.28,0
2017-W17,garden_tools,26,16224.2,477.18,7
2017-W17,housewares,55,13322.22,160.51,5
2017-W17,furniture_decor,46,10245.49,182.96,0
2017-W17,sports_leisure,63,10104.85,144.36,1
2017-W17,bed_bath_table,49,9862.5,161.68,0
2017-W17,health_beauty,49,7753.79,146.3,0
2017-W17,watches_gifts,26,6772.7,233.54,0
2017-W17,computers_accessories,37,6542.97,139.21,0
2017-W17,office_furniture,21,6090.67,234.26,0
2017-W17,cool_stuff,32,5701.76,178.18,0
2017-W17,auto,21,4965.51,177.34,0
2017-W17,electronics,15,4924.13,307.76,0
2017-W17,toys,25,4670.37,166.8,0
2017-W17,pet_shop,15,3875.06,203.95,0
2017-W17,perfumery,17,3625.61,213.27,0
2017-W17,unknown,16,3560.04,154.78,0
2017-W17,telephony,46,3054.05,64.98,0
2017-W17,luggage_accessories,15,2611.87,163.24,0
2017-W17,baby,15,1793.82,99.66,0
2017-W17,market_place,8,1528.15,138.92,0
2017-W17,costruction_tools_garden,4,1414.59,353.65,0
2017-W17,stationery,10,1386.4,138.64,0
2017-W17,furniture_bedroom,3,1098.9,274.73,0
2017-W17,fashion_bags_accessories,14,1014.01,67.6,0
2017-W17,fashion_shoes,6,937.62,117.2,0
2017-W17,audio,4,757.38,151.48,0
2017-W17,tablets_printing_image,3,744.29,186.07,0
2017-W17,musical_instruments,2,530.92,265.46,0
2017-W17,small_appliances,4,458.13,114.53,0
2017-W17,home_appliances,3,412.86,103.22,0
2017-W17,air_conditioning,2,225.07,112.53,0
2017-W17,consoles_games,3,188.97,62.99,0
2017-W17,art,1,147.17,147.17,0
2017-W17,pc_gamer,1,145.07,72.53,0
2017-W17,books_general_interest,2,138.65,69.33,0
2017-W17,fashion_male_clothing,1,134.48,67.24,0
2017-W17,furniture_mattress_and_upholstery,1,130.8,130.8,0
2017-W17,kitchen_dining_laundry_garden_furniture,2,127.36,63.68,0
2017-W17,home_construction,1,113.88,113.88,0
2017-W17,food_drink,1,111.84,55.92,0
2017-W17,christmas_supplies,1,93.97,93.97,0
2017-W17,cine_photo,1,87.6,87.6,0
2017-W17,fixed_telephony,2,77.98,38.99,0
2017-W17,home_confort,1,57.56,57.56,0
2017-W17,music,1,39.42,39.42,0
2017-W18,sports_leisure,64,13757.65,176.38,0
2017-W18,health_beauty,65,12918.73,179.43,0
2017-W18,garden_tools,33,11272.17,250.49,0
2017-W18,cool_stuff,44,8285.38,172.61,0
2017-W18,bed_bath_table,60,8020.33,94.36,0
2017-W18,furniture_decor,58,7982.2,120.94,0
2017-W18,housewares,52,7457.82,114.74,0
2017-W18,computers_accessories,35,6663.06,141.77,0
2017-W18,toys,37,5418.21,142.58,0
2017-W18,watches_gifts,17,4586.86,241.41,0
2017-W18,perfumery,27,4196.06,149.86,0
2017-W18,auto,23,3559.19,131.82,0
2017-W18,pet_shop,18,3458.03,157.18,0
2017-W18,unknown,23,3380.6,140.86,0
2017-W18,fashion_bags_accessories,20,3194.05,122.85,0
2017-W18,telephony,50,3037.76,58.42,0
2017-W18,musical_instruments,5,2970.71,330.08,0
2017-W18,luggage_accessories,9,2919.68,291.97,0
2017-W18,office_furniture,11,2632.06,219.34,0
2017-W18,home_appliances_2,3,2602.84,867.61,0
2017-W18,baby,23,2535.01,93.89,0
2017-W18,stationery,17,2051.97,97.71,0
2017-W18,furniture_living_room,10,1990.44,165.87,0
2017-W18,home_confort,7,1759.47,219.93,0
2017-W18,electronics,11,1292.65,117.51,0
2017-W18,costruction_tools_tools,2,834.3,417.15,0
2017-W18,market_place,5,795.28,159.06,0
2017-W18,home_appliances,10,734.71,73.47,0
2017-W18,air_conditioning,2,646.02,215.34,0
2017-W18,home_construction,1,637.02,637.02,0
2017-W18,audio,3,626.98,208.99,0
2017-W18,consoles_games,5,621.74,103.62,0
2017-W18,food_drink,3,494.84,70.69,0
2017-W18,books_general_interest,4,460.94,115.23,0
2017-W18,small_appliances,1,373.13,373.13,0
2017-W18,fixed_telephony,4,345.37,86.34,0
2017-W18,tablets_printing_image,2,224.16,112.08,0
2017-W18,food,1,187.91,187.91,0
2017-W18,fashion_shoes,4,178.88,44.72,0
2017-W18,industry_commerce_and_business,1,156.64,156.64,0
2017-W18,books_technical,2,140.28,70.14,0
2017-W18,kitchen_dining_laundry_garden_furniture,2,128.98,64.49,0
2017-W18,art,2,119.57,59.78,0
2017-W18,cine_photo,1,91.71,91.71,0
2017-W18,fashio_female_clothing,1,70.03,70.03,0
2017-W18,agro_industry_and_commerce,1,67.77,67.77,0
2017-W18,fashion_underwear_beach,1,20.42,20.42,0
2017-W19,computers_accessories,73,37114.63,386.61,1
2017-W19,health_beauty,58,16041.31,229.16,0
2017-W19,office_furniture,15,13766.98,458.9,0
2017-W19,bed_bath_table,77,10561.46,102.54,1
2017-W19,watches_gifts,33,9339.6,266.85,1
2017-W19,sports_leisure,49,9013.26,150.22,1
2017-W19,furniture_decor,43,8677.06,135.58,0
2017-W19,cool_stuff,55,8459.12,151.06,0
2017-W19,garden_tools,29,6303.7,191.02,0
2017-W19,toys,44,5253.74,107.22,0
2017-W19,perfumery,26,4903.29,175.12,0
2017-W19,unknown,14,4703.66,223.98,0
2017-W19,auto,22,4625.56,177.91,2
2017-W19,housewares,42,3982.23,86.57,0
2017-W19,pet_shop,16,3650.6,228.16,0
2017-W19,electronics,18,3094.06,162.85,0
2017-W19,telephony,42,3025.72,63.04,1
2017-W19,baby,26,2677.47,99.17,0
2017-W19,luggage_accessories,11,1830.29,166.39,0
2017-W19,costruction_tools_garden,4,1721.33,344.27,1
2017-W19,fashion_bags_accessories,16,1600.8,88.93,0
2017-W19,stationery,13,1472.24,98.15,0
2017-W19,tablets_printing_image,2,1321.35,660.67,0
2017-W19,home_confort,5,1163.19,193.87,0
2017-W19,furniture_living_room,5,1135.47,227.09,0
2017-W19,small_appliances,2,881.96,293.99,0
2017-W19,books_general_interest,7,806.45,115.21,0
2017-W19,home_appliances,6,794.59,132.43,0
2017-W19,furniture_bedroom,1,673.08,336.54,0
2017-W19,agro_industry_and_commerce,1,657.61,657.61,0
2017-W19,market_place,3,603.28,201.09,0
2017-W19,air_conditioning,3,579.19,193.06,0
2017-W19,consoles_games,4,481.95,96.39,0
2017-W19,audio,3,302.86,100.95,0
2017-W19,fashion_shoes,5,248.01,49.6,0
2017-W19,home_appliances_2,2,217.02,108.51,0
2017-W19,books_technical,1,176.18,176.18,0
2017-W19,furniture_mattress_and_upholstery,1,145.83,48.61,0
2017-W19,home_construction,1,141.63,141.63,0
2017-W19,fashion_male_clothing,1,127.44,127.44,0
2017-W19,musical_instruments,2,120.87,60.44,0
2017-W19,fashion_sport,2,104.09,52.05,0
2017-W19,fixed_telephony,2,94.77,47.39,0
2017-W19,food_drink,3,90.17,30.06,0
2017-W19,arts_and_craftmanship,1,73.07,73.07,0
2017-W19,fashion_underwear_beach,1,54.72,27.36,0
2017-W19,art,1,50.98,50.98,0
2017-W19,signaling_and_security,1,40.1,40.1,0
2017-W19,dvds_blu_ray,1,37.53,37.53,0
2017-W20,watches_gifts,30,17775.0,493.75,0
2017-W20,sports_leisure,74,16754.92,188.26,1
2017-W20,housewares,82,16355.04,168.61,2
2017-W20,computers_accessories,82,13185.65,146.51,0
2017-W20,cool_stuff,65,12676.41,156.5,0
2017-W20,furniture_decor,66,11303.75,109.75,0
2017-W20,health_beauty,58,10810.74,174.37,0
2017-W20,bed_bath_table,71,10061.84,110.57,0
2017-W20,auto,23,6995.61,233.19,0
2017-W20,perfumery,37,6590.56,164.76,0
2017-W20,luggage_accessories,17,5344.77,242.94,0
2017-W20,toys,45,4990.96,106.19,0
2017-W20,furniture_bedroom,3,4985.98,997.2,0
2017-W20,garden_tools,27,4512.2,141.01,0
2017-W20,telephony,47,3382.92,63.83,2
2017-W20,fashion_bags_accessories,30,3167.87,77.27,0
2017-W20,musical_instruments,4,3137.56,627.51,0
2017-W20,home_construction,2,2526.25,631.56,0
2017-W20,baby,24,2364.57,94.58,0
2017-W20,unknown,19,2174.2,98.83,0
2017-W20,electronics,15,1885.61,99.24,0
2017-W20,furniture_living_room,4,1725.21,287.54,0
2017-W20,stationery,14,1579.19,105.28,0
2017-W20,pet_shop,15,1533.0,90.18,0
2017-W20,market_place,8,1215.91,121.59,0
2017-W20,home_confort,8,1205.58,150.7,0
2017-W20,small_appliances,6,1193.05,198.84,0
2017-W20,consoles_games,9,1186.04,118.6,0
2017-W20,office_furniture,7,1111.27,158.75,0
2017-W20,fashion_male_clothing,2,970.1,323.37,0
2017-W20,agro_industry_and_commerce,1,957.15,957.15,0
2017-W20,audio,6,667.64,111.27,0
2017-W20,home_appliances_2,3,528.16,176.05,0
2017-W20,furniture_mattress_and_upholstery,1,482.69,482.69,0
2017-W20,food_drink,3,480.82,96.16,0
2017-W20,kitchen_dining_laundry_garden_furniture,4,417.8,104.45,0
2017-W20,fashio_female_clothing,4,415.6,103.9,0
2017-W20,home_appliances,5,357.4,71.48,0
2017-W20,books_general_interest,3,345.84,115.28,0
2017-W20,fashion_shoes,5,317.38,63.48,0
2017-W20,food,2,264.34,132.17,0
2017-W20,art,2,245.89,122.94,0
2017-W20,fashion_childrens_clothes,1,124.52,124.52,0
2017-W20,fixed_telephony,2,117.28,58.64,0
2017-W20,fashion_underwear_beach,3,113.39,37.8,0
2017-W20,dvds_blu_ray,2,65.54,32.77,0
2017-W20,air_conditioning,1,60.14,60.14,0
2017-W21,computers_accessories,44,15967.79,249.5,5
2017-W21,bed_bath_table,89,13883.61,134.79,0
2017-W21,sports_leisure,66,12673.38,150.87,0
2017-W21,health_beauty,54,11067.31,187.58,0
2017-W21,auto,23,10511.68,328.49,5
2017-W21,watches_gifts,33,9594.06,274.12,0
2017-W21,cool_stuff,45,8894.72,181.52,0
2017-W21,perfumery,33,8151.51,194.08,0
2017-W21,furniture_decor,40,8148.79,159.78,0
2017-W21,housewares,51,7223.06,104.68,1
2017-W21,toys,47,7008.07,146.0,0
2017-W21,art,2,6865.02,3432.51,0
2017-W21,luggage_accessories,18,5150.21,245.25,0
2017-W21,garden_tools,26,4863.42,162.11,1
2017-W21,musical_instruments,6,3374.46,562.41,0
2017-W21,baby,19,3303.34,132.13,0
2017-W21,telephony,43,3226.33,64.53,0
2017-W21,fashion_bags_accessories,24,2536.09,93.93,0
2017-W21,unknown,19,2421.13,100.88,0
2017-W21,small_appliances,4,2129.74,425.95,0
2017-W21,home_confort,9,1636.5,148.77,0
2017-W21,stationery,12,1539.2,118.4,0
2017-W21,furniture_living_room,7,1421.87,177.73,0
2017-W21,electronics,10,1403.72,140.37,0
2017-W21,kitchen_dining_laundry_garden_furniture,3,1090.43,363.48,0
2017-W21,consoles_games,7,926.95,102.99,0
2017-W21,office_furniture,4,894.35,178.87,0
2017-W21,pet_shop,8,599.94,74.99,0
2017-W21,fashion_shoes,5,474.49,94.9,0
2017-W21,audio,3,472.13,157.38,0
2017-W21,costruction_tools_garden,2,411.52,137.17,0
2017-W21,industry_commerce_and_business,1,395.58,395.58,0
2017-W21,tablets_printing_image,3,369.36,123.12,0
2017-W21,books_general_interest,4,277.56,69.39,0
2017-W21,furniture_bedroom,1,236.58,236.58,0
2017-W21,la_cuisine,1,232.19,232.19,0
2017-W21,fashion_underwear_beach,1,208.09,208.09,0
2017-W21,market_place,1,143.12,143.12,0
2017-W21,pc_gamer,1,138.15,138.15,0
2017-W21,drinks,1,112.95,112.95,0
2017-W21,home_appliances_2,1,105.37,105.37,0
2017-W21,signaling_and_security,1,101.96,101.96,0
2017-W21,home_appliances,2,93.85,46.92,0
2017-W21,agro_industry_and_commerce,1,81.21,81.21,0
2017-W21,food_drink,2,81.1,40.55,0
2017-W21,fashion_sport,1,75.39,75.39,0
2017-W21,home_construction,1,53.53,53.53,0
2017-W21,dvds_blu_ray,1,47.53,47.53,0
2017-W22,computers_accessories,58,17216.85,232.66,0
2017-W22,health_beauty,73,14524.4,170.88,0
2017-W22,cool_stuff,57,12327.31,192.61,1
2017-W22,watches_gifts,28,11144.85,359.51,0
2017-W22,bed_bath_table,69,8911.36,115.73,0
2017-W22,housewares,72,8241.76,99.3,1
2017-W22,toys,46,8126.92,169.31,2
2017-W22,sports_leisure,47,7492.49,144.09,1
2017-W22,furniture_decor,51,7475.65,111.58,0
2017-W22,home_construction,1,6579.5,1315.9,0
2017-W22,perfumery,33,5407.36,146.14,0
2017-W22,auto,22,5200.93,216.71,1
2017-W22,unknown,26,4351.02,140.36,0
2017-W22,garden_tools,22,4147.68,159.53,0
2017-W22,telephony,40,3967.37,76.3,0
2017-W22,baby,21,3789.27,180.44,0
2017-W22,small_appliances,7,3758.16,536.88,0
2017-W22,luggage_accessories,19,3448.44,156.75,0
2017-W22,pet_shop,18,2179.08,103.77,0
2017-W22,fashion_bags_accessories,20,1991.17,86.57,0
2017-W22,office_furniture,10,1815.96,181.6,0
2017-W22,electronics,15,1756.6,92.45,0
2017-W22,fashion_shoes,6,1690.55,211.32,0
2017-W22,stationery,10,1488.28,135.3,0
2017-W22,musical_instruments,4,1379.11,76.62,0
2017-W22,signaling_and_security,1,1267.76,633.88,0
2017-W22,furniture_living_room,4,1205.39,241.08,0
2017-W22,home_confort,7,1114.92,159.27,0
2017-W22,books_general_interest,4,913.79,182.76,0
2017-W22,market_place,6,789.26,131.54,0
2017-W22,home_appliances,8,673.42,67.34,0
2017-W22,consoles_games,4,609.15,152.29,0
2017-W22,tablets_printing_image,3,341.85,68.37,0
2017-W22,fashion_male_clothing,1,294.12,98.04,0
2017-W22,audio,2,263.58,131.79,0
2017-W22,home_appliances_2,1,257.3,257.3,0
2017-W22,furniture_bedroom,1,170.29,170.29,0
2017-W22,fixed_telephony,4,156.4,31.28,0
2017-W22,industry_commerce_and_business,1,154.79,154.79,0
2017-W22,construction_tools_construction,1,149.4,149.4,0
2017-W22,air_conditioning,1,115.44,115.44,0
2017-W22,cine_photo,1,112.91,112.91,0
2017-W22,furniture_mattress_and_upholstery,1,103.36,103.36,0
2017-W22,fashion_sport,1,102.03,102.03,0
2017-W22,kitchen_dining_laundry_garden_furniture,1,95.78,47.89,0
2017-W22,books_technical,1,93.21,93.21,0
2017-W22,art,1,84.49,84.49,0
2017-W22,dvds_blu_ray,1,35.69,35.69,0
2017-W22,food_drink,1,33.68,33.68,0
2017-W23,computers_accessories,58,17974.28,253.16,0
2017-W23,health_beauty,52,13575.98,242.43,0
2017-W23,bed_bath_table,87,13141.19,100.31,0
2017-W23,sports_leisure,62,11337.63,151.17,0
2017-W23,cool_stuff,42,9588.06,217.91,0
2017-W23,watches_gifts,34,8838.1,210.43,1
2017-W23,furniture_decor,41,7273.35,115.45,0
2017-W23,perfumery,46,7245.63,139.34,0
2017-W23,auto,28,7113.27,203.24,0
2017-W23,housewares,64,7053.27,96.62,0
2017-W23,garden_tools,31,6554.13,192.77,0
2017-W23,toys,53,6321.27,119.27,0
2017-W23,luggage_accessories,14,3278.16,218.54,0
2017-W23,telephony,51,3196.34,57.08,0
2017-W23,unknown,14,3083.3,181.37,0
2017-W23,fashion_bags_accessories,24,2518.15,89.93,0
2017-W23,furniture_living_room,6,2296.68,229.67,0
2017-W23,pet_shop,21,2239.75,77.23,0
2017-W23,air_conditioning,3,2155.57,431.11,0
2017-W23,baby,16,2119.48,132.47,0
2017-W23,home_confort,8,1923.67,106.87,0
2017-W23,musical_instruments,4,1660.31,332.06,0
2017-W23,consoles_games,4,1395.77,348.94,0
2017-W23,stationery,8,1250.33,138.93,0
2017-W23,office_furniture,6,1125.74,187.62,0
2017-W23,small_appliances,4,941.78,235.44,0
2017-W23,books_general_interest,7,751.72,107.39,0
2017-W23,fixed_telephony,3,674.55,224.85,0
2017-W23,construction_tools_construction,1,569.58,189.86,0
2017-W23,market_place,5,524.48,87.41,0
2017-W23,home_appliances,7,400.89,50.11,0
2017-W23,electronics,8,399.39,49.92,0
2017-W23,audio,2,369.42,184.71,0
2017-W23,signaling_and_security,2,345.4,172.7,0
2017-W23,music,1,344.32,344.32,0
2017-W23,fashion_sport,2,328.48,164.24,0
2017-W23,furniture_bedroom,1,249.56,249.56,0
2017-W23,tablets_printing_image,2,228.88,114.44,0
2017-W23,fashion_shoes,3,216.37,72.12,0
2017-W23,fashion_male_clothing,2,202.66,101.33,0
2017-W23,art,3,187.47,37.49,0
2017-W23,home_appliances_2,1,160.65,160.65,0
2017-W23,fashio_female_clothing,2,119.2,59.6,0
2017-W23,fashion_childrens_clothes,1,118.96,118.96,0
2017-W23,books_technical,1,95.32,95.32,0
2017-W23,kitchen_dining_laundry_garden_furniture,1,86.8,86.8,0
2017-W23,food_drink,2,82.78,41.39,0
2017-W23,drinks,1,69.2,69.2,0
2017-W23,dvds_blu_ray,1,29.5,29.5,0
2017-W23,home_comfort_2,1,28.0,28.0,0
2017-W24,auto,28,18365.43,655.91,1
2017-W24,computers_accessories,63,16780.58,204.64,0
2017-W24,bed_bath_table,75,15163.85,147.22,0
2017-W24,sports_leisure,62,11072.38,147.63,0
2017-W24,housewares,55,9141.8,123.54,1
2017-W24,cool_stuff,49,7795.93,136.77,0
2017-W24,perfumery,35,7556.86,215.91,0
2017-W24,watches_gifts,25,6849.31,273.97,0
2017-W24,garden_tools,28,5792.09,170.36,0
2017-W24,health_beauty,51,5727.1,98.74,1
2017-W24,baby,22,5148.94,183.89,0
2017-W24,toys,33,4363.09,128.33,1
2017-W24,furniture_decor,34,4186.98,97.37,1
2017-W24,small_appliances,6,3756.63,469.58,0
2017-W24,telephony,41,3078.65,69.97,0
2017-W24,fashion_bags_accessories,19,2666.32,126.97,0
2017-W24,office_furniture,11,2466.23,205.52,0
2017-W24,musical_instruments,2,2084.24,694.75,0
2017-W24,luggage_accessories,14,1813.06,129.5,0
2017-W24,unknown,12,1723.34,132.56,1
2017-W24,pet_shop,9,1466.96,112.84,0
2017-W24,consoles_games,5,1003.45,143.35,0
2017-W24,stationery,8,899.44,112.43,0
2017-W24,audio,5,879.14,175.83,0
2017-W24,fashion_shoes,5,767.53,85.28,0
2017-W24,electronics,12,729.23,60.77,1
2017-W24,home_appliances,10,712.14,71.21,0
2017-W24,construction_tools_construction,2,550.2,137.55,0
2017-W24,books_general_interest,3,425.36,141.79,0
2017-W24,fashion_male_clothing,4,332.32,66.46,0
2017-W24,home_appliances_2,1,302.91,302.91,0
2017-W24,home_confort,2,286.91,143.45,0
2017-W24,books_imported,1,258.4,129.2,0
2017-W24,market_place,2,232.83,116.41,0
2017-W24,furniture_living_room,2,221.04,110.52,0
2017-W24,fixed_telephony,3,207.61,69.2,0
2017-W24,food,1,171.79,171.79,0
2017-W24,pc_gamer,1,156.18,156.18,0
2017-W24,fashion_sport,2,121.98,60.99,0
2017-W24,tablets_printing_image,1,108.44,108.44,0
2017-W24,furniture_bedroom,1,102.12,102.12,0
2017-W24,art,1,97.88,97.88,0
2017-W24,dvds_blu_ray,1,89.02,89.02,0
2017-W24,fashio_female_clothing,1,80.1,80.1,0
2017-W24,home_construction,1,74.97,74.97,0
2017-W24,air_conditioning,1,38.47,38.47,0
2017-W25,furniture_decor,46,15050.97,264.05,0
2017-W25,cool_stuff,40,10905.1,265.98,0
2017-W25,housewares,71,10566.87,118.73,1
2017-W25,health_beauty,54,10057.33,162.22,0
2017-W25,sports_leisure,43,8593.58,179.03,1
2017-W25,computers_accessories,42,8540.32,158.15,0
2017-W25,bed_bath_table,72,8496.93,108.94,0
2017-W25,watches_gifts,31,6681.86,196.53,1
2017-W25,perfumery,23,6280.5,209.35,0
2017-W25,auto,22,5975.07,239.0,0
2017-W25,office_furniture,16,4775.61,251.35,0
2017-W25,toys,26,3194.73,118.32,0
2017-W25,garden_tools,15,2775.48,163.26,0
2017-W25,consoles_games,10,2667.3,222.28,0
2017-W25,small_appliances,3,2544.5,848.17,0
2017-W25,musical_instruments,7,2097.77,262.22,0
2017-W25,art,1,2078.64,346.44,0
2017-W25,baby,14,1499.48,99.97,0
2017-W25,pet_shop,11,1459.99,132.73,0
2017-W25,luggage_accessories,10,1447.99,144.8,0
2017-W25,fashion_bags_accessories,13,1284.77,98.83,0
2017-W25,home_appliances,11,1088.87,98.99,0
2017-W25,books_general_interest,4,1012.48,202.5,0
2017-W25,telephony,23,941.43,39.23,0
2017-W25,stationery,10,824.45,82.45,0
2017-W25,home_confort,4,696.18,174.05,0
2017-W25,electronics,6,610.51,87.22,0
2017-W25,home_appliances_2,2,498.14,124.54,0
2017-W25,air_conditioning,3,493.79,164.6,0
2017-W25,furniture_living_room,3,444.25,148.08,0
2017-W25,unknown,8,443.81,55.48,1
2017-W25,christmas_supplies,2,341.89,113.96,0
2017-W25,kitchen_dining_laundry_garden_furniture,1,292.42,292.42,0
2017-W25,market_place,3,214.36,71.45,0
2017-W25,fashion_shoes,3,210.01,70.0,0
2017-W25,industry_commerce_and_business,1,187.38,187.38,0
2017-W25,fashion_male_clothing,1,186.79,186.79,0
2017-W25,music,1,97.71,97.71,0
2017-W25,audio,1,96.88,96.88,0
2017-W25,costruction_tools_garden,1,52.68,52.68,0
2017-W25,fixed_telephony,1,34.09,34.09,0
2017-W25,fashion_underwear_beach,1,19.0,19.0,0
2017-W26,furniture_decor,53,14320.6,216.98,0
2017-W26,bed_bath_table,86,12725.65,136.83,0
2017-W26,cool_stuff,54,11543.2,164.9,0
2017-W26,housewares,74,11465.84,120.69,0
2017-W26,health_beauty,55,10961.79,171.28,0
2017-W26,computers_accessories,33,10404.58,273.8,0
2017-W26,sports_leisure,66,9753.62,131.81,0
2017-W26,auto,20,6431.01,238.19,0
2017-W26,perfumery,25,5220.81,186.46,0
2017-W26,watches_gifts,23,4499.54,187.48,0
2017-W26,toys,29,3699.16,115.6,0
2017-W26,garden_tools,18,3417.38,170.87,0
2017-W26,office_furniture,9,2883.99,262.18,0
2017-W26,baby,14,2441.59,162.77,0
2017-W26,luggage_accessories,14,2277.78,162.7,0
2017-W26,stationery,11,1660.25,138.35,0
2017-W26,agro_industry_and_commerce,1,1422.05,1422.05,0
2017-W26,fashion_bags_accessories,12,1207.66,80.51,1
2017-W26,small_appliances,9,1181.32,131.26,0
2017-W26,telephony,24,1090.89,40.4,0
2017-W26,air_conditioning,2,943.19,471.6,0
2017-W26,home_appliances,13,926.49,66.18,0
2017-W26,pet_shop,13,908.34,69.87,0
2017-W26,home_confort,4,803.01,160.6,0
2017-W26,costruction_tools_garden,3,776.09,129.35,0
2017-W26,home_construction,2,750.31,375.15,0
2017-W26,electronics,10,729.94,72.99,0
2017-W26,consoles_games,5,709.74,141.95,0
2017-W26,music,2,699.09,349.55,0
2017-W26,unknown,8,660.7,73.41,0
2017-W26,musical_instruments,2,636.85,318.42,0
2017-W26,home_appliances_2,3,519.39,173.13,0
2017-W26,audio,3,472.8,157.6,0
2017-W26,market_place,3,394.84,131.61,0
2017-W26,books_general_interest,4,283.55,70.89,0
2017-W26,fashion_shoes,4,226.72,56.68,0
2017-W26,furniture_living_room,1,160.79,80.39,0
2017-W26,fixed_telephony,3,143.37,47.79,0
2017-W26,construction_tools_construction,1,132.02,132.02,0
2017-W26,tablets_printing_image,1,111.19,111.19,0
2017-W26,small_appliances_home_oven_and_coffee,1,88.65,88.65,0
2017-W26,kitchen_dining_laundry_garden_furniture,1,67.59,67.59,0
2017-W26,fashio_female_clothing,1,58.94,58.94,0
2017-W26,fashion_sport,1,55.0,55.0,0
2017-W26,dvds_blu_ray,1,45.53,45.53,0
2017-W26,home_comfort_2,1,28.0,28.0,0
2017-W27,bed_bath_table,115,18248.86,127.61,1
2017-W27,computers_accessories,51,15212.77,208.39,0
2017-W27,furniture_decor,61,12438.01,149.86,0
2017-W27,cool_stuff,54,12061.38,211.6,0
2017-W27,sports_leisure,70,10980.96,120.67,1
2017-W27,watches_gifts,23,9969.55,398.78,0
2017-W27,health_beauty,59,9110.76,144.62,1
2017-W27,housewares,47,7558.97,130.33,0
2017-W27,toys,45,7557.04,151.14,0
2017-W27,office_furniture,22,5465.58,218.62,0
2017-W27,garden_tools,29,5190.14,167.42,0
2017-W27,pet_shop,19,3644.64,158.46,0
2017-W27,luggage_accessories,17,3098.14,106.83,0
2017-W27,auto,20,2817.59,140.88,0
2017-W27,baby,22,2730.97,94.17,0
2017-W27,stationery,18,2580.23,129.01,0
2017-W27,electronics,21,2325.36,105.7,0
2017-W27,perfumery,21,2064.51,93.84,2
2017-W27,home_confort,7,1739.91,217.49,0
2017-W27,telephony,27,1711.3,59.01,0
2017-W27,fashion_bags_accessories,13,1419.3,88.71,0
2017-W27,unknown,11,1153.93,88.76,1
2017-W27,furniture_living_room,4,868.04,217.01,0
2017-W27,consoles_games,7,721.88,80.21,0
2017-W27,dvds_blu_ray,1,719.65,719.65,0
2017-W27,market_place,4,563.88,140.97,0
2017-W27,fashion_shoes,2,352.52,176.26,0
2017-W27,small_appliances,6,351.44,58.57,0
2017-W27,music,1,350.54,350.54,0
2017-W27,furniture_bedroom,1,332.16,332.16,0
2017-W27,musical_instruments,4,317.63,45.38,0
2017-W27,home_appliances,5,303.82,60.76,0
2017-W27,art,2,301.11,150.56,0
2017-W27,cds_dvds_musicals,1,244.44,122.22,0
2017-W27,fixed_telephony,3,236.98,59.25,0
2017-W27,industry_commerce_and_business,1,236.12,236.12,0
2017-W27,drinks,1,215.6,215.6,0
2017-W27,home_appliances_2,1,202.48,202.48,0
2017-W27,audio,1,173.36,173.36,0
2017-W27,construction_tools_construction,1,156.92,156.92,0
2017-W27,books_general_interest,1,140.61,140.61,0
2017-W27,food_drink,3,120.86,40.29,0
2017-W27,tablets_printing_image,1,108.44,108.44,0
2017-W27,costruction_tools_garden,1,92.62,92.62,0
2017-W27,food,1,78.68,78.68,0
2017-W27,air_conditioning,1,26.0,26.0,0
2017-W28,bed_bath_table,126,23173.77,166.72,0
2017-W28,computers_accessories,67,16198.53,207.67,1
2017-W28,sports_leisure,81,15799.67,162.88,2
2017-W28,health_beauty,62,11976.03,126.06,0
2017-W28,cool_stuff,61,11003.66,174.66,0
2017-W28,watches_gifts,42,10164.09,225.87,0
2017-W28,furniture_decor,51,7885.16,115.96,0
2017-W28,housewares,44,7316.01,130.64,0
2017-W28,toys,50,6150.72,102.51,0
2017-W28,office_furniture,22,5279.73,170.31,0
2017-W28,baby,32,4568.9,138.45,1
2017-W28,garden_tools,25,4464.59,159.45,0
2017-W28,perfumery,31,4255.36,121.58,0
2017-W28,home_confort,14,4121.1,242.42,0
2017-W28,auto,29,4060.64,116.02,0
2017-W28,electronics,27,3905.07,122.03,0
2017-W28,pet_shop,19,3432.78,114.43,0
2017-W28,musical_instruments,7,3414.26,487.75,0
2017-W28,luggage_accessories,21,3278.11,156.1,0
2017-W28,small_appliances,9,3052.08,305.21,0
2017-W28,furniture_living_room,11,2884.88,192.33,0
2017-W28,fashion_bags_accessories,20,2111.06,91.79,0
2017-W28,stationery,16,1891.15,105.06,2
2017-W28,telephony,24,1777.85,65.85,0
2017-W28,unknown,11,1250.68,52.11,0
2017-W28,agro_industry_and_commerce,1,1199.47,1199.47,0
2017-W28,signaling_and_security,2,813.81,271.27,0
2017-W28,construction_tools_construction,2,764.2,254.73,0
2017-W28,consoles_games,8,753.97,83.77,0
2017-W28,audio,4,548.93,137.23,0
2017-W28,market_place,3,520.77,173.59,0
2017-W28,fashion_shoes,3,378.91,94.73,0
2017-W28,costruction_tools_garden,2,341.76,170.88,0
2017-W28,fashion_male_clothing,5,336.68,42.09,0
2017-W28,kitchen_dining_laundry_garden_furniture,2,197.58,98.79,0
2017-W28,food_drink,2,197.36,98.68,0
2017-W28,home_appliances_2,1,176.36,176.36,0
2017-W28,books_general_interest,1,157.84,157.84,0
2017-W28,home_appliances,3,149.38,49.79,0
2017-W28,la_cuisine,1,147.15,73.58,0
2017-W28,arts_and_craftmanship,1,145.56,145.56,0
2017-W28,air_conditioning,1,144.03,144.03,0
2017-W28,food,1,128.04,128.04,0
2017-W28,art,1,123.79,123.79,0
2017-W28,cds_dvds_musicals,2,122.22,61.11,0
2017-W28,industry_commerce_and_business,1,116.13,116.13,0
2017-W28,dvds_blu_ray,2,76.81,38.41,0
2017-W28,christmas_supplies,1,75.07,75.07,0
2017-W28,fixed_telephony,2,74.86,37.43,0
2017-W28,fashion_underwear_beach,1,71.82,71.82,0
2017-W29,bed_bath_table,135,33798.07,185.7,0
2017-W29,computers_accessories,61,24452.7,287.68,0
2017-W29,garden_tools,70,15766.07,177.15,0
2017-W29,sports_leisure,68,10237.71,134.71,0
2017-W29,office_furniture,22,9318.03,258.83,0
2017-W29,health_beauty,68,9227.08,126.4,0
2017-W29,watches_gifts,40,8713.23,185.39,1
2017-W29,furniture_decor,47,8588.42,138.52,0
2017-W29,cool_stuff,50,8586.92,159.02,0
2017-W29,housewares,46,7266.07,121.1,0
2017-W29,auto,27,6692.94,223.1,0
2017-W29,baby,36,6419.38,164.6,0
2017-W29,perfumery,35,5380.71,134.52,0
2017-W29,toys,39,5305.14,129.39,0
2017-W29,telephony,33,3990.03,110.83,0
2017-W29,electronics,19,3562.99,127.25,0
2017-W29,pet_shop,17,2473.35,123.67,0
2017-W29,home_appliances,13,2114.05,162.62,0
2017-W29,furniture_living_room,4,1865.11,266.44,0
2017-W29,small_appliances,8,1790.79,223.85,1
2017-W29,fashion_bags_accessories,19,1537.88,69.9,0
2017-W29,unknown,16,1503.28,83.52,0
2017-W29,stationery,14,1481.84,105.85,0
2017-W29,luggage_accessories,11,1425.65,129.6,0
2017-W29,consoles_games,9,1249.41,113.58,0
2017-W29,kitchen_dining_laundry_garden_furniture,4,1240.88,206.81,0
2017-W29,home_confort,8,1148.62,114.86,0
2017-W29,air_conditioning,2,1069.77,534.88,0
2017-W29,musical_instruments,5,838.87,139.81,0
2017-W29,books_general_interest,5,716.45,119.41,0
2017-W29,fashion_male_clothing,2,663.38,221.13,0
2017-W29,market_place,2,471.41,235.71,0
2017-W29,fashion_shoes,7,446.26,63.75,0
2017-W29,furniture_bedroom,1,406.65,406.65,0
2017-W29,food,2,294.06,147.03,0
2017-W29,la_cuisine,2,256.9,128.45,0
2017-W29,signaling_and_security,2,223.13,111.56,0
2017-W29,furniture_mattress_and_upholstery,1,178.53,178.53,0
2017-W29,food_drink,2,145.59,48.53,0
2017-W29,costruction_tools_garden,2,142.39,47.46,0
2017-W29,construction_tools_construction,1,140.02,140.02,0
2017-W29,audio,1,115.94,115.94,0
2017-W29,fashio_female_clothing,1,78.7,78.7,0
2017-W29,fashion_sport,1,77.68,77.68,0
2017-W29,fashion_underwear_beach,1,71.82,11.97,0
2017-W29,fixed_telephony,1,37.62,37.62,0
2017-W29,christmas_supplies,1,22.98,22.98,0
2017-W30,bed_bath_table,104,20567.44,169.98,16
2017-W30,sports_leisure,87,16749.1,145.64,2
2017-W30,health_beauty,66,15103.88,218.9,0
2017-W30,furniture_decor,68,14048.04,143.35,0
2017-W30,computers_accessories,72,12462.49,140.03,0
2017-W30,housewares,65,9412.76,103.44,9
2017-W30,watches_gifts,37,9394.17,213.5,0
2017-W30,office_furniture,26,8651.06,247.17,0
2017-W30,cool_stuff,34,7467.95,191.49,0
2017-W30,toys,45,6745.9,146.65,0
2017-W30,baby,23,4694.78,187.79,0
2017-W30,garden_tools,26,4690.37,156.35,1
2017-W30,perfumery,26,4270.55,152.52,0
2017-W30,musical_instruments,10,4044.53,288.9,2
2017-W30,telephony,40,3780.11,72.69,0
2017-W30,auto,26,3500.52,116.68,1
2017-W30,consoles_games,18,3366.55,177.19,0
2017-W30,luggage_accessories,18,2521.69,132.72,0
2017-W30,stationery,21,2479.14,107.79,0
2017-W30,electronics,12,1792.19,119.48,0
2017-W30,pet_shop,12,1584.44,121.88,0
2017-W30,home_confort,5,1352.84,225.47,0
2017-W30,home_appliances,12,1352.59,112.72,0
2017-W30,fashion_bags_accessories,21,1296.59,54.02,0
2017-W30,unknown,14,1019.48,63.72,1
2017-W30,furniture_bedroom,3,857.82,285.94,0
2017-W30,small_appliances,7,832.94,118.99,0
2017-W30,furniture_living_room,6,791.37,131.9,0
2017-W30,kitchen_dining_laundry_garden_furniture,2,698.88,349.44,0
2017-W30,home_appliances_2,3,624.72,208.24,0
2017-W30,fashion_shoes,5,595.94,119.19,1
2017-W30,books_general_interest,3,447.43,149.14,0
2017-W30,construction_tools_lights,1,401.45,401.45,0
2017-W30,food,3,349.39,116.46,0
2017-W30,drinks,1,264.96,132.48,0
2017-W30,home_construction,1,247.6,123.8,0
2017-W30,books_technical,1,223.26,223.26,0
2017-W30,market_place,3,179.04,44.76,0
2017-W30,fashion_underwear_beach,1,170.84,170.84,0
2017-W30,fashion_male_clothing,1,155.63,155.63,0
2017-W30,party_supplies,1,83.41,83.41,0
2017-W30,fashio_female_clothing,1,78.7,78.7,0
2017-W30,fixed_telephony,2,71.87,35.94,0
2017-W30,construction_tools_construction,1,65.47,65.47,0
2017-W30,cds_dvds_musicals,1,54.94,54.94,0
2017-W30,costruction_tools_garden,1,49.76,49.76,0
2017-W30,audio,1,45.0,45.0,0
2017-W30,dvds_blu_ray,1,34.53,34.53,0
2017-W30,signaling_and_security,1,21.75,21.75,0
2017-W31,furniture_decor,80,17070.69,158.06,3
2017-W31,bed_bath_table,82,16080.72,169.27,19
2017-W31,sports_leisure,82,14123.74,156.93,0
2017-W31,auto,38,13255.38,276.15,0
2017-W31,health_beauty,75,12765.29,159.57,0
2017-W31,computers_accessories,77,12566.05,141.19,1
2017-W31,watches_gifts,53,12540.92,228.02,0
2017-W31,cool_stuff,57,11119.62,163.52,0
2017-W31,housewares,65,9416.24,114.83,0
2017-W31,toys,52,6587.86,117.64,0
2017-W31,garden_tools,40,5613.54,122.03,0
2017-W31,baby,30,5483.28,176.88,1
2017-W31,pet_shop,17,4206.92,221.42,0
2017-W31,telephony,37,3547.78,86.53,2
2017-W31,office_furniture,11,3533.4,271.8,0
2017-W31,musical_instruments,6,2609.0,434.83,0
2017-W31,fashion_bags_accessories,20,2221.1,88.84,1
2017-W31,consoles_games,15,2178.95,145.26,0
2017-W31,perfumery,20,2147.98,97.64,0
2017-W31,luggage_accessories,15,2054.39,136.96,0
2017-W31,furniture_living_room,8,1573.07,174.79,0
2017-W31,stationery,15,1346.06,84.13,0
2017-W31,unknown,13,1168.61,77.91,1
2017-W31,home_appliances,5,1161.01,165.86,0
2017-W31,electronics,15,1136.21,71.01,0
2017-W31,home_confort,5,952.68,158.78,0
2017-W31,small_appliances,9,918.9,83.54,0
2017-W31,market_place,5,885.25,126.46,0
2017-W31,home_appliances_2,1,839.4,419.7,0
2017-W31,air_conditioning,4,762.05,190.51,0
2017-W31,books_general_interest,5,527.29,105.46,0
2017-W31,books_technical,2,525.26,262.63,0
2017-W31,fixed_telephony,3,476.75,158.92,0
2017-W31,construction_tools_lights,1,401.45,401.45,0
2017-W31,fashion_shoes,4,375.86,93.97,0
2017-W31,fashion_male_clothing,4,305.52,76.38,0
2017-W31,food,2,210.06,105.03,0
2017-W31,costruction_tools_garden,1,208.6,208.6,0
2017-W31,fashio_female_clothing,2,207.0,103.5,0
2017-W31,la_cuisine,1,155.18,77.59,0
2017-W31,construction_tools_construction,1,152.11,152.11,0
2017-W31,signaling_and_security,1,144.65,144.65,0
2017-W31,food_drink,2,135.89,45.3,0
2017-W31,tablets_printing_image,1,114.44,114.44,0
2017-W31,kitchen_dining_laundry_garden_furniture,2,114.19,38.06,0
2017-W31,audio,2,108.0,36.0,0
2017-W31,fashion_childrens_clothes,1,66.69,66.69,0
2017-W31,dvds_blu_ray,1,42.53,42.53,0
2017-W32,bed_bath_table,115,23281.24,123.84,13
2017-W32,sports_leisure,88,17711.45,167.09,1
2017-W32,cool_stuff,67,15473.01,209.09,0
2017-W32,computers_accessories,65,15205.14,197.47,0
2017-W32,health_beauty,66,14539.72,196.48,0
2017-W32,auto,23,11004.83,440.19,1
2017-W32,furniture_decor,65,10198.88,129.1,0
2017-W32,garden_tools,37,9959.65,199.19,0
2017-W32,housewares,56,8138.09,99.25,0
2017-W32,watches_gifts,38,7224.09,180.6,1
2017-W32,toys,38,5422.92,135.57,0
2017-W32,office_furniture,13,5413.52,284.92,0
2017-W32,baby,22,4571.48,190.48,0
2017-W32,fixed_telephony,4,3934.46,393.45,0
2017-W32,perfumery,20,3819.99,159.17,0
2017-W32,luggage_accessories,20,3399.57,141.65,0
2017-W32,electronics,17,3153.32,157.67,0
2017-W32,pet_shop,16,3031.91,126.33,0
2017-W32,stationery,19,2738.15,119.05,0
2017-W32,telephony,26,2713.6,100.5,0
2017-W32,consoles_games,9,2228.46,185.71,0
2017-W32,fashion_bags_accessories,16,2161.99,102.95,0
2017-W32,home_confort,8,2058.79,205.88,0
2017-W32,books_general_interest,10,1868.27,186.83,1
2017-W32,home_appliances,11,1408.27,128.02,0
2017-W32,unknown,10,1073.95,97.63,0
2017-W32,musical_instruments,3,900.3,150.05,4
2017-W32,market_place,6,758.12,126.35,0
2017-W32,home_appliances_2,3,752.68,250.89,1
2017-W32,small_appliances,6,655.27,109.21,0
2017-W32,fashion_underwear_beach,4,578.51,144.63,0
2017-W32,fashion_shoes,4,522.34,104.47,0
2017-W32,kitchen_dining_laundry_garden_furniture,3,511.31,170.44,0
2017-W32,air_conditioning,3,442.92,110.73,0
2017-W32,furniture_bedroom,2,438.7,219.35,0
2017-W32,furniture_living_room,3,325.06,108.35,0
2017-W32,cds_dvds_musicals,1,244.44,122.22,0
2017-W32,la_cuisine,1,213.06,213.06,0
2017-W32,books_technical,2,209.07,104.53,0
2017-W32,audio,2,194.25,97.13,0
2017-W32,art,2,186.53,93.27,0
2017-W32,construction_tools_construction,1,158.08,158.08,0
2017-W32,small_appliances_home_oven_and_coffee,2,133.86,66.93,0
2017-W32,dvds_blu_ray,3,121.11,40.37,0
2017-W32,signaling_and_security,1,115.04,115.04,0
2017-W32,costruction_tools_garden,1,114.33,114.33,0
2017-W32,fashio_female_clothing,1,72.68,72.68,0
2017-W32,food,2,65.26,9.32,0
2017-W32,fashion_male_clothing,1,64.0,64.0,0
2017-W32,tablets_printing_image,1,30.0,30.0,0
2017-W32,food_drink,1,24.35,24.35,0
2017-W32,drinks,1,21.85,21.85,0
2017-W33,bed_bath_table,125,24703.73,166.92,18
2017-W33,health_beauty,81,16497.57,191.83,0
2017-W33,furniture_decor,82,14762.67,143.33,0
2017-W33,sports_leisure,96,13228.8,121.37,0
2017-W33,computers_accessories,75,12879.49,139.99,0
2017-W33,garden_tools,63,12533.87,171.7,0
2017-W33,cool_stuff,53,11591.49,203.36,2
2017-W33,housewares,53,8300.46,122.07,5
2017-W33,watches_gifts,37,6503.41,151.24,0
2017-W33,baby,30,6135.25,204.51,1
2017-W33,toys,41,6032.79,128.36,1
2017-W33,office_furniture,12,5825.71,364.11,0
2017-W33,auto,35,5239.62,116.44,0
2017-W33,perfumery,30,4904.51,140.13,0
2017-W33,fashion_bags_accessories,30,3086.39,85.73,0
2017-W33,telephony,29,3001.48,96.82,0
2017-W33,musical_instruments,5,2461.89,492.38,0
2017-W33,consoles_games,21,2300.55,109.55,0
2017-W33,stationery,18,2221.01,116.9,0
2017-W33,unknown,13,2179.98,114.74,0
2017-W33,home_appliances_2,7,1635.27,233.61,1
2017-W33,luggage_accessories,10,1584.64,132.05,0
2017-W33,home_appliances,16,1435.76,84.46,0
2017-W33,small_appliances,9,1409.19,140.92,0
2017-W33,air_conditioning,2,1223.26,407.75,0
2017-W33,fashion_male_clothing,3,1092.54,218.51,0
2017-W33,construction_tools_construction,2,1051.52,350.51,0
2017-W33,fixed_telephony,6,973.74,162.29,0
2017-W33,industry_commerce_and_business,2,891.67,445.83,0
2017-W33,pet_shop,8,748.52,93.56,0
2017-W33,audio,2,740.82,370.41,0
2017-W33,kitchen_dining_laundry_garden_furniture,2,645.11,322.56,0
2017-W33,food_drink,3,535.85,107.17,0
2017-W33,fashion_shoes,7,534.17,66.77,0
2017-W33,electronics,8,461.12,57.64,0
2017-W33,furniture_living_room,3,458.47,114.62,0
2017-W33,market_place,5,316.73,63.35,0
2017-W33,fashion_underwear_beach,3,250.6,83.53,0
2017-W33,books_general_interest,2,227.81,113.91,0
2017-W33,home_confort,2,213.06,71.02,0
2017-W33,furniture_mattress_and_upholstery,1,150.97,150.97,0
2017-W33,home_construction,1,141.43,141.43,0
2017-W33,signaling_and_security,1,141.4,141.4,0
2017-W33,drinks,1,126.92,126.92,0
2017-W33,home_comfort_2,1,122.97,122.97,0
2017-W33,fashio_female_clothing,2,104.03,52.02,0
2017-W33,fashion_sport,1,75.07,75.07,0
2017-W33,food,1,35.0,35.0,0
2017-W33,dvds_blu_ray,1,32.5,32.5,0
2017-W34,auto,22,48409.8,1100.22,0
2017-W34,computers_accessories,56,19562.43,235.69,0
2017-W34,furniture_decor,74,16887.25,153.52,0
2017-W34,bed_bath_table,91,13811.46,130.3,15
2017-W34,cool_stuff,46,12690.76,226.62,0
2017-W34,sports_leisure,84,11557.63,122.95,0
2017-W34,health_beauty,76,11027.12,139.58,1
2017-W34,watches_gifts,41,10274.21,209.68,0
2017-W34,baby,31,5338.01,152.51,0
2017-W34,garden_tools,30,5176.65,143.8,1
2017-W34,pet_shop,21,4885.31,187.9,0
2017-W34,perfumery,31,4869.0,131.59,0
2017-W34,housewares,47,4634.3,89.12,0
2017-W34,toys,27,4343.62,144.79,0
2017-W34,air_conditioning,1,3235.68,1617.84,0
2017-W34,telephony,28,2890.19,90.32,0
2017-W34,consoles_games,26,2801.15,90.36,0
2017-W34,costruction_tools_garden,4,2598.41,371.2,0
2017-W34,unknown,19,2456.02,106.78,0
2017-W34,stationery,20,2451.9,116.76,0
2017-W34,fashion_bags_accessories,19,1716.96,90.37,0
2017-W34,luggage_accessories,9,1598.09,145.28,0
2017-W34,office_furniture,6,1473.64,245.61,0
2017-W34,home_appliances_2,4,1187.1,296.77,0
2017-W34,home_confort,4,1168.43,233.69,1
2017-W34,fashion_shoes,2,1154.2,192.37,0
2017-W34,musical_instruments,6,1140.4,190.07,0
2017-W34,small_appliances,6,1062.01,132.75,0
2017-W34,furniture_living_room,6,856.18,122.31,0
2017-W34,market_place,6,718.55,119.76,0
2017-W34,books_technical,3,706.1,235.37,0
2017-W34,electronics,10,547.75,49.8,0
2017-W34,books_general_interest,6,478.2,68.31,0
2017-W34,home_appliances,6,424.04,70.67,0
2017-W34,tablets_printing_image,3,372.1,93.03,0
2017-W34,fashion_male_clothing,4,367.41,45.93,0
2017-W34,food,3,366.61,91.65,0
2017-W34,fashion_underwear_beach,4,303.55,75.89,0
2017-W34,fixed_telephony,1,260.77,260.77,0
2017-W34,food_drink,3,202.73,50.68,0
2017-W34,industry_commerce_and_business,1,152.28,152.28,0
2017-W34,construction_tools_construction,1,117.39,117.39,0
2017-W34,audio,1,103.37,103.37,0
2017-W34,christmas_supplies,1,76.88,76.88,0
2017-W34,art,1,70.53,70.53,0
2017-W34,books_imported,1,70.34,70.34,0
2017-W34,cds_dvds_musicals,1,54.94,54.94,0
2017-W34,signaling_and_security,1,42.38,42.38,0
2017-W34,dvds_blu_ray,1,35.69,35.69,0
2017-W34,construction_tools_safety,1,24.69,24.69,0
2017-W35,computers,43,55443.23,1155.07,0
2017-W35,watches_gifts,57,21676.28,314.15,0
2017-W35,furniture_decor,65,17921.95,165.94,1
2017-W35,bed_bath_table,80,14640.12,150.93,10
2017-W35,housewares,65,13084.59,157.65,0
2017-W35,office_furniture,10,11777.24,692.78,0
2017-W35,sports_leisure,83,11625.48,127.75,2
2017-W35,health_beauty,85,11550.25,126.93,0
2017-W35,garden_tools,50,10749.23,143.32,0
2017-W35,cool_stuff,42,10266.1,218.43,0
2017-W35,baby,35,9718.02,255.74,0
2017-W35,computers_accessories,54,6657.9,102.43,0
2017-W35,toys,37,6355.99,144.45,0
2017-W35,pet_shop,23,5044.16,201.77,0
2017-W35,musical_instruments,11,5003.36,454.85,0
2017-W35,telephony,37,4171.95,112.76,1
2017-W35,consoles_games,30,3355.12,108.23,0
2017-W35,perfumery,27,3022.93,104.24,0
2017-W35,auto,23,2764.33,120.19,0
2017-W35,home_appliances,17,2427.5,142.79,0
2017-W35,unknown,21,2354.04,98.09,0
2017-W35,air_conditioning,3,2245.11,561.28,0
2017-W35,fashion_bags_accessories,16,2162.13,120.12,0
2017-W35,luggage_accessories,11,1743.81,158.53,0
2017-W35,home_confort,9,1667.99,185.33,0
2017-W35,small_appliances,6,1666.64,277.77,0
2017-W35,books_general_interest,10,994.96,99.5,0
2017-W35,stationery,9,971.87,97.19,0
2017-W35,agro_industry_and_commerce,1,898.4,224.6,0
2017-W35,electronics,14,736.75,52.63,0
2017-W35,construction_tools_construction,2,642.77,321.38,0
2017-W35,furniture_living_room,3,509.82,169.94,0
2017-W35,furniture_mattress_and_upholstery,1,482.69,482.69,0
2017-W35,market_place,3,455.71,151.9,0
2017-W35,home_appliances_2,2,384.03,192.01,0
2017-W35,fashion_sport,1,314.37,314.37,0
2017-W35,food_drink,3,277.46,69.36,0
2017-W35,construction_tools_lights,1,269.53,269.53,0
2017-W35,furniture_bedroom,1,263.66,263.66,0
2017-W35,books_technical,3,242.17,80.72,0
2017-W35,fashion_shoes,2,201.25,100.63,0
2017-W35,fashion_underwear_beach,2,176.21,88.11,0
2017-W35,kitchen_dining_laundry_garden_furniture,2,165.9,82.95,0
2017-W35,la_cuisine,1,160.46,160.46,0
2017-W35,costruction_tools_garden,2,124.83,62.41,0
2017-W35,tablets_printing_image,1,124.51,124.51,0
2017-W35,home_comfort_2,1,99.0,49.5,0
2017-W35,fashion_male_clothing,1,81.89,40.95,0
2017-W35,fixed_telephony,2,78.18,39.09,0
2017-W35,books_imported,1,70.34,70.34,0
2017-W35,fashio_female_clothing,1,62.1,62.1,0
2017-W35,art,1,60.0,60.0,0
2017-W35,dvds_blu_ray,1,45.53,22.77,0
2017-W36,computers,15,19258.36,917.06,0
2017-W36,sports_leisure,80,17290.12,196.48,0
2017-W36,health_beauty,81,17270.4,198.51,0
2017-W36,bed_bath_table,86,14066.45,130.24,0
2017-W36,furniture_decor,70,13070.24,140.54,0
2017-W36,watches_gifts,52,10116.08,163.16,0
2017-W36,telephony,49,9482.13,175.59,0
2017-W36,cool_stuff,42,7700.99,179.09,0
2017-W36,toys,47,7661.82,134.42,1
2017-W36,computers_accessories,54,7537.88,121.58,0
2017-W36,garden_tools,43,6806.63,136.13,0
2017-W36,housewares,42,6740.97,120.37,0
2017-W36,perfumery,28,5928.25,156.01,0
2017-W36,baby,31,4823.69,146.17,0
2017-W36,office_furniture,8,4541.97,412.91,0
2017-W36,auto,18,4274.21,224.96,0
2017-W36,fashion_bags_accessories,18,3638.39,151.6,0
2017-W36,home_confort,1,2769.4,553.88,0
2017-W36,consoles_games,14,2735.51,151.97,0
2017-W36,unknown,14,2638.24,114.71,0
2017-W36,pet_shop,18,2490.18,113.19,0
2017-W36,stationery,17,2434.15,128.11,0
2017-W36,construction_tools_construction,3,1869.65,373.93,0
2017-W36,musical_instruments,4,1374.82,343.7,0
2017-W36,home_appliances_2,3,1289.53,429.84,0
2017-W36,electronics,11,1039.74,79.98,0
2017-W36,luggage_accessories,9,954.42,79.53,0
2017-W36,costruction_tools_tools,2,939.3,469.65,0
2017-W36,fashion_male_clothing,2,857.61,122.52,0
2017-W36,small_appliances,5,831.86,138.64,1
2017-W36,small_appliances_home_oven_and_coffee,1,673.47,673.47,0
2017-W36,home_appliances,1,670.3,670.3,0
2017-W36,air_conditioning,4,554.84,138.71,1
2017-W36,audio,3,447.04,111.76,0
2017-W36,agro_industry_and_commerce,1,418.04,418.04,0
2017-W36,furniture_living_room,3,399.29,133.1,0
2017-W36,art,1,317.85,317.85,0
2017-W36,books_general_interest,4,189.88,47.47,0
2017-W36,fashion_underwear_beach,2,176.1,88.05,0
2017-W36,drinks,2,140.14,46.71,0
2017-W36,market_place,2,130.99,65.5,0
2017-W36,home_construction,1,129.86,129.86,0
2017-W36,furniture_bedroom,1,108.98,108.98,0
2017-W36,food,1,73.13,73.13,0
2017-W36,christmas_supplies,1,71.27,71.27,0
2017-W36,food_drink,1,54.6,54.6,0
2017-W36,fashion_shoes,1,53.28,53.28,0
2017-W36,tablets_printing_image,1,51.0,51.0,0
2017-W36,home_comfort_2,1,29.69,29.69,0
2017-W37,computers_accessories,56,26218.31,344.98,0
2017-W37,bed_bath_table,147,24698.3,145.28,0
2017-W37,health_beauty,100,18563.37,168.76,0
2017-W37,sports_leisure,116,15344.22,118.95,0
2017-W37,furniture_decor,66,14679.69,181.23,1
2017-W37,watches_gifts,64,13448.78,203.77,1
2017-W37,garden_tools,51,11003.49,174.66,0
2017-W37,cool_stuff,48,10860.46,212.95,1
2017-W37,baby,47,10006.7,200.13,0
2017-W37,fashion_bags_accessories,31,9514.66,211.44,0
2017-W37,toys,69,9057.06,119.17,0
2017-W37,computers,6,8551.36,1425.23,0
2017-W37,housewares,69,8154.99,98.25,0
2017-W37,small_appliances,15,7833.7,522.25,1
2017-W37,telephony,43,7160.37,149.17,0
2017-W37,pet_shop,12,6083.55,337.98,0
2017-W37,perfumery,39,4965.66,90.28,0
2017-W37,home_construction,5,2581.37,368.77,0
2017-W37,unknown,22,2488.95,108.22,1
2017-W37,auto,22,2339.52,106.34,0
2017-W37,home_confort,5,2215.89,369.31,0
2017-W37,stationery,16,2108.22,110.96,1
2017-W37,construction_tools_safety,2,2040.03,680.01,0
2017-W37,electronics,17,1927.38,107.08,0
2017-W37,musical_instruments,6,1891.76,210.2,0
2017-W37,luggage_accessories,10,1700.2,170.02,0
2017-W37,office_furniture,8,1672.83,209.1,0
2017-W37,consoles_games,11,1444.58,131.33,0
2017-W37,fashion_shoes,8,1218.33,135.37,0
2017-W37,fashion_underwear_beach,5,1191.5,198.58,0
2017-W37,food,3,997.13,142.45,0
2017-W37,agro_industry_and_commerce,1,854.33,854.33,0
2017-W37,books_technical,6,728.08,121.35,0
2017-W37,party_supplies,1,606.4,303.2,0
2017-W37,books_general_interest,5,526.77,87.8,0
2017-W37,christmas_supplies,2,397.15,132.38,0
2017-W37,air_conditioning,2,378.3,189.15,0
2017-W37,market_place,4,352.35,58.72,0
2017-W37,furniture_living_room,4,333.98,83.5,0
2017-W37,kitchen_dining_laundry_garden_furniture,2,332.51,166.25,0
2017-W37,fashion_male_clothing,3,328.13,109.38,0
2017-W37,fashio_female_clothing,1,304.32,152.16,0
2017-W37,drinks,4,291.01,72.75,1
2017-W37,construction_tools_lights,1,258.98,258.98,0
2017-W37,audio,2,242.44,121.22,0
2017-W37,construction_tools_construction,3,185.03,61.68,0
2017-W37,signaling_and_security,2,183.73,91.87,0
2017-W37,furniture_mattress_and_upholstery,1,133.82,133.82,0
2017-W37,industry_commerce_and_business,1,126.2,126.2,0
2017-W37,security_and_services,1,115.45,115.45,0
2017-W37,tablets_printing_image,1,114.44,114.44,0
2017-W37,cine_photo,1,102.84,102.84,0
2017-W37,food_drink,2,74.63,37.31,0
2017-W37,books_imported,1,72.34,72.34,0
2017-W38,sports_leisure,105,24755.89,198.05,0
2017-W38,bed_bath_table,127,23266.99,145.42,0
2017-W38,health_beauty,78,14667.39,161.18,0
2017-W38,furniture_decor,64,13898.02,151.07,0
2017-W38,toys,71,12547.01,147.61,1
2017-W38,office_furniture,12,12213.42,200.22,0
2017-W38,watches_gifts,65,11753.19,170.34,0
2017-W38,cool_stuff,44,11620.16,247.24,1
2017-W38,computers_accessories,48,11193.62,192.99,0
2017-W38,garden_tools,36,9904.87,210.74,0
2017-W38,perfumery,37,5448.58,126.71,0
2017-W38,housewares,48,4981.11,97.67,0
2017-W38,baby,32,4742.82,118.57,0
2017-W38,auto,27,3545.35,114.37,0
2017-W38,telephony,24,2961.69,118.47,0
2017-W38,fashion_bags_accessories,27,2920.56,94.21,0
2017-W38,home_confort,12,2461.19,189.32,0
2017-W38,pet_shop,17,2349.57,123.66,0
2017-W38,unknown,10,2256.58,188.05,0
2017-W38,consoles_games,4,1726.51,431.63,1
2017-W38,agro_industry_and_commerce,1,1694.64,847.32,0
2017-W38,stationery,16,1524.95,95.31,0
2017-W38,computers,1,1391.89,1391.89,0
2017-W38,luggage_accessories,12,1311.24,100.86,0
2017-W38,furniture_bedroom,1,1255.32,627.66,0
2017-W38,electronics,15,1179.83,78.66,0
2017-W38,food_drink,2,932.52,186.5,0
2017-W38,fashion_underwear_beach,6,849.42,70.78,0
2017-W38,food,7,684.92,97.85,0
2017-W38,home_appliances_2,3,682.09,227.36,0
2017-W38,signaling_and_security,2,596.31,99.39,0
2017-W38,small_appliances,3,588.1,196.03,0
2017-W38,musical_instruments,4,489.51,122.38,0
2017-W38,construction_tools_safety,1,452.98,452.98,0
2017-W38,market_place,2,398.64,199.32,0
2017-W38,books_imported,1,369.76,184.88,0
2017-W38,fashion_male_clothing,2,347.96,115.99,0
2017-W38,books_technical,1,283.44,283.44,0
2017-W38,home_appliances,3,262.92,87.64,0
2017-W38,costruction_tools_garden,3,242.54,80.85,0
2017-W38,audio,2,226.36,113.18,0
2017-W38,fashio_female_clothing,1,216.05,216.05,0
2017-W38,fashion_shoes,2,139.9,69.95,0
2017-W38,kitchen_dining_laundry_garden_furniture,2,130.53,65.27,0
2017-W38,fixed_telephony,2,82.18,41.09,0
2017-W38,art,1,66.25,66.25,0
2017-W38,home_construction,1,47.02,47.02,0
2017-W38,dvds_blu_ray,1,45.53,45.53,0
2017-W38,costruction_tools_tools,1,36.78,36.78,0
2017-W38,furniture_living_room,1,36.58,36.58,0
2017-W39,fixed_telephony,2,109478.39,12164.27,0
2017-W39,auto,28,19098.69,516.18,0
2017-W39,bed_bath_table,83,18962.42,182.33,0
2017-W39,computers_accessories,46,14867.98,239.81,2
2017-W39,health_beauty,79,13758.31,167.78,0
2017-W39,garden_tools,42,12661.8,200.98,0
2017-W39,sports_leisure,93,12450.58,117.46,0
2017-W39,toys,84,11834.58,131.5,1
2017-W39,cool_stuff,54,11257.99,190.81,0
2017-W39,watches_gifts,56,11102.67,194.78,0
2017-W39,musical_instruments,6,8967.31,896.73,0
2017-W39,computers,5,8237.04,1647.41,0
2017-W39,housewares,43,7372.24,136.52,0
2017-W39,furniture_decor,56,7289.53,113.9,0
2017-W39,baby,40,6452.62,153.63,0
2017-W39,perfumery,36,4244.9,108.84,1
2017-W39,consoles_games,21,4043.78,168.49,0
2017-W39,telephony,32,3583.93,99.55,0
2017-W39,office_furniture,8,3090.79,280.98,0
2017-W39,fashion_bags_accessories,21,3018.59,131.24,0
2017-W39,stationery,24,2895.26,115.81,0
2017-W39,small_appliances,5,2541.53,317.69,0
2017-W39,unknown,7,2008.76,167.4,0
2017-W39,pet_shop,11,1415.13,108.86,0
2017-W39,fashion_male_clothing,3,1353.05,225.51,0
2017-W39,fashion_sport,2,1287.18,257.44,0
2017-W39,electronics,17,1210.48,63.71,0
2017-W39,books_general_interest,4,1151.91,164.56,0
2017-W39,home_confort,5,1130.81,188.47,0
2017-W39,air_conditioning,2,967.19,483.59,0
2017-W39,construction_tools_safety,2,728.45,364.23,0
2017-W39,luggage_accessories,7,627.42,62.74,0
2017-W39,furniture_living_room,2,585.41,292.7,0
2017-W39,food,4,391.18,97.79,0
2017-W39,fashion_underwear_beach,3,387.4,129.13,0
2017-W39,home_construction,2,369.47,184.74,0
2017-W39,audio,3,275.95,91.98,0
2017-W39,signaling_and_security,2,259.87,129.94,0
2017-W39,fashion_shoes,2,207.47,103.73,0
2017-W39,home_appliances,2,200.87,100.44,0
2017-W39,furniture_bedroom,1,187.34,187.34,0
2017-W39,construction_tools_construction,1,180.0,90.0,0
2017-W39,books_technical,2,175.49,87.75,0
2017-W39,costruction_tools_garden,1,167.72,83.86,0
2017-W39,industry_commerce_and_business,1,125.51,125.51,0
2017-W39,tablets_printing_image,1,114.44,114.44,0
2017-W39,fashion_childrens_clothes,1,107.06,107.06,0
2017-W39,market_place,1,75.07,75.07,0
2017-W39,food_drink,1,73.16,73.16,0
2017-W39,art,1,51.75,51.75,0
2017-W39,drinks,1,44.85,44.85,0
2017-W40,office_furniture,10,24112.4,1269.07,0
2017-W40,computers_accessories,52,23061.86,339.14,1
2017-W40,garden_tools,56,17803.97,204.64,0
2017-W40,sports_leisure,105,17698.87,146.27,0
2017-W40,bed_bath_table,82,14200.49,136.54,0
2017-W40,watches_gifts,48,13854.24,234.82,0
2017-W40,furniture_decor,52,11935.77,172.98,0
2017-W40,toys,87,11737.5,119.77,0
2017-W40,computers,6,11322.86,1887.14,0
2017-W40,health_beauty,72,11075.54,145.73,0
2017-W40,unknown,19,10863.89,434.56,2
2017-W40,cool_stuff,51,9938.35,191.12,0
2017-W40,auto,30,8301.13,244.15,0
2017-W40,telephony,43,5954.4,114.51,0
2017-W40,housewares,41,5480.49,109.61,0
2017-W40,pet_shop,17,5008.54,250.43,0
2017-W40,baby,32,4490.9,140.34,0
2017-W40,perfumery,32,3723.53,112.83,0
2017-W40,construction_tools_safety,4,2992.4,427.49,0
2017-W40,stationery,17,2390.55,113.84,3
2017-W40,luggage_accessories,16,2216.18,138.51,0
2017-W40,air_conditioning,2,1947.0,324.5,0
2017-W40,fashion_bags_accessories,22,1800.04,72.0,0
2017-W40,industry_commerce_and_business,1,1787.72,1787.72,0
2017-W40,small_appliances,6,1453.14,242.19,0
2017-W40,home_confort,6,1319.43,219.91,0
2017-W40,home_construction,3,1283.29,256.66,0
2017-W40,fixed_telephony,2,1241.63,620.81,0
2017-W40,consoles_games,14,987.28,61.7,0
2017-W40,costruction_tools_tools,2,798.57,399.29,0
2017-W40,furniture_living_room,3,745.05,106.44,0
2017-W40,home_appliances_2,1,674.83,674.83,0
2017-W40,construction_tools_construction,5,589.57,117.91,0
2017-W40,kitchen_dining_laundry_garden_furniture,4,566.84,113.37,0
2017-W40,furniture_bedroom,2,533.78,266.89,0
2017-W40,fashion_male_clothing,4,479.57,119.89,0
2017-W40,food_drink,4,424.91,84.98,0
2017-W40,signaling_and_security,3,393.12,131.04,0
2017-W40,electronics,8,391.24,48.91,0
2017-W40,food,5,356.01,71.2,0
2017-W40,audio,5,307.07,51.18,0
2017-W40,art,2,262.04,131.02,0
2017-W40,fashion_shoes,1,229.5,229.5,0
2017-W40,home_appliances,2,180.31,90.16,0
2017-W40,christmas_supplies,2,175.8,87.9,0
2017-W40,la_cuisine,1,160.83,160.83,0
2017-W40,musical_instruments,2,147.02,73.51,0
2017-W40,books_general_interest,1,132.53,132.53,0
2017-W40,tablets_printing_image,1,111.19,111.19,0
2017-W40,costruction_tools_garden,2,106.15,53.08,0
2017-W40,market_place,1,76.99,76.99,0
2017-W40,drinks,1,73.27,73.27,0
2017-W40,books_technical,1,65.6,65.6,0
2017-W40,fashion_underwear_beach,1,65.0,32.5,0
2017-W40,fashion_childrens_clothes,1,54.09,54.09,0
2017-W40,dvds_blu_ray,1,46.05,46.05,0
2017-W40,agro_industry_and_commerce,1,43.72,43.72,0
2017-W41,watches_gifts,62,18280.06,268.82,1
2017-W41,computers_accessories,63,17016.28,223.9,1
2017-W41,bed_bath_table,102,16146.51,117.86,0
2017-W41,sports_leisure,93,14412.25,132.22,0
2017-W41,furniture_decor,58,13475.58,175.01,1
2017-W41,cool_stuff,60,11953.57,186.77,1
2017-W41,toys,71,11175.25,147.04,0
2017-W41,health_beauty,66,9859.76,138.87,2
2017-W41,housewares,46,9746.03,145.46,0
2017-W41,unknown,22,9558.35,398.26,0
2017-W41,computers,6,9019.47,1288.5,0
2017-W41,office_furniture,16,8693.11,413.96,0
2017-W41,auto,35,8112.96,193.17,0
2017-W41,garden_tools,38,7167.42,140.54,0
2017-W41,telephony,58,6655.6,109.11,0
2017-W41,baby,36,5016.46,125.41,0
2017-W41,perfumery,42,4905.71,98.11,0
2017-W41,fashion_bags_accessories,24,4231.49,141.05,1
2017-W41,consoles_games,26,3458.93,123.53,0
2017-W41,construction_tools_construction,6,2778.8,396.97,0
2017-W41,home_construction,6,2591.27,370.18,0
2017-W41,small_appliances,11,2333.51,212.14,0
2017-W41,fixed_telephony,2,2235.12,1117.56,0
2017-W41,air_conditioning,3,2130.06,532.51,0
2017-W41,pet_shop,14,1843.39,131.67,0
2017-W41,stationery,16,1688.3,105.52,0
2017-W41,home_confort,8,1593.67,177.07,0
2017-W41,luggage_accessories,11,1559.9,119.99,0
2017-W41,furniture_living_room,4,1182.35,236.47,0
2017-W41,electronics,10,1098.57,109.86,0
2017-W41,home_appliances_2,2,1023.45,511.72,0
2017-W41,home_appliances,2,898.06,449.03,0
2017-W41,musical_instruments,4,843.97,210.99,0
2017-W41,audio,8,748.32,93.54,0
2017-W41,furniture_bedroom,1,565.58,565.58,0
2017-W41,fashion_male_clothing,4,558.69,139.67,0
2017-W41,industry_commerce_and_business,2,531.15,265.57,0
2017-W41,market_place,5,496.8,99.36,0
2017-W41,fashion_shoes,3,350.06,116.69,0
2017-W41,construction_tools_lights,1,319.9,319.9,0
2017-W41,costruction_tools_tools,2,276.39,138.19,0
2017-W41,dvds_blu_ray,2,190.0,63.33,2
2017-W41,signaling_and_security,1,185.05,185.05,0
2017-W41,food_drink,2,173.92,86.96,0
2017-W41,art,1,138.41,138.41,0
2017-W41,christmas_supplies,2,128.63,64.31,0
2017-W41,drinks,2,87.12,43.56,0
2017-W41,books_general_interest,2,86.02,43.01,0
2017-W41,party_supplies,1,84.63,84.63,0
2017-W41,food,1,73.13,73.13,0
2017-W41,costruction_tools_garden,1,71.53,71.53,0
2017-W41,fashion_sport,1,68.62,68.62,0
2017-W41,agro_industry_and_commerce,1,37.1,37.1,0
2017-W42,bed_bath_table,104,29657.16,185.36,0
2017-W42,watches_gifts,99,23143.77,220.42,0
2017-W42,computers_accessories,57,19467.76,259.57,0
2017-W42,health_beauty,99,18235.39,161.38,0
2017-W42,furniture_decor,69,17456.66,166.25,0
2017-W42,sports_leisure,100,16329.2,138.38,0
2017-W42,cool_stuff,62,13549.79,211.72,0
2017-W42,toys,48,11040.84,200.74,2
2017-W42,telephony,67,9811.52,124.2,0
2017-W42,housewares,49,8815.25,129.64,0
2017-W42,auto,31,8798.94,225.61,0
2017-W42,garden_tools,43,8564.55,145.16,0
2017-W42,baby,34,6074.19,173.55,0
2017-W42,office_furniture,19,5891.35,280.54,0
2017-W42,musical_instruments,11,5786.07,361.63,0
2017-W42,perfumery,44,4627.37,96.4,0
2017-W42,consoles_games,28,4615.9,164.85,1
2017-W42,computers,3,3761.15,1253.72,0
2017-W42,fashion_bags_accessories,21,3575.67,132.43,0
2017-W42,unknown,8,3340.77,371.2,1
2017-W42,stationery,22,2810.77,117.12,0
2017-W42,electronics,13,2768.25,173.02,0
2017-W42,pet_shop,14,2622.99,131.15,0
2017-W42,luggage_accessories,12,2372.77,169.48,0
2017-W42,food_drink,5,1913.9,239.24,0
2017-W42,small_appliances,5,1832.43,261.78,0
2017-W42,fashion_shoes,7,1455.83,161.76,0
2017-W42,home_confort,9,1264.42,140.49,0
2017-W42,home_appliances,3,990.65,330.22,0
2017-W42,kitchen_dining_laundry_garden_furniture,4,982.67,245.67,0
2017-W42,home_appliances_2,3,953.18,317.73,0
2017-W42,agro_industry_and_commerce,1,948.35,948.35,0
2017-W42,furniture_living_room,5,925.09,115.64,0
2017-W42,audio,9,846.22,94.02,0
2017-W42,fixed_telephony,2,742.1,247.37,0
2017-W42,home_construction,2,674.89,337.44,0
2017-W42,air_conditioning,4,620.56,155.14,0
2017-W42,drinks,3,593.4,118.68,0
2017-W42,construction_tools_safety,3,557.19,185.73,0
2017-W42,books_general_interest,2,266.38,133.19,0
2017-W42,signaling_and_security,1,261.6,65.4,0
2017-W42,market_place,1,139.9,139.9,0
2017-W42,costruction_tools_garden,3,134.11,44.7,0
2017-W42,cine_photo,1,107.0,107.0,0
2017-W42,construction_tools_construction,1,86.67,86.67,0
2017-W42,books_technical,1,84.24,84.24,0
2017-W42,christmas_supplies,1,74.05,74.05,0
2017-W42,food,1,73.13,73.13,0
2017-W42,music,1,70.03,70.03,0
2017-W42,home_comfort_2,2,56.0,28.0,0
2017-W42,costruction_tools_tools,1,45.0,45.0,0
2017-W42,industry_commerce_and_business,1,44.01,44.01,0
2017-W43,computers_accessories,61,22823.17,304.31,1
2017-W43,office_furniture,17,18989.63,654.81,0
2017-W43,bed_bath_table,112,18078.3,133.91,0
2017-W43,watches_gifts,59,18003.84,233.82,0
2017-W43,furniture_decor,63,15619.23,161.02,0
2017-W43,cool_stuff,52,13726.67,225.03,0
2017-W43,health_beauty,73,12190.89,125.68,0
2017-W43,sports_leisure,82,11065.32,117.72,1
2017-W43,garden_tools,50,10395.85,165.01,0
2017-W43,computers,6,8652.61,1236.09,0
2017-W43,toys,51,6703.74,117.61,0
2017-W43,telephony,45,6414.53,118.79,0
2017-W43,perfumery,41,6180.47,128.76,0
2017-W43,housewares,40,5688.78,111.54,0
2017-W43,unknown,11,5151.93,396.3,0
2017-W43,kitchen_dining_laundry_garden_furniture,5,4094.92,682.49,0
2017-W43,stationery,21,3770.44,139.65,0
2017-W43,auto,26,3755.07,134.11,0
2017-W43,baby,20,3043.48,144.93,0
2017-W43,consoles_games,23,2955.96,109.48,0
2017-W43,musical_instruments,4,2657.28,664.32,1
2017-W43,agro_industry_and_commerce,2,2529.26,1264.63,0
2017-W43,fashion_bags_accessories,25,2439.29,84.11,0
2017-W43,luggage_accessories,11,1842.83,122.86,0
2017-W43,pet_shop,14,1619.17,115.66,0
2017-W43,small_appliances,6,1317.66,219.61,0
2017-W43,home_construction,4,1148.41,287.1,0
2017-W43,costruction_tools_garden,2,1124.45,374.82,0
2017-W43,food,2,1101.12,157.3,0
2017-W43,market_place,3,846.43,211.61,0
2017-W43,food_drink,4,750.26,187.56,0
2017-W43,audio,8,713.45,89.18,1
2017-W43,electronics,12,619.84,47.68,0
2017-W43,books_technical,2,496.94,248.47,0
2017-W43,home_appliances_2,3,350.93,87.73,0
2017-W43,fashion_shoes,2,307.92,153.96,0
2017-W43,home_comfort_2,1,252.0,84.0,0
2017-W43,construction_tools_safety,1,212.8,212.8,0
2017-W43,home_appliances,1,164.26,164.26,0
2017-W43,signaling_and_security,1,132.57,132.57,0
2017-W43,furniture_living_room,1,96.09,96.09,0
2017-W43,drinks,2,84.86,42.43,0
2017-W43,party_supplies,1,79.24,79.24,0
2017-W43,dvds_blu_ray,2,78.58,39.29,0
2017-W43,christmas_supplies,1,71.04,71.04,0
2017-W43,cds_dvds_musicals,1,61.11,61.11,0
2017-W43,fashion_underwear_beach,1,35.68,35.68,0
2017-W44,office_furniture,17,26235.2,749.58,0
2017-W44,bed_bath_table,104,19368.39,145.63,0
2017-W44,cool_stuff,54,18085.97,301.43,1
2017-W44,computers,9,17471.58,1455.96,0
2017-W44,sports_leisure,90,17406.14,164.21,1
2017-W44,garden_tools,50,17311.46,243.82,0
2017-W44,computers_accessories,59,16205.26,238.31,0
2017-W44,watches_gifts,55,15020.9,250.35,0
2017-W44,furniture_decor,54,11405.46,156.24,0
2017-W44,health_beauty,56,9856.02,151.63,0
2017-W44,housewares,42,8023.63,154.3,0
2017-W44,toys,34,7232.38,185.45,1
2017-W44,auto,21,6121.63,226.73,1
2017-W44,telephony,39,5640.18,117.5,0
2017-W44,baby,30,4848.02,156.39,0
2017-W44,perfumery,29,3713.44,116.05,0
2017-W44,consoles_games,26,3607.91,120.26,0
2017-W44,electronics,16,3456.61,157.12,0
2017-W44,stationery,24,3246.3,124.86,0
2017-W44,musical_instruments,4,2036.99,509.25,0
2017-W44,pet_shop,7,1725.01,215.63,0
2017-W44,luggage_accessories,11,1687.33,129.79,0
2017-W44,home_confort,7,1639.34,204.92,0
2017-W44,fashion_male_clothing,5,1495.06,186.88,0
2017-W44,construction_tools_construction,4,1409.84,201.41,0
2017-W44,fashion_bags_accessories,16,1158.7,64.37,0
2017-W44,food_drink,6,1080.1,120.01,0
2017-W44,home_appliances_2,2,794.71,397.36,0
2017-W44,unknown,7,783.4,97.92,0
2017-W44,construction_tools_lights,2,643.69,321.85,0
2017-W44,market_place,4,591.4,147.85,0
2017-W44,christmas_supplies,2,566.7,80.96,0
2017-W44,small_appliances,3,520.36,173.45,0
2017-W44,fashion_shoes,6,486.9,81.15,0
2017-W44,furniture_living_room,4,469.02,117.25,0
2017-W44,kitchen_dining_laundry_garden_furniture,2,425.51,212.75,0
2017-W44,books_general_interest,5,418.7,83.74,0
2017-W44,books_imported,1,377.84,188.92,0
2017-W44,construction_tools_safety,3,366.27,122.09,0
2017-W44,furniture_bedroom,1,312.49,312.49,0
2017-W44,books_technical,1,291.37,291.37,0
2017-W44,audio,4,243.23,60.81,0
2017-W44,costruction_tools_tools,2,230.74,76.91,0
2017-W44,air_conditioning,2,222.14,111.07,0
2017-W44,drinks,2,170.67,85.33,0
2017-W44,cds_dvds_musicals,2,149.88,74.94,0
2017-W44,fashion_underwear_beach,1,122.27,122.27,0
2017-W44,industry_commerce_and_business,1,105.3,105.3,0
2017-W44,tablets_printing_image,1,105.28,105.28,0
2017-W44,costruction_tools_garden,1,87.66,87.66,0
2017-W44,home_construction,1,77.86,77.86,0
2017-W44,food,1,66.91,33.45,0
2017-W44,dvds_blu_ray,1,54.05,54.05,0
2017-W45,bed_bath_table,131,26805.48,166.49,1
2017-W45,watches_gifts,90,25968.3,252.12,0
2017-W45,computers_accessories,75,22870.19,243.3,6
2017-W45,furniture_decor,91,16061.69,138.46,0
2017-W45,sports_leisure,95,15640.75,150.39,1
2017-W45,garden_tools,56,15584.84,205.06,0
2017-W45,cool_stuff,63,13976.42,208.6,0
2017-W45,health_beauty,78,12842.25,145.93,0
2017-W45,toys,52,8718.69,145.31,0
2017-W45,telephony,61,8064.13,113.58,0
2017-W45,housewares,57,7239.19,109.68,0
2017-W45,auto,44,5550.44,120.66,0
2017-W45,office_furniture,16,5327.57,295.98,0
2017-W45,baby,35,5016.42,135.58,0
2017-W45,stationery,33,5002.34,142.92,0
2017-W45,perfumery,34,4573.32,114.33,0
2017-W45,unknown,18,4528.6,181.14,0
2017-W45,pet_shop,13,4160.54,218.98,1
2017-W45,musical_instruments,10,3634.62,242.31,2
2017-W45,computers,2,2776.53,1388.26,0
2017-W45,luggage_accessories,15,2259.73,141.23,0
2017-W45,fashion_bags_accessories,25,2163.62,67.61,1
2017-W45,signaling_and_security,2,1687.46,421.87,0
2017-W45,kitchen_dining_laundry_garden_furniture,7,1665.61,166.56,0
2017-W45,consoles_games,13,1658.85,110.59,0
2017-W45,electronics,25,1474.88,56.73,0
2017-W45,agro_industry_and_commerce,2,1434.27,717.13,0
2017-W45,industry_commerce_and_business,4,1338.77,334.69,0
2017-W45,audio,5,1173.27,146.66,0
2017-W45,furniture_living_room,3,932.52,310.84,0
2017-W45,small_appliances,3,775.9,258.63,0
2017-W45,air_conditioning,3,680.11,226.7,0
2017-W45,construction_tools_safety,3,670.77,223.59,0
2017-W45,home_confort,3,585.23,195.08,0
2017-W45,furniture_bedroom,1,578.38,578.38,0
2017-W45,christmas_supplies,6,447.65,74.61,1
2017-W45,construction_tools_construction,4,443.02,88.6,0
2017-W45,construction_tools_lights,1,312.49,312.49,0
2017-W45,food,5,299.44,49.91,0
2017-W45,books_general_interest,4,290.8,72.7,0
2017-W45,home_construction,3,281.95,93.98,0
2017-W45,fashion_shoes,2,259.27,129.63,0
2017-W45,costruction_tools_garden,3,168.64,56.21,0
2017-W45,market_place,1,147.06,147.06,0
2017-W45,flowers,3,129.86,43.29,0
2017-W45,home_appliances_2,1,75.16,75.16,0
2017-W45,fashion_underwear_beach,1,71.82,35.91,0
2017-W45,home_appliances,1,50.63,50.63,0
2017-W45,drinks,1,46.27,46.27,0
2017-W45,fashion_male_clothing,1,36.75,36.75,0
2017-W45,home_comfort_2,1,24.75,24.75,0
2017-W46,furniture_decor,95,27362.09,182.41,6
2017-W46,computers_accessories,82,20861.2,204.52,0
2017-W46,bed_bath_table,121,20130.7,129.88,1
2017-W46,garden_tools,67,18297.36,212.76,1
2017-W46,watches_gifts,86,17618.38,187.43,0
2017-W46,health_beauty,82,17349.13,197.15,1
2017-W46,toys,70,14252.36,187.53,1
2017-W46,sports_leisure,91,13441.12,133.08,0
2017-W46,cool_stuff,56,12931.07,211.98,0
2017-W46,housewares,62,9952.67,132.7,1
2017-W46,office_furniture,24,9327.28,310.91,0
2017-W46,baby,42,8006.35,148.27,0
2017-W46,perfumery,54,7008.95,120.84,0
2017-W46,auto,39,6800.86,151.13,0
2017-W46,stationery,37,5791.56,137.89,0
2017-W46,construction_tools_construction,6,5658.46,435.27,0
2017-W46,unknown,28,5248.44,169.3,1
2017-W46,telephony,50,4750.32,83.34,0
2017-W46,luggage_accessories,21,4067.96,193.71,1
2017-W46,fashion_bags_accessories,33,3652.71,101.46,0
2017-W46,pet_shop,16,3155.55,157.78,0
2017-W46,agro_industry_and_commerce,3,2579.15,644.79,0
2017-W46,home_appliances_2,4,2252.73,563.18,0
2017-W46,electronics,23,1954.45,72.39,0
2017-W46,musical_instruments,5,1882.31,376.46,0
2017-W46,small_appliances,6,1840.46,306.74,0
2017-W46,air_conditioning,4,1737.34,289.56,0
2017-W46,home_construction,8,1727.85,215.98,0
2017-W46,consoles_games,13,1562.8,111.63,0
2017-W46,construction_tools_safety,3,1411.44,470.48,0
2017-W46,drinks,8,1072.07,89.34,0
2017-W46,audio,6,1069.7,178.28,0
2017-W46,books_general_interest,7,867.03,108.38,1
2017-W46,industry_commerce_and_business,1,842.96,842.96,0
2017-W46,costruction_tools_garden,5,799.21,99.9,0
2017-W46,christmas_supplies,5,691.96,115.33,0
2017-W46,home_confort,5,668.18,111.36,0
2017-W46,food_drink,6,443.58,73.93,0
2017-W46,furniture_living_room,3,442.12,147.37,0
2017-W46,fashion_underwear_beach,2,371.56,185.78,0
2017-W46,party_supplies,2,303.99,151.99,0
2017-W46,kitchen_dining_laundry_garden_furniture,4,301.62,75.41,0
2017-W46,furniture_bedroom,1,262.1,262.1,0
2017-W46,market_place,3,191.24,47.81,0
2017-W46,fashion_shoes,2,181.98,90.99,1
2017-W46,flowers,3,175.94,58.65,0
2017-W46,construction_tools_lights,1,133.54,66.77,0
2017-W46,furniture_mattress_and_upholstery,1,124.52,124.52,0
2017-W46,books_imported,1,91.29,91.29,0
2017-W46,cds_dvds_musicals,1,74.94,74.94,0
2017-W46,fashion_sport,1,67.68,67.68,0
2017-W46,fashion_male_clothing,1,56.0,56.0,0
2017-W46,home_appliances,1,33.23,33.23,0
2017-W46,fashio_female_clothing,1,31.75,31.75,0
2017-W46,tablets_printing_image,1,30.0,30.0,0
2017-W46,food,1,20.7,20.7,0
2017-W47,furniture_decor,228,84865.89,227.52,0
2017-W47,bed_bath_table,363,67088.26,149.42,0
2017-W47,computers_accessories,171,53529.88,259.85,0
2017-W47,watches_gifts,152,45602.79,269.84,2
2017-W47,health_beauty,221,45208.54,177.29,0
2017-W47,agro_industry_and_commerce,6,41390.12,3762.74,0
2017-W47,toys,188,34284.73,155.13,0
2017-W47,garden_tools,219,32036.58,112.41,0
2017-W47,sports_leisure,204,31362.99,135.19,0
2017-W47,housewares,140,30051.97,164.22,1
2017-W47,cool_stuff,90,23262.54,244.87,0
2017-W47,perfumery,125,18305.65,124.53,0
2017-W47,auto,97,17245.3,165.82,0
2017-W47,telephony,146,16709.57,103.15,0
2017-W47,baby,67,10742.18,149.2,1
2017-W47,musical_instruments,19,9345.1,491.85,0
2017-W47,fashion_bags_accessories,84,9106.34,89.28,0
2017-W47,consoles_games,68,8145.59,110.08,1
2017-W47,stationery,47,7338.88,141.13,0
2017-W47,unknown,45,6078.96,119.2,0
2017-W47,electronics,61,5491.89,81.97,0
2017-W47,kitchen_dining_laundry_garden_furniture,12,4616.89,288.56,0
2017-W47,office_furniture,12,4549.27,303.28,0
2017-W47,pet_shop,33,4340.51,105.87,0
2017-W47,construction_tools_construction,18,3930.62,206.87,0
2017-W47,home_confort,16,3924.0,218.0,0
2017-W47,small_appliances,17,3906.33,229.78,1
2017-W47,furniture_living_room,14,3878.48,258.57,0
2017-W47,luggage_accessories,14,3676.74,193.51,0
2017-W47,air_conditioning,4,3596.89,719.38,0
2017-W47,home_appliances,10,3108.36,310.84,0
2017-W47,home_construction,15,2911.58,145.58,0
2017-W47,construction_tools_safety,3,2733.92,546.78,0
2017-W47,home_appliances_2,4,1975.97,493.99,0
2017-W47,audio,13,1690.44,112.7,0
2017-W47,market_place,2,1456.85,242.81,0
2017-W47,fashion_shoes,9,1451.86,145.19,0
2017-W47,construction_tools_lights,4,1178.12,294.53,0
2017-W47,food_drink,9,1141.63,87.82,0
2017-W47,books_technical,3,1052.07,263.02,0
2017-W47,books_general_interest,13,1008.05,77.54,0
2017-W47,fixed_telephony,4,938.11,234.53,0
2017-W47,food,3,868.95,108.62,0
2017-W47,costruction_tools_garden,4,776.17,194.04,0
2017-W47,christmas_supplies,4,521.78,104.36,0
2017-W47,drinks,4,331.76,82.94,0
2017-W47,tablets_printing_image,4,307.11,76.78,0
2017-W47,cine_photo,1,259.94,259.94,0
2017-W47,furniture_bedroom,1,209.98,209.98,0
2017-W47,fashion_underwear_beach,1,186.86,186.86,0
2017-W47,fashion_male_clothing,2,132.86,66.43,1
2017-W47,books_imported,1,92.29,92.29,0
2017-W47,home_comfort_2,2,56.0,28.0,0
2017-W47,fashio_female_clothing,1,45.09,45.09,0
2017-W47,party_supplies,1,27.77,27.77,0
2017-W48,bed_bath_table,198,39050.94,150.78,0
2017-W48,toys,200,32466.76,147.58,0
2017-W48,health_beauty,172,30133.93,155.33,0
2017-W48,computers_accessories,118,30061.56,210.22,0
2017-W48,sports_leisure,162,29632.18,159.31,1
2017-W48,watches_gifts,109,29494.67,247.85,0
2017-W48,furniture_decor,143,29065.98,149.82,0
2017-W48,furniture_living_room,12,16675.33,757.97,0
2017-W48,auto,74,15827.46,188.42,0
2017-W48,garden_tools,75,15376.97,149.29,0
2017-W48,housewares,96,14695.73,119.48,0
2017-W48,telephony,91,12623.13,124.98,0
2017-W48,cool_stuff,68,11361.0,151.48,0
2017-W48,perfumery,91,10627.52,108.44,0
2017-W48,electronics,72,9808.37,112.74,0
2017-W48,stationery,53,8052.95,141.28,0
2017-W48,office_furniture,16,6848.35,297.75,0
2017-W48,baby,42,5867.71,136.46,0
2017-W48,musical_instruments,11,5302.15,482.01,0
2017-W48,pet_shop,27,5161.02,161.28,0
2017-W48,fashion_bags_accessories,47,4279.61,80.75,0
2017-W48,construction_tools_construction,13,4033.97,237.29,0
2017-W48,home_construction,11,3647.89,280.61,0
2017-W48,home_confort,15,3399.77,212.49,0
2017-W48,small_appliances,8,2975.19,297.52,0
2017-W48,consoles_games,26,2832.81,91.38,0
2017-W48,unknown,27,2788.34,96.15,0
2017-W48,home_appliances,18,2279.35,126.63,0
2017-W48,kitchen_dining_laundry_garden_furniture,6,1900.27,316.71,0
2017-W48,luggage_accessories,9,1832.36,166.58,0
2017-W48,books_general_interest,13,1017.79,67.85,0
2017-W48,food_drink,8,997.6,110.84,0
2017-W48,agro_industry_and_commerce,3,927.69,309.23,0
2017-W48,fashion_underwear_beach,7,823.37,117.62,0
2017-W48,drinks,5,821.56,164.31,0
2017-W48,home_appliances_2,4,814.68,203.67,0
2017-W48,fixed_telephony,2,769.14,384.57,0
2017-W48,construction_tools_lights,2,737.11,368.56,0
2017-W48,audio,7,723.69,103.38,0
2017-W48,air_conditioning,4,626.97,156.74,0
2017-W48,party_supplies,1,602.58,602.58,0
2017-W48,furniture_mattress_and_upholstery,2,409.98,204.99,0
2017-W48,food,3,349.5,87.38,0
2017-W48,fashion_shoes,3,347.47,86.87,0
2017-W48,books_technical,3,344.73,114.91,0
2017-W48,christmas_supplies,4,324.92,54.15,0
2017-W48,la_cuisine,1,299.54,299.54,0
2017-W48,fashion_male_clothing,3,281.57,93.86,0
2017-W48,costruction_tools_tools,3,270.83,67.71,0
2017-W48,construction_tools_safety,2,256.17,85.39,0
2017-W48,market_place,1,202.06,202.06,0
2017-W48,costruction_tools_garden,1,180.96,90.48,0
2017-W48,industry_commerce_and_business,2,168.85,84.42,0
2017-W48,art,1,92.78,46.39,0
2017-W48,dvds_blu_ray,2,91.62,45.81,0
2017-W48,tablets_printing_image,1,79.17,79.17,0
2017-W48,flowers,1,74.07,74.07,0
2017-W48,signaling_and_security,1,51.89,17.3,0
2017-W48,fashio_female_clothing,1,39.08,39.08,0
2017-W49,toys,157,28767.51,166.29,0
2017-W49,sports_leisure,143,26207.01,157.87,0
2017-W49,bed_bath_table,113,22567.13,163.53,0
2017-W49,health_beauty,130,21905.53,157.59,0
2017-W49,watches_gifts,79,19487.18,234.79,0
2017-W49,cool_stuff,84,19352.24,186.08,1
2017-W49,garden_tools,86,18651.62,169.56,0
2017-W49,auto,80,17612.46,191.44,0
2017-W49,furniture_decor,89,15155.59,126.3,0
2017-W49,computers_accessories,76,15135.39,168.17,0
2017-W49,housewares,75,11120.46,122.2,0
2017-W49,perfumery,73,10272.16,133.4,0
2017-W49,stationery,44,8629.45,165.95,0
2017-W49,computers,4,7649.68,1274.95,0
2017-W49,telephony,68,7425.83,88.4,0
2017-W49,office_furniture,15,6947.05,330.81,0
2017-W49,unknown,44,6420.81,139.58,0
2017-W49,baby,48,6072.41,112.45,0
2017-W49,small_appliances,10,4445.46,444.55,0
2017-W49,electronics,56,4355.32,48.94,0
2017-W49,luggage_accessories,20,3501.76,175.09,0
2017-W49,consoles_games,17,3435.9,202.11,0
2017-W49,fashion_bags_accessories,30,3349.36,98.51,0
2017-W49,home_construction,8,2755.22,229.6,0
2017-W49,pet_shop,21,2727.58,113.65,0
2017-W49,construction_tools_construction,5,2640.86,440.14,0
2017-W49,musical_instruments,11,1807.2,164.29,0
2017-W49,furniture_living_room,4,1392.58,232.1,0
2017-W49,books_general_interest,8,1362.96,113.58,0
2017-W49,agro_industry_and_commerce,4,1321.02,330.25,0
2017-W49,kitchen_dining_laundry_garden_furniture,4,1258.15,314.54,0
2017-W49,construction_tools_lights,1,1048.64,1048.64,0
2017-W49,home_confort,3,870.28,290.09,0
2017-W49,costruction_tools_garden,3,797.5,265.83,0
2017-W49,industry_commerce_and_business,1,780.05,780.05,0
2017-W49,food_drink,9,772.54,85.84,0
2017-W49,home_appliances_2,3,738.16,246.05,0
2017-W49,construction_tools_safety,2,647.97,323.99,0
2017-W49,home_appliances,7,597.52,85.36,0
2017-W49,air_conditioning,2,533.86,266.93,0
2017-W49,market_place,4,500.75,100.15,0
2017-W49,food,4,411.76,102.94,0
2017-W49,fashion_underwear_beach,4,366.16,91.54,0
2017-W49,drinks,6,343.13,57.19,0
2017-W49,books_technical,2,289.11,144.56,0
2017-W49,party_supplies,1,273.27,273.27,0
2017-W49,furniture_mattress_and_upholstery,1,258.33,129.16,0
2017-W49,tablets_printing_image,3,247.82,82.61,0
2017-W49,fixed_telephony,1,212.8,212.8,0
2017-W49,diapers_and_hygiene,1,199.4,99.7,0
2017-W49,christmas_supplies,4,199.07,49.77,0
2017-W49,fashion_male_clothing,2,140.43,70.22,0
2017-W49,fashion_shoes,1,98.51,98.51,0
2017-W49,books_imported,1,84.79,84.79,0
2017-W49,art,1,76.79,76.79,0
2017-W49,audio,1,65.0,65.0,0
2017-W49,flowers,1,38.91,38.91,0
2017-W50,garden_tools,49,27296.58,349.96,1
2017-W50,health_beauty,112,24090.98,199.1,0
2017-W50,sports_leisure,114,23085.84,169.75,0
2017-W50,watches_gifts,100,20470.07,186.09,0
2017-W50,auto,73,17121.67,190.24,0
2017-W50,toys,102,16035.83,144.47,2
2017-W50,bed_bath_table,114,15845.95,123.8,0
2017-W50,computers_accessories,51,13791.24,222.44,0
2017-W50,furniture_decor,80,12886.13,130.16,0
2017-W50,computers,6,12238.69,1529.84,0
2017-W50,cool_stuff,59,10894.58,157.89,0
2017-W50,perfumery,66,10071.57,143.88,0
2017-W50,housewares,59,9041.47,117.42,0
2017-W50,stationery,57,8827.37,140.12,0
2017-W50,baby,33,6597.11,194.03,0
2017-W50,fashion_bags_accessories,31,4322.18,116.82,0
2017-W50,telephony,48,3953.98,71.89,0
2017-W50,musical_instruments,13,3391.12,260.86,0
2017-W50,home_construction,11,3307.89,254.45,0
2017-W50,consoles_games,28,3130.44,104.35,0
2017-W50,unknown,25,3012.88,115.88,0
2017-W50,office_furniture,12,2968.09,212.01,0
2017-W50,electronics,49,2910.33,57.07,0
2017-W50,pet_shop,18,2489.43,138.3,0
2017-W50,small_appliances,7,1728.97,247.0,0
2017-W50,luggage_accessories,6,1049.25,174.88,0
2017-W50,construction_tools_construction,5,956.01,119.5,0
2017-W50,home_confort,5,941.25,188.25,0
2017-W50,kitchen_dining_laundry_garden_furniture,3,904.67,301.56,0
2017-W50,food_drink,6,744.33,93.04,0
2017-W50,furniture_living_room,4,736.04,147.21,0
2017-W50,books_general_interest,10,710.56,64.6,0
2017-W50,audio,8,644.37,71.6,0
2017-W50,fashion_shoes,5,634.24,90.61,0
2017-W50,drinks,8,510.65,63.83,0
2017-W50,industry_commerce_and_business,3,484.48,161.49,0
2017-W50,home_appliances_2,2,430.42,215.21,0
2017-W50,construction_tools_safety,1,396.35,396.35,0
2017-W50,fashion_underwear_beach,3,368.18,122.73,0
2017-W50,costruction_tools_tools,3,308.5,102.83,0
2017-W50,books_technical,1,292.5,292.5,0
2017-W50,party_supplies,1,276.65,276.65,0
2017-W50,market_place,3,215.5,71.83,0
2017-W50,furniture_mattress_and_upholstery,2,195.9,97.95,0
2017-W50,food,1,164.1,164.1,0
2017-W50,tablets_printing_image,2,158.34,79.17,0
2017-W50,christmas_supplies,3,149.38,49.79,0
2017-W50,dvds_blu_ray,1,135.49,135.49,0
2017-W50,signaling_and_security,1,123.29,123.29,0
2017-W50,books_imported,1,92.29,92.29,0
2017-W50,fashion_sport,1,76.76,76.76,0
2017-W50,fixed_telephony,1,74.56,74.56,0
2017-W50,fashion_male_clothing,1,61.84,61.84,0
2017-W50,art,1,47.19,23.59,0
2017-W51,computers_accessories,57,15504.63,224.7,0
2017-W51,bed_bath_table,96,14259.45,129.63,0
2017-W51,watches_gifts,64,13958.51,188.63,2
2017-W51,sports_leisure,81,13749.05,154.48,1
2017-W51,furniture_decor,49,11792.54,163.79,0
2017-W51,health_beauty,69,11031.25,134.53,0
2017-W51,auto,46,9895.82,201.96,0
2017-W51,housewares,52,9433.55,147.4,0
2017-W51,garden_tools,36,9282.71,197.5,0
2017-W51,toys,43,7848.06,178.37,0
2017-W51,stationery,52,6150.3,111.82,0
2017-W51,baby,28,5889.54,196.32,0
2017-W51,cool_stuff,31,5847.46,177.2,0
2017-W51,perfumery,35,4459.09,117.34,0
2017-W51,agro_industry_and_commerce,2,4045.27,1348.42,0
2017-W51,unknown,19,3660.45,146.42,0
2017-W51,kitchen_dining_laundry_garden_furniture,4,3342.78,477.54,0
2017-W51,electronics,32,3079.29,83.22,0
2017-W51,musical_instruments,7,2894.42,361.8,0
2017-W51,telephony,50,2805.22,51.95,0
2017-W51,small_appliances,4,2175.45,543.86,0
2017-W51,computers,3,2035.25,678.42,0
2017-W51,fashion_bags_accessories,20,1928.64,87.67,0
2017-W51,consoles_games,16,1914.25,100.75,0
2017-W51,pet_shop,9,1519.81,151.98,0
2017-W51,home_construction,3,966.18,241.55,0
2017-W51,drinks,7,943.34,94.33,0
2017-W51,audio,4,791.79,197.95,0
2017-W51,home_appliances_2,2,695.06,347.53,0
2017-W51,books_general_interest,9,638.66,70.96,0
2017-W51,luggage_accessories,4,617.89,154.47,0
2017-W51,office_furniture,4,600.68,150.17,0
2017-W51,furniture_mattress_and_upholstery,4,512.48,128.12,0
2017-W51,christmas_supplies,3,426.85,85.37,0
2017-W51,market_place,5,395.43,79.09,0
2017-W51,costruction_tools_garden,3,364.58,121.53,0
2017-W51,fashion_male_clothing,1,329.87,329.87,0
2017-W51,fashion_shoes,3,326.0,108.67,0
2017-W51,industry_commerce_and_business,2,291.56,145.78,0
2017-W51,construction_tools_safety,3,266.72,88.91,0
2017-W51,fashion_underwear_beach,2,239.63,119.81,0
2017-W51,construction_tools_construction,2,191.83,95.91,0
2017-W51,home_appliances,1,188.56,188.56,0
2017-W51,furniture_living_room,1,155.2,155.2,0
2017-W51,food,3,116.8,38.93,0
2017-W51,home_confort,1,104.76,104.76,0
2017-W51,books_imported,1,93.98,93.98,0
2017-W51,fixed_telephony,1,81.99,81.99,0
2017-W51,cds_dvds_musicals,1,74.94,74.94,0
2017-W51,art,1,67.78,67.78,0
2017-W51,food_drink,1,54.17,54.17,0
2017-W52,bed_bath_table,87,12252.94,121.32,0
2017-W52,watches_gifts,52,10889.77,201.66,0
2017-W52,garden_tools,59,9154.86,120.46,0
2017-W52,sports_leisure,47,8461.45,145.89,0
2017-W52,furniture_decor,54,8133.06,117.87,0
2017-W52,health_beauty,57,7545.64,117.9,0
2017-W52,toys,36,7074.5,191.2,0
2017-W52,cool_stuff,35,6916.67,177.35,0
2017-W52,computers_accessories,35,6359.01,163.05,0
2017-W52,unknown,42,6026.69,131.02,0
2017-W52,stationery,47,5818.77,107.75,0
2017-W52,housewares,31,5627.08,156.31,0
2017-W52,perfumery,30,4709.27,134.55,0
2017-W52,computers,6,3858.35,643.06,0
2017-W52,telephony,53,3229.78,55.69,0
2017-W52,construction_tools_construction,4,3124.2,624.84,0
2017-W52,auto,20,2887.11,137.48,0
2017-W52,fashion_bags_accessories,25,2805.97,77.94,0
2017-W52,luggage_accessories,12,2313.99,178.0,0
2017-W52,home_construction,3,1990.08,398.02,0
2017-W52,electronics,32,1742.12,48.39,0
2017-W52,baby,14,1666.12,104.13,0
2017-W52,musical_instruments,5,1610.3,268.38,0
2017-W52,pet_shop,13,1505.39,115.8,0
2017-W52,audio,4,1439.96,359.99,0
2017-W52,kitchen_dining_laundry_garden_furniture,3,1274.17,318.54,0
2017-W52,consoles_games,19,1246.82,54.21,0
2017-W52,office_furniture,4,1196.95,299.24,0
2017-W52,agro_industry_and_commerce,2,977.06,325.69,0
2017-W52,books_general_interest,9,811.13,90.13,1
2017-W52,construction_tools_lights,1,786.82,786.82,0
2017-W52,food,3,770.13,154.03,0
2017-W52,signaling_and_security,1,719.15,719.15,0
2017-W52,small_appliances,2,595.42,297.71,0
2017-W52,drinks,7,487.46,69.64,0
2017-W52,home_appliances,3,485.17,161.72,0
2017-W52,industry_commerce_and_business,3,453.77,151.26,0
2017-W52,fashion_underwear_beach,3,323.9,107.97,0
2017-W52,fashion_shoes,2,316.86,158.43,0
2017-W52,furniture_bedroom,1,230.75,230.75,0
2017-W52,christmas_supplies,4,186.53,37.31,0
2017-W52,market_place,1,135.49,135.49,0
2017-W52,food_drink,2,130.48,65.24,0
2017-W52,home_confort,1,100.53,100.53,0
2017-W52,costruction_tools_tools,2,90.67,45.33,0
2017-W52,fixed_telephony,1,55.69,55.69,0
2018-W01,computers_accessories,66,26223.18,304.92,1
2018-W01,furniture_decor,114,24348.86,159.14,0
2018-W01,bed_bath_table,137,23198.62,127.46,0
2018-W01,stationery,101,16472.79,142.01,0
2018-W01,health_beauty,99,15302.08,137.86,0
2018-W01,sports_leisure,92,14378.65,140.97,0
2018-W01,watches_gifts,70,13661.49,189.74,0
2018-W01,cool_stuff,60,11277.15,163.44,0
2018-W01,auto,50,10200.08,185.46,0
2018-W01,housewares,51,9378.13,144.28,0
2018-W01,baby,43,8368.09,170.78,0
2018-W01,toys,41,8268.83,179.76,0
2018-W01,unknown,39,7614.38,155.4,0
2018-W01,electronics,78,6794.6,79.94,0
2018-W01,garden_tools,29,5583.33,150.9,0
2018-W01,small_appliances,13,5057.59,361.26,0
2018-W01,office_furniture,19,5034.55,228.84,0
2018-W01,construction_tools_construction,10,4855.67,373.51,0
2018-W01,pet_shop,17,4559.21,198.23,0
2018-W01,telephony,57,4238.94,58.07,0
2018-W01,perfumery,37,4139.67,103.49,0
2018-W01,computers,5,3362.59,672.52,0
2018-W01,home_appliances_2,3,3320.72,1106.91,0
2018-W01,fashion_bags_accessories,26,2624.59,87.49,0
2018-W01,musical_instruments,12,2575.52,214.63,0
2018-W01,agro_industry_and_commerce,4,2497.69,624.42,0
2018-W01,luggage_accessories,13,2393.01,170.93,0
2018-W01,consoles_games,18,2051.31,107.96,0
2018-W01,fixed_telephony,2,1861.97,930.98,0
2018-W01,home_confort,5,1697.5,339.5,0
2018-W01,kitchen_dining_laundry_garden_furniture,4,1511.6,377.9,0
2018-W01,drinks,14,1197.13,63.01,0
2018-W01,home_construction,3,1183.89,295.97,0
2018-W01,costruction_tools_garden,4,1087.21,217.44,0
2018-W01,audio,2,865.49,432.75,0
2018-W01,industry_commerce_and_business,6,683.38,113.9,0
2018-W01,fashion_male_clothing,2,618.04,206.01,0
2018-W01,books_general_interest,9,525.77,58.42,0
2018-W01,air_conditioning,2,480.7,240.35,0
2018-W01,art,3,447.07,149.02,0
2018-W01,furniture_bedroom,2,441.35,220.68,0
2018-W01,food,2,351.71,117.24,0
2018-W01,home_appliances,4,338.83,67.77,0
2018-W01,books_technical,1,296.36,296.36,0
2018-W01,furniture_living_room,2,241.75,120.88,0
2018-W01,christmas_supplies,2,208.33,104.16,0
2018-W01,food_drink,2,159.07,53.02,0
2018-W01,signaling_and_security,2,147.51,73.75,0
2018-W01,flowers,1,130.84,65.42,0
2018-W01,la_cuisine,1,130.03,130.03,0
2018-W01,cine_photo,1,111.89,111.89,0
2018-W01,furniture_mattress_and_upholstery,1,111.62,111.62,0
2018-W01,market_place,2,107.35,53.67,0
2018-W01,fashion_underwear_beach,1,85.6,85.6,0
2018-W01,fashion_sport,1,75.07,75.07,0
2018-W01,dvds_blu_ray,1,50.53,50.53,0
2018-W02,computers_accessories,140,49247.01,269.11,0
2018-W02,watches_gifts,68,36480.32,439.52,0
2018-W02,sports_leisure,141,35367.35,216.98,0
2018-W02,bed_bath_table,171,30232.41,150.41,0
2018-W02,furniture_decor,114,25365.0,162.6,0
2018-W02,health_beauty,146,20450.88,129.44,0
2018-W02,stationery,126,18177.3,128.92,0
2018-W02,housewares,79,13995.95,157.26,0
2018-W02,baby,61,10883.8,162.44,0
2018-W02,cool_stuff,77,10649.9,131.48,0
2018-W02,office_furniture,25,10125.04,306.82,0
2018-W02,auto,46,9068.55,181.37,0
2018-W02,garden_tools,49,8427.17,133.76,0
2018-W02,toys,40,7457.31,181.89,0
2018-W02,unknown,38,7219.12,176.08,0
2018-W02,electronics,73,6750.35,83.34,0
2018-W02,home_construction,10,6306.11,485.09,0
2018-W02,perfumery,47,6223.81,113.16,0
2018-W02,pet_shop,24,5155.15,190.93,0
2018-W02,telephony,75,4915.75,57.83,0
2018-W02,musical_instruments,17,4863.61,286.09,0
2018-W02,luggage_accessories,28,4735.95,143.51,0
2018-W02,small_appliances,11,3900.24,354.57,0
2018-W02,air_conditioning,3,3543.85,708.77,0
2018-W02,computers,5,3376.4,482.34,0
2018-W02,construction_tools_construction,6,2976.04,372.0,0
2018-W02,fashion_bags_accessories,32,2179.89,62.28,0
2018-W02,consoles_games,13,2178.53,136.16,0
2018-W02,construction_tools_safety,4,1994.98,332.5,0
2018-W02,agro_industry_and_commerce,4,1769.25,442.31,0
2018-W02,drinks,13,1612.87,89.6,0
2018-W02,costruction_tools_garden,7,1469.2,183.65,0
2018-W02,industry_commerce_and_business,3,1452.25,242.04,0
2018-W02,home_appliances_2,2,1169.11,389.7,0
2018-W02,books_general_interest,14,1137.84,75.86,0
2018-W02,audio,5,898.03,149.67,0
2018-W02,furniture_living_room,6,848.47,141.41,0
2018-W02,home_confort,4,710.7,118.45,0
2018-W02,home_appliances,9,621.84,69.09,0
2018-W02,kitchen_dining_laundry_garden_furniture,3,618.66,206.22,0
2018-W02,construction_tools_lights,2,560.24,280.12,0
2018-W02,furniture_bedroom,2,416.07,208.03,0
2018-W02,small_appliances_home_oven_and_coffee,1,385.13,385.13,0
2018-W02,flowers,3,368.06,92.02,0
2018-W02,furniture_mattress_and_upholstery,3,366.73,122.24,0
2018-W02,fashion_underwear_beach,3,316.17,105.39,0
2018-W02,art,2,276.2,138.1,0
2018-W02,books_imported,2,253.27,126.63,0
2018-W02,christmas_supplies,2,240.01,120.0,0
2018-W02,fashion_male_clothing,1,183.85,183.85,0
2018-W02,food,4,163.09,40.77,0
2018-W02,market_place,3,155.38,51.79,0
2018-W02,fashion_sport,1,144.45,144.45,0
2018-W02,food_drink,3,144.13,36.03,0
2018-W02,fixed_telephony,2,136.99,68.5,0
2018-W02,costruction_tools_tools,2,105.67,52.83,0
2018-W02,signaling_and_security,1,78.14,78.14,0
2018-W02,fashion_shoes,1,72.96,72.96,0
2018-W02,books_technical,1,67.89,67.89,0
2018-W02,tablets_printing_image,1,63.62,63.62,0
2018-W02,music,1,40.07,40.07,0
2018-W03,furniture_decor,131,29287.28,157.46,0
2018-W03,sports_leisure,147,29051.2,183.87,0
2018-W03,computers_accessories,127,28160.11,186.49,1
2018-W03,bed_bath_table,152,24611.87,132.32,0
2018-W03,health_beauty,144,21875.18,133.39,0
2018-W03,housewares,73,19804.88,220.05,1
2018-W03,watches_gifts,73,15794.97,199.94,0
2018-W03,auto,74,14806.47,180.57,0
2018-W03,unknown,60,12838.48,160.48,0
2018-W03,cool_stuff,83,11843.45,139.33,0
2018-W03,stationery,78,9451.1,116.68,0
2018-W03,luggage_accessories,43,9320.21,207.12,0
2018-W03,office_furniture,26,8889.39,261.45,0
2018-W03,baby,44,8005.47,170.33,0
2018-W03,garden_tools,48,7389.74,136.85,0
2018-W03,electronics,79,6988.57,79.42,0
2018-W03,toys,33,6022.05,172.06,0
2018-W03,perfumery,48,5889.86,115.49,0
2018-W03,telephony,87,5458.76,55.7,0
2018-W03,consoles_games,14,3942.26,281.59,0
2018-W03,musical_instruments,7,3765.1,537.87,0
2018-W03,fashion_bags_accessories,27,3226.27,92.18,0
2018-W03,costruction_tools_garden,6,2812.55,401.79,0
2018-W03,pet_shop,16,2730.1,124.1,0
2018-W03,construction_tools_lights,3,2487.43,621.86,0
2018-W03,small_appliances,8,2192.16,243.57,0
2018-W03,home_construction,5,1812.35,181.24,0
2018-W03,construction_tools_construction,9,1706.83,189.65,0
2018-W03,air_conditioning,6,1644.86,234.98,0
2018-W03,agro_industry_and_commerce,3,1502.62,250.44,0
2018-W03,signaling_and_security,3,1416.21,354.05,0
2018-W03,industry_commerce_and_business,3,1380.44,460.15,0
2018-W03,art,9,1305.98,145.11,0
2018-W03,kitchen_dining_laundry_garden_furniture,2,1186.8,395.6,0
2018-W03,furniture_living_room,7,936.67,117.08,0
2018-W03,audio,6,780.22,111.46,0
2018-W03,computers,1,702.97,702.97,0
2018-W03,furniture_mattress_and_upholstery,4,680.43,170.11,0
2018-W03,home_appliances,9,673.54,74.84,0
2018-W03,home_appliances_2,1,669.71,669.71,0
2018-W03,home_confort,4,666.32,166.58,0
2018-W03,fixed_telephony,5,602.5,120.5,0
2018-W03,market_place,4,585.14,117.03,0
2018-W03,construction_tools_safety,2,579.78,289.89,0
2018-W03,books_general_interest,8,462.92,57.87,0
2018-W03,fashion_underwear_beach,2,338.43,169.22,0
2018-W03,fashion_shoes,3,291.59,72.9,0
2018-W03,furniture_bedroom,1,240.22,240.22,0
2018-W03,flowers,3,216.8,54.2,0
2018-W03,costruction_tools_tools,1,208.48,208.48,0
2018-W03,food,3,176.19,58.73,0
2018-W03,books_technical,3,176.09,58.7,0
2018-W03,books_imported,2,175.52,87.76,0
2018-W03,food_drink,3,127.85,42.62,0
2018-W03,tablets_printing_image,1,124.34,124.34,0
2018-W03,cine_photo,1,111.89,111.89,0
2018-W03,christmas_supplies,1,106.78,106.78,0
2018-W03,drinks,2,92.36,46.18,0
2018-W03,party_supplies,1,85.63,85.63,0
2018-W03,fashio_female_clothing,1,78.7,78.7,0
2018-W04,bed_bath_table,156,34093.96,153.58,1
2018-W04,sports_leisure,121,29227.85,202.97,2
2018-W04,health_beauty,136,26786.48,172.82,1
2018-W04,watches_gifts,83,25809.4,271.68,0
2018-W04,computers_accessories,157,25505.25,138.62,4
2018-W04,furniture_decor,90,17657.8,154.89,4
2018-W04,garden_tools,59,14559.56,207.99,1
2018-W04,office_furniture,29,13578.81,308.61,0
2018-W04,cool_stuff,49,12432.59,214.35,1
2018-W04,housewares,81,11572.46,120.55,0
2018-W04,auto,46,9277.62,171.81,0
2018-W04,baby,54,8596.14,145.7,0
2018-W04,perfumery,61,7524.98,112.31,1
2018-W04,stationery,53,6727.06,110.28,3
2018-W04,small_appliances,13,5702.47,407.32,0
2018-W04,telephony,82,5672.74,66.74,0
2018-W04,musical_instruments,12,5484.28,391.73,0
2018-W04,luggage_accessories,27,5145.41,165.98,0
2018-W04,unknown,33,4125.26,111.49,0
2018-W04,construction_tools_construction,8,3941.63,358.33,0
2018-W04,toys,32,3635.18,103.86,0
2018-W04,electronics,61,3570.7,53.29,0
2018-W04,pet_shop,15,2353.97,130.78,0
2018-W04,fashion_bags_accessories,21,2172.18,103.44,0
2018-W04,air_conditioning,8,2003.56,182.14,0
2018-W04,industry_commerce_and_business,4,1671.5,417.88,0
2018-W04,audio,8,1516.55,189.57,0
2018-W04,home_construction,8,1381.3,106.25,0
2018-W04,kitchen_dining_laundry_garden_furniture,6,1213.85,202.31,0
2018-W04,home_appliances_2,2,1171.05,585.52,0
2018-W04,books_general_interest,8,1153.62,104.87,0
2018-W04,consoles_games,7,948.77,135.54,0
2018-W04,diapers_and_hygiene,1,942.25,188.45,0
2018-W04,construction_tools_safety,2,936.38,468.19,0
2018-W04,computers,1,859.02,859.02,0
2018-W04,costruction_tools_garden,4,811.24,162.25,0
2018-W04,furniture_living_room,4,663.8,132.76,0
2018-W04,books_technical,5,637.55,106.26,0
2018-W04,drinks,7,625.38,62.54,0
2018-W04,home_confort,4,591.77,147.94,0
2018-W04,food,9,556.05,61.78,0
2018-W04,home_appliances,3,394.82,131.61,0
2018-W04,costruction_tools_tools,3,272.82,90.94,0
2018-W04,christmas_supplies,2,219.0,109.5,0
2018-W04,art,2,178.54,89.27,0
2018-W04,food_drink,2,151.41,75.7,0
2018-W04,fashion_shoes,2,149.43,74.72,0
2018-W04,signaling_and_security,1,149.23,149.23,0
2018-W04,agro_industry_and_commerce,2,120.21,60.11,0
2018-W04,furniture_mattress_and_upholstery,1,111.62,111.62,0
2018-W04,party_supplies,1,84.63,84.63,0
2018-W04,tablets_printing_image,1,60.72,60.72,0
2018-W04,fashion_male_clothing,1,58.6,58.6,0
2018-W04,fashio_female_clothing,1,39.08,39.08,0
2018-W04,market_place,1,36.65,36.65,0
2018-W04,fixed_telephony,1,32.09,16.05,0
2018-W05,bed_bath_table,162,38396.52,173.74,1
2018-W05,computers_accessories,191,36601.8,165.62,3
2018-W05,office_furniture,21,32692.32,778.39,0
2018-W05,sports_leisure,155,29076.44,156.32,2
2018-W05,health_beauty,124,23473.79,166.48,4
2018-W05,watches_gifts,85,23211.48,218.98,2
2018-W05,auto,69,14125.6,185.86,1
2018-W05,housewares,75,13647.62,156.87,4
2018-W05,furniture_decor,67,10848.99,132.3,0
2018-W05,electronics,77,9861.97,110.81,0
2018-W05,garden_tools,46,9110.47,149.35,2
2018-W05,perfumery,46,7996.46,142.79,1
2018-W05,cool_stuff,39,7339.19,166.8,0
2018-W05,telephony,91,4638.83,49.35,1
2018-W05,stationery,46,4590.28,95.63,2
2018-W05,home_appliances_2,6,4291.3,715.22,0
2018-W05,kitchen_dining_laundry_garden_furniture,10,4208.25,350.69,0
2018-W05,unknown,27,3977.2,128.3,1
2018-W05,toys,30,3306.92,110.23,1
2018-W05,baby,22,3178.22,132.43,1
2018-W05,construction_tools_construction,15,2908.37,138.49,0
2018-W05,market_place,3,2881.63,720.41,0
2018-W05,luggage_accessories,17,2871.79,159.54,0
2018-W05,pet_shop,15,2489.32,155.58,0
2018-W05,small_appliances,13,2341.52,156.1,0
2018-W05,home_construction,6,2314.19,330.6,1
2018-W05,industry_commerce_and_business,5,1955.18,325.86,0
2018-W05,agro_industry_and_commerce,6,1831.68,305.28,0
2018-W05,construction_tools_safety,3,1765.33,588.44,0
2018-W05,musical_instruments,12,1596.35,114.02,1
2018-W05,fashion_bags_accessories,21,1467.92,69.9,0
2018-W05,consoles_games,7,1302.22,186.03,0
2018-W05,food,5,1298.18,129.82,1
2018-W05,audio,8,1264.52,158.06,0
2018-W05,drinks,7,1202.8,109.35,0
2018-W05,books_technical,10,1156.71,105.16,0
2018-W05,home_appliances,8,982.58,109.18,0
2018-W05,fashion_shoes,1,924.99,308.33,0
2018-W05,furniture_living_room,7,877.24,125.32,0
2018-W05,christmas_supplies,5,863.09,143.85,0
2018-W05,air_conditioning,4,668.96,133.79,0
2018-W05,costruction_tools_garden,3,619.73,103.29,0
2018-W05,art,3,605.25,201.75,0
2018-W05,construction_tools_lights,2,461.7,230.85,0
2018-W05,costruction_tools_tools,5,361.61,72.32,0
2018-W05,books_imported,3,311.66,103.89,0
2018-W05,home_confort,2,282.13,141.06,0
2018-W05,books_general_interest,6,229.81,38.3,0
2018-W05,fixed_telephony,1,171.0,85.5,0
2018-W05,fashion_underwear_beach,2,136.82,68.41,0
2018-W05,tablets_printing_image,2,136.18,68.09,0
2018-W05,fashio_female_clothing,1,78.7,78.7,0
2018-W05,fashion_male_clothing,1,72.66,72.66,0
2018-W05,food_drink,1,70.02,70.02,0
2018-W05,dvds_blu_ray,1,46.05,46.05,0
2018-W05,flowers,1,30.29,30.29,0
2018-W06,computers_accessories,184,33261.27,153.99,1
2018-W06,sports_leisure,140,32348.4,192.55,0
2018-W06,bed_bath_table,174,25485.71,117.99,0
2018-W06,health_beauty,136,24793.71,164.2,3
2018-W06,watches_gifts,69,17779.91,233.95,2
2018-W06,housewares,63,13844.07,160.98,2
2018-W06,auto,52,11511.49,217.2,0
2018-W06,garden_tools,68,11352.09,133.55,0
2018-W06,furniture_decor,59,10307.08,141.19,0
2018-W06,office_furniture,21,8161.59,291.49,0
2018-W06,fixed_telephony,5,7730.76,1288.46,0
2018-W06,cool_stuff,35,7383.3,199.55,1
2018-W06,perfumery,49,6781.4,132.97,2
2018-W06,telephony,95,6175.28,61.75,1
2018-W06,baby,41,5293.89,126.05,2
2018-W06,construction_tools_construction,14,4993.33,249.67,0
2018-W06,fashion_bags_accessories,24,4920.32,182.23,0
2018-W06,unknown,27,4782.1,154.26,0
2018-W06,electronics,75,4665.88,61.39,0
2018-W06,home_appliances_2,4,4381.72,1095.43,0
2018-W06,stationery,37,4219.1,105.48,1
2018-W06,toys,31,4193.45,110.35,0
2018-W06,agro_industry_and_commerce,5,4017.79,446.42,0
2018-W06,pet_shop,19,3399.08,154.5,0
2018-W06,construction_tools_safety,2,3370.96,1685.48,0
2018-W06,consoles_games,10,3266.45,296.95,0
2018-W06,market_place,7,3026.25,201.75,0
2018-W06,musical_instruments,7,2514.59,359.23,0
2018-W06,kitchen_dining_laundry_garden_furniture,4,2237.8,447.56,1
2018-W06,luggage_accessories,15,2151.0,134.44,1
2018-W06,christmas_supplies,8,1777.11,177.71,0
2018-W06,home_appliances,9,1715.31,190.59,0
2018-W06,home_confort,7,1264.23,180.6,0
2018-W06,art,6,1229.29,153.66,0
2018-W06,costruction_tools_garden,6,1029.47,147.07,0
2018-W06,drinks,5,892.07,178.41,0
2018-W06,home_construction,7,864.42,123.49,0
2018-W06,small_appliances_home_oven_and_coffee,2,829.84,414.92,0
2018-W06,small_appliances,5,823.76,164.75,0
2018-W06,industry_commerce_and_business,5,710.62,118.44,0
2018-W06,food_drink,6,522.62,65.33,0
2018-W06,books_general_interest,7,400.18,57.17,1
2018-W06,furniture_living_room,3,384.96,128.32,0
2018-W06,fashion_shoes,3,354.45,88.61,0
2018-W06,furniture_bedroom,1,280.56,280.56,0
2018-W06,books_technical,3,236.32,78.77,0
2018-W06,furniture_mattress_and_upholstery,2,235.52,117.76,0
2018-W06,signaling_and_security,3,225.41,75.14,0
2018-W06,air_conditioning,1,207.67,207.67,0
2018-W06,fashion_underwear_beach,3,191.75,63.92,0
2018-W06,food,3,185.84,61.95,0
2018-W06,tablets_printing_image,2,147.67,73.84,0
2018-W06,construction_tools_lights,1,138.09,138.09,0
2018-W06,flowers,2,118.73,59.36,0
2018-W06,audio,2,55.36,27.68,0
2018-W06,dvds_blu_ray,1,42.53,42.53,0
2018-W07,computers_accessories,172,36877.69,177.3,0
2018-W07,health_beauty,152,28362.92,161.15,0
2018-W07,bed_bath_table,150,25798.99,137.23,1
2018-W07,sports_leisure,138,21882.53,143.02,2
2018-W07,furniture_decor,97,18781.38,153.95,0
2018-W07,garden_tools,69,16591.73,174.65,0
2018-W07,housewares,86,14591.36,127.99,2
2018-W07,watches_gifts,62,13572.46,193.89,2
2018-W07,auto,88,12884.98,131.48,0
2018-W07,cool_stuff,52,10610.24,204.04,0
2018-W07,office_furniture,3,7996.69,1142.38,0
2018-W07,perfumery,51,7703.2,142.65,0
2018-W07,baby,42,7452.53,165.61,1
2018-W07,unknown,36,6756.25,160.86,2
2018-W07,christmas_supplies,4,5748.41,638.71,0
2018-W07,electronics,72,5480.44,67.66,0
2018-W07,telephony,85,5114.27,52.19,0
2018-W07,toys,33,4406.95,122.42,1
2018-W07,musical_instruments,11,4116.18,316.63,0
2018-W07,pet_shop,27,3652.53,114.14,1
2018-W07,consoles_games,14,3391.96,212.0,0
2018-W07,stationery,23,2767.18,76.87,1
2018-W07,luggage_accessories,14,2351.97,138.35,1
2018-W07,agro_industry_and_commerce,2,2329.44,93.18,0
2018-W07,home_appliances_2,7,2244.8,320.69,0
2018-W07,fashion_bags_accessories,23,1783.44,71.34,0
2018-W07,construction_tools_construction,8,1682.48,210.31,1
2018-W07,construction_tools_lights,2,1640.82,410.2,0
2018-W07,industry_commerce_and_business,9,1582.77,143.89,0
2018-W07,costruction_tools_garden,2,1382.3,230.38,0
2018-W07,drinks,10,1296.07,99.7,0
2018-W07,home_construction,6,1084.67,180.78,0
2018-W07,books_general_interest,9,922.73,102.53,0
2018-W07,furniture_living_room,6,901.08,150.18,0
2018-W07,home_confort,5,810.2,162.04,0
2018-W07,small_appliances_home_oven_and_coffee,1,797.62,797.62,0
2018-W07,air_conditioning,4,711.41,177.85,0
2018-W07,market_place,6,663.57,110.6,0
2018-W07,small_appliances,6,609.79,87.11,0
2018-W07,audio,1,608.88,608.88,0
2018-W07,food,6,581.27,83.04,0
2018-W07,home_appliances,8,537.49,67.19,1
2018-W07,books_technical,6,524.49,74.93,0
2018-W07,signaling_and_security,5,494.5,82.42,0
2018-W07,tablets_printing_image,4,471.17,94.23,0
2018-W07,construction_tools_safety,1,416.48,416.48,0
2018-W07,furniture_bedroom,2,370.0,185.0,0
2018-W07,fixed_telephony,2,345.93,172.97,0
2018-W07,food_drink,3,196.48,65.49,0
2018-W07,art,2,176.76,88.38,1
2018-W07,books_imported,1,174.97,174.97,0
2018-W07,cine_photo,1,115.93,115.93,0
2018-W07,fashion_shoes,1,101.86,101.86,0
2018-W07,fashion_underwear_beach,1,75.07,75.07,0
2018-W07,fashio_female_clothing,1,45.09,45.09,0
2018-W07,costruction_tools_tools,1,43.98,43.98,0
2018-W07,music,1,40.07,40.07,0
2018-W07,flowers,1,38.68,38.68,0
2018-W08,computers_accessories,232,91907.2,303.32,3
2018-W08,health_beauty,156,28440.93,158.01,3
2018-W08,sports_leisure,153,21423.17,122.42,3
2018-W08,bed_bath_table,124,21258.75,140.79,0
2018-W08,furniture_decor,99,20789.15,153.99,7
2018-W08,watches_gifts,96,20299.68,200.99,1
2018-W08,housewares,104,15809.72,125.47,0
2018-W08,auto,85,14119.69,151.82,1
2018-W08,telephony,84,12157.04,119.19,0
2018-W08,cool_stuff,59,11756.97,192.74,0
2018-W08,furniture_living_room,4,7443.17,1240.53,0
2018-W08,baby,49,7260.25,139.62,0
2018-W08,garden_tools,39,5553.35,129.15,0
2018-W08,electronics,78,5501.99,63.98,0
2018-W08,pet_shop,19,4688.86,195.37,0
2018-W08,perfumery,45,4590.14,95.63,0
2018-W08,consoles_games,14,4387.42,313.39,0
2018-W08,stationery,33,4221.65,100.52,1
2018-W08,construction_tools_construction,17,3970.57,233.56,0
2018-W08,musical_instruments,8,3933.52,302.58,0
2018-W08,office_furniture,15,3744.89,220.29,0
2018-W08,toys,31,3573.52,102.1,2
2018-W08,fashion_bags_accessories,33,3458.12,98.8,0
2018-W08,unknown,25,2850.07,114.0,0
2018-W08,home_appliances,15,2747.07,183.14,0
2018-W08,industry_commerce_and_business,8,2165.7,166.59,0
2018-W08,luggage_accessories,10,2055.79,186.89,0
2018-W08,kitchen_dining_laundry_garden_furniture,5,1856.96,309.49,0
2018-W08,construction_tools_lights,2,1829.13,261.3,0
2018-W08,home_construction,8,1759.91,195.55,0
2018-W08,home_confort,5,1456.73,242.79,0
2018-W08,agro_industry_and_commerce,4,1443.62,360.9,0
2018-W08,fixed_telephony,1,1423.52,711.76,2
2018-W08,costruction_tools_tools,7,1335.77,166.97,0
2018-W08,home_appliances_2,4,1292.24,323.06,0
2018-W08,air_conditioning,4,1132.16,283.04,0
2018-W08,small_appliances,6,1011.99,168.66,0
2018-W08,audio,4,880.28,220.07,0
2018-W08,small_appliances_home_oven_and_coffee,1,793.09,793.09,0
2018-W08,books_general_interest,6,746.81,124.47,0
2018-W08,fashion_shoes,5,707.31,141.46,0
2018-W08,drinks,7,654.83,72.76,0
2018-W08,food_drink,7,610.93,67.88,0
2018-W08,diapers_and_hygiene,1,603.04,150.76,0
2018-W08,food,10,560.35,56.04,0
2018-W08,signaling_and_security,1,497.6,124.4,0
2018-W08,furniture_mattress_and_upholstery,4,455.96,113.99,0
2018-W08,construction_tools_safety,1,406.67,203.34,0
2018-W08,market_place,6,398.16,49.77,0
2018-W08,art,3,330.88,110.29,0
2018-W08,books_technical,5,309.69,61.94,0
2018-W08,fashion_male_clothing,2,268.36,134.18,0
2018-W08,costruction_tools_garden,2,249.13,124.56,0
2018-W08,music,1,237.17,118.59,0
2018-W08,furniture_bedroom,1,224.71,224.71,0
2018-W08,pc_gamer,1,187.56,187.56,0
2018-W08,tablets_printing_image,3,187.55,62.52,0
2018-W08,cine_photo,1,156.19,156.19,0
2018-W08,christmas_supplies,2,154.54,77.27,0
2018-W08,fashion_underwear_beach,2,141.76,70.88,0
2018-W08,home_comfort_2,2,140.0,46.67,0
2018-W08,books_imported,1,39.08,39.08,0
2018-W09,computers_accessories,234,45921.92,157.27,0
2018-W09,health_beauty,184,37863.11,187.44,2
2018-W09,furniture_decor,119,30849.15,201.63,1
2018-W09,sports_leisure,171,28611.93,149.8,1
2018-W09,office_furniture,42,26792.84,412.2,0
2018-W09,watches_gifts,97,25151.05,244.18,1
2018-W09,bed_bath_table,154,21589.78,122.67,2
2018-W09,garden_tools,56,16521.73,214.57,0
2018-W09,baby,51,16261.8,318.86,1
2018-W09,housewares,87,15157.35,144.36,0
2018-W09,auto,73,11365.98,143.87,0
2018-W09,construction_tools_construction,17,9712.93,346.89,0
2018-W09,cool_stuff,52,8644.19,166.23,0
2018-W09,toys,51,7464.54,133.3,0
2018-W09,perfumery,59,7367.86,118.84,1
2018-W09,fashion_bags_accessories,35,6378.67,172.4,0
2018-W09,furniture_living_room,7,6128.83,510.74,0
2018-W09,pet_shop,32,4974.52,142.13,0
2018-W09,stationery,47,4870.05,93.65,0
2018-W09,electronics,63,4465.05,62.89,1
2018-W09,telephony,63,4421.8,63.17,2
2018-W09,home_construction,11,4353.2,229.12,0
2018-W09,unknown,24,4332.47,173.3,0
2018-W09,small_appliances,11,3765.72,313.81,0
2018-W09,consoles_games,17,2515.2,139.73,0
2018-W09,agro_industry_and_commerce,8,2191.92,243.55,0
2018-W09,small_appliances_home_oven_and_coffee,2,1586.18,793.09,0
2018-W09,audio,7,1465.7,209.39,0
2018-W09,air_conditioning,3,1354.25,338.56,0
2018-W09,food,10,1269.85,105.82,0
2018-W09,kitchen_dining_laundry_garden_furniture,4,1245.02,311.25,0
2018-W09,industry_commerce_and_business,3,1068.21,267.05,0
2018-W09,musical_instruments,8,1047.06,116.34,0
2018-W09,home_appliances,14,1026.75,68.45,0
2018-W09,construction_tools_lights,4,1024.71,204.94,0
2018-W09,food_drink,9,881.93,73.49,0
2018-W09,furniture_bedroom,4,876.54,175.31,0
2018-W09,costruction_tools_garden,4,825.44,206.36,0
2018-W09,construction_tools_safety,4,823.07,164.61,0
2018-W09,luggage_accessories,7,791.1,113.01,0
2018-W09,books_general_interest,11,705.08,58.76,0
2018-W09,home_appliances_2,4,670.66,167.67,0
2018-W09,books_technical,7,622.08,77.76,0
2018-W09,party_supplies,3,592.92,148.23,0
2018-W09,market_place,3,591.62,197.21,0
2018-W09,home_confort,4,421.73,105.43,0
2018-W09,fashion_shoes,2,414.55,207.28,0
2018-W09,signaling_and_security,1,399.8,199.9,0
2018-W09,christmas_supplies,5,359.51,59.92,0
2018-W09,drinks,4,273.26,68.31,0
2018-W09,fashion_male_clothing,1,178.5,178.5,0
2018-W09,fashion_underwear_beach,2,174.21,87.1,0
2018-W09,furniture_mattress_and_upholstery,1,153.0,153.0,0
2018-W09,art,1,132.26,132.26,0
2018-W09,tablets_printing_image,2,127.57,63.78,0
2018-W09,fixed_telephony,1,114.35,114.35,0
2018-W10,furniture_decor,102,45331.22,274.73,0
2018-W10,computers_accessories,135,41983.92,235.86,1
2018-W10,health_beauty,160,33913.19,189.46,0
2018-W10,sports_leisure,175,31078.33,159.38,0
2018-W10,watches_gifts,105,24902.4,220.38,0
2018-W10,office_furniture,40,23230.96,414.84,0
2018-W10,housewares,86,20204.9,177.24,1
2018-W10,bed_bath_table,148,18885.15,113.08,0
2018-W10,garden_tools,44,14371.95,239.53,0
2018-W10,auto,63,11525.83,177.32,0
2018-W10,cool_stuff,56,11436.03,187.48,0
2018-W10,unknown,41,6726.05,146.22,0
2018-W10,telephony,69,6706.28,91.87,0
2018-W10,perfumery,42,6603.7,117.92,0
2018-W10,baby,36,6193.29,158.8,0
2018-W10,toys,48,6116.15,117.62,3
2018-W10,stationery,34,4430.39,110.76,0
2018-W10,small_appliances,10,4059.7,369.06,1
2018-W10,electronics,54,3788.68,64.21,0
2018-W10,home_appliances,17,3449.88,202.93,0
2018-W10,consoles_games,15,3261.03,203.81,0
2018-W10,luggage_accessories,14,2831.64,188.78,0
2018-W10,musical_instruments,11,2705.15,245.92,0
2018-W10,fashion_bags_accessories,28,1958.35,67.53,0
2018-W10,costruction_tools_garden,8,1943.26,176.66,0
2018-W10,agro_industry_and_commerce,5,1396.22,279.24,0
2018-W10,pet_shop,14,1328.51,69.92,0
2018-W10,audio,5,1170.62,234.12,0
2018-W10,home_construction,5,1097.12,219.42,0
2018-W10,industry_commerce_and_business,5,1056.45,176.08,0
2018-W10,construction_tools_safety,3,974.78,324.93,0
2018-W10,construction_tools_construction,7,952.06,119.01,0
2018-W10,furniture_living_room,3,778.2,259.4,0
2018-W10,signaling_and_security,3,681.16,170.29,0
2018-W10,construction_tools_lights,2,595.83,198.61,0
2018-W10,home_confort,4,561.76,140.44,0
2018-W10,books_technical,5,513.45,102.69,0
2018-W10,air_conditioning,3,508.98,169.66,0
2018-W10,market_place,4,488.6,122.15,0
2018-W10,furniture_bedroom,2,482.75,241.38,0
2018-W10,drinks,6,452.57,75.43,0
2018-W10,home_appliances_2,1,415.83,415.83,0
2018-W10,food,7,394.46,56.35,0
2018-W10,fashion_shoes,3,368.26,122.75,0
2018-W10,party_supplies,1,252.99,252.99,0
2018-W10,small_appliances_home_oven_and_coffee,1,238.98,238.98,0
2018-W10,books_general_interest,3,226.87,75.62,0
2018-W10,fashion_underwear_beach,3,218.15,72.72,0
2018-W10,food_drink,4,207.93,51.98,0
2018-W10,fixed_telephony,2,202.94,101.47,0
2018-W10,art,1,140.38,140.38,0
2018-W10,furniture_mattress_and_upholstery,1,133.99,133.99,0
2018-W10,fashion_childrens_clothes,1,110.44,110.44,0
2018-W10,christmas_supplies,1,109.5,109.5,0
2018-W10,kitchen_dining_laundry_garden_furniture,1,85.99,85.99,0
2018-W10,home_comfort_2,1,44.33,44.33,0
2018-W11,bed_bath_table,137,34208.72,187.96,0
2018-W11,watches_gifts,105,29489.96,254.22,0
2018-W11,sports_leisure,157,29240.66,154.71,0
2018-W11,health_beauty,131,26514.17,185.41,0
2018-W11,computers_accessories,125,22888.93,162.33,0
2018-W11,furniture_decor,84,22116.91,182.78,0
2018-W11,auto,78,16549.49,194.7,0
2018-W11,garden_tools,44,11237.88,190.47,2
2018-W11,housewares,73,10688.89,121.46,0
2018-W11,baby,57,10281.8,168.55,0
2018-W11,office_furniture,36,8876.88,211.35,0
2018-W11,toys,62,8486.07,114.68,0
2018-W11,cool_stuff,44,8286.06,142.86,0
2018-W11,small_appliances,11,7321.34,610.11,0
2018-W11,perfumery,48,7104.18,129.17,0
2018-W11,telephony,77,6658.1,84.28,0
2018-W11,electronics,64,6654.63,93.73,0
2018-W11,pet_shop,29,4273.63,137.86,0
2018-W11,construction_tools_construction,12,3639.3,279.95,0
2018-W11,unknown,22,3081.4,140.06,0
2018-W11,stationery,27,3073.66,109.77,0
2018-W11,luggage_accessories,10,3056.04,254.67,0
2018-W11,small_appliances_home_oven_and_coffee,1,2960.05,2960.05,0
2018-W11,agro_industry_and_commerce,7,2931.94,127.48,0
2018-W11,fashion_bags_accessories,23,2585.74,103.43,0
2018-W11,audio,7,2382.08,340.3,0
2018-W11,home_appliances_2,4,2068.85,517.21,0
2018-W11,books_general_interest,12,1828.44,114.28,0
2018-W11,musical_instruments,11,1762.75,146.9,0
2018-W11,construction_tools_safety,2,1714.85,857.42,0
2018-W11,furniture_living_room,6,1450.71,207.24,0
2018-W11,kitchen_dining_laundry_garden_furniture,3,1396.24,465.41,0
2018-W11,air_conditioning,6,1390.61,198.66,0
2018-W11,home_appliances,14,1222.65,81.51,0
2018-W11,home_confort,7,1091.69,155.96,0
2018-W11,consoles_games,12,1027.43,79.03,0
2018-W11,food,10,1026.53,85.54,0
2018-W11,cine_photo,4,886.02,177.2,0
2018-W11,food_drink,2,792.62,396.31,0
2018-W11,construction_tools_lights,3,746.42,248.81,0
2018-W11,home_construction,4,513.86,102.77,0
2018-W11,tablets_printing_image,1,450.16,225.08,0
2018-W11,costruction_tools_garden,3,412.79,137.6,0
2018-W11,industry_commerce_and_business,3,366.94,122.31,0
2018-W11,fashion_shoes,3,347.67,115.89,0
2018-W11,books_imported,1,341.2,170.6,0
2018-W11,furniture_bedroom,1,275.69,275.69,0
2018-W11,signaling_and_security,2,209.82,69.94,0
2018-W11,drinks,3,184.77,61.59,0
2018-W11,furniture_mattress_and_upholstery,1,148.97,148.97,0
2018-W11,fixed_telephony,1,139.71,139.71,0
2018-W11,books_technical,2,129.31,64.66,0
2018-W11,art,1,113.11,113.11,0
2018-W11,fashion_sport,1,97.39,97.39,0
2018-W11,costruction_tools_tools,1,56.98,56.98,0
2018-W11,flowers,1,43.6,43.6,0
2018-W11,dvds_blu_ray,1,41.96,41.96,0
2018-W11,market_place,1,36.22,36.22,0
2018-W12,bed_bath_table,168,33070.93,146.98,0
2018-W12,computers_accessories,150,30402.19,165.23,0
2018-W12,housewares,88,28754.31,241.63,0
2018-W12,sports_leisure,142,28234.43,165.11,4
2018-W12,watches_gifts,94,27134.76,274.09,0
2018-W12,health_beauty,131,22058.23,151.08,0
2018-W12,furniture_decor,104,19303.08,142.99,0
2018-W12,baby,56,15954.52,261.55,0
2018-W12,auto,87,14436.62,147.31,0
2018-W12,cool_stuff,61,12183.03,152.29,0
2018-W12,telephony,86,11928.66,129.66,0
2018-W12,garden_tools,47,10614.58,171.2,0
2018-W12,office_furniture,22,9628.39,310.59,0
2018-W12,pet_shop,31,7470.26,196.59,0
2018-W12,toys,48,7328.1,140.93,0
2018-W12,perfumery,44,6106.9,122.14,0
2018-W12,musical_instruments,18,5590.73,266.23,0
2018-W12,electronics,54,4993.95,86.1,0
2018-W12,unknown,32,4809.57,141.46,0
2018-W12,home_appliances,23,4551.95,197.91,0
2018-W12,construction_tools_construction,16,4187.21,174.47,0
2018-W12,stationery,38,4181.34,95.03,0
2018-W12,audio,9,3729.93,372.99,0
2018-W12,fashion_bags_accessories,32,3465.67,101.93,0
2018-W12,home_construction,10,3215.77,178.65,0
2018-W12,fixed_telephony,5,2160.47,240.05,0
2018-W12,small_appliances,8,2139.76,237.75,0
2018-W12,consoles_games,9,1990.53,180.96,0
2018-W12,construction_tools_safety,1,1866.6,311.1,0
2018-W12,luggage_accessories,14,1783.96,118.93,0
2018-W12,agro_industry_and_commerce,7,1622.48,202.81,0
2018-W12,industry_commerce_and_business,7,1313.48,145.94,0
2018-W12,air_conditioning,9,1127.74,125.3,0
2018-W12,home_appliances_2,3,1113.5,371.17,0
2018-W12,construction_tools_lights,3,909.37,303.12,0
2018-W12,food_drink,3,857.17,285.72,0
2018-W12,small_appliances_home_oven_and_coffee,1,818.4,272.8,0
2018-W12,market_place,4,782.22,156.44,0
2018-W12,costruction_tools_tools,4,676.94,135.39,0
2018-W12,home_confort,4,638.0,159.5,0
2018-W12,fashio_female_clothing,1,618.08,154.52,0
2018-W12,christmas_supplies,4,585.28,146.32,0
2018-W12,food,10,560.06,56.01,0
2018-W12,books_technical,7,543.18,77.6,0
2018-W12,kitchen_dining_laundry_garden_furniture,3,391.42,130.47,0
2018-W12,signaling_and_security,1,378.39,378.39,0
2018-W12,furniture_living_room,3,370.18,123.39,0
2018-W12,art,4,346.49,86.62,0
2018-W12,books_general_interest,5,286.4,40.91,0
2018-W12,furniture_bedroom,2,254.3,84.77,0
2018-W12,drinks,4,248.27,62.07,0
2018-W12,fashion_shoes,3,232.27,77.42,0
2018-W12,cine_photo,1,192.76,192.76,0
2018-W12,costruction_tools_garden,4,166.73,41.68,0
2018-W12,furniture_mattress_and_upholstery,1,148.97,148.97,0
2018-W12,books_imported,1,114.09,114.09,0
2018-W12,fashion_childrens_clothes,1,106.43,106.43,0
2018-W12,music,1,75.51,75.51,0
2018-W12,fashion_underwear_beach,1,72.76,72.76,0
2018-W12,diapers_and_hygiene,1,55.06,55.06,0
2018-W12,dvds_blu_ray,1,47.75,47.75,0
2018-W12,flowers,1,43.6,43.6,0
2018-W13,computers_accessories,134,29694.78,187.94,0
2018-W13,bed_bath_table,142,23570.71,135.46,0
2018-W13,sports_leisure,130,23237.12,151.88,0
2018-W13,furniture_decor,92,20303.56,153.81,1
2018-W13,watches_gifts,78,20121.72,245.39,0
2018-W13,office_furniture,32,19277.04,385.54,0
2018-W13,health_beauty,124,18247.96,129.42,2
2018-W13,auto,73,13462.43,170.41,0
2018-W13,garden_tools,52,12751.86,196.18,0
2018-W13,baby,46,12676.32,239.18,1
2018-W13,construction_tools_safety,4,10231.54,1278.94,0
2018-W13,housewares,72,10137.02,123.62,1
2018-W13,cool_stuff,47,9000.25,176.48,0
2018-W13,telephony,70,6633.19,78.97,0
2018-W13,unknown,19,6622.38,301.02,0
2018-W13,toys,42,5873.73,119.87,0
2018-W13,consoles_games,9,5689.09,568.91,0
2018-W13,construction_tools_construction,10,5236.2,374.01,0
2018-W13,stationery,30,4493.69,124.82,0
2018-W13,home_appliances_2,5,4088.32,817.66,0
2018-W13,pet_shop,24,4071.33,140.39,0
2018-W13,perfumery,26,3831.78,136.85,0
2018-W13,audio,10,3712.54,371.25,0
2018-W13,electronics,47,3564.48,68.55,0
2018-W13,musical_instruments,9,3465.67,385.07,0
2018-W13,small_appliances_home_oven_and_coffee,3,3409.96,1136.65,0
2018-W13,fashion_bags_accessories,30,3126.42,91.95,0
2018-W13,small_appliances,6,2762.04,394.58,0
2018-W13,home_construction,11,2475.73,137.54,0
2018-W13,home_appliances,13,1901.2,146.25,0
2018-W13,luggage_accessories,9,1827.26,166.11,0
2018-W13,agro_industry_and_commerce,4,1735.38,347.08,0
2018-W13,industry_commerce_and_business,10,1416.38,141.64,0
2018-W13,kitchen_dining_laundry_garden_furniture,4,1156.89,289.22,0
2018-W13,diapers_and_hygiene,1,967.75,193.55,0
2018-W13,home_confort,4,750.32,187.58,0
2018-W13,construction_tools_lights,3,690.3,230.1,0
2018-W13,air_conditioning,4,545.32,136.33,0
2018-W13,fixed_telephony,4,524.66,131.16,0
2018-W13,fashion_shoes,3,519.96,173.32,0
2018-W13,costruction_tools_tools,3,515.05,171.68,0
2018-W13,furniture_living_room,3,505.12,168.37,0
2018-W13,drinks,6,463.19,66.17,0
2018-W13,books_general_interest,7,456.91,65.27,0
2018-W13,la_cuisine,1,426.7,426.7,0
2018-W13,music,1,322.17,322.17,0
2018-W13,party_supplies,1,292.88,292.88,0
2018-W13,costruction_tools_garden,2,270.92,135.46,0
2018-W13,food_drink,3,270.37,90.12,0
2018-W13,food,5,262.43,52.49,0
2018-W13,christmas_supplies,3,260.53,86.84,0
2018-W13,market_place,4,240.18,60.05,0
2018-W13,furniture_bedroom,1,236.55,236.55,0
2018-W13,cine_photo,1,108.59,108.59,0
2018-W13,signaling_and_security,1,85.35,85.35,0
2018-W13,books_technical,2,75.93,37.97,0
2018-W13,dvds_blu_ray,1,75.75,75.75,0
2018-W13,flowers,1,49.21,49.21,0
2018-W13,art,1,19.39,19.39,0
2018-W14,computers_accessories,133,35646.83,221.41,0
2018-W14,bed_bath_table,150,28894.1,157.89,0
2018-W14,sports_leisure,137,27835.95,171.83,0
2018-W14,health_beauty,130,25768.63,177.71,0
2018-W14,furniture_decor,107,24423.56,169.61,0
2018-W14,watches_gifts,91,22451.53,209.83,0
2018-W14,office_furniture,16,20169.25,650.62,0
2018-W14,auto,86,15348.16,170.54,1
2018-W14,housewares,75,10422.28,125.57,0
2018-W14,baby,44,10382.53,235.97,0
2018-W14,cool_stuff,50,9755.62,195.11,0
2018-W14,construction_tools_construction,16,8139.9,370.0,0
2018-W14,toys,45,7947.91,158.96,0
2018-W14,garden_tools,40,7003.46,142.93,0
2018-W14,pet_shop,39,5491.56,133.94,0
2018-W14,musical_instruments,13,5412.58,360.84,0
2018-W14,perfumery,44,5345.42,111.36,0
2018-W14,small_appliances,20,4809.82,178.14,0
2018-W14,home_appliances_2,3,4730.33,1576.78,0
2018-W14,telephony,48,4701.59,87.07,0
2018-W14,small_appliances_home_oven_and_coffee,4,3561.46,890.37,0
2018-W14,electronics,48,3533.76,72.12,0
2018-W14,fashion_bags_accessories,31,3489.65,102.64,1
2018-W14,stationery,26,3406.38,97.33,0
2018-W14,computers,2,3329.36,1109.79,0
2018-W14,home_appliances,24,3279.51,131.18,0
2018-W14,industry_commerce_and_business,15,3216.11,178.67,0
2018-W14,unknown,27,3088.32,114.38,0
2018-W14,home_construction,14,2778.51,163.44,0
2018-W14,furniture_living_room,6,2121.36,212.14,0
2018-W14,air_conditioning,6,1996.26,285.18,0
2018-W14,fixed_telephony,6,1927.58,240.95,0
2018-W14,consoles_games,12,1817.17,129.8,0
2018-W14,books_general_interest,8,1695.31,188.37,0
2018-W14,audio,5,1676.69,279.45,0
2018-W14,luggage_accessories,9,1252.61,139.18,0
2018-W14,agro_industry_and_commerce,3,1019.65,339.88,0
2018-W14,construction_tools_safety,9,968.9,107.66,0
2018-W14,home_confort,5,602.84,33.49,0
2018-W14,art,5,549.14,109.83,0
2018-W14,books_technical,4,491.18,122.8,0
2018-W14,costruction_tools_tools,5,465.69,93.14,0
2018-W14,furniture_bedroom,2,461.34,230.67,0
2018-W14,fashion_shoes,3,432.41,144.14,0
2018-W14,food,5,429.57,71.59,0
2018-W14,construction_tools_lights,3,377.95,125.98,0
2018-W14,kitchen_dining_laundry_garden_furniture,1,364.1,364.1,0
2018-W14,signaling_and_security,2,333.07,111.02,0
2018-W14,dvds_blu_ray,1,303.0,151.5,0
2018-W14,costruction_tools_garden,2,223.09,74.36,0
2018-W14,drinks,4,215.41,53.85,0
2018-W14,food_drink,4,204.91,51.23,0
2018-W14,books_imported,2,191.38,95.69,0
2018-W14,music,1,169.64,169.64,0
2018-W14,fashion_sport,1,105.41,105.41,0
2018-W14,fashion_underwear_beach,1,91.08,91.08,0
2018-W14,home_comfort_2,1,78.06,78.06,0
2018-W14,cine_photo,1,70.34,70.34,0
2018-W14,diapers_and_hygiene,1,56.32,56.32,0
2018-W14,market_place,2,49.68,24.84,0
2018-W14,christmas_supplies,1,25.31,25.31,0
2018-W15,bed_bath_table,144,32313.26,172.8,0
2018-W15,health_beauty,139,29680.34,178.8,0
2018-W15,sports_leisure,130,23073.45,160.23,0
2018-W15,watches_gifts,74,21448.51,274.98,0
2018-W15,furniture_decor,103,21087.9,166.05,0
2018-W15,auto,79,20177.43,231.92,0
2018-W15,computers_accessories,99,15971.07,147.88,0
2018-W15,baby,64,15304.06,218.63,0
2018-W15,housewares,100,15206.79,128.87,0
2018-W15,telephony,58,11238.22,149.84,0
2018-W15,cool_stuff,47,11108.1,198.36,0
2018-W15,office_furniture,22,9853.23,364.93,0
2018-W15,home_appliances,37,8865.9,233.31,0
2018-W15,computers,4,7879.62,1575.92,0
2018-W15,pet_shop,33,7761.18,194.03,0
2018-W15,drinks,11,7705.77,308.23,0
2018-W15,garden_tools,45,7477.77,146.62,0
2018-W15,musical_instruments,14,6704.86,394.4,0
2018-W15,home_appliances_2,6,5555.96,925.99,0
2018-W15,stationery,34,5090.23,133.95,0
2018-W15,perfumery,36,4973.98,115.67,0
2018-W15,construction_tools_construction,16,4796.71,208.55,0
2018-W15,audio,10,4506.0,409.64,0
2018-W15,unknown,27,4211.78,145.23,0
2018-W15,small_appliances,16,3909.11,195.46,0
2018-W15,consoles_games,14,3805.29,211.41,5
2018-W15,construction_tools_lights,12,3734.71,219.69,0
2018-W15,electronics,43,3570.48,77.62,0
2018-W15,small_appliances_home_oven_and_coffee,4,3198.99,799.75,0
2018-W15,home_construction,11,2984.57,186.54,0
2018-W15,toys,27,2924.83,108.33,0
2018-W15,luggage_accessories,13,2543.65,181.69,0
2018-W15,fashion_bags_accessories,17,1542.96,85.72,0
2018-W15,kitchen_dining_laundry_garden_furniture,5,1476.16,295.23,0
2018-W15,signaling_and_security,5,1110.59,85.43,0
2018-W15,industry_commerce_and_business,9,1017.63,113.07,0
2018-W15,home_confort,5,972.2,194.44,0
2018-W15,books_general_interest,5,956.01,159.34,0
2018-W15,furniture_bedroom,2,948.49,316.16,0
2018-W15,costruction_tools_tools,6,722.06,103.15,0
2018-W15,agro_industry_and_commerce,2,669.61,334.81,0
2018-W15,air_conditioning,4,479.25,119.81,0
2018-W15,food,6,454.55,64.94,0
2018-W15,furniture_living_room,2,423.75,211.88,0
2018-W15,fashion_shoes,2,379.77,189.88,0
2018-W15,food_drink,2,345.45,115.15,0
2018-W15,fixed_telephony,2,322.54,161.27,0
2018-W15,art,4,315.86,78.96,0
2018-W15,costruction_tools_garden,2,258.77,86.26,0
2018-W15,market_place,3,236.73,78.91,0
2018-W15,party_supplies,1,160.52,80.26,0
2018-W15,fashion_underwear_beach,2,140.89,70.44,0
2018-W15,books_technical,3,135.41,45.14,0
2018-W15,books_imported,1,134.61,134.61,0
2018-W15,cine_photo,1,120.38,120.38,0
2018-W15,construction_tools_safety,1,106.56,106.56,0
2018-W15,flowers,1,64.93,64.93,0
2018-W15,diapers_and_hygiene,1,50.71,50.71,0
2018-W15,music,1,26.22,26.22,0
2018-W15,christmas_supplies,1,24.23,24.23,0
2018-W16,baby,58,31838.71,413.49,1
2018-W16,drinks,5,31088.08,1943.0,0
2018-W16,bed_bath_table,147,28696.44,152.64,1
2018-W16,health_beauty,141,25829.4,169.93,0
2018-W16,furniture_decor,129,25492.03,147.35,0
2018-W16,watches_gifts,102,22637.18,195.15,0
2018-W16,computers_accessories,131,21232.01,141.55,1
2018-W16,office_furniture,28,16923.18,412.76,0
2018-W16,housewares,109,15672.69,124.39,0
2018-W16,sports_leisure,110,15153.03,128.42,0
2018-W16,garden_tools,63,14423.79,163.91,0
2018-W16,auto,78,14299.69,160.67,0
2018-W16,cool_stuff,44,11032.51,229.84,1
2018-W16,toys,54,7041.11,121.4,0
2018-W16,telephony,72,6390.2,71.0,0
2018-W16,stationery,39,6211.41,108.97,0
2018-W16,pet_shop,33,6038.65,150.97,0
2018-W16,computers,7,6032.51,754.06,0
2018-W16,perfumery,32,5247.13,154.33,0
2018-W16,home_appliances_2,5,4979.47,829.91,0
2018-W16,home_construction,14,4420.03,200.91,0
2018-W16,construction_tools_construction,24,3917.32,156.69,0
2018-W16,small_appliances_home_oven_and_coffee,4,3548.97,887.24,0
2018-W16,home_appliances,25,3533.13,141.33,0
2018-W16,musical_instruments,14,3450.26,230.02,0
2018-W16,books_general_interest,17,3405.31,170.27,0
2018-W16,luggage_accessories,13,3382.11,187.9,0
2018-W16,electronics,37,3108.07,74.0,0
2018-W16,construction_tools_lights,12,2390.11,183.85,0
2018-W16,agro_industry_and_commerce,3,2211.9,737.3,0
2018-W16,consoles_games,9,2114.73,234.97,0
2018-W16,furniture_living_room,7,2032.87,254.11,0
2018-W16,costruction_tools_garden,4,1603.67,267.28,0
2018-W16,audio,7,1374.45,196.35,0
2018-W16,kitchen_dining_laundry_garden_furniture,6,1167.74,166.82,0
2018-W16,home_confort,2,1126.45,281.61,0
2018-W16,small_appliances,11,1111.39,92.62,0
2018-W16,industry_commerce_and_business,7,1001.99,143.14,0
2018-W16,signaling_and_security,4,971.96,138.85,0
2018-W16,fashion_bags_accessories,15,927.33,61.82,0
2018-W16,construction_tools_safety,5,881.92,176.38,0
2018-W16,unknown,6,845.58,120.8,0
2018-W16,la_cuisine,1,668.24,334.12,0
2018-W16,food,9,642.22,64.22,0
2018-W16,air_conditioning,3,627.37,209.12,0
2018-W16,art,6,593.13,98.86,0
2018-W16,furniture_bedroom,1,352.16,352.16,0
2018-W16,market_place,5,338.26,67.65,0
2018-W16,fashion_shoes,2,314.44,157.22,0
2018-W16,cine_photo,2,247.72,123.86,0
2018-W16,flowers,1,227.63,227.63,0
2018-W16,costruction_tools_tools,2,225.24,112.62,0
2018-W16,christmas_supplies,2,134.65,67.33,0
2018-W16,books_technical,3,123.15,30.79,0
2018-W16,cds_dvds_musicals,1,117.58,117.58,0
2018-W16,food_drink,2,104.99,52.5,0
2018-W16,diapers_and_hygiene,1,37.39,37.39,0
2018-W16,fixed_telephony,1,35.22,35.22,0
2018-W16,arts_and_craftmanship,1,34.22,34.22,0
2018-W17,watches_gifts,165,34452.27,185.23,0
2018-W17,health_beauty,165,27562.65,148.99,0
2018-W17,bed_bath_table,134,25165.69,149.8,0
2018-W17,sports_leisure,117,25075.61,176.59,2
2018-W17,furniture_decor,102,24835.03,174.89,1
2018-W17,housewares,105,23462.0,177.74,0
2018-W17,office_furniture,19,17329.0,541.53,0
2018-W17,garden_tools,65,16343.7,217.92,0
2018-W17,computers_accessories,89,13104.29,128.47,0
2018-W17,auto,71,12416.13,161.25,0
2018-W17,baby,42,11908.78,264.64,0
2018-W17,cool_stuff,44,9005.35,191.6,0
2018-W17,telephony,52,7328.6,109.38,0
2018-W17,fashion_bags_accessories,23,7296.44,202.68,0
2018-W17,toys,51,7225.36,138.95,1
2018-W17,pet_shop,38,5915.75,144.29,2
2018-W17,perfumery,35,4744.25,128.22,0
2018-W17,electronics,58,4585.27,72.78,0
2018-W17,home_appliances_2,6,4375.83,729.3,0
2018-W17,home_construction,19,3852.53,183.45,0
2018-W17,construction_tools_construction,16,3807.38,200.39,0
2018-W17,musical_instruments,12,3670.64,305.89,0
2018-W17,luggage_accessories,14,3079.3,192.46,0
2018-W17,industry_commerce_and_business,13,2913.53,182.1,0
2018-W17,stationery,27,2698.88,93.06,0
2018-W17,furniture_living_room,7,2223.78,277.97,0
2018-W17,small_appliances_home_oven_and_coffee,1,2114.63,2114.63,0
2018-W17,unknown,10,1997.35,166.45,0
2018-W17,signaling_and_security,10,1979.36,164.95,0
2018-W17,books_general_interest,11,1961.6,150.89,0
2018-W17,kitchen_dining_laundry_garden_furniture,7,1774.7,253.53,0
2018-W17,home_appliances,19,1642.15,78.2,0
2018-W17,audio,7,1369.17,195.6,0
2018-W17,small_appliances,10,1290.74,129.07,1
2018-W17,construction_tools_lights,7,1199.94,171.42,0
2018-W17,costruction_tools_garden,3,1111.75,222.35,0
2018-W17,fashio_female_clothing,1,1090.75,218.15,0
2018-W17,consoles_games,6,1000.63,166.77,0
2018-W17,art,9,993.8,110.42,0
2018-W17,agro_industry_and_commerce,4,882.5,220.63,0
2018-W17,food,10,876.87,79.72,0
2018-W17,construction_tools_safety,6,816.22,116.6,0
2018-W17,air_conditioning,7,783.66,111.95,0
2018-W17,books_technical,10,677.62,67.76,0
2018-W17,home_confort,3,507.64,101.53,0
2018-W17,christmas_supplies,3,417.31,69.55,0
2018-W17,fixed_telephony,1,410.84,410.84,0
2018-W17,fashion_shoes,3,409.76,136.59,0
2018-W17,drinks,8,379.38,47.42,0
2018-W17,food_drink,6,357.13,51.02,0
2018-W17,costruction_tools_tools,3,346.15,86.54,0
2018-W17,fashion_male_clothing,1,234.42,234.42,0
2018-W17,music,1,233.45,233.45,0
2018-W17,fashion_underwear_beach,3,208.21,69.4,0
2018-W17,cine_photo,1,182.69,182.69,0
2018-W17,market_place,4,176.98,25.28,0
2018-W17,tablets_printing_image,1,70.24,70.24,0
2018-W17,diapers_and_hygiene,1,56.15,56.15,0
2018-W17,dvds_blu_ray,2,40.42,20.21,0
2018-W17,books_imported,1,26.38,26.38,0
2018-W18,health_beauty,198,40765.75,168.45,1
2018-W18,watches_gifts,201,39590.09,185.87,0
2018-W18,bed_bath_table,142,32144.7,170.08,0
2018-W18,housewares,109,27430.43,200.22,0
2018-W18,furniture_decor,111,22191.07,160.8,0
2018-W18,sports_leisure,112,21842.19,168.02,0
2018-W18,computers_accessories,99,15544.09,143.93,0
2018-W18,cool_stuff,58,13192.47,212.78,0
2018-W18,garden_tools,72,12929.23,123.14,0
2018-W18,auto,72,12062.77,141.91,0
2018-W18,toys,51,8031.54,143.42,0
2018-W18,baby,60,8025.91,131.57,0
2018-W18,telephony,56,7909.05,134.05,0
2018-W18,fashion_bags_accessories,30,7323.11,215.39,0
2018-W18,perfumery,46,7043.21,130.43,0
2018-W18,home_appliances_2,7,7023.61,1003.37,0
2018-W18,stationery,28,6602.66,227.68,0
2018-W18,musical_instruments,11,5715.25,476.27,0
2018-W18,consoles_games,9,4451.31,296.75,0
2018-W18,pet_shop,29,3748.38,124.95,0
2018-W18,construction_tools_construction,15,3715.75,232.23,0
2018-W18,electronics,49,3351.66,65.72,1
2018-W18,office_furniture,13,2682.19,178.81,0
2018-W18,books_general_interest,16,2583.14,135.95,0
2018-W18,small_appliances_home_oven_and_coffee,2,2345.13,1172.57,0
2018-W18,furniture_living_room,3,2196.64,549.16,0
2018-W18,home_construction,13,2088.41,74.59,0
2018-W18,drinks,8,1756.84,146.4,0
2018-W18,construction_tools_safety,4,1608.84,321.77,0
2018-W18,small_appliances,8,1290.7,143.41,0
2018-W18,kitchen_dining_laundry_garden_furniture,3,1286.62,321.66,0
2018-W18,unknown,11,1219.06,60.95,1
2018-W18,luggage_accessories,10,1215.62,121.56,0
2018-W18,signaling_and_security,5,1099.67,183.28,0
2018-W18,construction_tools_lights,6,1072.52,153.22,0
2018-W18,books_technical,16,987.16,61.7,0
2018-W18,art,9,867.36,96.37,0
2018-W18,food,11,843.94,70.33,0
2018-W18,industry_commerce_and_business,6,744.67,124.11,0
2018-W18,fashion_shoes,3,724.0,241.33,0
2018-W18,audio,3,707.53,235.84,0
2018-W18,home_appliances,10,690.25,69.03,0
2018-W18,food_drink,5,577.84,96.31,0
2018-W18,music,3,455.2,151.73,0
2018-W18,air_conditioning,3,435.37,145.12,1
2018-W18,costruction_tools_garden,4,408.5,81.7,0
2018-W18,home_confort,1,372.06,372.06,0
2018-W18,cine_photo,2,328.23,164.12,0
2018-W18,furniture_bedroom,1,264.76,264.76,0
2018-W18,christmas_supplies,3,233.61,77.87,0
2018-W18,costruction_tools_tools,2,211.63,105.81,0
2018-W18,market_place,3,199.06,66.35,0
2018-W18,fixed_telephony,1,103.07,103.07,0
2018-W18,dvds_blu_ray,1,102.16,102.16,0
2018-W18,arts_and_craftmanship,1,101.05,101.05,0
2018-W18,flowers,2,97.1,48.55,0
2018-W18,fashion_underwear_beach,1,88.52,44.26,0
2018-W18,agro_industry_and_commerce,1,52.87,52.87,0
2018-W19,watches_gifts,208,45197.22,204.51,0
2018-W19,health_beauty,218,40181.98,158.2,0
2018-W19,computers_accessories,115,31930.72,200.82,0
2018-W19,furniture_decor,129,29706.38,164.12,0
2018-W19,housewares,129,28057.52,159.42,0
2018-W19,construction_tools_construction,30,23933.38,451.57,0
2018-W19,bed_bath_table,132,23813.42,140.08,0
2018-W19,sports_leisure,128,22451.06,155.91,0
2018-W19,garden_tools,56,15867.96,251.87,0
2018-W19,office_furniture,21,15429.87,497.74,0
2018-W19,auto,87,14724.46,158.33,1
2018-W19,computers,3,14498.52,1812.32,0
2018-W19,baby,56,13208.77,183.46,0
2018-W19,toys,63,11616.07,176.0,0
2018-W19,cool_stuff,47,8818.48,187.63,0
2018-W19,perfumery,52,8288.92,156.39,0
2018-W19,musical_instruments,17,7451.45,438.32,0
2018-W19,telephony,76,6913.57,87.51,0
2018-W19,construction_tools_lights,6,6061.47,432.96,2
2018-W19,home_construction,10,5138.8,302.28,0
2018-W19,construction_tools_safety,8,5088.74,424.06,4
2018-W19,pet_shop,38,4682.39,104.05,0
2018-W19,electronics,69,4141.72,57.52,0
2018-W19,luggage_accessories,11,3638.78,279.91,0
2018-W19,small_appliances_home_oven_and_coffee,3,3597.49,1199.16,0
2018-W19,stationery,30,3590.09,108.79,0
2018-W19,drinks,11,3543.27,196.85,0
2018-W19,fashion_bags_accessories,33,3541.91,101.2,0
2018-W19,small_appliances,11,3510.85,270.07,0
2018-W19,industry_commerce_and_business,14,3412.14,200.71,0
2018-W19,home_appliances_2,6,2911.82,485.3,0
2018-W19,consoles_games,11,2438.93,174.21,0
2018-W19,agro_industry_and_commerce,5,2436.03,487.21,0
2018-W19,portateis_cozinha_e_preparadores_de_alimentos,2,2046.41,1023.2,0
2018-W19,home_confort,7,1830.05,203.34,0
2018-W19,home_appliances,12,1792.46,149.37,0
2018-W19,air_conditioning,4,1480.08,296.02,0
2018-W19,unknown,12,1399.39,107.65,0
2018-W19,books_general_interest,14,1258.48,83.9,0
2018-W19,books_technical,14,1232.24,82.15,0
2018-W19,cine_photo,4,1186.27,296.57,0
2018-W19,audio,5,1080.79,216.16,0
2018-W19,art,12,950.76,73.14,0
2018-W19,costruction_tools_garden,6,876.8,125.26,0
2018-W19,market_place,6,612.87,102.14,0
2018-W19,fixed_telephony,3,588.88,196.29,1
2018-W19,music,2,476.18,238.09,0
2018-W19,food,10,459.0,45.9,0
2018-W19,dvds_blu_ray,2,328.04,109.35,0
2018-W19,fashion_shoes,2,304.77,101.59,0
2018-W19,furniture_living_room,2,253.0,126.5,0
2018-W19,furniture_bedroom,1,217.04,217.04,0
2018-W19,kitchen_dining_laundry_garden_furniture,1,166.06,166.06,0
2018-W19,christmas_supplies,2,153.65,76.83,0
2018-W19,fashion_male_clothing,1,149.87,149.87,0
2018-W19,fashion_underwear_beach,2,125.38,62.69,0
2018-W19,costruction_tools_tools,1,113.7,113.7,0
2018-W19,books_imported,3,92.98,30.99,0
2018-W19,food_drink,1,62.92,62.92,0
2018-W19,party_supplies,1,58.23,58.23,0
2018-W19,diapers_and_hygiene,1,58.23,58.23,0
2018-W20,housewares,136,41250.58,225.41,0
2018-W20,bed_bath_table,173,38852.62,171.91,1
2018-W20,health_beauty,152,30348.31,175.42,1
2018-W20,furniture_decor,132,30071.61,172.83,0
2018-W20,watches_gifts,110,25957.02,219.97,0
2018-W20,garden_tools,66,20328.68,233.66,0
2018-W20,computers_accessories,115,18953.77,141.45,0
2018-W20,sports_leisure,125,18244.94,131.26,1
2018-W20,auto,92,14483.15,149.31,0
2018-W20,electronics,71,12451.41,150.02,0
2018-W20,baby,60,12242.7,182.73,1
2018-W20,toys,56,11197.82,193.07,1
2018-W20,perfumery,48,10676.05,180.95,0
2018-W20,cool_stuff,46,10141.76,215.78,0
2018-W20,office_furniture,20,9289.29,387.05,0
2018-W20,musical_instruments,19,5656.51,282.83,0
2018-W20,telephony,59,4769.67,78.19,0
2018-W20,consoles_games,13,4710.14,261.67,0
2018-W20,stationery,33,4432.66,119.8,0
2018-W20,construction_tools_construction,21,4085.41,145.91,0
2018-W20,pet_shop,32,3740.94,93.52,0
2018-W20,small_appliances_home_oven_and_coffee,3,3518.31,1172.77,0
2018-W20,fashion_bags_accessories,24,3419.75,117.92,0
2018-W20,small_appliances,8,3255.86,361.76,0
2018-W20,home_appliances,22,3182.0,138.35,0
2018-W20,home_construction,13,3130.13,195.63,0
2018-W20,home_appliances_2,5,2925.18,585.04,0
2018-W20,books_general_interest,17,2923.28,162.4,1
2018-W20,luggage_accessories,11,2896.93,193.13,0
2018-W20,construction_tools_lights,17,2485.44,124.27,0
2018-W20,unknown,10,2475.4,165.03,0
2018-W20,kitchen_dining_laundry_garden_furniture,3,2416.73,604.18,0
2018-W20,industry_commerce_and_business,12,2160.02,144.0,0
2018-W20,furniture_living_room,4,2122.38,424.48,0
2018-W20,food_drink,8,2083.07,138.87,0
2018-W20,construction_tools_safety,7,1548.89,193.61,0
2018-W20,food,14,1533.54,76.68,0
2018-W20,art,11,1289.27,107.44,0
2018-W20,furniture_bedroom,2,1246.26,415.42,0
2018-W20,home_confort,5,1157.39,192.9,0
2018-W20,air_conditioning,7,1054.77,150.68,0
2018-W20,books_technical,14,895.65,63.98,0
2018-W20,cine_photo,8,885.78,98.42,0
2018-W20,audio,8,533.03,59.23,0
2018-W20,drinks,5,520.93,86.82,0
2018-W20,agro_industry_and_commerce,1,453.53,453.53,0
2018-W20,signaling_and_security,2,367.62,183.81,0
2018-W20,market_place,3,355.18,88.8,0
2018-W20,fixed_telephony,3,324.15,108.05,0
2018-W20,fashion_shoes,2,309.59,154.8,0
2018-W20,christmas_supplies,1,259.03,259.03,0
2018-W20,dvds_blu_ray,2,197.36,28.19,0
2018-W20,books_imported,3,124.54,41.51,0
2018-W20,costruction_tools_garden,1,66.42,66.42,0
2018-W20,fashion_underwear_beach,1,62.69,62.69,0
2018-W20,tablets_printing_image,1,58.19,58.19,0
2018-W20,diapers_and_hygiene,1,50.71,50.71,0
2018-W21,computers_accessories,64,26768.01,356.91,0
2018-W21,bed_bath_table,113,20214.94,138.46,0
2018-W21,watches_gifts,49,19451.96,308.76,0
2018-W21,health_beauty,90,13780.42,133.79,3
2018-W21,furniture_decor,65,13435.32,158.06,3
2018-W21,office_furniture,17,13417.66,536.71,0
2018-W21,housewares,75,11791.66,140.38,0
2018-W21,sports_leisure,52,9080.4,156.56,0
2018-W21,garden_tools,28,8673.74,197.13,0
2018-W21,computers,2,8158.93,2039.73,0
2018-W21,cool_stuff,15,5094.93,299.7,0
2018-W21,toys,34,5015.28,139.31,0
2018-W21,construction_tools_construction,16,4988.54,262.55,0
2018-W21,home_construction,15,4742.65,263.48,0
2018-W21,auto,35,4637.52,125.34,0
2018-W21,electronics,27,4506.12,166.89,1
2018-W21,small_appliances,8,4407.59,339.05,0
2018-W21,fixed_telephony,5,4280.43,428.04,0
2018-W21,telephony,34,3684.57,94.48,0
2018-W21,baby,26,3538.55,104.08,0
2018-W21,construction_tools_safety,6,3247.94,541.32,0
2018-W21,perfumery,22,3017.92,125.75,0
2018-W21,small_appliances_home_oven_and_coffee,2,2472.75,1236.38,0
2018-W21,pet_shop,21,2411.82,96.47,0
2018-W21,stationery,21,1900.09,82.61,0
2018-W21,food_drink,3,1340.0,223.33,0
2018-W21,musical_instruments,6,1092.18,156.03,0
2018-W21,fashion_bags_accessories,12,1083.96,90.33,0
2018-W21,luggage_accessories,7,1033.77,147.68,0
2018-W21,home_appliances,13,1030.45,73.6,0
2018-W21,books_technical,10,853.82,85.38,0
2018-W21,home_confort,6,764.07,127.34,0
2018-W21,drinks,9,688.7,68.87,0
2018-W21,books_imported,3,559.62,93.27,0
2018-W21,kitchen_dining_laundry_garden_furniture,3,534.81,133.7,0
2018-W21,unknown,5,464.82,92.96,0
2018-W21,industry_commerce_and_business,3,369.28,123.09,0
2018-W21,construction_tools_lights,3,354.6,118.2,0
2018-W21,costruction_tools_garden,2,343.73,114.58,0
2018-W21,home_appliances_2,2,307.63,153.81,0
2018-W21,consoles_games,3,238.68,59.67,0
2018-W21,books_general_interest,2,220.6,110.3,0
2018-W21,food,4,195.13,48.78,0
2018-W21,cine_photo,2,194.74,97.37,0
2018-W21,art,3,191.67,63.89,0
2018-W21,market_place,1,169.52,84.76,0
2018-W21,audio,1,128.78,128.78,0
2018-W21,air_conditioning,1,119.2,119.2,0
2018-W21,costruction_tools_tools,1,68.31,68.31,0
2018-W21,fashion_underwear_beach,1,68.13,68.13,0
2018-W21,christmas_supplies,1,54.22,54.22,0
2018-W21,diapers_and_hygiene,1,50.71,50.71,0
2018-W21,dvds_blu_ray,1,43.04,43.04,0
2018-W21,party_supplies,1,24.29,24.29,0
2018-W22,watches_gifts,87,30344.51,329.83,0
2018-W22,health_beauty,106,27906.61,234.51,0
2018-W22,housewares,93,27241.44,206.37,0
2018-W22,bed_bath_table,114,20275.63,148.0,0
2018-W22,signaling_and_security,1,19457.04,3242.84,0
2018-W22,furniture_decor,61,14558.9,161.77,0
2018-W22,sports_leisure,74,14359.97,166.98,0
2018-W22,baby,44,11606.91,227.59,0
2018-W22,auto,38,11152.55,259.36,0
2018-W22,small_appliances,5,10054.51,1436.36,0
2018-W22,toys,39,7701.94,179.11,0
2018-W22,computers_accessories,42,6882.74,152.95,2
2018-W22,telephony,40,6328.21,147.17,0
2018-W22,perfumery,30,5717.12,190.57,0
2018-W22,pet_shop,24,5541.95,205.26,0
2018-W22,home_construction,18,5511.99,239.65,0
2018-W22,office_furniture,12,4452.53,318.04,0
2018-W22,garden_tools,27,4169.02,134.48,0
2018-W22,musical_instruments,13,4114.33,316.49,0
2018-W22,furniture_living_room,4,3415.53,569.25,0
2018-W22,cool_stuff,16,3384.45,199.09,0
2018-W22,stationery,25,3347.1,128.73,0
2018-W22,construction_tools_construction,16,3046.81,169.27,0
2018-W22,fashion_bags_accessories,17,1855.67,84.35,0
2018-W22,home_appliances,17,1707.64,100.45,0
2018-W22,consoles_games,9,1678.97,152.63,0
2018-W22,computers,2,1653.37,826.68,0
2018-W22,luggage_accessories,5,1583.32,316.66,0
2018-W22,audio,5,1538.36,307.67,0
2018-W22,construction_tools_lights,7,1482.79,211.83,0
2018-W22,electronics,29,1475.71,49.19,0
2018-W22,kitchen_dining_laundry_garden_furniture,3,1245.0,311.25,0
2018-W22,industry_commerce_and_business,7,921.47,131.64,0
2018-W22,fashion_shoes,6,815.48,135.91,0
2018-W22,furniture_bedroom,2,602.57,301.28,0
2018-W22,art,5,584.79,116.96,0
2018-W22,home_appliances_2,2,538.6,179.53,0
2018-W22,agro_industry_and_commerce,1,490.79,490.79,0
2018-W22,construction_tools_safety,2,470.2,235.1,0
2018-W22,books_technical,5,462.53,92.51,0
2018-W22,costruction_tools_garden,4,386.04,96.51,0
2018-W22,books_general_interest,4,258.7,51.74,0
2018-W22,costruction_tools_tools,2,225.24,112.62,0
2018-W22,music,1,205.9,205.9,0
2018-W22,party_supplies,1,175.84,87.92,0
2018-W22,unknown,3,153.5,51.17,0
2018-W22,food,2,113.45,56.73,0
2018-W22,fashion_childrens_clothes,1,97.48,97.48,0
2018-W22,cine_photo,1,90.24,90.24,0
2018-W22,fashion_male_clothing,1,83.33,83.33,0
2018-W22,market_place,1,67.22,67.22,0
2018-W22,fashion_underwear_beach,1,62.69,62.69,0
2018-W22,fixed_telephony,2,57.98,28.99,0
2018-W22,diapers_and_hygiene,1,49.79,49.79,0
2018-W22,food_drink,1,36.96,36.96,0
2018-W23,health_beauty,183,36755.09,184.7,1
2018-W23,bed_bath_table,161,29432.76,131.4,1
2018-W23,housewares,113,29102.3,174.27,0
2018-W23,computers_accessories,97,21745.23,189.09,0
2018-W23,watches_gifts,89,18844.85,204.84,0
2018-W23,baby,55,13529.01,218.21,0
2018-W23,furniture_decor,53,13334.34,202.04,0
2018-W23,auto,66,13311.09,160.37,0
2018-W23,air_conditioning,3,11776.29,1308.48,0
2018-W23,sports_leisure,72,11036.74,139.71,0
2018-W23,perfumery,50,8832.5,166.65,0
2018-W23,telephony,42,8739.9,194.22,0
2018-W23,garden_tools,36,8403.01,175.06,0
2018-W23,consoles_games,4,6878.07,1375.61,0
2018-W23,pet_shop,41,6437.13,139.94,0
2018-W23,small_appliances,15,6009.78,353.52,0
2018-W23,kitchen_dining_laundry_garden_furniture,4,5581.88,697.74,0
2018-W23,stationery,46,5471.04,99.47,0
2018-W23,office_furniture,14,5332.49,313.68,0
2018-W23,toys,42,4916.84,98.34,0
2018-W23,musical_instruments,10,4750.17,475.02,0
2018-W23,home_construction,14,3614.22,200.79,0
2018-W23,cool_stuff,20,3449.77,156.81,0
2018-W23,construction_tools_construction,21,2872.19,136.77,0
2018-W23,fashion_bags_accessories,20,2504.4,113.84,0
2018-W23,electronics,39,2462.39,60.06,0
2018-W23,agro_industry_and_commerce,2,1775.98,887.99,0
2018-W23,industry_commerce_and_business,4,1746.06,249.44,0
2018-W23,home_appliances_2,5,1708.75,341.75,0
2018-W23,construction_tools_lights,9,1702.64,154.79,0
2018-W23,home_confort,8,1590.77,159.08,0
2018-W23,signaling_and_security,5,1554.24,259.04,0
2018-W23,home_appliances,14,1486.26,106.16,0
2018-W23,luggage_accessories,10,1462.09,146.21,0
2018-W23,unknown,8,1429.6,178.7,0
2018-W23,books_general_interest,9,1055.55,105.55,0
2018-W23,furniture_living_room,5,1035.67,207.13,0
2018-W23,drinks,7,888.4,111.05,0
2018-W23,computers,1,870.11,870.11,0
2018-W23,books_technical,6,565.83,94.31,0
2018-W23,furniture_bedroom,2,534.2,267.1,0
2018-W23,costruction_tools_tools,3,511.19,170.4,0
2018-W23,food_drink,4,447.57,74.59,0
2018-W23,food,6,425.14,70.86,0
2018-W23,fashion_shoes,3,333.69,111.23,0
2018-W23,christmas_supplies,2,301.3,100.43,0
2018-W23,market_place,3,277.47,92.49,0
2018-W23,art,2,234.87,117.44,0
2018-W23,construction_tools_safety,3,207.53,51.88,0
2018-W23,fixed_telephony,2,199.8,99.9,0
2018-W23,cine_photo,1,127.64,127.64,0
2018-W23,books_imported,2,116.46,58.23,0
2018-W23,home_comfort_2,1,102.76,51.38,0
2018-W23,costruction_tools_garden,1,89.38,89.38,0
2018-W23,diapers_and_hygiene,2,88.08,44.04,0
2018-W23,dvds_blu_ray,1,75.85,75.85,0
2018-W23,tablets_printing_image,1,72.85,72.85,0
2018-W23,fashion_male_clothing,1,61.78,61.78,0
2018-W23,audio,1,30.13,30.13,0
2018-W23,party_supplies,1,29.69,29.69,0
2018-W24,health_beauty,194,37028.24,165.3,0
2018-W24,watches_gifts,123,31010.4,218.38,0
2018-W24,bed_bath_table,158,25346.23,131.33,0
2018-W24,housewares,116,20096.07,151.1,1
2018-W24,furniture_decor,78,17553.74,179.12,0
2018-W24,sports_leisure,99,17519.59,133.74,1
2018-W24,computers,3,14169.04,2361.51,0
2018-W24,telephony,54,11690.68,182.67,0
2018-W24,auto,52,11288.25,194.63,0
2018-W24,toys,45,10781.26,189.14,0
2018-W24,computers_accessories,74,10721.0,130.74,0
2018-W24,perfumery,48,10613.06,176.88,0
2018-W24,construction_tools_construction,27,9693.71,346.2,0
2018-W24,baby,46,9295.84,175.39,0
2018-W24,pet_shop,36,8253.22,179.42,0
2018-W24,cool_stuff,18,7115.76,395.32,0
2018-W24,electronics,41,6334.75,129.28,0
2018-W24,stationery,37,6001.02,117.67,0
2018-W24,garden_tools,40,5341.25,124.22,0
2018-W24,small_appliances,10,4620.53,420.05,0
2018-W24,musical_instruments,12,4290.75,306.48,0
2018-W24,small_appliances_home_oven_and_coffee,3,3672.13,1224.04,0
2018-W24,office_furniture,10,3663.67,281.82,0
2018-W24,fashion_bags_accessories,21,2806.69,127.58,0
2018-W24,home_construction,16,2687.94,168.0,0
2018-W24,air_conditioning,4,2028.98,507.25,0
2018-W24,home_appliances,15,1518.5,101.23,0
2018-W24,luggage_accessories,10,1454.06,145.41,0
2018-W24,furniture_living_room,8,1368.21,171.03,0
2018-W24,signaling_and_security,5,1200.92,171.56,0
2018-W24,books_general_interest,7,1140.53,126.73,0
2018-W24,consoles_games,13,1115.16,85.78,0
2018-W24,art,10,1063.91,106.39,0
2018-W24,kitchen_dining_laundry_garden_furniture,3,1052.29,75.16,0
2018-W24,cine_photo,4,881.84,176.37,0
2018-W24,construction_tools_safety,4,805.57,201.39,0
2018-W24,construction_tools_lights,4,757.86,126.31,0
2018-W24,food,9,737.89,81.99,0
2018-W24,dvds_blu_ray,3,599.15,149.79,0
2018-W24,drinks,12,590.11,45.39,0
2018-W24,unknown,4,506.13,126.53,0
2018-W24,fixed_telephony,4,480.48,120.12,0
2018-W24,fashion_underwear_beach,1,478.25,95.65,0
2018-W24,industry_commerce_and_business,4,458.04,114.51,0
2018-W24,furniture_bedroom,1,453.88,453.88,0
2018-W24,home_confort,2,416.28,208.14,0
2018-W24,books_technical,6,360.41,60.07,0
2018-W24,agro_industry_and_commerce,2,329.58,164.79,0
2018-W24,fashion_shoes,2,318.06,159.03,0
2018-W24,flowers,1,281.4,140.7,0
2018-W24,books_imported,4,264.64,66.16,0
2018-W24,audio,3,220.87,73.62,0
2018-W24,music,2,158.0,79.0,0
2018-W24,costruction_tools_garden,2,109.24,54.62,0
2018-W24,party_supplies,1,82.69,82.69,0
2018-W24,market_place,2,72.58,36.29,0
2018-W24,diapers_and_hygiene,1,49.92,49.92,0
2018-W24,home_appliances_2,1,36.67,36.67,0
2018-W25,health_beauty,205,33059.05,143.74,0
2018-W25,bed_bath_table,171,29177.9,143.03,0
2018-W25,watches_gifts,101,28718.38,235.4,0
2018-W25,sports_leisure,93,19597.1,179.79,0
2018-W25,housewares,96,15577.0,132.01,2
2018-W25,auto,68,13896.31,190.36,0
2018-W25,computers_accessories,90,13727.86,122.57,2
2018-W25,furniture_decor,73,13110.39,148.98,0
2018-W25,computers,2,10879.09,2719.77,0
2018-W25,baby,50,8813.77,146.9,0
2018-W25,pet_shop,29,8284.37,192.66,0
2018-W25,office_furniture,19,7610.67,304.43,0
2018-W25,perfumery,30,6335.67,191.99,0
2018-W25,construction_tools_construction,28,6258.15,189.64,0
2018-W25,telephony,56,5438.63,90.64,0
2018-W25,home_appliances_2,6,5165.12,860.85,0
2018-W25,garden_tools,23,5127.88,165.42,0
2018-W25,cool_stuff,23,4856.48,211.15,0
2018-W25,electronics,43,4803.66,102.21,0
2018-W25,stationery,30,4334.45,117.15,0
2018-W25,toys,35,4002.02,102.62,0
2018-W25,construction_tools_lights,8,2605.5,186.11,0
2018-W25,home_construction,13,2120.64,132.54,0
2018-W25,fashion_bags_accessories,15,2004.0,100.2,0
2018-W25,fixed_telephony,3,1777.51,444.38,0
2018-W25,musical_instruments,5,1750.91,291.82,0
2018-W25,home_appliances,12,1678.58,139.88,0
2018-W25,luggage_accessories,10,1548.03,140.73,0
2018-W25,consoles_games,8,1492.4,165.82,0
2018-W25,books_general_interest,10,1302.75,118.43,1
2018-W25,small_appliances,10,1155.71,115.57,0
2018-W25,kitchen_dining_laundry_garden_furniture,8,1139.97,126.66,1
2018-W25,books_technical,11,1069.16,97.2,0
2018-W25,audio,8,964.49,107.17,0
2018-W25,unknown,7,831.18,118.74,0
2018-W25,signaling_and_security,5,823.57,164.71,0
2018-W25,industry_commerce_and_business,4,797.88,199.47,0
2018-W25,furniture_living_room,6,753.21,107.6,0
2018-W25,drinks,8,751.2,75.12,0
2018-W25,construction_tools_safety,3,746.56,248.85,0
2018-W25,art,6,638.45,106.41,0
2018-W25,furniture_bedroom,2,562.45,187.48,0
2018-W25,home_confort,3,471.37,157.12,0
2018-W25,fashion_shoes,2,433.16,216.58,0
2018-W25,agro_industry_and_commerce,2,244.48,122.24,0
2018-W25,costruction_tools_garden,2,210.69,105.34,0
2018-W25,fashion_male_clothing,1,195.16,97.58,0
2018-W25,food,3,192.02,48.01,0
2018-W25,food_drink,3,177.43,59.14,0
2018-W25,diapers_and_hygiene,2,160.3,80.15,0
2018-W25,christmas_supplies,2,89.9,44.95,0
2018-W25,books_imported,1,69.06,69.06,0
2018-W25,air_conditioning,1,64.62,64.62,0
2018-W25,market_place,1,64.43,64.43,0
2018-W25,cine_photo,2,37.58,18.79,0
2018-W25,music,1,11.56,5.78,0
2018-W26,health_beauty,167,25914.88,133.58,0
2018-W26,bed_bath_table,130,25826.75,159.42,0
2018-W26,housewares,111,25817.6,166.57,2
2018-W26,furniture_decor,89,23654.01,193.89,0
2018-W26,watches_gifts,101,22472.95,214.03,0
2018-W26,computers_accessories,87,17736.04,175.6,2
2018-W26,sports_leisure,92,16918.76,161.13,3
2018-W26,garden_tools,47,15113.08,222.25,0
2018-W26,auto,65,13389.84,183.42,0
2018-W26,musical_instruments,13,8175.99,545.07,0
2018-W26,baby,41,7692.94,167.24,0
2018-W26,construction_tools_construction,28,7421.87,239.42,0
2018-W26,cool_stuff,32,5707.03,167.85,0
2018-W26,pet_shop,38,5017.48,125.44,0
2018-W26,toys,39,4932.91,117.45,0
2018-W26,telephony,37,4490.26,112.26,1
2018-W26,perfumery,20,4424.22,176.97,0
2018-W26,office_furniture,12,3879.72,215.54,0
2018-W26,electronics,44,3717.05,72.88,0
2018-W26,small_appliances,8,3444.57,382.73,0
2018-W26,stationery,24,2664.81,106.59,0
2018-W26,home_construction,11,2222.66,170.97,0
2018-W26,home_appliances_2,5,2139.08,112.58,0
2018-W26,industry_commerce_and_business,6,1937.22,242.15,0
2018-W26,furniture_living_room,9,1894.08,145.7,0
2018-W26,fashion_bags_accessories,20,1862.76,84.67,0
2018-W26,consoles_games,18,1835.25,96.59,0
2018-W26,home_appliances,17,1821.37,107.14,0
2018-W26,books_general_interest,6,1814.76,259.25,0
2018-W26,agro_industry_and_commerce,4,1490.39,372.6,0
2018-W26,construction_tools_lights,10,1428.66,142.87,0
2018-W26,computers,2,1158.44,579.22,0
2018-W26,kitchen_dining_laundry_garden_furniture,4,950.92,190.18,0
2018-W26,art,8,851.09,106.39,0
2018-W26,fixed_telephony,4,668.03,133.61,0
2018-W26,furniture_bedroom,2,456.63,228.31,0
2018-W26,home_confort,3,452.42,150.81,0
2018-W26,costruction_tools_garden,3,434.1,144.7,0
2018-W26,cine_photo,2,422.97,70.5,0
2018-W26,luggage_accessories,3,318.62,79.66,0
2018-W26,audio,5,312.35,52.06,0
2018-W26,fashion_male_clothing,3,311.74,103.91,0
2018-W26,market_place,1,264.31,264.31,0
2018-W26,construction_tools_safety,3,262.0,87.33,0
2018-W26,food,5,245.25,49.05,0
2018-W26,air_conditioning,2,199.5,99.75,0
2018-W26,christmas_supplies,2,185.53,92.77,0
2018-W26,books_imported,2,156.0,78.0,0
2018-W26,unknown,2,147.82,36.95,0
2018-W26,drinks,2,90.29,45.14,0
2018-W26,signaling_and_security,1,89.77,89.77,0
2018-W26,diapers_and_hygiene,1,79.61,79.61,0
2018-W26,fashion_underwear_beach,1,78.42,39.21,0
2018-W26,food_drink,1,62.17,62.17,0
2018-W26,books_technical,1,51.44,51.44,0
2018-W26,dvds_blu_ray,1,16.29,16.29,0
2018-W27,housewares,85,30496.88,269.88,0
2018-W27,health_beauty,164,28388.61,155.13,0
2018-W27,bed_bath_table,104,21920.77,171.26,0
2018-W27,sports_leisure,101,18913.79,161.66,1
2018-W27,signaling_and_security,4,18831.71,1883.17,0
2018-W27,watches_gifts,86,16215.66,180.17,0
2018-W27,furniture_decor,71,14241.89,153.14,0
2018-W27,computers_accessories,76,10352.87,123.25,3
2018-W27,garden_tools,33,8358.46,225.9,0
2018-W27,auto,57,7762.08,127.25,0
2018-W27,baby,38,5841.71,146.04,0
2018-W27,perfumery,34,5519.07,131.41,3
2018-W27,construction_tools_construction,18,4925.69,246.28,0
2018-W27,stationery,26,3890.41,138.94,0
2018-W27,industry_commerce_and_business,3,3752.53,1250.84,0
2018-W27,home_appliances_2,3,3709.59,1236.53,0
2018-W27,pet_shop,24,3706.8,137.29,0
2018-W27,toys,34,3697.52,102.71,0
2018-W27,telephony,33,3395.99,97.03,0
2018-W27,small_appliances_home_oven_and_coffee,2,2884.45,961.48,0
2018-W27,office_furniture,10,2863.13,238.59,0
2018-W27,cool_stuff,20,2831.73,134.84,0
2018-W27,consoles_games,11,2365.58,215.05,0
2018-W27,home_construction,13,1873.66,144.13,0
2018-W27,kitchen_dining_laundry_garden_furniture,7,1633.92,204.24,0
2018-W27,electronics,22,1587.82,72.17,0
2018-W27,small_appliances,9,1395.42,139.54,0
2018-W27,construction_tools_lights,5,1332.15,222.03,0
2018-W27,books_general_interest,6,1320.94,220.16,0
2018-W27,home_appliances,14,1195.57,85.4,0
2018-W27,furniture_living_room,7,1055.46,131.93,0
2018-W27,costruction_tools_tools,1,958.88,479.44,0
2018-W27,costruction_tools_garden,6,854.37,94.93,3
2018-W27,music,1,781.51,781.51,0
2018-W27,food,11,747.67,62.31,0
2018-W27,books_imported,3,734.31,146.86,0
2018-W27,books_technical,8,695.79,86.97,0
2018-W27,agro_industry_and_commerce,2,658.22,329.11,0
2018-W27,fashion_bags_accessories,10,628.21,62.82,0
2018-W27,computers,1,627.86,627.86,0
2018-W27,audio,1,621.28,621.28,0
2018-W27,art,5,525.98,105.2,0
2018-W27,luggage_accessories,8,494.61,61.83,0
2018-W27,air_conditioning,2,416.16,208.08,0
2018-W27,construction_tools_safety,2,222.64,111.32,0
2018-W27,unknown,3,193.83,64.61,0
2018-W27,furniture_mattress_and_upholstery,1,141.83,141.83,0
2018-W27,food_drink,2,131.78,65.89,0
2018-W27,cine_photo,1,120.95,120.95,0
2018-W27,drinks,2,114.98,57.49,0
2018-W27,home_confort,1,103.26,103.26,0
2018-W27,fashion_underwear_beach,1,68.35,68.35,0
2018-W27,fixed_telephony,1,52.42,52.42,0
2018-W27,christmas_supplies,1,40.17,40.17,0
2018-W28,health_beauty,133,30466.7,205.86,0
2018-W28,watches_gifts,116,27800.86,207.47,0
2018-W28,cool_stuff,28,18650.65,643.13,4
2018-W28,housewares,59,12692.23,169.23,3
2018-W28,bed_bath_table,68,11521.29,137.16,1
2018-W28,sports_leisure,54,9347.65,148.38,0
2018-W28,auto,49,8710.51,158.37,0
2018-W28,computers_accessories,62,8652.41,129.14,0
2018-W28,furniture_decor,39,7490.71,174.2,0
2018-W28,small_appliances,6,6427.83,803.48,0
2018-W28,home_appliances_2,6,5829.3,971.55,0
2018-W28,musical_instruments,10,5519.98,460.0,0
2018-W28,perfumery,25,4726.48,143.23,0
2018-W28,garden_tools,20,4661.2,202.66,0
2018-W28,telephony,26,4486.61,140.21,0
2018-W28,baby,32,4116.14,114.34,0
2018-W28,furniture_living_room,9,4043.69,311.05,0
2018-W28,pet_shop,19,3716.3,154.85,0
2018-W28,toys,23,3277.48,142.5,1
2018-W28,stationery,25,2920.64,108.17,0
2018-W28,office_furniture,11,2799.7,233.31,0
2018-W28,construction_tools_construction,15,2401.14,160.08,0
2018-W28,electronics,27,2194.53,75.67,0
2018-W28,signaling_and_security,8,1988.22,165.69,0
2018-W28,computers,2,1598.86,799.43,0
2018-W28,consoles_games,7,1384.14,197.73,0
2018-W28,home_construction,11,1286.12,107.18,0
2018-W28,luggage_accessories,10,1156.45,105.13,0
2018-W28,art,8,957.29,106.37,0
2018-W28,fashion_bags_accessories,8,933.87,103.76,0
2018-W28,unknown,8,931.72,103.52,0
2018-W28,cine_photo,3,909.3,303.1,0
2018-W28,food,12,871.16,72.6,0
2018-W28,air_conditioning,1,699.98,349.99,0
2018-W28,books_general_interest,2,676.1,338.05,0
2018-W28,construction_tools_lights,5,641.92,106.99,0
2018-W28,agro_industry_and_commerce,1,614.63,614.63,0
2018-W28,home_confort,3,610.96,203.65,0
2018-W28,books_technical,4,575.86,143.97,0
2018-W28,home_appliances,10,560.72,56.07,0
2018-W28,costruction_tools_garden,3,474.5,94.9,0
2018-W28,costruction_tools_tools,2,307.5,153.75,0
2018-W28,industry_commerce_and_business,2,251.28,125.64,0
2018-W28,drinks,3,237.15,79.05,0
2018-W28,fashion_shoes,1,227.75,227.75,0
2018-W28,kitchen_dining_laundry_garden_furniture,2,136.74,68.37,0
2018-W28,food_drink,2,116.53,58.27,0
2018-W28,construction_tools_safety,1,114.79,114.79,0
2018-W28,home_comfort_2,1,106.44,53.22,0
2018-W28,dvds_blu_ray,1,96.88,96.88,0
2018-W28,music,1,87.48,87.48,0
2018-W28,books_imported,2,79.96,39.98,0
2018-W28,market_place,1,71.39,71.39,0
2018-W28,party_supplies,1,54.44,54.44,0
2018-W28,audio,2,49.98,24.99,0
2018-W28,diapers_and_hygiene,1,49.92,49.92,0
2018-W29,health_beauty,204,34273.01,156.5,2
2018-W29,bed_bath_table,152,28736.31,155.33,0
2018-W29,watches_gifts,142,28348.08,188.99,0
2018-W29,furniture_decor,93,19577.7,160.47,1
2018-W29,auto,91,17727.4,182.76,2
2018-W29,sports_leisure,93,16934.94,162.84,1
2018-W29,housewares,114,16536.15,129.19,0
2018-W29,office_furniture,22,13935.88,435.5,0
2018-W29,electronics,40,13759.26,280.8,5
2018-W29,computers_accessories,96,13420.17,124.26,0
2018-W29,telephony,59,11859.65,191.28,0
2018-W29,garden_tools,40,7878.26,175.07,0
2018-W29,pet_shop,38,7474.17,155.71,0
2018-W29,stationery,44,7134.6,151.8,0
2018-W29,perfumery,42,6789.43,135.79,1
2018-W29,cool_stuff,26,6484.28,231.58,0
2018-W29,construction_tools_lights,16,5851.9,225.07,0
2018-W29,baby,47,5782.47,96.37,1
2018-W29,construction_tools_construction,22,5511.65,190.06,0
2018-W29,costruction_tools_tools,4,5014.51,1002.9,0
2018-W29,toys,41,4775.15,108.53,0
2018-W29,agro_industry_and_commerce,13,3695.1,246.34,0
2018-W29,home_appliances_2,9,3377.1,337.71,0
2018-W29,small_appliances,10,2843.61,189.57,0
2018-W29,home_construction,14,2564.11,170.94,0
2018-W29,furniture_living_room,16,2557.03,142.06,0
2018-W29,fashion_bags_accessories,16,2085.12,122.65,0
2018-W29,home_appliances,21,2077.16,98.91,0
2018-W29,small_appliances_home_oven_and_coffee,5,2047.25,409.45,0
2018-W29,luggage_accessories,13,1524.53,117.27,0
2018-W29,food,13,1457.19,97.15,0
2018-W29,industry_commerce_and_business,7,1408.12,176.01,0
2018-W29,kitchen_dining_laundry_garden_furniture,4,1382.88,345.72,0
2018-W29,home_confort,9,1368.98,152.11,0
2018-W29,consoles_games,10,1361.47,113.46,0
2018-W29,construction_tools_safety,7,1313.71,187.67,0
2018-W29,musical_instruments,9,1093.11,121.46,0
2018-W29,audio,13,1044.97,74.64,0
2018-W29,unknown,7,1029.84,128.73,0
2018-W29,drinks,7,667.73,95.39,0
2018-W29,air_conditioning,3,647.55,215.85,0
2018-W29,fixed_telephony,3,619.47,206.49,0
2018-W29,food_drink,5,570.66,95.11,0
2018-W29,fashion_shoes,3,508.49,169.5,0
2018-W29,signaling_and_security,2,443.88,221.94,0
2018-W29,art,3,389.95,129.98,0
2018-W29,books_technical,6,383.23,63.87,0
2018-W29,arts_and_craftmanship,3,332.23,110.74,0
2018-W29,furniture_bedroom,1,218.62,218.62,0
2018-W29,books_general_interest,5,209.57,34.93,0
2018-W29,costruction_tools_garden,3,141.07,47.02,0
2018-W29,portateis_cozinha_e_preparadores_de_alimentos,3,113.06,37.69,0
2018-W29,flowers,2,83.36,41.68,0
2018-W29,christmas_supplies,1,50.1,50.1,0
2018-W29,diapers_and_hygiene,1,49.92,49.92,0
2018-W29,fashion_male_clothing,1,43.17,43.17,0
2018-W29,party_supplies,1,29.92,29.92,0
2018-W29,music,1,24.29,24.29,0
2018-W29,cine_photo,1,23.29,23.29,0
2018-W30,health_beauty,140,39610.56,222.53,0
2018-W30,housewares,134,38829.25,224.45,2
2018-W30,furniture_decor,97,30061.42,221.04,0
2018-W30,watches_gifts,111,23598.22,203.43,0
2018-W30,bed_bath_table,125,23182.12,150.53,14
2018-W30,sports_leisure,120,21777.92,163.74,0
2018-W30,computers_accessories,102,16664.95,140.04,0
2018-W30,garden_tools,45,14128.86,227.88,0
2018-W30,auto,90,13265.66,136.76,0
2018-W30,baby,64,9921.39,135.91,5
2018-W30,cool_stuff,26,9110.84,325.39,0
2018-W30,construction_tools_construction,28,8564.0,231.46,0
2018-W30,perfumery,53,8541.36,144.77,0
2018-W30,telephony,60,8482.91,132.55,1
2018-W30,toys,34,8385.8,190.59,0
2018-W30,computers,2,7605.19,3802.6,0
2018-W30,pet_shop,32,7497.72,208.27,0
2018-W30,stationery,46,6733.26,116.09,0
2018-W30,office_furniture,10,5327.33,443.94,0
2018-W30,musical_instruments,10,3732.77,339.34,1
2018-W30,agro_industry_and_commerce,10,3145.82,314.58,0
2018-W30,luggage_accessories,15,3084.96,205.66,0
2018-W30,electronics,36,3032.68,77.76,2
2018-W30,fashion_bags_accessories,29,2887.06,93.13,0
2018-W30,furniture_living_room,10,2813.9,281.39,0
2018-W30,home_construction,15,2691.62,158.33,0
2018-W30,consoles_games,12,2494.61,207.88,0
2018-W30,unknown,18,2457.52,111.71,0
2018-W30,costruction_tools_tools,3,2245.28,748.43,0
2018-W30,construction_tools_lights,9,1804.46,150.37,0
2018-W30,furniture_bedroom,5,1789.35,178.94,0
2018-W30,books_general_interest,8,1681.76,210.22,0
2018-W30,food,17,1627.66,85.67,0
2018-W30,costruction_tools_garden,8,1594.01,199.25,0
2018-W30,home_appliances,19,1522.95,80.16,0
2018-W30,kitchen_dining_laundry_garden_furniture,6,1452.63,207.52,0
2018-W30,home_confort,8,1326.97,165.87,0
2018-W30,small_appliances_home_oven_and_coffee,7,1252.56,178.94,0
2018-W30,small_appliances,6,1090.8,181.8,0
2018-W30,pc_gamer,1,914.76,457.38,0
2018-W30,air_conditioning,5,820.74,136.79,0
2018-W30,home_appliances_2,3,765.8,255.27,0
2018-W30,books_technical,7,717.25,102.46,0
2018-W30,christmas_supplies,5,527.98,105.6,0
2018-W30,arts_and_craftmanship,6,511.99,73.14,0
2018-W30,audio,4,479.91,119.98,0
2018-W30,food_drink,4,415.43,83.09,0
2018-W30,drinks,3,388.8,129.6,0
2018-W30,fixed_telephony,2,339.19,169.59,0
2018-W30,signaling_and_security,3,316.24,105.41,0
2018-W30,fashion_male_clothing,4,252.51,63.13,0
2018-W30,art,3,250.51,83.5,0
2018-W30,cine_photo,2,238.07,119.03,0
2018-W30,portateis_cozinha_e_preparadores_de_alimentos,4,220.38,44.08,0
2018-W30,market_place,3,205.95,41.19,0
2018-W30,construction_tools_safety,2,169.97,84.98,0
2018-W30,fashion_underwear_beach,1,72.98,72.98,0
2018-W30,diapers_and_hygiene,1,40.02,40.02,1
2018-W30,home_comfort_2,1,32.22,32.22,0
2018-W31,health_beauty,221,44352.85,178.12,1
2018-W31,furniture_decor,107,32655.96,216.26,1
2018-W31,bed_bath_table,165,31704.36,157.73,27
2018-W31,housewares,176,29322.78,136.39,3
2018-W31,watches_gifts,151,27193.95,172.11,0
2018-W31,computers_accessories,134,25171.25,164.52,1
2018-W31,sports_leisure,131,19828.01,131.31,1
2018-W31,telephony,92,17454.5,166.23,0
2018-W31,auto,89,15561.96,149.63,2
2018-W31,baby,86,13561.08,142.75,0
2018-W31,pet_shop,51,10991.64,183.19,0
2018-W31,perfumery,67,9736.12,135.22,0
2018-W31,stationery,63,8853.71,121.28,0
2018-W31,cool_stuff,40,7625.0,181.55,0
2018-W31,office_furniture,15,7447.71,391.98,1
2018-W31,musical_instruments,12,6704.09,558.67,0
2018-W31,electronics,35,6349.31,167.09,0
2018-W31,toys,40,5205.55,121.06,1
2018-W31,agro_industry_and_commerce,6,4996.0,555.11,0
2018-W31,garden_tools,29,4418.54,122.74,1
2018-W31,construction_tools_construction,35,4348.74,111.51,0
2018-W31,construction_tools_lights,13,3668.23,262.02,0
2018-W31,fashion_bags_accessories,42,3455.49,75.12,0
2018-W31,home_construction,12,3039.97,217.14,0
2018-W31,home_appliances_2,5,2948.94,589.79,0
2018-W31,luggage_accessories,19,2842.21,135.34,1
2018-W31,furniture_living_room,17,2665.48,148.08,0
2018-W31,fixed_telephony,4,2363.58,590.89,0
2018-W31,small_appliances,9,2132.46,236.94,1
2018-W31,home_appliances,22,2130.5,92.63,0
2018-W31,air_conditioning,10,1919.1,174.46,0
2018-W31,costruction_tools_garden,7,1871.08,233.89,0
2018-W31,food,18,1764.97,98.05,0
2018-W31,construction_tools_safety,7,1660.6,184.51,1
2018-W31,consoles_games,8,1631.03,203.88,0
2018-W31,unknown,10,1610.29,161.03,0
2018-W31,computers,2,1536.35,768.17,0
2018-W31,kitchen_dining_laundry_garden_furniture,9,1446.26,160.7,0
2018-W31,drinks,10,1254.48,104.54,0
2018-W31,small_appliances_home_oven_and_coffee,4,1119.78,279.94,0
2018-W31,art,9,1110.22,123.36,0
2018-W31,home_confort,8,1080.27,98.21,0
2018-W31,books_general_interest,11,751.66,68.33,0
2018-W31,books_technical,8,728.42,91.05,0
2018-W31,audio,4,710.92,177.73,0
2018-W31,signaling_and_security,4,705.69,141.14,0
2018-W31,costruction_tools_tools,4,519.27,129.82,0
2018-W31,furniture_bedroom,1,479.0,239.5,0
2018-W31,food_drink,6,466.84,66.69,1
2018-W31,party_supplies,4,427.72,106.93,0
2018-W31,industry_commerce_and_business,1,420.53,420.53,0
2018-W31,fashion_male_clothing,1,250.91,250.91,0
2018-W31,pc_gamer,1,249.42,249.42,1
2018-W31,fashion_shoes,1,249.2,249.2,0
2018-W31,christmas_supplies,4,162.02,40.5,0
2018-W31,market_place,1,122.05,122.05,0
2018-W31,music,1,119.02,119.02,0
2018-W31,arts_and_craftmanship,3,118.08,39.36,0
2018-W31,diapers_and_hygiene,1,98.05,98.05,0
2018-W31,portateis_cozinha_e_preparadores_de_alimentos,1,50.24,50.24,1
2018-W31,books_imported,1,37.79,37.79,0
2018-W31,cine_photo,1,23.29,23.29,0
2018-W32,health_beauty,239,48992.05,181.45,3
2018-W32,telephony,79,41663.02,378.75,0
2018-W32,watches_gifts,111,30928.31,249.42,0
2018-W32,bed_bath_table,159,28795.3,146.91,23
2018-W32,furniture_decor,110,25936.7,175.25,0
2018-W32,computers_accessories,109,22569.8,179.13,0
2018-W32,housewares,156,22085.93,124.08,1
2018-W32,auto,129,20467.16,150.49,0
2018-W32,sports_leisure,116,17814.57,139.18,1
2018-W32,construction_tools_construction,27,17285.62,443.22,0
2018-W32,toys,48,13294.3,237.4,4
2018-W32,garden_tools,47,12197.71,221.78,0
2018-W32,pet_shop,53,11594.75,178.38,1
2018-W32,construction_tools_lights,25,8092.71,269.76,0
2018-W32,baby,62,7313.26,110.81,0
2018-W32,perfumery,51,7154.09,130.07,0
2018-W32,computers,5,6270.57,1045.1,0
2018-W32,stationery,51,6230.27,117.55,0
2018-W32,cool_stuff,38,5969.09,145.59,0
2018-W32,home_appliances_2,4,5916.46,1479.12,1
2018-W32,electronics,49,5045.56,95.2,0
2018-W32,home_construction,21,4641.27,201.79,0
2018-W32,office_furniture,9,4631.81,356.29,0
2018-W32,luggage_accessories,23,3424.53,142.69,0
2018-W32,consoles_games,18,3145.65,142.98,1
2018-W32,small_appliances,11,2939.03,244.92,1
2018-W32,food,23,2760.23,98.58,0
2018-W32,musical_instruments,16,2744.4,144.44,0
2018-W32,fashion_bags_accessories,32,2604.22,81.38,0
2018-W32,costruction_tools_garden,6,2579.25,322.41,0
2018-W32,furniture_living_room,12,2459.34,204.95,0
2018-W32,construction_tools_safety,5,1930.23,321.7,0
2018-W32,fixed_telephony,6,1813.08,302.18,0
2018-W32,signaling_and_security,6,1771.75,177.18,0
2018-W32,home_appliances,19,1705.68,77.53,0
2018-W32,agro_industry_and_commerce,3,1362.64,340.66,0
2018-W32,portateis_cozinha_e_preparadores_de_alimentos,2,1256.37,628.19,0
2018-W32,food_drink,4,1255.08,156.88,0
2018-W32,unknown,10,1229.81,102.48,0
2018-W32,furniture_bedroom,2,1176.16,392.05,0
2018-W32,books_general_interest,11,1011.97,77.84,0
2018-W32,air_conditioning,3,938.36,312.79,0
2018-W32,small_appliances_home_oven_and_coffee,2,932.14,466.07,0
2018-W32,industry_commerce_and_business,3,870.61,217.65,0
2018-W32,home_confort,4,865.61,173.12,0
2018-W32,audio,6,829.99,92.22,0
2018-W32,books_imported,1,804.96,804.96,0
2018-W32,art,6,669.42,95.63,0
2018-W32,books_technical,11,643.39,58.49,0
2018-W32,drinks,8,639.9,79.99,0
2018-W32,party_supplies,3,541.1,180.37,0
2018-W32,christmas_supplies,3,444.7,148.23,0
2018-W32,market_place,2,305.96,152.98,0
2018-W32,costruction_tools_tools,1,257.18,257.18,0
2018-W32,fashion_underwear_beach,2,246.76,123.38,0
2018-W32,fashion_shoes,1,245.05,245.05,0
2018-W32,music,3,129.79,43.26,0
2018-W32,cine_photo,2,129.01,64.5,0
2018-W32,kitchen_dining_laundry_garden_furniture,1,75.1,75.1,0
2018-W32,fashion_male_clothing,1,62.02,62.02,0
2018-W32,diapers_and_hygiene,1,58.98,58.98,0
2018-W32,fashio_female_clothing,1,57.17,57.17,0
2018-W33,health_beauty,219,40044.94,163.45,3
2018-W33,housewares,180,29864.77,152.37,2
2018-W33,bed_bath_table,177,28512.02,135.77,18
2018-W33,sports_leisure,135,24465.12,163.1,0
2018-W33,furniture_decor,100,23176.11,171.67,1
2018-W33,watches_gifts,107,22213.21,189.86,0
2018-W33,auto,101,20875.45,193.29,1
2018-W33,computers_accessories,117,15527.16,124.22,0
2018-W33,construction_tools_construction,40,13562.05,222.33,0
2018-W33,pet_shop,47,10273.57,165.7,0
2018-W33,telephony,62,9752.78,157.3,0
2018-W33,perfumery,48,8203.02,157.75,0
2018-W33,garden_tools,36,8015.04,186.4,0
2018-W33,baby,46,7342.75,146.85,0
2018-W33,toys,43,6170.98,137.13,1
2018-W33,stationery,41,4867.31,108.16,0
2018-W33,cool_stuff,28,4773.44,164.6,0
2018-W33,food,35,3776.35,92.11,0
2018-W33,fashion_bags_accessories,34,3471.52,93.82,0
2018-W33,luggage_accessories,19,2511.6,119.6,0
2018-W33,musical_instruments,8,2462.62,307.83,0
2018-W33,home_appliances,26,2406.31,89.12,1
2018-W33,air_conditioning,2,2263.28,565.82,0
2018-W33,electronics,27,2261.03,83.74,0
2018-W33,consoles_games,18,2244.2,89.77,0
2018-W33,construction_tools_lights,10,2180.14,181.68,0
2018-W33,home_appliances_2,6,2069.85,295.69,0
2018-W33,small_appliances,6,1981.65,330.28,0
2018-W33,construction_tools_safety,8,1665.32,208.16,0
2018-W33,computers,1,1543.25,1543.25,0
2018-W33,furniture_living_room,8,1533.0,170.33,0
2018-W33,home_construction,10,1285.42,128.54,0
2018-W33,furniture_bedroom,4,1231.39,307.85,0
2018-W33,drinks,6,1111.58,123.51,0
2018-W33,office_furniture,4,1110.57,277.64,0
2018-W33,kitchen_dining_laundry_garden_furniture,7,1006.58,143.8,0
2018-W33,unknown,9,1003.72,111.52,0
2018-W33,small_appliances_home_oven_and_coffee,7,823.24,117.61,0
2018-W33,home_confort,5,822.99,164.6,0
2018-W33,audio,6,755.24,107.89,0
2018-W33,costruction_tools_garden,4,644.65,128.93,0
2018-W33,signaling_and_security,5,621.26,124.25,0
2018-W33,books_technical,8,567.22,63.02,0
2018-W33,party_supplies,4,501.5,71.64,0
2018-W33,costruction_tools_tools,6,501.35,83.56,0
2018-W33,cine_photo,3,356.1,118.7,0
2018-W33,books_general_interest,7,350.84,50.12,0
2018-W33,market_place,3,337.68,112.56,0
2018-W33,music,2,333.8,166.9,0
2018-W33,industry_commerce_and_business,2,319.86,159.93,0
2018-W33,arts_and_craftmanship,3,305.24,101.75,0
2018-W33,pc_gamer,1,238.63,238.63,0
2018-W33,christmas_supplies,5,215.4,43.08,0
2018-W33,art,2,199.08,99.54,0
2018-W33,fashion_male_clothing,1,154.05,154.05,0
2018-W33,food_drink,3,131.16,43.72,0
2018-W33,portateis_cozinha_e_preparadores_de_alimentos,1,103.68,103.68,0
2018-W33,fixed_telephony,1,86.58,86.58,0
2018-W33,fashion_sport,1,83.05,83.05,0
2018-W33,diapers_and_hygiene,1,58.98,58.98,0
2018-W33,fashion_shoes,1,42.77,42.77,0
2018-W33,agro_industry_and_commerce,1,42.17,42.17,0
2018-W34,health_beauty,136,24993.02,170.02,0
2018-W34,housewares,86,15244.75,139.86,2
2018-W34,bed_bath_table,88,15040.96,136.74,8
2018-W34,construction_tools_construction,31,10167.78,247.99,0
2018-W34,watches_gifts,56,10149.88,161.11,0
2018-W34,sports_leisure,74,8915.63,111.45,0
2018-W34,furniture_decor,52,8353.65,132.6,0
2018-W34,perfumery,51,7781.78,138.96,0
2018-W34,auto,55,7005.52,116.76,0
2018-W34,computers_accessories,53,5304.69,89.91,0
2018-W34,pet_shop,28,4265.21,142.17,0
2018-W34,toys,30,4103.83,128.24,0
2018-W34,telephony,31,4072.58,116.36,0
2018-W34,stationery,25,3644.53,125.67,0
2018-W34,computers,2,3539.46,1179.82,0
2018-W34,baby,32,3463.81,101.88,1
2018-W34,food,26,2945.96,98.2,0
2018-W34,cool_stuff,18,2466.97,137.05,0
2018-W34,electronics,16,2276.61,142.29,0
2018-W34,garden_tools,17,2193.25,121.85,0
2018-W34,construction_tools_lights,9,2162.54,196.59,0
2018-W34,industry_commerce_and_business,4,1774.82,443.71,0
2018-W34,fashion_bags_accessories,21,1746.64,79.39,0
2018-W34,home_construction,4,1548.68,387.17,0
2018-W34,small_appliances,3,1224.38,408.13,0
2018-W34,agro_industry_and_commerce,6,1156.13,192.69,0
2018-W34,luggage_accessories,9,1126.44,125.16,0
2018-W34,consoles_games,12,1039.79,86.65,0
2018-W34,furniture_living_room,5,994.91,165.82,0
2018-W34,air_conditioning,4,725.66,145.13,0
2018-W34,arts_and_craftmanship,4,704.73,176.18,0
2018-W34,construction_tools_safety,4,704.4,140.88,0
2018-W34,audio,8,654.0,65.4,0
2018-W34,home_appliances,9,575.29,63.92,0
2018-W34,small_appliances_home_oven_and_coffee,4,538.82,134.71,0
2018-W34,unknown,4,519.54,129.88,0
2018-W34,musical_instruments,5,506.7,101.34,0
2018-W34,kitchen_dining_laundry_garden_furniture,4,468.72,117.18,0
2018-W34,books_general_interest,7,454.9,64.99,0
2018-W34,food_drink,5,437.88,72.98,0
2018-W34,furniture_bedroom,2,419.92,209.96,0
2018-W34,signaling_and_security,2,390.59,130.2,0
2018-W34,market_place,2,342.28,171.14,0
2018-W34,cine_photo,3,334.67,83.67,0
2018-W34,fashion_shoes,1,289.39,289.39,0
2018-W34,home_confort,1,286.18,286.18,0
2018-W34,fashio_female_clothing,1,223.92,111.96,0
2018-W34,books_technical,4,222.31,44.46,0
2018-W34,costruction_tools_tools,3,219.24,73.08,0
2018-W34,party_supplies,2,200.15,100.08,0
2018-W34,home_appliances_2,1,197.49,197.49,0
2018-W34,diapers_and_hygiene,1,158.97,158.97,0
2018-W34,office_furniture,1,126.9,126.9,0
2018-W34,art,1,106.93,106.93,0
2018-W34,costruction_tools_garden,1,82.16,82.16,0
2018-W34,drinks,2,69.79,34.89,0
2018-W34,dvds_blu_ray,1,16.29,16.29,0
2018-W35,housewares,17,2249.65,97.81,0
2018-W35,health_beauty,14,1570.04,104.67,0
2018-W35,sports_leisure,14,1321.82,82.61,0
2018-W35,bed_bath_table,12,1227.17,102.26,2
2018-W35,kitchen_dining_laundry_garden_furniture,1,1021.92,510.96,0
2018-W35,food,6,720.68,90.08,0
2018-W35,office_furniture,1,712.9,712.9,0
2018-W35,portateis_cozinha_e_preparadores_de_alimentos,1,545.51,545.51,0
2018-W35,auto,6,524.38,87.4,0
2018-W35,watches_gifts,5,464.07,77.34,0
2018-W35,computers_accessories,6,455.93,75.99,0
2018-W35,baby,3,387.78,129.26,0
2018-W35,toys,5,385.93,77.19,0
2018-W35,garden_tools,1,361.98,180.99,0
2018-W35,cool_stuff,3,277.6,92.53,0
2018-W35,furniture_decor,2,215.59,107.8,0
2018-W35,costruction_tools_garden,1,196.08,98.04,0
2018-W35,consoles_games,2,136.62,68.31,0
2018-W35,fashion_bags_accessories,2,115.02,57.51,0
2018-W35,art,1,106.93,106.93,0
2018-W35,perfumery,1,87.62,87.62,0
2018-W35,telephony,3,85.73,28.58,0
2018-W35,stationery,1,71.08,71.08,0
2018-W35,drinks,1,43.55,43.55,0
2018-W35,construction_tools_lights,1,38.37,38.37,0
2018-W35,unknown,1,37.46,37.46,0
2018-W35,books_general_interest,1,33.34,33.34,0
2018-W35,construction_tools_construction,1,33.33,33.33,0
2018-W35,party_supplies,1,33.23,33.23,0
2018-W35,luggage_accessories,1,26.29,26.29,0
2018-W35,audio,1,22.29,22.29,0
2018-W36,kitchen_dining_laundry_garden_furniture,1,166.46,166.46,0
