customer_unique_id,last_order_date,total_orders,lifetime_value,is_high_value,days_inactive,is_churned
004288347e5e88a27ded2bb23747066c,2018-01-14 07:36:54,2,354.37,True,276,True
011575986092c30523ecb71ff10cb473,2018-04-18 21:58:08,2,214.9,True,181,True
011b4adcd54683b480c4d841250a987f,2018-02-15 11:40:57,2,236.3,True,244,True
012452d40dafae4df401bced74cdb490,2018-05-14 12:12:45,2,495.33,True,156,True
012a218df8995d3ec3bb221828360c86,2018-06-18 13:08:38,2,1510.38,True,121,True
013f4353d26bb05dc6652f1269458d8d,2017-11-28 13:30:58,2,356.39,True,323,True
015557c9912277312b9073947804a7ba,2017-05-01 14:48:33,2,315.12,True,534,True
01c289bb06354cdc7e6549570f20ada4,2017-12-26 21:14:43,2,242.5,True,294,True
01ea7dfdac01a4e8fbe2902b73510b20,2018-02-09 17:36:45,2,276.75,True,249,True
01f2285f85a1c603eb7ef755ad311769,2018-05-31 14:51:03,2,463.04,True,139,True
02168ea18740a0fdaaa15f11bebba5db,2017-10-09 22:05:59,2,264.04,True,372,True
029b457bd01199c39136f89e0eddcd3a,2018-01-04 19:21:49,2,347.55,True,285,True
02e9109b7e0a985108b43e573b6afb23,2018-05-14 11:04:55,3,602.73,True,156,True
0341bbd5c969923a0f801b9e2d10a7b8,2018-05-30 13:00:03,2,1999.68,True,140,True
0361e980b28826f4d286ac144d9b319a,2018-07-01 18:03:34,2,456.92,True,107,True
038301b43811478e1a8dc0e476eaf52e,2018-04-12 20:58:52,2,645.53,True,187,True
03ef7f03905227e15c7b6c860554b3cb,2018-07-18 13:07:19,2,238.55,True,91,True
043aee247e71edff7045664609f4d806,2017-07-17 19:00:49,3,690.52,True,456,True
0451ef5a31cea3e14ce02d768d7c9943,2017-06-18 20:00:47,2,387.39,True,485,True
0488328f0b499963e32a37fa42a20ca0,2017-09-07 12:38:15,2,384.17,True,405,True
04be500031efe43d2defff8c41810543,2018-02-01 08:35:49,2,255.79,True,258,True
04d3c2795b83634312bf3f86f41f7901,2017-08-08 20:46:53,2,596.39,True,434,True
0509ab034845adb0b4c91b6f0e7b7260,2018-05-04 18:44:15,2,339.46,True,165,True
055ec572ac7f3c7bdd04a183830ebe59,2017-07-18 18:49:15,2,4053.08,True,455,True
05669445931c028d97b7c0637b5a2359,2017-10-07 17:03:03,2,210.78,True,375,True
05e52c1f96f8b83dd66dcdce679ff58d,2017-07-24 11:52:30,2,239.16,True,450,True
05edb10f73fe7d03959ff26540913b3a,2018-01-03 10:51:21,2,231.49,True,287,True
060f9ea0a180843fb91d4923b6d01bea,2018-03-10 15:40:45,2,628.63,True,221,True
0621c2a5979d3e887ae519620cbe2926,2017-08-10 09:47:46,2,514.49,True,433,True
065938485846aa5adc196cb536de42e0,2018-02-23 13:47:17,2,442.19,True,236,True
070acf4df1234a6257809e4e79644481,2018-07-18 07:41:58,2,1011.02,True,91,True
0710e0c85fe7cb494d624e0863782e46,2018-03-21 15:06:40,2,239.24,True,210,True
071fb07419a29c8ba143831082e0320a,2018-01-10 08:27:45,2,475.11,True,280,True
073037acc049d2be44730a7e39836046,2017-12-19 13:11:08,2,298.87,True,302,True
07342638d0e0aad32c3cf0efc1a37ba5,2017-09-27 08:28:04,2,404.71,True,385,True
07b1b60bca2b6326fa2adb259ea4a55f,2018-05-09 17:16:21,3,251.54,True,161,True
07b28cf1d8515d08ccca505e273fffaf,2017-03-24 13:56:45,2,637.01,True,572,True
07f765655f560c8624267665ce23675a,2018-04-17 14:27:45,2,530.77,True,183,True
07ff81a9676efa0286ddd3f09e7c0063,2018-06-11 17:56:07,2,484.32,True,127,True
0807baeeeaa1309effbd9a9dee41ab17,2018-05-08 00:06:19,2,384.44,True,162,True
0895c61a77b305efdfad13596c749c60,2018-04-11 11:59:18,2,923.4,True,189,True
08c07c761592a71b85136aa4fe76a6f4,2018-04-06 15:28:48,3,405.03,True,194,True
08d8ad84b0088cbeae77da4ff3817479,2018-05-17 09:18:52,2,259.81,True,153,True
08e5b38d7948d37fbb2a59fc5e175ab1,2018-05-06 14:10:05,3,835.94,True,164,True
08f7cf00ed9ff3e0a08fc136ec272974,2017-09-01 22:26:18,2,355.84,True,410,True
0942eedfe0e865b2a80419a14672286f,2018-01-21 22:51:21,2,244.23,True,268,True
096e351116755fe4c3c1e48eaf301a41,2017-05-16 10:49:27,2,217.49,True,519,True
09831ff6ab667f42521bcd4c22dc755c,2018-03-25 11:26:29,2,317.83,True,206,True
099fad9e8f7dfbd0412c300bcc697e0b,2018-05-16 17:52:39,2,430.79,True,153,True
09ab36a420b5c87c5c9772bdb494f2e3,2018-02-24 23:18:14,2,222.56,True,234,True
09baec50afccbb414f24bf8e0bc7c020,2018-05-16 01:18:19,2,714.83,True,154,True
09bc7afc3e8d8dccaffd0b16944a91fe,2017-08-01 11:12:08,2,609.87,True,442,True
09cd73b13f103e47ce13675b4a4b36f3,2018-05-10 15:00:58,2,225.24,True,160,True
09d74edf20acb4f9523fb1cf19a18456,2018-03-05 14:54:33,2,312.49,True,226,True
09d7c538023c2c4fb0553c831c12f084,2017-05-22 19:49:13,2,846.12,True,512,True
0a5fab743da859b3f10a409bbb132a5a,2018-02-14 11:05:31,2,260.74,True,245,True
0a609db8d244100909a15d65eadf8539,2017-10-18 15:53:47,3,501.16,True,364,True
0a61b571f594b6919601bcf3380da7f7,2018-01-12 18:17:00,3,518.02,True,277,True
0aa1ab39ff2b837c05d7c9ff85b6d983,2018-03-11 10:15:39,2,211.2,True,220,True
0aadc1d26d1c8b88a52c39a533ccea93,2017-11-28 10:27:09,2,1218.7,True,323,True
0abee71cd257861a0944e2a81cea4a50,2017-11-26 09:30:30,2,423.86,True,325,True
0ac10a57d07e3d38b11f66283c44672b,2017-06-02 10:53:33,2,209.66,True,502,True
0ac4a9460c1baf3051ffec5c9021a499,2018-05-30 07:58:30,2,214.94,True,140,True
0af334fc660bfc9c75109752cc8271d7,2017-04-16 06:31:08,2,468.39,True,549,True
0b3cf8a9362deaf8b870d49ae61f3ca1,2017-08-20 22:08:30,2,226.35,True,422,True
0b3dc7efaafb0cf78a4796d42fa8d74c,2017-07-28 09:34:29,2,620.06,True,446,True
0b402d6dd50694a118c642448e2cb086,2017-11-26 20:40:58,2,230.84,True,324,True
0b51518c7deffd54b13b007c9f91c3f0,2018-07-03 14:40:57,2,285.33,True,106,True
0b6d4f036c07e10854affe43fc4e718c,2018-03-22 15:57:22,2,227.11,True,209,True
0bc9c245cd69735af23eefdd89d74e7e,2017-09-13 16:59:00,2,210.8,True,399,True
0be7af6c16fbca7eff244788f89146a3,2018-03-26 10:14:31,2,309.24,True,205,True
0bf1278577a2acf8532a031d98cd517c,2017-12-14 11:10:57,2,284.6,True,307,True
0c32aa09e8eced3ea26c2a013b7b75e9,2018-06-14 21:18:25,2,256.1,True,124,True
0c8286526be3a0fc8f50b7267db95035,2018-03-30 00:06:55,2,345.52,True,201,True
0c8ac932c65f67489929f9164a86606d,2017-10-19 13:31:09,2,306.54,True,363,True
0cc2ee1112a11a1094eff52fa2e87150,2017-10-03 11:54:16,3,839.62,True,379,True
0cf46588cd3f5a23002166b5a1945820,2017-10-19 15:05:10,2,273.0,True,363,True
0d153268371aa25450d4117ff070277e,2018-06-29 11:50:43,2,801.25,True,110,True
0d4644eff058d75937ca1eec574bf87d,2017-11-30 22:20:59,2,230.75,True,320,True
0d57344e9e4e9d16dc699cb417e50cb0,2017-11-21 20:56:07,2,268.77,True,329,True
0d7241c7fb49c1be6e75c9fe99e0822c,2018-04-30 13:40:10,2,253.23,True,170,True
0dc81b520ef7db9cb44bb075e129dcf8,2018-06-18 11:55:25,2,504.95,True,121,True
0df55f5accedda71bda8f4c7f590951f,2018-02-14 20:48:53,2,501.44,True,244,True
0e06af8004ffd01a3461e768f9f659aa,2017-11-19 16:20:52,2,495.53,True,332,True
0e37a80826485260170d428b06df0ab6,2017-09-12 14:29:16,2,344.09,True,400,True
0e3c753956e35026b965d9ac3590c5af,2017-08-08 12:49:02,2,314.12,True,435,True
0e78a1b66adee5bb3a6f014714f79cf4,2018-04-05 15:34:33,2,477.44,True,195,True
0ea353565cdde00e1d8352a08290a352,2017-08-25 17:53:24,2,292.76,True,417,True
0ecc403ec5d6ce000fd84f00cd5efb0a,2017-11-30 16:09:58,2,312.43,True,321,True
0ee57f62666561b72f2ceacad0230cbf,2018-06-20 14:16:20,2,386.41,True,119,True
0f0b49d45120fcb28bda56e94bc85673,2018-02-07 20:18:59,2,812.72,True,251,True
0f5ac8d5c31de21d2f25e24be15bbffb,2017-11-27 12:57:35,2,1544.82,True,324,True
0fd39b61ec94864f92e18e5d7144bc6c,2018-03-26 13:02:31,2,342.1,True,205,True
0fd475edfa0b61c59ecde6f89c21dedb,2017-12-27 11:59:15,2,334.74,True,294,True
0ffc908947e1f0c9f17647058b9a58c2,2017-07-02 19:07:13,2,477.68,True,471,True
1015173479527a15ccb63606a74f404e,2017-09-05 12:48:49,2,371.85,True,407,True
10351fa9e690ca750568e3c19978d69e,2018-06-07 19:45:30,2,253.08,True,131,True
10867a902e32dd54061b2cda9c55b0b6,2018-02-26 14:18:54,2,253.72,True,233,True
10b58cbd6607267fd41812614367439e,2018-01-07 17:14:25,2,323.96,True,283,True
10bf8afdd66da75c386fbacf04c85710,2018-03-23 18:25:21,2,449.0,True,207,True
1118bbd6c82a824ebc677b12e525864f,2017-10-28 00:24:21,2,537.72,True,354,True
11b47516f8f6a42105b9807903ede333,2018-02-20 14:59:40,2,235.3,True,239,True
11e95918d6816403858e8314a3503f4c,2018-07-05 09:14:52,2,259.32,True,104,True
11ebea68a1046fa3268cb278df2c4f31,2017-12-12 15:26:09,2,254.59,True,309,True
120a6e1875940fe48a44d6cf30706230,2017-11-19 10:04:04,2,495.7,True,332,True
1225c9614c5129a3085416d30d50e143,2018-03-07 17:38:07,2,392.28,True,223,True
124bc956b56b1523d2a75b29a856085d,2018-04-02 14:26:59,2,253.08,True,198,True
125740359669fa63858476105a5d523d,2017-07-24 15:38:58,2,584.56,True,450,True
12ab9334b1240d6d037f2b0102a49571,2017-12-13 17:35:27,2,1297.47,True,307,True
12b62a8d3c4911b9a80b935037842fc0,2017-11-07 22:51:12,2,210.62,True,343,True
12c54f6dfd4b723a6c76c4c989494422,2017-09-21 22:00:15,2,322.49,True,390,True
12d8b5ed661190a3a08183644dfc504d,2018-05-02 11:58:28,4,857.95,True,168,True
133e20311ec257bda38f1798250d38c5,2017-05-08 08:06:54,2,782.43,True,527,True
1372bab98f9966bcd4a6fa3e6df6dde8,2018-01-15 20:19:56,2,245.29,True,274,True
1373e04979cfa0fb2092909abbd57f25,2018-05-03 10:55:03,3,609.12,True,167,True
142575266950512b56af193f3962270a,2018-02-17 10:16:55,2,254.38,True,242,True
142dc6250eac579893595d9889411834,2018-05-30 20:25:38,2,240.92,True,139,True
1450ca0539e1e64a77c08ba841c8be94,2018-07-16 23:40:37,2,290.37,True,92,True
1477c54a1abe3610e3e9ab411801cecb,2017-10-14 00:48:58,2,258.67,True,368,True
149c19901ddcd1057deaabc003004a12,2017-08-28 13:49:55,2,439.44,True,415,True
14a188558af6cd5bc222ca773d395a7f,2018-03-07 19:19:24,2,245.15,True,223,True
14d46ad43ae7e3cd6944258b9840373b,2017-03-17 21:50:50,2,255.86,True,578,True
1500da334da019c68fda219f942ba38a,2018-05-14 09:33:57,2,596.76,True,156,True
1501fb94311512e6b98462d159e05a23,2018-04-16 13:45:57,2,556.58,True,184,True
1506abf10c09a2872e24d79f33e4eb12,2018-04-05 08:43:23,2,470.9,True,195,True
155af62b6c947689a67af5c16acd5c55,2018-02-14 17:44:50,2,463.72,True,244,True
1581a918a58a11d99c69f86d9c0d2098,2018-04-12 15:44:28,2,234.99,True,188,True
158ff08f9b1aeebfa96820580f3877a6,2018-01-31 23:38:14,2,305.76,True,258,True
15a38a0c1bf789e06ec42d24e485e794,2018-01-14 15:01:39,2,231.88,True,276,True
15d2493aa522c1040d639aa74bd1fb31,2018-03-20 19:22:08,2,286.23,True,210,True
15eb6c5aa4aa23cbdb42e119220d23ec,2017-10-19 10:33:51,2,436.88,True,363,True
1605a6c5d93d3488fb621c5323930795,2017-03-21 09:21:54,2,614.72,True,575,True
161b2eb506dd664bb5d23dc701a14b59,2017-07-19 18:44:40,2,314.39,True,454,True
1647c6dc2941bd075dc5dd3448807bed,2017-08-20 20:43:57,2,239.62,True,422,True
1650819cd492bbf4b9d189c7d4126475,2018-01-19 11:09:02,2,362.84,True,271,True
165d93a9d1da194b47da42c9cf810ebd,2017-09-03 23:37:01,2,604.79,True,408,True
16a909e83380bb2ae4676ca69ac30886,2018-03-05 03:45:49,2,243.54,True,226,True
1741b0bef7ccbc530ba7287000d5f49f,2018-04-21 14:12:11,2,337.59,True,179,True
175b8225bdd99e95a64e07a6c06e8746,2018-01-26 11:06:38,2,425.24,True,264,True
1772c0fbee58b154da028487de51b74c,2018-07-18 13:30:45,2,386.29,True,91,True
177c725937ae5f96171bb8b43f196dfa,2017-04-28 14:09:28,2,220.33,True,537,True
179f496c6c02a7640d09f0843452e0fc,2017-11-24 19:29:35,2,228.97,True,326,True
17a2d93cb1aab45e3d21d5eba7daaed2,2017-12-18 13:44:44,2,380.44,True,303,True
17c7da60a0690728119612a54035452d,2018-01-10 15:54:44,2,244.02,True,280,True
17dcb8c62667824b3e3755a5b680ebc6,2017-11-24 12:00:57,2,313.78,True,327,True
17e873c00e3fef97c9f1347c6681bd1a,2017-09-23 12:30:56,2,794.6,True,389,True
18753de7f8b65856d23473280e71ceb2,2018-04-05 07:53:49,2,324.1,True,195,True
18a65d67bb184e736656cc017f09f7b8,2018-04-13 22:53:57,3,225.5,True,186,True
1912afd96bbe171633bb73727487ef85,2018-06-08 13:56:46,2,273.68,True,131,True
191525912e1a31a97bf8b481ce852f75,2018-06-20 12:39:18,2,263.64,True,119,True
194be31520cde5c527bad17720119e85,2017-08-14 12:24:28,2,277.25,True,429,True
198ba72088fecd3caeaf2dca0addcfb9,2018-02-09 16:49:44,2,349.3,True,250,True
19bedfc18c92d4e7eb6ba318a6c2033c,2018-04-07 00:42:45,2,1056.2,True,193,True
19c60787f1a478ec7345d03bc4298398,2017-11-23 14:43:38,2,693.67,True,328,True
19da55454167240f3a4a39430007d074,2017-09-24 23:00:55,2,263.28,True,387,True
19f8fcd23ed70e29220a6a2f13ecd911,2017-12-03 20:14:21,2,225.68,True,317,True
1a13743254d9c8e6360106295947932f,2018-07-01 11:51:47,2,767.62,True,108,True
1a15eecd72a08e1134ba406c7a7998e6,2017-06-19 20:18:52,2,415.79,True,484,True
1a281fe9f53ee457dacd2c9e8ccf861f,2018-06-26 10:45:35,2,264.95,True,113,True
1a29e9f39d667f12684910a8edc4b56c,2018-02-14 13:06:04,2,400.51,True,245,True
1a328a664417dc7cbff0ed7df49f5a3d,2018-04-19 09:31:18,2,252.68,True,181,True
1a68c22c23a52a35f499dbd3c5a020a6,2017-09-03 12:19:17,2,250.57,True,409,True
1ae30e98d81bdf991fa25b52b8142308,2017-07-03 15:10:38,2,228.56,True,471,True
1b270bd97f6e1d9af2d5d06f0d4a80e8,2018-02-26 14:57:42,2,213.36,True,233,True
1b6c7548a2a1f9037c1fd3ddfed95f33,2018-02-14 13:22:12,7,959.01,True,245,True
1b765716e166ca699d20c4adc8bb0f7c,2017-04-02 11:52:40,2,209.6,True,563,True
1b7b7f9631cd453251d0b328c9b38a2a,2018-07-17 12:33:49,2,310.84,True,92,True
1b95e3fe033836c787689ae4b9516aa3,2017-05-13 11:35:32,2,393.61,True,522,True
1ba713c8258f756279a049018ce01177,2018-01-11 11:59:41,2,641.74,True,279,True
1bbf6de8bbe287cb474e57d437d72969,2017-10-04 19:40:44,2,377.76,True,377,True
1c98969880c8c7c522bc4677dfce9384,2018-03-22 16:59:33,2,231.41,True,209,True
1ca845c3b11ba93c4ac5182ab9c1197e,2018-04-05 07:17:48,2,424.32,True,195,True
1cbda36ee89944baa7a738ddbdc4679a,2018-05-09 10:54:34,2,540.72,True,161,True
1cc48564488184883cc7923b82c7b3f9,2017-07-21 19:58:21,2,338.86,True,452,True
1ce1097b476f97ea37d805251c5c74ba,2018-01-09 01:24:02,2,336.21,True,281,True
1d627d8a6e1e33ea8eeeb7a17d998660,2017-09-02 20:38:29,2,254.35,True,409,True
1d72aaec15863f7532b2dbf4a5c4247d,2017-08-31 11:57:41,2,479.56,True,412,True
1da09dd64e235e7c2f29a4faff33535c,2018-01-11 11:16:49,3,2164.4,True,279,True
1e05761e47e6a4968ac2ee128b0d42a4,2018-01-31 14:00:36,2,252.34,True,259,True
1e6dc17adde78e52b6fa5e634f4454e0,2017-07-05 19:01:10,2,226.67,True,468,True
1f2c5059dad2c277b3b338163b49ca73,2018-02-17 01:24:58,2,264.63,True,242,True
1f9756abd497b76eeccb492bfe91df35,2018-04-28 07:56:16,2,493.85,True,172,True
1f98e3467d2b48dfb44fc12b137d3447,2018-01-06 15:20:06,2,473.97,True,284,True
1fe11e8f0fa5bea7416ec09d6e8d2b4d,2017-02-20 16:17:04,2,326.24,True,604,True
1fea3244d38e951f0196b2728aee3bdf,2018-03-01 07:50:27,2,230.9,True,230,True
20001d07954025179c613496803181a6,2017-12-15 13:07:21,2,287.21,True,306,True
2004ba7732339d9be65f2236d8887ae4,2018-05-10 11:23:03,3,265.05,True,160,True
20282afdbe6cf22d5f5a956d8b5a3f78,2018-01-30 21:03:55,2,220.09,True,259,True
204efc7a771f1a33fd28465082171f5b,2018-05-04 06:16:16,2,296.11,True,166,True
206b04b38a5dc8404458ec16edeca606,2018-05-17 16:38:18,2,226.47,True,153,True
209e5691e2cda59cd71e45417d7f95a2,2018-01-08 13:14:49,2,215.78,True,282,True
20ae758fb6688386d9d1540f63d380e0,2018-06-14 14:44:06,2,329.83,True,125,True
211aaecea827d378c879c2b2f667c89d,2018-07-11 17:17:37,2,262.66,True,98,True
212de5904c4fe864c3a66f26d3043d97,2017-09-14 14:36:00,2,278.9,True,398,True
213b36024bb0b8261de0ffbd652ebc34,2018-05-26 09:29:26,2,414.41,True,144,True
21421ba1bd92005a3b48e6a745e9b8bb,2018-02-01 17:05:51,2,557.45,True,258,True
21560f93adbd9ada040a40909ac8619d,2017-11-16 17:36:57,2,434.27,True,334,True
217394922e43c19740ea4464e63ca8e0,2018-06-04 20:53:42,2,220.59,True,134,True
21a2d9dc71459dbd3dad219cb9681964,2018-02-19 21:09:50,2,608.39,True,239,True
21bde4e982c4681021edabb899bcebfe,2017-12-17 18:44:55,2,1304.36,True,303,True
21c8aa0cb27943cbf33d75985e28da67,2017-10-29 22:56:42,2,209.18,True,352,True
221ae88140600106a982acb69a0add50,2018-03-13 11:52:46,2,489.99,True,218,True
2271b98c96ef2dbe4241cbbde7c8c12b,2017-12-10 09:22:54,2,340.23,True,311,True
22f6af8201369f9eb96592db3142b9c2,2018-02-14 09:58:15,2,805.12,True,245,True
231d36f5c4b238c26f449ffd98c79180,2018-05-08 09:53:12,2,1199.87,True,162,True
232007f7d8c26eb8d7daaacb46501783,2018-01-05 23:45:24,2,217.74,True,284,True
23339103d82a054f9729b0554ce22e8c,2018-06-16 11:58:28,3,243.89,True,123,True
233c8f191c45cef30af148a82ac70020,2017-06-23 07:59:39,2,215.31,True,481,True
23539ab2fa3d6e255f96114be5d2dbd3,2018-02-10 21:17:00,2,331.38,True,248,True
23c536b39a65168e3e34354b80b4ecf2,2018-01-12 23:57:07,2,214.69,True,277,True
24072811917876a84c81166f96aed0c1,2018-06-06 21:11:57,2,418.63,True,132,True
24115a0c9fc9115c586e54fd5f42e8d1,2018-01-08 15:05:57,2,219.82,True,282,True
24259224caf748993c177ebf964c2e6e,2018-01-15 22:57:58,2,213.07,True,274,True
24391449252cf6db04ce271b2a208d83,2018-04-17 23:29:11,2,384.12,True,182,True
243b99bd9ed8a3f460e7289d0a8df291,2018-06-17 12:33:48,2,253.75,True,122,True
24d27f115e367d9129a0e7a7a5d36866,2017-11-15 10:41:52,2,754.23,True,336,True
24d9e83fe11e4390b69e1afb2b93f5ee,2018-01-05 17:40:45,2,349.49,True,284,True
24fb2954f8c6cdb4b900ed8db6dc88e2,2017-11-25 09:14:23,2,223.81,True,326,True
24fc2d6f4c3339820a1a3746a125f8c5,2017-11-22 14:45:54,2,604.05,True,329,True
2516f43838c4892e066fec28143efa64,2018-02-11 15:26:46,2,815.43,True,248,True
251e658613a224723f8a077946183b20,2017-11-19 20:06:12,2,355.19,True,331,True
255ac312f5ceb97163ec60f0db2eee11,2017-12-05 16:47:25,2,344.93,True,316,True
257a0a891aa05c945617ad8f097645bd,2018-01-06 05:15:19,2,454.72,True,284,True
25a1ad8a564d758f233c587cc657aa4b,2018-05-14 09:41:30,2,482.52,True,156,True
25c88b7eff936d6a6fed64142b760035,2018-07-17 17:16:25,2,504.76,True,92,True
25f24493ded5ebebc26a69b5db344e35,2018-02-25 21:24:36,2,210.76,True,233,True
26a6e3e036636ef1d5636f98b66094cc,2018-06-19 12:51:41,3,480.52,True,120,True
26a9b95058d46f1e6a685688355a1cdb,2018-05-16 17:25:17,2,222.34,True,154,True
26d1b63e9b8478f84f87188c4877049e,2017-08-08 10:40:16,2,597.22,True,435,True
26e025af2347c3968f6a578f853a9da2,2018-05-14 17:21:01,2,413.12,True,156,True
26f06401a5374fd3d26b6eed06af675f,2018-03-08 22:19:42,2,302.94,True,222,True
2708339a3f5355f56983737d54fbce59,2018-01-14 20:36:48,2,223.67,True,275,True
271d3cdd872021b1b6669ad93e8b856b,2018-02-13 16:36:56,2,388.71,True,246,True
27259fad9054fce994a70f1d117bc402,2017-11-24 23:36:43,2,334.74,True,326,True
281e1e72207e518c29b249a1361a775d,2017-07-27 22:41:07,2,437.67,True,446,True
282d49fddab8e95a8673a2a90072cf5c,2018-06-30 00:01:53,2,655.09,True,109,True
282dc4abbf2759fb9bb77217f5cd6c4c,2017-12-05 23:31:12,2,311.86,True,315,True
2878289928927b75d078057c8d91405f,2018-01-08 17:37:09,2,348.6,True,281,True
28989ef45087c96e5a4346e88216c2ba,2017-01-21 19:46:23,2,723.15,True,633,True
289dcfbdf9ce2f94565a76800eb71157,2017-11-16 22:02:48,2,256.4,True,334,True
28aea3e12549a3611bbd8d4e3310e4fa,2018-06-06 13:05:39,2,225.12,True,133,True
28b506334071b7dfadd7bd023d9115c4,2018-02-13 15:58:33,2,458.1,True,246,True
28c7e3fb75d7ce1e496dc539443b71da,2017-07-28 09:35:08,2,345.09,True,446,True
291d020953194db1b8578ff8d9959c62,2018-06-03 16:18:39,2,455.4,True,136,True
294e0922aa06792eea5094656727c0bd,2017-05-20 15:56:32,2,374.15,True,515,True
297ec5afd18366f5ba27520cc4954151,2018-05-12 21:23:13,3,1451.0,True,157,True
29ae9e23943929ef3f3951a883462955,2018-04-20 14:28:20,2,248.92,True,180,True
29d72fba272ad06ed0b2ac6351da042f,2018-05-22 09:20:02,2,267.96,True,148,True
29f8e372b3b1d42ad2e00a0b976bfc34,2018-04-30 17:22:01,2,487.88,True,170,True
2a34af7c4b1b83d78b14cf6b9c32c3b9,2018-03-25 18:27:38,2,222.91,True,205,True
2a36404701b15c414647a2ec2102baba,2018-07-09 19:46:18,2,364.63,True,99,True
2a3d4df1de5c9feee497328298916d41,2017-12-28 16:42:46,2,233.53,True,293,True
2aba7239448982a76a0a79666419e3a3,2018-01-20 17:53:37,2,267.74,True,269,True
2ae6a57dcdd2f1424598fc480cbf698a,2018-02-18 12:40:55,2,421.41,True,241,True
2b0d2a4ffe3906cd18019c2463cfeee9,2018-07-03 23:40:16,2,517.0,True,105,True
2b161eaf4956b131691842e87b3c39c7,2018-03-13 09:45:56,3,225.17,True,218,True
2b174670dbec666bbc68b6e2a4062740,2017-07-10 13:26:40,2,331.94,True,464,True
2b19910e856b2ba3e7257e63a093a3df,2017-09-26 10:24:26,2,262.96,True,386,True
2b4871f788b44ee004ec2c7fc7cd420b,2017-10-31 12:02:07,2,289.84,True,351,True
2b4efa2bb0d9e62ee5e197cacd93c0d6,2018-01-28 15:09:08,2,396.02,True,262,True
2b6ce149982204423f4efac29701255a,2018-01-07 20:09:08,2,626.82,True,282,True
2c14db46aee6245ff5a01f7f69544f73,2018-04-02 14:08:53,2,296.56,True,198,True
2c3ed77b92cba1f5622b5ccaa1792b8b,2018-01-27 17:01:16,2,391.8,True,263,True
2c6a91479a7dc00d8c9d650d8dee88ca,2018-01-16 21:39:46,2,399.53,True,273,True
2cf396c9e24e7627ff042cccb209b9e6,2017-09-18 23:34:58,2,429.3,True,393,True
2d5e5796e7901464c00407e69739c6db,2018-06-04 09:15:35,2,217.39,True,135,True
2d7a88002fb4c6073fbef4f59707a0e0,2017-01-19 15:21:44,2,258.95,True,636,True
2d7c6bd64b139f0f40968dd19c629532,2017-08-01 13:29:51,2,232.76,True,442,True
2dacd79aa5d1a86240b37b6c588de551,2018-02-28 16:07:14,2,389.49,True,231,True
2dcbfb99d95c7ba6eb992a98627f45b8,2017-12-03 20:37:09,2,285.23,True,317,True
2ddc001b620bd90d0f4378cfde1db887,2018-04-04 14:57:59,4,483.33,True,196,True
2ddd50b61ee4a82b40033feecac1f863,2017-10-16 12:21:07,2,273.73,True,366,True
2e08911037fe7ec67377711eee1fdbf3,2018-03-01 18:15:16,2,357.78,True,229,True
2e0a2166aa23da2472c6a60c4af6f7a6,2017-10-29 10:19:49,2,299.53,True,353,True
2e43e031f10de28e557c35ef668f9396,2017-01-26 13:15:42,3,350.97,True,629,True
2e7c511f54e9d94776c606007d672a22,2018-04-10 18:28:31,2,628.95,True,189,True
2f118e666b41b76a61d8cdbbc19f7735,2018-06-30 16:52:04,2,364.63,True,109,True
2f293b442348c20d12aa4537bd3d7234,2018-05-22 20:14:54,2,314.01,True,147,True
2f41863e0922b8d1fbb756691b5c315b,2017-04-06 20:24:10,2,272.64,True,558,True
2f7c8c8386941ce0ef458ca7ff304123,2017-08-19 20:46:24,2,247.93,True,423,True
2f87ccd8d2d676d667a844ee5c6a17bd,2018-01-17 15:54:43,2,405.52,True,273,True
2fa63db193ecb500d4058cae36026f8f,2018-04-23 21:25:00,2,446.16,True,176,True
2fc5e667ccf2a1c87a798be23f1c920a,2017-11-04 14:02:54,2,437.41,True,347,True
2fe074ea3cc24b8fd57d29effc995f8b,2017-12-01 07:15:07,2,1043.06,True,320,True
2ff1b818fb048c44dc6629f013cceae6,2017-08-04 15:17:18,2,289.92,True,439,True
301a6d74a3eb7cd8e3508a045b8fa2e1,2017-08-23 16:22:05,2,591.17,True,420,True
310647380793836bfa5b7b6b3f518423,2017-10-18 13:34:48,3,385.27,True,364,True
3170ebd8b32a5e2102c9d75e0a7f6d74,2017-08-25 11:16:05,2,276.48,True,418,True
317f563ca3576550955f39a346b15be5,2018-02-20 21:00:39,2,330.27,True,238,True
318b8659483e12e9cbe1e6550d97f9d9,2017-03-01 12:54:25,2,635.4,True,595,True
31aa2034dc4b34b06487e22a53b4a07a,2017-09-29 18:39:14,2,379.28,True,382,True
31bfa97f1ea0663a50ebc5c811ebdf4d,2017-11-02 19:29:31,2,937.36,True,348,True
31d332d20895c5c0baefe55207a0fead,2018-07-17 01:02:33,3,276.07,True,92,True
31d4b05ef830a7347b8f43640eb6511e,2017-02-22 21:56:03,2,323.35,True,601,True
31d958dffbf0b744375b5ff0393e6fb3,2017-09-20 06:27:32,2,213.74,True,392,True
31e2e13cc64f2a3bd9dbde22bbad06b2,2018-01-25 01:39:13,2,350.2,True,265,True
31f49e069c399db9c3a0bdf8653e4e8f,2017-09-08 16:38:17,2,528.77,True,404,True
322740034480eb5fe9d14398aee49d4b,2018-04-04 19:07:44,2,549.29,True,195,True
323f8f14acb90e50f86f1885b6b53c6d,2017-01-30 14:19:23,2,279.79,True,625,True
323ff9fd6b4a3edcdf3039e1fb213eb6,2018-07-05 09:39:44,2,384.86,True,104,True
326489271c23dd3128b4480220e5232a,2018-05-15 21:10:13,2,673.84,True,154,True
32c3312cd5a2dddfdcbd359694cd7ae8,2017-12-23 22:16:16,2,255.11,True,297,True
32e93651fbc6d641cffdc40c50d982a3,2017-03-27 19:10:47,2,382.51,True,568,True
33176de67c05eeed870fd49f234387a0,2018-06-04 17:03:57,3,1254.01,True,135,True
33416ee3d4fa56400ec814d7b24bde02,2018-05-09 23:51:53,2,249.9,True,160,True
334293c291f43a6aa85020f8597a171f,2017-10-06 08:55:04,2,295.38,True,376,True
335be0ca4b7aa8578e364a76efd4da52,2017-06-19 21:27:05,2,293.7,True,484,True
336421b86cc4259a58106da261e0e000,2017-05-09 15:29:51,2,562.82,True,526,True
339c527109c4c03e8e09bd4b593dab5f,2017-09-27 13:45:14,2,403.99,True,385,True
33aa371b7512b6a9fede4f231e212226,2017-09-16 23:26:17,2,303.12,True,395,True
33b141e373b4f251b033f9ed33d6974d,2018-04-30 10:59:11,2,221.98,True,170,True
340d924858c395848c127b3e772b6bfd,2018-03-01 12:56:40,2,261.25,True,230,True
3442a61b2d5bfd9d605d6943701ad650,2018-03-26 07:03:11,2,1214.78,True,205,True
345759b8cb3d30586551de1ca6905df0,2018-07-03 18:36:57,2,1056.12,True,105,True
346534c8088852932d947f4b8fea3959,2017-07-26 15:04:07,2,540.82,True,448,True
354004e1432bff6f9008ce0a5afd732a,2017-09-10 17:39:52,2,256.57,True,401,True
355ae139c8a163fb77c065a2d1403ed9,2017-05-09 14:38:00,2,330.55,True,526,True
3578707d5fbfaaad05a3862a179bf76d,2018-01-29 10:14:11,2,211.24,True,261,True
359bacb2b5c52b4287667a7bc6c7bc63,2017-05-15 17:13:19,2,580.9,True,520,True
35b45b906d1450b3540dc96692f58583,2018-06-28 12:43:39,2,404.14,True,111,True
35de25c73544f00e8adde226a4d1bdcc,2017-10-01 11:46:49,2,347.38,True,381,True
35e146c985a9cf989c91edb4c0c156fa,2017-01-15 17:58:43,2,338.46,True,639,True
35ecdf6858edc6427223b64804cf028e,2018-03-31 21:18:49,5,603.9,True,199,True
362928c8cd61df2e6951751dffb4be85,2017-10-24 23:15:14,2,494.75,True,357,True
3648f9e5f51f679ed24deff1f031a093,2017-12-07 09:32:16,2,228.35,True,314,True
3660e33bc132658a08c234cc82e6d0cc,2018-01-09 09:51:36,2,620.37,True,281,True
36be413fe0f4a74eee7b764e758730ed,2017-12-01 17:53:36,2,215.56,True,319,True
3724bfc68569cc4df876284536b8add9,2017-08-28 17:01:46,2,647.07,True,415,True
37266d5c6bf5cb0700372d16599a9b21,2018-06-17 23:51:02,2,310.05,True,121,True
37545efd489b0b7c9aa20690f344271d,2017-09-18 00:28:52,2,897.68,True,394,True
37669671d35808111ab0d229e546221f,2018-04-27 14:27:13,2,275.52,True,173,True
3797de5ad80619a55a3c0a8a034f5ae6,2018-01-22 18:14:24,2,661.45,True,267,True
384d6654ad80e9f1426b7a4ef9e40997,2018-03-20 17:23:39,2,417.53,True,211,True
3871b0ab0166a2f441fa762f5206cacc,2017-09-10 22:33:41,2,333.15,True,401,True
388661387449408a9ab88ea55c9f1a0f,2018-03-05 10:43:53,2,391.29,True,226,True
397b44d5bb99eabf54ea9c2b41ebb905,2018-06-17 19:21:01,4,1756.53,True,121,True
3a43af6775cec872d9a3c80707eb3336,2018-05-07 10:45:57,2,501.03,True,163,True
3a4acf4c4c97cc25075d29f8d29f405b,2018-05-20 20:27:37,2,506.23,True,149,True
3a73ce6fc3b392e1ca609b5548418c36,2018-01-23 14:50:49,2,303.17,True,267,True
3af90f255e824d1d53b3584a4e89ad58,2018-05-10 15:49:11,2,224.68,True,160,True
3b6f5d22fb32e6ac2fbbb944b18cf1bb,2017-07-24 13:40:58,2,263.96,True,450,True
3b80d2592c113d689c05232eb90db0ff,2018-05-01 11:45:29,2,263.38,True,169,True
3b93b770a314d48d7f698a09cab03370,2018-07-05 02:06:49,2,223.1,True,104,True
3b97119ab53db4ae0144dff13c2ee26b,2018-06-06 08:06:18,2,1170.78,True,133,True
3bab949ef05da8e9b3cfd541b6af0ffd,2017-06-11 12:44:43,3,746.28,True,493,True
3bcd0ddf751cb9542efe9f6299fad626,2018-07-06 17:13:33,2,208.92,True,103,True
3be412c1321c061d6f85c5e41530ce2d,2018-03-22 14:41:50,2,220.59,True,209,True
3c166bd80203dfb723ba32f64bedd87b,2018-05-08 12:33:53,2,328.4,True,162,True
3c3dbbf3d36a7a4587efada79a3166cd,2018-03-07 14:04:21,2,223.25,True,224,True
3c555d15cca5369965d1759ad9530a66,2018-05-13 07:12:41,2,552.51,True,157,True
3c5e1130694632f44051b23fd86ad9e2,2018-04-16 10:50:38,2,573.45,True,184,True
3d50a44231c2a153219cef76ee3e445d,2018-02-22 09:54:40,2,363.26,True,237,True
3d93772915efa454a89bf52047b0b285,2018-07-05 19:45:19,2,355.31,True,103,True
3daa1c97a3155484f70c88b19c90dfb5,2018-07-18 19:54:15,2,762.05,True,90,True
3db6e5afa8e8178a29afc729855315e2,2017-11-24 18:28:18,3,779.34,True,326,True
3de0c9303f39b7ccfe69ca11aee19cc6,2018-04-25 11:42:05,3,725.8,True,175,True
3df4912077693dc7933267da9542825c,2018-02-11 11:17:16,2,245.69,True,248,True
3e43e6105506432c953e165fb2acf44c,2018-02-27 18:36:39,9,1172.66,True,231,True
3e5306add1209e5ba184092dd1587282,2018-01-11 15:11:40,3,209.79,True,279,True
3e6658866cc636c1762c080ed56f44e6,2018-03-19 20:06:48,2,291.67,True,211,True
3ea4185126195c34ed9949d8e406d570,2018-07-18 22:34:08,3,806.63,True,90,True
3ec83b54e0afb70def9480cd6b9097f7,2018-02-27 12:23:58,2,1544.76,True,232,True
3f00548d480f59bdac5e1ad8a68dcfe1,2018-01-15 16:14:03,2,230.21,True,275,True
3f1ae9854823f7c0a8027bd994b2ce64,2018-04-03 17:00:04,2,340.36,True,197,True
3fdc39171d444e1a1cd4da98ac2e4adb,2018-04-11 21:37:23,2,414.94,True,188,True
4011b7579e894fa929d2de97b4928f41,2018-03-08 11:43:33,2,888.5,True,223,True
4046cc9e4828038b58ee191e1f713466,2018-06-10 19:37:05,2,227.7,True,128,True
407a6773db6e845737d04a6e27e653b4,2017-09-17 14:14:19,2,244.78,True,395,True
408aee96c75632a92e5079eee61da399,2018-06-21 21:02:24,2,419.4,True,117,True
4092bf290aa60e4f2d4a0dcc2f38c954,2018-06-25 14:30:51,2,583.77,True,114,True
409379e6e577c89589dade402e6c2522,2018-03-01 21:22:45,2,366.99,True,229,True
409fffcdaf4d0eb689458f1df6b2c240,2018-01-18 00:19:42,2,406.15,True,272,True
410a0462acba9ae869f84450fae8a4ea,2018-05-29 08:41:45,2,276.57,True,141,True
41348c09a551501117e31f8a4149950c,2017-12-12 22:51:55,2,289.11,True,308,True
413c048b3543f926f2e486c53de5123f,2018-02-11 13:44:58,2,250.84,True,248,True
417021b1b4553c55daa22f17dbf37cdc,2018-03-31 11:15:27,2,365.55,True,200,True
41b4af321ed477242aebe74652fd8219,2018-06-11 21:01:18,2,254.23,True,127,True
42398dee8f2098eec5579129cc1a6f5e,2017-11-28 22:18:10,2,292.73,True,322,True
42befda568ea0df110b6cec63c233bea,2018-03-23 13:44:28,3,382.45,True,208,True
4307ca57b237ef2790e2a99ebcf3c7db,2018-02-05 18:03:36,2,354.2,True,253,True
43714f2590bcb9f935ae68073d6c34f1,2018-01-22 19:14:06,2,314.6,True,267,True
4377c22228de511d013c6a7560d58a2d,2017-12-02 11:31:32,2,261.14,True,319,True
43c73f9043398f0dd2163fc5f825e61a,2017-11-09 12:24:44,2,243.37,True,342,True
43dce1c46f91f3cd233905d0a8b19153,2018-03-06 14:58:36,2,212.66,True,225,True
44adda057b51a700d1e287783b02516e,2018-05-13 23:54:31,2,659.98,True,156,True
44b49176f1aca9533b67f3eedab0b2de,2018-06-26 11:20:44,2,211.63,True,113,True
44b6bbfea26596437062a38c8e6bcec1,2017-05-23 22:28:36,2,346.87,True,511,True
44bd7571a7dad968306f7776bd5a5745,2018-02-19 21:22:19,2,235.68,True,239,True
44dbd08cc06662e0ca8ac504aac75f18,2018-04-22 21:00:26,2,498.5,True,177,True
455b49402053f170c64a3ae7fced73d4,2018-02-17 14:17:35,2,209.87,True,242,True
455c17b35969ca198c17f2fc9e8eba1b,2018-03-10 01:46:47,3,704.33,True,221,True
456f6d64ecda1b968375d3a68eabfb5c,2018-07-10 14:37:30,2,989.59,True,99,True
4577881f7a6c10d8eb6bd7f7a82ffa86,2018-07-19 17:22:40,2,858.17,True,90,True
459759c02362af7a218dd2fe035b3c07,2017-08-16 10:59:07,2,781.19,True,427,True
45ca4053806ecd0f595c633184e0ff61,2018-04-18 21:22:49,2,879.86,True,181,True
45cfc55a4d5073c50be858369454fc0e,2018-04-21 08:51:36,2,334.34,True,179,True
4644f1b187e390a08b4c66fb16c91364,2018-03-16 11:19:46,2,1219.32,True,215,True
4658b26bcea972ed0b86a5f8c61718be,2018-06-10 10:05:52,2,608.88,True,129,True
4681829483318507ed55682649de6571,2018-01-30 13:05:27,2,742.78,True,260,True
4711348768db55c57a67aba080ead566,2018-06-07 20:45:20,2,1478.2,True,131,True
473d9165586cfc6708841d07adf6c020,2018-05-16 10:40:30,2,645.98,True,154,True
4754e3b66497719a91b36268ed9c5718,2017-12-08 09:42:44,2,881.11,True,313,True
477f7f182e8da105ba6713c0d5a24f15,2017-02-22 15:32:48,2,271.11,True,602,True
47c1a3033b8b77b3ab6e109eb4d5fdf3,2018-01-24 15:15:26,6,944.21,True,266,True
481060b29de0e9b3d7f4b2991cfb0767,2018-05-18 23:28:12,2,299.47,True,151,True
4820f42c8203dcad5d2c17cf363048b0,2018-01-05 09:00:35,2,318.69,True,285,True
483b26e1bf0f4797e5512d8849d90835,2017-08-28 16:05:03,2,301.36,True,415,True
48625b68a29dcfc3aba4b5147e0625aa,2018-02-05 17:27:54,2,370.32,True,254,True
487b72af97cd4e1dcdfae25627f3ea8a,2017-12-08 08:29:41,2,703.38,True,313,True
4897a3c64a635a703a71dd2d9189bffa,2017-09-29 09:18:47,2,419.47,True,383,True
49afeec74ee36fc6e5582ccd16111a14,2017-11-17 13:16:48,2,395.83,True,334,True
49bf911a5666e781425b4fe91495454d,2017-12-04 13:15:11,2,317.71,True,317,True
49c6b1ee895e59043bcd5e2135f08355,2018-05-25 10:55:11,2,220.28,True,145,True
49cee01774f85ef576192e1038cf9cc6,2017-09-05 13:52:21,2,225.51,True,407,True
49e6749fd8bf4a9218457eb19a92e200,2017-12-05 12:49:56,2,497.84,True,316,True
4a433c62dfda8104d295307e855c82a7,2018-03-15 15:21:30,2,299.44,True,216,True
4b1141303289a23d05776bd25076c2fd,2018-01-12 10:14:30,2,210.76,True,278,True
4b979b432abe14a88cd0cde893952677,2017-10-04 18:12:57,2,293.36,True,377,True
4badd97df3e4ad6d64508b5c25d4dca9,2018-04-14 20:31:48,2,344.98,True,185,True
4bbaf6f7a10a7e26a8777aa5cb6d5864,2018-03-17 11:24:48,3,554.09,True,214,True
4bbba2a307995c25e9d635cc1a9700d0,2017-11-26 18:33:35,2,346.62,True,324,True
4c0bac678bfb8ff0becd5b393b45a884,2018-01-05 14:56:40,2,866.2,True,285,True
4c45ebf94ecf4107850d91bc326851c3,2017-09-04 23:02:26,2,529.56,True,407,True
4c4b5dc90eb4e33188153ca3e7999f92,2018-04-08 13:05:01,2,1189.34,True,192,True
4c5ae17e8984ca0916543b159eac0f2c,2017-08-20 19:20:05,2,577.96,True,422,True
4c93744516667ad3b8f1fb645a3116a4,2017-10-15 12:44:13,2,565.88,True,367,True
4ce423721c74231c174d0bb22367645a,2018-06-09 10:09:59,2,353.42,True,130,True
4d1fe8b6f5e9ee044a14467c8b2832b6,2018-02-07 13:14:43,2,216.04,True,252,True
4d98a16aebfef3772cc4d547bcae8761,2017-11-17 21:48:41,2,382.59,True,333,True
4dcabe94c61f202327839a734955b0cf,2018-03-07 22:26:43,3,486.6,True,223,True
4df9aee56fa602c72756abb22ee60b17,2017-12-11 10:06:05,2,291.54,True,310,True
4e4b787733d41ea0cb9b69a192bb285e,2017-12-02 09:09:36,2,417.02,True,319,True
4e65032f1f574189fb793bac5a867bbc,2018-06-14 09:28:49,5,490.41,True,125,True
4e6588068c000d6f539cf24c66a96816,2018-02-19 09:23:33,2,990.5,True,240,True
4eb6fcfd481ef3c2ab3afba135ef4bcc,2017-11-08 22:57:01,2,285.68,True,342,True
4ef6c02126b21225e011b242f9f79c6f,2017-12-13 12:37:46,2,528.29,True,308,True
4f011f45db425dcd3be79d4c11e9ad05,2017-06-11 22:05:06,2,218.0,True,492,True
4f2029f4e7aea8455f5c1cb9de0b7ccd,2017-09-21 19:55:51,2,491.63,True,390,True
4f4d2fe2987efa0b9e4e61a466e8ed8b,2018-02-02 08:15:32,3,234.76,True,257,True
4f8e0cd35c770318d9e8874c2956345a,2018-03-26 11:16:42,2,567.0,True,205,True
4fcf7b9d6a54ded837b9a0ff601bf7ef,2018-02-16 12:21:45,2,352.75,True,243,True
4ffd7cf05f22d7a320750a2f9e73f665,2017-11-01 21:43:03,2,276.23,True,349,True
503279f30dccc77b5d832f20bd485393,2018-03-12 08:31:35,2,240.89,True,219,True
508cae50c5c1e72079d266a513bca9ae,2018-01-08 21:16:36,2,270.17,True,281,True
508f416faa150cd3249d045d81c93399,2018-01-08 20:18:13,2,289.94,True,281,True
50a662e7d7e7e2a94112a4f15a37464e,2017-06-27 11:18:05,2,448.38,True,477,True
50ad9fb3ba7f8cf336529fe94a182996,2017-10-01 13:16:54,2,391.17,True,381,True
50cd97d731f3f5e3f321673c2671a23d,2017-12-19 18:12:04,3,416.39,True,301,True
5126071e8e67f61789f6ce9f3af56143,2017-12-20 17:27:11,2,450.22,True,301,True
51378a8908cdc12c6545fdf842383c97,2017-03-17 18:15:27,2,922.19,True,578,True
51838d41add414a0b1b989b7d251d9ee,2017-06-04 14:53:58,3,310.86,True,500,True
51c2f039f08424330a6bbba4c9949d98,2017-06-25 16:16:00,2,312.02,True,479,True
51d11e5abc725531b3a2fd56456885fa,2018-02-14 12:48:24,2,417.76,True,245,True
51d121ddc025c1b70f8f62a1b727aecf,2017-08-30 23:28:35,2,391.23,True,412,True
51d8d985d769925b981b4a34ddf6dfc6,2018-05-03 13:28:29,2,381.33,True,167,True
51d91326ffc0688da14a001de38c264b,2017-08-26 18:31:19,3,735.72,True,416,True
51dc56123336c573f2977f5da81b17b9,2017-09-28 09:03:53,2,769.24,True,384,True
523730e4b2ef7654c243699b81763112,2017-05-07 20:22:16,2,229.83,True,527,True
523b7915f240831d06b34ab9b804a200,2018-05-18 13:37:26,2,212.13,True,152,True
525236008daa62b6022f35142ef864d3,2018-02-03 09:27:17,2,244.41,True,256,True
52597838f6c178b19b961b068d048c71,2017-08-30 14:57:25,2,425.54,True,413,True
526126c9f6a2a58d226b574d4d6c2278,2017-02-23 15:32:21,2,578.75,True,601,True
5275b2f97b9c995d3d05a58610c0bb67,2017-12-03 22:07:44,2,237.94,True,317,True
5277f2c18bae9ff7f93aa8118ace6e03,2017-11-23 22:14:49,2,270.57,True,327,True
527c6fbbe85cdf78ff1645e0a71e266f,2018-01-23 10:54:12,2,404.27,True,267,True
52abba659c0a219f8de7076dc33e0e83,2018-05-22 23:20:45,2,285.37,True,147,True
52e05f52b2ccd1945aafaae6ceff7ba1,2017-11-24 11:42:09,2,242.7,True,327,True
53b30ca78efb2b7efcd3f9e461587eb2,2017-09-08 23:39:19,2,300.47,True,403,True
53beace9d0aa08b64d759d5f5a66550c,2017-12-05 10:30:20,2,290.54,True,316,True
53e4d5ab8287848319f0220d47ee7ca0,2018-06-05 22:05:33,2,232.23,True,133,True
5416f8ad5bc33953624084ebc8738307,2017-11-24 20:30:47,2,402.74,True,326,True
5461338ea772177374bcf3f23665178f,2017-10-23 19:51:15,2,278.38,True,358,True
54732c804725f94304b9f2d1107a3d6e,2018-03-17 22:07:37,2,408.96,True,213,True
54a22a0d776f341e79356ad4a761aa81,2018-03-02 16:54:18,2,210.96,True,229,True
54b716ecf36f372ca6a585a68025e8a1,2017-04-05 21:37:12,2,269.18,True,559,True
54e0a7cc9c09c591bd186e4569c7bf30,2018-05-11 03:40:43,2,318.13,True,159,True
54ed3f082c9e7725a0e26e9e682fc825,2018-01-13 09:58:10,2,524.82,True,277,True
556ffcdd6185be1c44ea83be3b1b5f86,2018-06-20 22:11:30,2,340.68,True,118,True
557b158701bedbb76b856eb5f3af51b1,2018-04-11 10:46:53,2,766.53,True,189,True
55f21db4f9a353dcee5b774f750c65a1,2018-06-03 12:40:45,2,499.35,True,136,True
5616f75d22507069b5383854a1d8c414,2018-02-26 20:19:48,2,443.58,True,232,True
565448508b44312e8489ca1bc1f5d09e,2017-04-28 12:32:56,3,315.24,True,537,True
56c8638e7c058b98aae6d74d2dd6ea23,2018-04-19 18:54:32,5,806.47,True,180,True
56d6d1ae03e95325991e4c77bf3cbe53,2018-05-12 09:09:41,2,251.94,True,158,True
56e3a158ef88285f2c15a83db0b13d93,2018-04-28 21:01:16,2,270.52,True,171,True
570eb70ff97166b85ea96be3bfb65fef,2017-11-09 14:07:54,2,224.58,True,342,True
572a2a7bca60d77e596287ea324a4680,2018-05-03 12:27:37,2,233.34,True,167,True
5735fac0e3e12fee0b0545828a977acd,2017-06-30 14:56:23,2,380.76,True,474,True
574e36a816bf7a295404e686062fc0de,2018-04-26 18:07:40,2,222.86,True,173,True
57b5d9f9fa4f1ff41befbfbf0fcbc3ca,2017-10-27 11:33:04,2,234.07,True,355,True
58075e17e770fc08571c3e0f452f6a11,2017-07-05 19:56:05,2,227.27,True,468,True
582183483d33018384b309d31c45f353,2017-04-23 09:15:49,2,216.83,True,542,True
58498d9dec038f925f6406ebdfdc36bb,2017-11-16 22:55:45,2,419.17,True,334,True
58c1b085b54c03a1f1ab5f13d64c2b1c,2017-09-17 08:33:40,2,3064.72,True,395,True
58f5a0b391493cf37a8c32956f14d6d1,2018-02-21 20:49:41,2,371.78,True,237,True
5908f8630bbd5a8d5984b25f85588168,2017-08-29 12:26:32,2,291.32,True,414,True
593cb774409e5239a1946d1c88e0813d,2017-07-05 12:03:14,3,265.5,True,469,True
595ee036d3a69e80934a9b3618834085,2018-03-22 17:47:21,2,313.71,True,208,True
598ef1f13aba15f2b88387184f6c25ec,2018-03-24 15:44:59,2,239.5,True,207,True
59bba92de9b8f6be0808e4d9d64b4b43,2017-06-24 13:43:54,2,213.15,True,480,True
59d66d72939bc9497e19d89c61a96d5f,2017-08-10 22:09:50,2,3559.99,True,432,True
5a21363c92f912e70cb482c96bc03af3,2017-06-11 13:21:04,2,246.57,True,493,True
5a2e847dd085d36e3ba8916b75e794ed,2017-05-07 18:52:33,2,237.86,True,527,True
5a30802342302d5bcef2bade8d40d847,2017-12-13 21:24:35,2,378.86,True,307,True
5a494c648fde2d1ec4eb614274ea7159,2018-03-08 19:06:08,2,1703.38,True,222,True
5a85f706b2059c3cd55287e105d8d5ea,2017-11-27 21:35:51,2,464.01,True,323,True
5ad31e19d737a51f803e6986bbd119ff,2017-07-11 11:47:04,2,451.34,True,463,True
5ad96d7a95788923e8ff455366a90015,2017-06-17 21:09:49,2,626.18,True,486,True
5af103d3f12fd83434cb97578a1e8d49,2017-03-04 16:07:38,2,278.93,True,592,True
5af895ee7ff98368a5bf6faeddd18cec,2018-02-28 14:08:27,2,364.67,True,231,True
5b07d855f3356e33b1434dfb5a035cd7,2017-08-27 19:48:58,2,307.8,True,415,True
5b09c620db60411b0be6f1817c6cbe71,2018-01-20 17:20:34,3,273.7,True,270,True
5b26618da34612cc4947bbf6ef4fb67c,2018-02-17 11:16:54,2,252.01,True,242,True
5b3186d7cf904f2f9369aec26faba4d2,2017-11-24 16:31:04,3,418.21,True,327,True
5b65c2693d8103d23aa910cd33d68daa,2017-10-31 22:19:42,2,420.5,True,350,True
5b881f1b0bea55f5933b61c9a99c9ecc,2018-02-14 18:04:45,2,250.03,True,244,True
5b8a75e77489899ad9e6d57273aafd7f,2017-07-18 13:02:39,2,432.93,True,456,True
5bad02ee81a2002eb3b5b84d32bfc15f,2018-02-22 20:46:34,2,296.84,True,236,True
5bc94b60050224af3dfdd2377c7e93e6,2017-01-31 13:41:56,2,231.19,True,624,True
5bdb6f56a8fb4272b802f504bb6d1287,2018-02-06 12:16:55,3,704.09,True,253,True
5c2b5c09534917d37857557d37ed9205,2018-06-17 08:29:35,2,366.0,True,122,True
5c4b7aa014e584d78525c38717510f01,2017-05-10 19:40:40,2,433.44,True,524,True
5c5a99e5ef172fbf5fc8a68e6bb2e0ab,2018-02-19 01:49:59,2,316.37,True,240,True
5c65a2076c901f375b01aad3a60c7447,2018-02-19 21:58:59,2,256.98,True,239,True
5c8b41ba21631ca0432de4a10a56fcf1,2017-04-10 11:02:37,2,254.84,True,555,True
5cb8c9998e51269d6c8c983def687414,2017-12-20 16:32:00,2,275.81,True,301,True
5cbfdb85ec130898108b32c50d619c39,2018-03-14 13:42:40,2,321.79,True,217,True
5cc1eb5a94ab59494d63f06a5c7eec15,2018-03-04 10:51:13,2,349.69,True,227,True
5d2dfd15300a557c1ddfad56a8460226,2018-03-16 15:48:47,2,856.77,True,215,True
5d323409404dee6bdb0f6cf9ef828dae,2018-07-02 18:16:59,2,233.63,True,106,True
5d7ff357d021646cf8adf2601713f624,2018-06-07 16:12:03,2,215.03,True,132,True
5d8f5f50fd2c7fbe8b335d945105a37f,2018-04-09 20:34:20,2,566.91,True,190,True
5dbba6c01268a8ad43f79157bf4454a0,2018-02-17 21:51:05,2,496.87,True,241,True
5e0aa142dc4760e62a74c1830cbf91b1,2018-02-15 18:49:19,2,438.55,True,243,True
5e24610c5a55f0b6ffdaf9e846d02362,2017-08-16 18:06:38,2,244.22,True,426,True
5e8f38a9a1c023f3db718edcf926a2db,2018-03-06 14:40:32,5,1114.18,True,225,True
5ec4c90f549177a8cbbbc7419353e66a,2017-08-03 17:22:24,2,322.01,True,440,True
5ed4db82a99daa916b5a11e6c48df670,2017-03-15 16:38:57,2,297.69,True,581,True
5f2a213343d506264f78cb82dd914434,2017-06-08 11:30:04,2,430.13,True,496,True
5f66ee1b2e030748fdb83ab9b01a7064,2017-09-20 07:54:43,2,243.86,True,392,True
5f7f2f316d856064acee6f1db7c9f63f,2017-08-27 14:15:47,2,249.04,True,416,True
5f80e1b868be57e4d50ae6bbeae78d77,2018-02-27 13:25:14,2,267.66,True,232,True
5fb5bf48cd408d971f873069e5178898,2017-10-24 18:18:17,2,237.71,True,357,True
5ff735d120cf4ec4adefd9766f703bf5,2018-03-27 14:11:00,2,360.19,True,204,True
6084496782926c56bf04c556331bf884,2018-07-11 00:47:20,2,250.08,True,98,True
608646d3514cc48a27d666e313cfe0cc,2017-07-14 17:10:12,2,469.37,True,460,True
609adc68db390a15fd21648c496f50b7,2017-03-12 14:02:57,2,213.01,True,584,True
609b7feab0f0c9726929ec4891447b02,2017-12-29 09:13:12,2,212.65,True,292,True
60a22f2188cd2b544c45f103d0e00539,2017-09-14 20:27:07,2,1740.21,True,397,True
60d2dc24e6a89bd218f646df03674e5b,2018-07-13 13:42:14,2,282.3,True,96,True
60e6fe581610db699ac03fec61f4d53f,2018-02-06 16:59:28,2,303.76,True,253,True
61181b9bc9188678b5991d89064dd961,2017-10-11 00:19:17,2,238.17,True,371,True
615922c430abddd368735199c38e735d,2017-10-15 15:41:36,3,383.99,True,367,True
6197167907273be5ee2c7ab59d4ec8e1,2018-01-27 18:47:46,2,392.54,True,262,True
61b6a01709e3d754942803765b85eea6,2017-08-17 09:49:45,2,257.8,True,426,True
6204c4e582a95b6a350adf6988623bfb,2018-03-03 20:44:07,3,347.53,True,227,True
6223bdc5aab952ee49dea3511f89e7ec,2018-01-03 09:16:57,2,370.56,True,287,True
628bdd93abd27fbdd50f4e2e91ec64b3,2018-06-14 20:09:31,2,325.05,True,124,True
62a25a159f9fd2ab7c882d9407f49aa9,2017-12-07 20:33:24,2,395.55,True,313,True
62b8761192c86f4ead06f4a433096a2b,2018-07-04 12:04:21,2,939.61,True,105,True
630331e73a79ae9a2ba821bd326ea298,2017-07-05 07:54:14,2,233.07,True,469,True
6321cbc5ca73fae88f1acccaa086ecdf,2018-03-06 21:36:20,2,353.8,True,224,True
6345e3b3ba5ee47685e29ec5febc8155,2018-04-21 21:06:08,2,479.08,True,178,True
6358b15ef7fa9b1210f1a5735cabd3d9,2018-06-04 14:22:41,4,311.14,True,135,True
636443768344855307bfe5f2f2f6ba2e,2018-07-18 20:32:33,2,353.78,True,90,True
63669b3731dcc014feec668c3d888aa0,2018-02-18 19:20:46,2,229.97,True,240,True
63cfc61cee11cbe306bff5857d00bfe4,2018-05-28 17:20:02,6,826.32,True,142,True
63df651d5e8adb6a0e4baeb66a0eea37,2017-09-01 10:33:16,2,337.22,True,411,True
6419a1be8feac26ec793667b71cbaeb4,2017-12-26 14:57:27,3,841.98,True,295,True
6469f99c1f9dfae7733b25662e7f1782,2018-06-28 00:43:34,7,758.83,True,111,True
64df076fb557552498049bb07ed1cd5f,2018-05-10 10:13:46,3,554.24,True,160,True
64e9a736591627c469dae6f3d1592a61,2017-06-08 20:02:42,2,603.16,True,495,True
64fbafb2935c7a2588d6a26a9d750487,2017-01-27 14:59:18,2,674.64,True,628,True
65571628698194dbda526c22f5ed2317,2018-07-19 07:38:53,2,418.94,True,90,True
6594a65023bcb47539aa91b0f8e98e00,2018-03-08 19:22:48,2,254.52,True,222,True
65d6b6a1113bd6152e3307e99c5104c9,2018-02-27 13:23:38,2,365.4,True,232,True
664fe7916cb8709c6b848383c6361dcc,2017-10-25 13:32:55,2,409.33,True,357,True
665f8bbe2cf428657aeb0572c27fef58,2018-01-15 10:33:44,2,547.77,True,275,True
6668e1ae499e2e9be475b7f708580232,2017-06-11 18:22:10,3,281.18,True,492,True
668ddbdd3ee99d4339eadfef21531d45,2017-07-29 01:28:37,2,222.84,True,445,True
66e56177b9bf464a930e57edc3694403,2018-05-25 09:06:12,3,331.11,True,145,True
66f4eec9da64df09009a7f397c2a32b1,2018-01-24 12:33:58,2,914.15,True,266,True
66ffab11964dda54f46a826323635120,2018-01-20 20:00:12,2,814.85,True,269,True
67466b5877fad6f2279c1fb634c9aa5c,2017-09-09 15:51:53,3,636.53,True,403,True
674e552503d21cd547fdd0de0bfb9be2,2018-05-26 19:30:51,2,336.33,True,143,True
67bddde1844b238fe25995cde1612b4e,2018-06-27 13:53:32,2,222.65,True,112,True
681405a99faf3ac8afc2dc018a3f67bb,2018-04-09 14:19:27,2,1028.2,True,191,True
6832ad9ac97f82c7c5d614fb8e632e7b,2018-06-03 18:48:07,2,250.28,True,135,True
6832bd3ca1bf89c9e60bf3c91d846ec9,2018-01-23 17:23:54,2,227.36,True,267,True
683cda1913456fb0cca302892b37a052,2018-01-05 12:18:07,2,280.02,True,285,True
68497ce04e9b12cb402671a29acdf6a2,2018-05-10 20:00:57,2,1047.15,True,159,True
684fdd89d877968793cfb9c8f7ef7874,2018-05-13 22:06:07,2,366.15,True,156,True
6871b052a835417d6d2e11153e0d3c2c,2018-02-25 15:14:28,2,399.93,True,234,True
688d5274462f91fa0332582b748ce41d,2018-01-10 21:22:20,2,444.17,True,279,True
692074726678229d1fe1887a9f0abb14,2017-11-24 10:28:02,2,310.81,True,327,True
695dee4c200e4cabdfdb01287f5fd29d,2018-03-02 16:53:56,2,260.61,True,229,True
697452ef6f8c549b18ffecd3e0197460,2018-06-13 16:55:35,2,231.14,True,126,True
69768afd389429f6ec48199e5fb8e61a,2018-04-07 17:52:04,2,307.75,True,192,True
698118425f0afbd4bee557e51b6bd49b,2018-04-01 19:45:02,2,300.47,True,198,True
698a9cafcc15cac8cdbaee64adc6efbe,2018-01-29 13:09:33,2,220.08,True,261,True
699003f10173022740145aa4aaeaccd5,2017-11-25 18:30:07,2,511.22,True,325,True
69f2934ad8b50cc05587a94cc7d68fc9,2018-03-05 18:15:17,3,349.11,True,225,True
69f7e342c28eb22ef6845facd926e810,2018-06-24 23:35:31,2,324.72,True,114,True
6a0d68294a58730f94eab8de2abcf050,2018-07-12 10:40:34,2,258.4,True,97,True
6a2ae83cded378a462e86a2e4885e750,2018-03-05 20:21:03,2,292.37,True,225,True
6a56e8e6c20175d122a962a5e5dfcf5e,2017-09-04 16:39:26,2,303.93,True,408,True
6a80a86f478a93a5f4c7ba8db6441a6b,2017-07-26 17:22:35,3,342.75,True,448,True
6aa14366984bcc5f1ea760928283d451,2018-01-29 10:43:48,2,346.6,True,261,True
6b1b676621a55a12546f8eeeaa12d4a7,2017-11-03 12:49:17,2,324.8,True,348,True
6bb535b0906b43e0041916897667aeed,2017-09-17 18:12:09,3,1195.23,True,394,True
6be28ae15cd1e7b3f3f36ac483512822,2017-11-24 00:08:11,2,500.42,True,327,True
6bf558c1aae5004b6a410c3294c5e119,2018-07-11 19:32:26,2,309.84,True,97,True
6c2f6983a60ac0dc8a9ee65579959538,2017-10-17 12:39:00,2,251.49,True,365,True
6c70bee45f245a4ebeddb2ece21b567d,2017-07-03 20:50:49,2,586.37,True,470,True
6c722fdc0ca8a586dcfa980f2f1278eb,2017-09-01 11:58:14,2,238.04,True,411,True
6cad2595071b142d5f90563f43558cc9,2017-12-03 11:32:32,2,1184.24,True,318,True
6cf5a61d865d979d060812cdb48ce484,2018-03-29 11:43:29,2,317.3,True,202,True
6d3d5771a12f5e7d00729f940bb28fd2,2017-07-26 11:46:34,2,347.78,True,448,True
6d443b75cff956bb73dce7385033e266,2017-09-05 09:29:17,2,660.92,True,407,True
6d983c87bdeb0ca15734c8bdaa79a2ea,2017-11-17 19:41:49,2,348.03,True,333,True
6dcf48fcc0c4d96dd7af8a0897ae9de8,2018-07-17 14:25:51,2,447.28,True,92,True
6ddbc64bd04d40f7768ff088d94cbeb8,2018-04-09 22:58:05,2,2299.66,True,190,True
6e08abf5cfb67eeea9e48463da288788,2018-05-26 12:46:18,2,304.82,True,144,True
6e14116d3471123fcf057c203fd7e801,2018-03-03 09:32:36,2,313.28,True,228,True
6e1550b8966f327f29bc06b18972dbec,2017-05-30 20:09:15,2,1039.88,True,504,True
6e26bbeaa107ec34112c64e1ee31c0f5,2018-01-02 19:00:43,2,1441.62,True,287,True
6e64dc929d62442c813375d68c4e0c2e,2018-02-25 20:10:26,2,247.28,True,233,True
6ee2f345f4f2fbd1cafb6447a6b37642,2017-06-08 23:28:16,2,387.59,True,495,True
6f1b9f60ea8ee748140353648c2d8d8f,2018-06-21 17:20:29,2,496.76,True,118,True
6f302f15a62c56b3100b67a81bfef328,2017-12-18 21:47:55,2,735.39,True,302,True
6f36e0165218ac7ae521d8e44739e703,2018-01-26 17:20:43,2,249.49,True,264,True
6f64406ed5cfa4a2d9bd35e91bfd6587,2018-02-06 15:10:03,3,371.28,True,253,True
6f65f19c2dcfcab8b76b2fafb5b840e1,2018-03-22 23:59:55,2,248.66,True,208,True
6faa792efdf7c9c6eb7cfdf68aa5e581,2017-10-09 19:27:57,2,296.43,True,372,True
6fc92189a4d83f8f8eb046b050ce8687,2017-07-08 14:55:53,2,308.49,True,466,True
6fe09f77ec8e29ed4e619c6841f6479b,2018-06-06 13:17:17,2,269.12,True,133,True
6ff62b85b8dd35a3402d54618bdafec6,2018-02-05 16:12:45,2,629.46,True,254,True
7063b55fee699193fd5e44253a7e4a98,2017-05-19 16:02:39,2,789.24,True,516,True
70ad91901ad4330af432978ff134fc6f,2018-03-19 16:39:27,2,660.44,True,212,True
70f0fca2435f0fa72fe85699630791fc,2017-02-09 11:01:15,2,381.39,True,615,True
712c4abfd9b054e7872aad2021a4aee3,2017-11-17 19:55:32,2,446.28,True,333,True
719b758d12e3c1f243c66bf47b488be1,2018-01-13 10:56:37,2,290.43,True,277,True
719f18245d86356b20dbfc6ebff6498d,2018-06-18 16:49:24,2,226.05,True,121,True
71a26c172a544ccc789674f1fab9d951,2018-04-13 13:45:45,2,238.79,True,187,True
71b14aca95bfbedbc5746d2c0a92d8e2,2017-11-22 20:48:57,2,383.36,True,328,True
71b8dc9ce21a7ca5344bde166e117c9f,2018-03-07 20:21:18,2,209.75,True,223,True
71d2dbb6d2f52d568ca9d69c815a4331,2017-06-17 09:36:39,2,386.59,True,487,True
71df425cb9aec3337bc969df451d663a,2017-09-29 16:22:26,2,861.81,True,383,True
71f88e06eb78302859a034cd7d1877a1,2018-05-14 12:34:50,2,826.38,True,156,True
72061fff095d8325b311ea24e2f4a2b5,2017-12-12 22:27:23,2,699.8,True,308,True
723bb8aa118da56cd7644aa593d197f9,2018-06-22 15:06:34,2,365.77,True,117,True
730e4b7ede33b484516435d39ab4dc49,2017-06-07 00:19:14,2,413.97,True,497,True
7311b47a208b4f5af09ccc62fafea9e2,2017-12-01 11:09:24,2,456.29,True,320,True
7314e2017ab1883d59ccbc7318c4b3fc,2018-02-21 14:02:31,2,254.82,True,238,True
731ea3afd190908a9cbed04f42aa51e2,2017-11-27 18:39:50,2,306.69,True,323,True
7330a3475a2c65878c2c9b95266bef04,2018-03-06 17:21:09,2,534.11,True,225,True
73601b1eec55943e90ce8d61253d5c09,2017-11-01 13:39:49,2,2068.68,True,350,True
73768eba15a0744371ca5521eb2e51f5,2018-01-03 22:26:49,2,773.9,True,286,True
738ffcf1017b584e9d2684b36e07469c,2018-06-16 01:10:28,4,779.18,True,123,True
73a218a376e1c8e6a31799484fe514b8,2018-04-19 10:03:08,2,579.6,True,181,True
73daba56d88fe2ed55fd098a179646d0,2017-11-25 14:04:11,2,322.58,True,326,True
73de7b7b976fc6b75283b05f67fd6b5b,2017-11-14 20:08:14,2,408.2,True,336,True
740b9a28b39035534bf3425b19016263,2017-11-19 14:03:22,2,266.88,True,332,True
744fb2d41ededa16d3f703b7065b234c,2018-02-04 22:04:37,2,270.6,True,254,True
74cb1ad7e6d5674325c1f99b5ea30d82,2018-04-03 01:16:22,5,451.17,True,197,True
74fe4e106702770ef728399ce5da503a,2018-06-02 11:51:00,2,236.9,True,137,True
7588c20c457369de8caad958afc1cc06,2018-03-16 15:44:57,3,265.84,True,215,True
7589544c08cc5de364cad85ee73f4b63,2018-06-24 17:20:56,3,265.13,True,115,True
7599dea7f7520c8c37351721ad6870de,2018-06-01 22:49:13,2,312.68,True,137,True
75a2adfe9f86d401f24b5fe2eb9a582c,2018-01-04 17:50:02,2,354.18,True,285,True
75c7cb4037146f5c8e95ade4214396c5,2018-01-12 09:40:31,2,733.31,True,278,True
75fe145e64986de933b893642277d8a9,2017-03-12 16:26:20,2,210.29,True,584,True
75ff587e87e047a7e00f75bbcab17c00,2017-11-01 21:41:42,2,284.8,True,349,True
76a0491dd70c125840fa259f00dfc351,2018-04-14 12:00:13,3,297.96,True,186,True
76d1df67cfa34a2c4606537d54aea0f8,2017-10-28 16:20:18,2,558.34,True,354,True
76f7d40948174f5cde0fcf8e6147b59d,2018-04-29 22:59:41,2,373.6,True,170,True
770c6c524fc389b4cab878d19703745d,2017-08-10 10:14:39,2,521.07,True,433,True
779f7ec7155dfd74a8425e40c4d34497,2018-06-19 14:10:30,2,363.69,True,120,True
77c213e10acbd145d50fcb035d0e86d9,2018-04-10 08:42:53,2,479.95,True,190,True
77e223f4a031fdeb1650e797bf4c692a,2018-05-08 13:53:51,2,251.1,True,162,True
7823a8988612aff9a03896c51e2c5f7b,2018-05-02 20:56:24,2,245.11,True,167,True
7828a4a1ee004bbe6665cbffbc4bf2d9,2018-02-12 11:08:58,2,309.1,True,247,True
786165c8823a3fd635edab35df391d27,2018-02-26 20:21:07,2,217.41,True,232,True
78a038d19f31c40c5dd68c112ca00ad1,2018-06-13 16:18:34,2,242.41,True,126,True
78b5cbc4b9ad61445b6609593addca37,2018-01-11 11:06:41,3,352.09,True,279,True
78c5bae602d6d120f6f4ed4acbd46284,2018-03-20 20:12:16,2,213.34,True,210,True
78d665ab97fb0bfd754a20a48476c4e7,2017-07-06 09:03:56,2,677.83,True,468,True
78fcceb499ec9008fcecbaad21efefc6,2017-09-16 15:02:11,2,222.27,True,396,True
79444cb5bb16964eea4c5abb2d3aa023,2018-03-23 20:43:35,2,247.77,True,207,True
798c34ffa9047399853eab8ca7c0b9a0,2017-12-04 22:28:27,2,1812.19,True,316,True
79c389f4fcc007dfbd1f317f29e85030,2018-05-03 10:12:15,2,256.13,True,167,True
79c3ef46b89f10777f5604a5e1ee22b5,2017-08-16 16:24:17,2,266.91,True,427,True
79f227df52caf2b68d36e990ff3fc652,2018-03-07 22:11:47,2,267.25,True,223,True
79ff5d9ba6dc750760a809b0a84d3397,2018-07-05 10:22:32,2,312.78,True,104,True
7a114c4d600e1eb56f331eba875d38a6,2018-03-28 15:12:22,2,267.38,True,203,True
7a176e5d88c7acb6000a055e008c055d,2016-10-08 17:43:26,2,627.3,True,738,True
7a1de9bde89aedca8c5fbad489c5571c,2017-12-02 15:16:36,2,467.0,True,319,True
7a311d62282fa63be12b02aef2fd21d1,2018-01-30 23:32:03,3,260.73,True,259,True
7a350426024a624cef97f797c408db97,2018-05-03 16:46:51,2,256.87,True,167,True
7a380cb5434e6b6b5b37d45bb99dbe8a,2018-06-11 16:49:47,2,476.18,True,128,True
7a40da3af7a607c7275b9b8f71d730c7,2018-04-27 20:34:17,2,338.59,True,172,True
7a6b4947e01039432cac229435d058ee,2017-09-17 22:36:58,2,452.24,True,394,True
7ab8841bae70453e6b6fd543de86b90e,2018-05-03 17:26:34,2,444.07,True,167,True
7acf19ddc75a0935581845e1c89edb3c,2017-05-22 23:09:07,2,390.97,True,512,True
7b08fc11e1aacd85ef2845c12a9ddb81,2018-02-27 21:30:28,2,273.67,True,231,True
7b0eaf68a16e4808e5388c67345033c9,2018-05-19 11:30:35,2,2340.08,True,151,True
7b53ce3d0ba1f84b0ebcef52fffb110d,2017-12-11 09:45:32,2,226.88,True,310,True
7b662d846265cb0ed144db95fe0c74dc,2018-01-29 17:54:40,2,317.04,True,260,True
7bada66424f46ce9a766b94974849e09,2017-10-30 16:23:24,2,277.81,True,352,True
7bf1c59401206e31a78523077f3a1144,2017-10-19 15:13:31,2,231.02,True,363,True
7bf5c9596fc39d41078cb46a86b23831,2018-01-03 11:50:51,2,290.01,True,287,True
7bff4fff725edd40fde6f0ac1eb0e2dc,2017-11-24 10:40:01,2,431.12,True,327,True
7c353714ed8789f928faaa4191e85197,2018-03-04 22:47:43,2,349.42,True,226,True
7c438259d88d8eefb977be5432d761c1,2018-06-30 19:02:31,2,342.32,True,108,True
7c67f115342d01560cd438fad6346a3c,2017-05-29 09:39:57,2,223.99,True,506,True
7cbf84875196ee1d04dc880ebbfaa7ef,2018-05-09 09:51:16,2,376.42,True,161,True
7cc23ec3506e4e1e67d0702da04a734c,2017-07-05 17:47:33,2,248.91,True,468,True
7d08a8005756c215935d45bcc0e9a760,2017-01-08 19:27:22,2,301.78,True,646,True
7d0983269f825d3112e5a64364b1258a,2018-07-16 09:08:18,2,763.25,True,93,True
7d0b1773dc928e29e86a230ca9557d08,2018-04-23 15:57:52,2,382.02,True,177,True
7d19f93ed7e2ea8211975b68525b0598,2017-11-26 01:02:57,2,374.8,True,325,True
7d3d94b4740895a17760e976797f9f0e,2018-04-22 17:47:10,3,211.82,True,177,True
7d904a4755e206a3e308a1f03d4a3a7c,2018-02-12 19:22:50,2,585.91,True,246,True
7db92cbb797de39eebe3bc986be820f8,2018-05-08 14:55:15,2,748.78,True,162,True
7e1681f9bb31800364869a2cdbe289db,2018-02-13 14:37:04,3,532.44,True,246,True
7e7301841ddb4064c2f3a31e4c154932,2018-07-14 19:38:26,2,281.48,True,94,True
7e91ec540af718ab375b1d13271e9543,2017-05-12 08:59:53,2,321.52,True,523,True
7ea3dc64a652d699ace3048e904c561b,2017-12-06 12:33:21,2,624.95,True,315,True
7ec0077665fe9020e7dfdb05b2be0162,2017-11-11 10:40:02,2,219.27,True,340,True
7ed57df0e6ae22a4f9e0250d52608ad5,2017-08-09 12:10:38,2,365.12,True,434,True
7ee9e6c80bf1b7ec4a52639eab6c128c,2017-04-29 21:56:10,2,373.67,True,535,True
8004f80e361a5ee23aadb7418a685fc2,2017-12-10 18:07:24,2,338.12,True,310,True
801b53359d2880a9bff63574103fb74c,2018-05-07 18:58:49,2,227.44,True,162,True
803c530613f5c4ee03502be0d6894de0,2018-03-29 15:41:07,3,486.23,True,202,True
809ea1c56f165109936fe5c51003fbfb,2017-09-24 14:59:52,2,227.24,True,388,True
80e00a7b9ead7590bf05116f0237c896,2018-02-02 22:07:28,2,288.62,True,256,True
815a99cb9852a1011da9bb7f2070b93e,2018-05-25 19:17:51,2,212.25,True,144,True
81865792a5df52436b4e759b4ba21412,2017-07-18 11:11:07,2,1069.77,True,456,True
8194a6cea93c5c653e7956f0b962b5f7,2018-02-24 18:22:14,2,524.77,True,234,True
81db097ffce4bd958cfffeca7c41e301,2018-01-26 10:59:39,2,298.04,True,264,True
81ede855f58f99b76014d66d161e7a23,2017-12-22 15:26:51,2,388.0,True,299,True
820e78bf5449cb1bafbc56095ceb77a7,2018-07-19 10:26:52,2,279.43,True,90,True
821e4e781313d2eb18711efe7a50d66a,2017-09-27 16:56:27,2,273.25,True,385,True
8241424764e0bfa6bfcb3c6cda391ac8,2017-05-22 22:21:32,2,525.17,True,512,True
82532fe90a30190fdc4622143d41dc15,2018-06-17 12:31:55,2,278.06,True,122,True
827b19392982299876c0aca1f92208c2,2018-01-24 12:34:44,2,265.9,True,266,True
827f51bdaa8e37bf31ff413e0a7699a4,2017-03-04 15:23:16,2,228.3,True,592,True
82c173abf4679049bd8628bfe89a9f2c,2017-09-05 14:55:34,2,218.82,True,407,True
8322ac348d132588470c5e8cc56b2bb8,2018-03-21 21:05:39,2,367.79,True,209,True
83424549593093baf504ac260d4615e7,2017-05-19 18:36:42,2,254.88,True,515,True
83476105a4e9a12fcddd09081dc6cefe,2018-07-12 10:38:07,2,283.56,True,97,True
83935d750c83951d7d0211a3c60e78fd,2017-07-15 23:48:02,2,252.44,True,458,True
84514f009b40220330a5e42b102437bd,2017-10-16 22:24:02,2,295.03,True,365,True
846e4612bebdefeb3a65aa63fee59e3a,2017-08-03 13:19:58,2,550.86,True,440,True
84720447172b234e7504da52ee639435,2018-01-17 21:27:34,2,273.16,True,272,True
84f30d2fd3937449dc7e0c835c281961,2018-07-18 17:13:02,2,227.22,True,91,True
85189d642c11e7090cb2f72fed68ea42,2018-02-28 12:41:29,2,221.72,True,231,True
857104e1bfb81cb14e88ff07d1b22c70,2017-12-02 10:36:19,2,360.21,True,319,True
8597b390850fe72e108d53f42ca64846,2017-06-22 22:41:57,2,431.97,True,481,True
85b33fdcff5e20584ac9ec8e3c559ea3,2017-09-10 18:30:54,2,235.16,True,401,True
860f75391be5698f015d3b234e7576d6,2018-06-19 09:54:54,2,246.21,True,120,True
861e2a5848de1a3e8fa544236a8369f9,2017-12-15 17:17:22,2,390.02,True,306,True
862bcdd9344546914b93a16397a78791,2017-12-12 11:58:48,2,763.6,True,309,True
8689b3e15d4b16cfd05ecf597a523453,2018-01-12 16:26:06,3,259.37,True,278,True
86a78c9e5114f4ed30887d4fd8153d9e,2017-05-24 00:13:29,2,223.23,True,511,True
86b0aa3acd7e8f7427c8915780f5cd27,2018-02-05 10:36:40,2,785.88,True,254,True
86b3fe2ecd895fa35d303e2a49b3130b,2018-06-09 15:36:32,2,455.53,True,130,True
86b59358310b208f822e416e59c96672,2017-12-12 09:53:59,2,245.36,True,309,True
86bfc49565a9ca52fcbf861fcc1e67a4,2018-06-12 20:46:51,2,239.75,True,126,True
86df00dc5fd68f4dd5d5945ca19f3ed6,2017-10-13 16:10:18,3,2400.48,True,369,True
87315ceb47e77d03a1c90474e228db6c,2017-04-23 00:32:25,2,244.29,True,542,True
873e4275daabf5ab6eff5331277244a4,2018-03-06 19:21:52,2,500.3,True,224,True
8746f1ba2e19bcf8bc03a946a0923d78,2017-12-02 20:35:13,2,425.13,True,318,True
876c5f7ffcad19a82c0da218ecf56ba3,2018-05-18 16:35:54,2,314.87,True,152,True
87914dda99d76004bfd05778028fa7e8,2018-01-16 15:34:00,2,571.54,True,274,True
879ee1f90476a2fad74aec4f9c9961b3,2018-03-12 15:37:02,2,500.15,True,219,True
87a7c3090f96d9da963125a0d7f8193a,2017-06-12 16:40:45,2,250.46,True,492,True
87b3f231705783eb2217e25851c0a45d,2018-05-04 11:14:37,2,523.12,True,166,True
87c907fa30dd1bd3709c84b912b50c7f,2018-01-21 17:53:41,2,329.94,True,268,True
87c9e7ba960e4c2e6bd786b162adc639,2018-05-13 16:41:07,2,1653.98,True,157,True
88ecb91d6d5e47ebdc2129cd046b0935,2017-05-19 15:41:14,2,266.56,True,516,True
8901b2526349d372dd0bdf8d77af656d,2018-01-04 22:57:14,2,867.9,True,285,True
894382535eef1ce243ec19088626be0e,2018-03-05 09:38:00,3,295.3,True,226,True
8959d4251989df68934d67c1d32c5718,2018-05-28 09:26:31,2,269.87,True,142,True
8961b4ca2c5aceb7a78ea72c6e0c840a,2018-06-23 17:45:33,3,780.4,True,115,True
89be58cbdd6ef318e3ed93fdb22be178,2018-03-26 03:50:48,2,382.0,True,205,True
89e3027de49c3012858cfeb7f5a34f59,2018-04-25 09:00:27,2,444.59,True,175,True
8a02975938d279e8478b5f793b0290b7,2018-03-16 15:45:56,2,248.82,True,215,True
8a3e2983c35b5d2fb78686794986f7da,2017-09-18 11:27:23,2,259.35,True,394,True
8b160faff469868625c7c82cbd310636,2017-07-13 00:19:44,2,871.53,True,461,True
8b433c0e7b7d2a1f1148b4277cc673f8,2018-04-14 13:14:33,2,329.32,True,186,True
8b4447c69feb2b408e29edc0fe9d0253,2018-02-15 11:26:40,2,217.37,True,244,True
8b51f29aa215ec74a25baf5bd24ed90c,2018-06-08 05:46:58,2,473.05,True,131,True
8bab3162259edfaadd1ea2e1fe7f58dc,2017-10-29 11:59:52,2,281.64,True,353,True
8bb910cd8c3b29e4acf2e94e3aaffbbf,2017-12-08 16:55:10,2,1131.08,True,313,True
8bc85b1061383d0dcd4e995a726da763,2017-11-19 21:16:12,2,332.5,True,331,True
8c21dd8c37144807c601f99f2a209dfb,2018-05-20 20:41:30,3,848.02,True,149,True
8ca8b8dc60280d1f97c1c6817655ab63,2017-12-06 09:50:09,2,302.13,True,315,True
8d26c82c2086dcacc175e2ffe6ee2f28,2018-05-22 10:26:33,2,266.12,True,148,True
8d6512fa0e1c5cdbd789b956de79fe2f,2017-06-02 15:37:31,2,446.49,True,502,True
8dafb82f687e3b0dc9e97b4198b92128,2018-04-13 17:48:03,3,290.73,True,186,True
8dbbf39064a6aa2a21f97ff0422e5acd,2018-04-22 16:02:31,2,240.78,True,178,True
8dc4412f2ddf5ffee6cf50e6278b37fd,2018-02-02 06:58:41,2,322.36,True,257,True
8dcf2096a68ce8212a3f534ab31ee23e,2017-12-21 07:51:04,2,261.72,True,300,True
8dfbc9064378d19ac99a21ac353072d7,2017-10-20 16:32:59,2,584.68,True,362,True
8e0275b5c7fb6f05e312a1079a674410,2017-12-07 16:02:23,2,425.46,True,314,True
8e2c92b2442298bd653b0e9aadf4c313,2017-09-13 00:57:15,2,254.61,True,399,True
8e78f2e8305481c8b0f285670de4829b,2017-11-24 23:18:14,2,611.54,True,326,True
8ea95e0fc3da49749b66835754e2062e,2018-01-27 21:20:17,2,255.97,True,262,True
8ec31beb5c890497f1872b5986d3cc26,2018-05-26 07:48:45,2,519.94,True,144,True
8ec9e01dc8cbd31897a2f2116c5fbae4,2018-02-27 21:54:24,2,300.34,True,231,True
8f1794300ad248a55eae07168219ca15,2018-01-09 19:33:25,2,262.72,True,280,True
8f24365a46f82ddd0cef7893319a40d5,2017-10-03 08:34:54,2,311.27,True,379,True
8f2fa110f45a5b5592f1593842b7e87d,2018-06-08 14:39:07,3,371.48,True,131,True
8f4968221af78d6f248322ad465279fc,2018-04-04 14:21:03,2,266.92,True,196,True
8f891a5f40cb72bf5fabda4997b4a625,2017-09-30 18:07:09,2,266.1,True,381,True
8f9f1a0464f6ab0e25650be9849b086d,2017-06-27 15:12:12,2,433.84,True,477,True
8fac120637b2d22be0d6b83111d7c352,2017-05-30 20:29:08,2,259.61,True,504,True
8fe4f9a0d6a47babbd498127a9109bd1,2018-02-07 10:06:39,2,312.22,True,252,True
8ffa5e9fcc3da23113128e94d1c75706,2018-03-03 19:40:01,3,696.51,True,227,True
9077449283dc1319d5e51fb3159b28e2,2017-08-03 14:19:55,3,299.43,True,440,True
9099c659f8cd764e87a1482d258fcec9,2018-02-27 18:16:26,2,362.1,True,231,True
90e1f0d98aa33c74e43fb62004a829dd,2018-04-05 22:08:31,2,333.04,True,194,True
90e28a883386c71de943515d91f72a39,2017-11-24 22:49:37,2,248.72,True,326,True
90f323e9f0948ddd96c6f6a8ecc75830,2017-06-05 00:11:24,3,245.2,True,499,True
910ef561b28c67973b74ce21e0d252ea,2018-01-15 05:46:01,2,294.81,True,275,True
913e4a0664572d0652473b98b808e7b5,2018-02-08 15:39:25,2,305.66,True,251,True
9146de9c43fa373c4ce8af26c8db8336,2017-08-23 10:59:45,2,931.19,True,420,True
9177736727dc747f69fceccc193c125a,2018-05-30 18:12:51,2,242.06,True,139,True
919bf2617845a0f73acc0361cba58267,2018-01-25 08:26:22,2,215.4,True,265,True
91d0504cf52d3f76b154c42d78979f39,2018-06-12 16:26:37,3,247.88,True,127,True
91def939002d33dcbf6a038b5c879f7b,2017-12-06 14:20:01,2,216.69,True,315,True
91ffaf5eb7f4bd6a48b07f3546fb7a99,2017-09-04 15:17:12,2,473.55,True,408,True
9202421110f6a19ddcf0b9b93602a0a1,2018-05-31 17:47:23,2,277.45,True,138,True
925751a747a151a7fa97f2f686d028c3,2018-03-31 06:58:27,2,425.94,True,200,True
927c1b4bd2d326409fd16eeedaa9ea30,2018-04-04 18:08:41,2,282.85,True,195,True
928616c185852cc998407c716a6f69bc,2017-09-14 12:18:38,2,335.52,True,398,True
929b8bad532f969fc414b7831ff3360d,2017-08-05 14:35:35,2,277.97,True,438,True
92b0705c6923fe44dd71b2b737687a7c,2017-01-31 16:13:48,2,213.1,True,624,True
93427465b223bc8292b51bb86077b695,2018-02-08 13:20:46,2,289.18,True,251,True
934e91b0e98dbbeb3649cb1091cca051,2017-11-22 12:17:55,2,415.41,True,329,True
93541741ba99116c5cf5773312eff953,2018-05-14 16:37:43,2,271.22,True,156,True
935b9c5a3162185f88dac06d8d08d623,2018-05-04 11:09:54,3,421.32,True,166,True
93eeb8745a219d35b7e32d796528b681,2018-07-09 16:06:42,2,616.41,True,100,True
941590fb8aef66b3a8352fe7c691879e,2018-06-11 15:32:06,2,455.61,True,128,True
941c336ba35bc4cbd3c5bda62cfaa767,2018-02-27 09:06:14,2,498.52,True,232,True
94374f520fa9fe75d477ecf113cae041,2018-04-03 14:13:38,2,208.64,True,197,True
9475b70c3d9add279a65672fca348944,2017-11-16 12:18:37,2,291.55,True,335,True
947c249c7f31f3eae2bd05454e1b2040,2017-05-12 12:50:18,2,465.07,True,523,True
94ab38525c16d9d5ce977b3fe3405ab8,2018-01-23 01:12:12,2,301.02,True,267,True
94aea9aae532453c72b6afbfe0eaec10,2018-01-18 00:00:33,2,495.17,True,272,True
951008c1c9df3fe4fead603a9afdcb3b,2018-02-09 18:22:59,2,278.19,True,249,True
95160caf14611a705759de6bf13555b6,2017-07-16 22:46:54,2,251.65,True,457,True
952bdd2866ddfc528203799b6b7a24e1,2018-04-19 05:08:09,2,274.82,True,181,True
954456f376f79dfa36460750500f7dc6,2018-04-20 11:04:07,2,452.86,True,180,True
956eadf2280a25c360ccfc7b42b21313,2018-05-02 20:35:55,2,689.02,True,167,True
95fc0e6f6939f521e44a588ff18eacb9,2018-01-24 08:06:36,2,341.46,True,266,True
9620e26af0dfec5a16a52cd2afa81717,2017-08-07 20:07:03,2,274.65,True,435,True
9627e55290c60f562fa06f399ec6b82f,2018-03-15 12:40:16,2,314.49,True,216,True
962c6b5225cdd53c41509bc38d3a8217,2018-02-13 16:10:17,2,324.43,True,246,True
96701d73665eab8fc6fecb9863266efe,2018-05-20 22:50:53,2,278.54,True,149,True
967ee07cb69460a7e1d42c7747142572,2017-11-26 17:11:53,2,222.63,True,325,True
969e62a47aec03c735127e6f11ad6564,2017-07-03 09:14:20,2,446.32,True,471,True
970e5961383615662043afa2d9c68802,2017-06-18 10:26:33,2,239.94,True,486,True
971e2252d557c5f6b2de810f6fcd52eb,2017-07-11 16:16:11,2,446.28,True,463,True
973f2fba63a7eb540f8860b0c75b63cb,2018-06-28 22:30:08,2,581.67,True,110,True
974148f722b785f187ae13ec0040abcf,2017-07-17 03:37:39,2,413.01,True,457,True
976a39626eb2337ee3258d4ad73f1543,2018-01-06 19:46:05,2,334.81,True,283,True
9775c540f0a4db487f546de3cdc5eccd,2018-01-14 20:01:54,2,257.7,True,275,True
97981245c3257ea9b14befffd560177b,2017-09-14 07:49:05,2,246.99,True,398,True
97bc08e526795b17e1d4f642f77ae304,2017-08-07 10:26:28,3,269.97,True,436,True
97c0d90b4d37062c75b5f836ce3ab957,2017-09-07 21:32:35,2,604.06,True,404,True
97e5501feb2532ef0e124d2dc4e86537,2018-06-08 09:43:52,2,485.91,True,131,True
97f0fce3f9d7aad1b12499a4e4b10d07,2017-07-10 16:47:10,2,636.14,True,464,True
9832ae2f7d3e5fa4c7a1a06e9551bc61,2018-04-24 23:25:11,3,1026.09,True,175,True
9846c216ee14a40400f4aae954eaeb59,2017-11-18 13:14:17,2,255.51,True,333,True
98758d88bf4b8eef1372ddee45d63178,2017-09-17 06:44:58,2,997.96,True,395,True
987fadd385777d8f27edac709bc9fb61,2017-11-23 14:49:21,2,502.25,True,328,True
98b69c34f0422d2e025280b55531166e,2017-08-20 20:11:55,2,211.88,True,422,True
98d2fc070f4afbd02c5788eacc6949c5,2017-05-03 10:49:36,2,623.98,True,532,True
9910e92c18776a14048773cef6592b91,2017-07-26 09:47:24,2,266.16,True,448,True
9935b7e2683de890a208026f020e54d3,2018-01-07 22:52:49,2,272.23,True,282,True
995fe9426f030109b1614044edaf46d9,2018-03-29 14:29:44,2,218.94,True,202,True
99b026061fefe9ff09cdd0e745a9233e,2017-09-25 18:41:45,2,361.09,True,386,True
99bf2e03eb1ef8f29fd57ad10fd75e48,2018-05-01 22:42:56,2,574.36,True,168,True
99d697dd68fad729283560abe0adae43,2018-01-10 09:04:09,2,407.22,True,280,True
99da196553d9b67b1c762a712a8caaf6,2017-11-24 01:39:47,2,515.12,True,327,True
99e2f46c9fe0bba48bd131ddac456549,2018-07-17 22:10:03,2,329.26,True,91,True
9aae8213ff9bc04cc3ce48b85f43a173,2018-05-27 18:33:39,3,373.74,True,142,True
9abba9caa203cd4344b8c918d6ade26e,2018-02-21 21:33:47,2,419.38,True,237,True
9b76c588a7a8d495bce4f71d2559d3ee,2017-04-13 08:45:33,2,250.01,True,552,True
9bff67cbd491a775eb1e262b778da4e6,2018-01-16 12:06:29,2,315.6,True,274,True
9c08d6f85c7fcec4b08ead25590c0af7,2018-05-31 16:35:58,3,393.08,True,139,True
9c18cd0ba86443dce5c2e5157cbd2eff,2018-05-29 02:29:23,2,218.68,True,141,True
9c9372efb0eaba42664210e312fe38c4,2017-11-11 23:20:20,2,344.61,True,339,True
9d31457a03125fc870787a251760315a,2017-08-30 19:45:25,3,320.17,True,412,True
9d42d5ee226121b6dc867197ce0529cc,2018-06-23 07:41:49,2,570.3,True,116,True
9d62781deeb1060adc0f47a86d4a2ef3,2017-05-05 23:41:13,2,217.59,True,529,True
9d8130e675ce6c1f24cd519444f7642b,2017-07-12 00:49:22,2,233.6,True,462,True
9e527c9bc89a4228e5d8e136712ec63e,2017-10-09 17:40:38,2,312.18,True,372,True
9eaed62db4e25ad2ac2fcdec58a8e6cc,2018-03-29 16:11:04,2,470.02,True,202,True
9eb77967122094a4eea4084933b47a1e,2018-03-19 10:05:40,2,349.99,True,212,True
9f6a13c93d886acbefe16ad39bbfb85c,2018-01-17 08:21:49,2,283.34,True,273,True
9fdf694ddd72ea586dc72ceb7a0d2d91,2018-02-05 22:54:03,2,408.18,True,253,True
a017de101a9c4fab4995c1bc81e737ea,2018-05-19 10:58:30,2,615.33,True,151,True
a029899dd8534557a81c369475ff80c8,2018-05-01 17:38:20,2,301.38,True,168,True
a06f383add4d40457f1909b67ce6b7fb,2017-03-20 11:01:19,2,321.98,True,576,True
a0abd26659c9914690cbd3320d39fd96,2018-06-23 11:39:19,4,426.12,True,116,True
a0d44d593fe455c0ec7ed8f4715190cb,2018-04-03 14:42:26,2,223.22,True,197,True
a0d58c3abf0bc947e39f72976db72428,2018-07-18 00:08:34,2,240.84,True,91,True
a0f0a2082b269a9715ba874c94b592f3,2017-11-24 21:13:26,2,492.74,True,326,True
a1044dd75b74fbc485b040575a14acf0,2017-12-20 23:22:55,2,1737.88,True,300,True
a10fe3c477989c968aa284bd448b1d5b,2017-04-29 16:26:37,2,332.65,True,536,True
a147b35c04951884b4bbd65a0085cf88,2018-06-27 20:57:19,2,222.3,True,111,True
a176838867d89ed62981cdf02b7ca3e1,2018-03-04 15:58:10,2,461.08,True,227,True
a1874c5550d2f0bc14cc122164603713,2018-05-23 15:50:05,4,790.67,True,147,True
a1a374f4c131638dc698c76bebd11769,2018-02-01 15:22:08,2,357.04,True,258,True
a1f6aec75e41168caba548372f245c68,2018-03-06 14:25:20,2,248.13,True,225,True
a2027a1c6f9e04a875c44ea09061d3f2,2018-05-18 11:04:32,2,273.39,True,152,True
a239b8e2fbce33780f1f1912e2ee5275,2017-02-17 15:15:26,4,518.5,True,607,True
a24587c47d40ff560266576b543d16d8,2018-01-23 22:24:55,2,234.94,True,266,True
a253d10c681ebc4ee987907d2fd156ce,2018-05-14 17:25:13,2,445.87,True,156,True
a278e5ab3d212b2c8285bdfa911b25a7,2018-06-19 19:15:12,2,289.03,True,119,True
a2b7188b91416738f3f713f6e107f276,2018-02-19 23:20:19,2,403.54,True,239,True
a2c15de05ef380b5a7eaf915898926db,2017-12-01 09:43:01,2,210.56,True,320,True
a2d8125361b16f316df65f4603b88e23,2018-03-10 11:31:10,2,498.22,True,221,True
a3021c629bd1d99347a8e75a9ab035d8,2017-11-08 11:31:57,3,277.4,True,343,True
a368079a0bebc82daf9ee12fd8a6ccd1,2018-02-20 20:38:22,2,215.68,True,238,True
a3c22bbd3ae5d6200ac82078b67eec2a,2017-12-12 09:34:16,2,262.62,True,309,True
a3dc27d87234f862d7e61a0148c77fa9,2018-04-13 10:09:10,3,628.63,True,187,True
a40096fc0a3862e9e12bc55b5f8e6ab2,2017-10-11 14:49:50,3,457.18,True,371,True
a48616b0798c3f1d5cae097c18180be8,2018-02-27 22:18:18,2,333.42,True,231,True
a4e71a98a7a1490fff07e7a65cf06be2,2017-10-10 15:57:19,2,301.94,True,372,True
a4e8a2fb3d4d783c8eec5bf1ea80d3c6,2018-03-18 14:44:29,2,362.78,True,213,True
a518c60e2e7f3a2820b4ef5cf5107189,2017-10-16 12:28:39,2,232.69,True,366,True
a54a1749bd03dfe0d3642b7fbd888b47,2018-03-20 15:06:42,2,212.82,True,211,True
a55e19719dab7efad8d5b7b0bedf5326,2018-06-19 23:01:50,2,281.04,True,119,True
a56df37f1251ec47d5ad53dab3043f38,2018-06-20 21:40:31,2,1321.63,True,118,True
a5afb1cd8d3b8126d2d39a7a29880c09,2018-06-27 09:46:09,2,1215.15,True,112,True
a5c806ebe5b25d0ab1e7f0da0e17d6bc,2017-04-13 20:08:10,2,257.24,True,551,True
a5c93e7b12545f61cbf92efa2d77f1f3,2018-02-25 13:06:17,2,578.81,True,234,True
a5c9660af607788526f45b6774ac2594,2017-07-22 23:18:13,2,273.25,True,451,True
a5d3bfee5b23b430b95c4ae295e1028a,2017-01-23 13:31:26,2,213.7,True,632,True
a660768f87f5460dead886e622dd5741,2018-05-21 21:34:55,2,219.39,True,148,True
a66315c850c3712707754c1eca7a8069,2018-04-25 12:23:27,3,671.46,True,175,True
a6e56ce065f297714559452de03a2ca6,2018-07-14 11:38:58,2,395.99,True,95,True
a6ea57f856565adf869941339028fa05,2018-01-24 22:46:55,2,321.19,True,265,True
a73c5464692d3bc09d64e3edefae9015,2018-06-16 17:34:31,4,320.61,True,122,True
a7657330b1c135f3acd420326e335b2c,2017-11-07 18:03:01,4,667.12,True,343,True
a783997c6d6e57782d4d2dcbc5c9edaf,2018-03-07 12:17:30,2,294.02,True,224,True
a7986e0208cca640dd67c245525231b2,2018-02-24 17:49:16,2,671.49,True,234,True
a79f018f214e99a7551fd6efea6e2c4d,2017-10-25 13:44:07,2,296.76,True,357,True
a7d9a3e447614288937ad2bba991676c,2017-08-11 21:59:06,2,344.11,True,431,True
a7f45c1961dbd98e7a14f3d38ea11c06,2018-07-18 15:03:36,2,407.02,True,91,True
a7f8b23aaf522616c6c7daa2a3753247,2017-12-04 00:00:35,2,504.82,True,317,True
a80bfbd1e59358c3afb4b2980455f171,2018-07-01 19:53:44,2,311.13,True,107,True
a82d9e16794b2921f600796767322a9f,2017-05-17 14:07:47,2,387.54,True,518,True
a8333c0243253bb6d89193af79807384,2018-02-14 17:56:45,2,278.01,True,244,True
a8cb771f0d1d230407948d4ce2af5c3e,2017-07-12 14:26:37,2,349.28,True,462,True
a982bd0fec12d781fecd9f1e17cb81bf,2018-02-25 17:37:04,2,609.67,True,233,True
a9e4348b76f85861ada324e72dc92aca,2018-04-12 11:09:29,2,377.15,True,188,True
aa2630ebac79aa0c7749370b705121bc,2017-10-03 11:27:21,2,432.6,True,379,True
aa3bf249b773d47a88cd191c16152086,2018-06-28 12:22:47,2,301.65,True,111,True
aa3d117e569361959283b1e267bb785d,2018-03-03 17:11:27,2,385.57,True,228,True
aaad6d68de5490cba508e4203ddc87de,2017-06-29 08:13:00,2,351.16,True,475,True
aaf97f99c731d8d84810ff16e6ded10d,2017-09-07 18:05:42,2,381.53,True,404,True
ab0faabf48c8c0108c13277d2b701f16,2018-01-17 18:06:45,2,257.09,True,272,True
ab243cd9e788d689cc822380f59616e1,2018-02-01 09:39:48,3,788.81,True,258,True
ab58f2fb5f71caac6366303095c0cd41,2018-05-05 10:14:05,2,266.76,True,165,True
ab744045d2445f5bae53b57a4b99bfbf,2017-12-17 16:32:26,3,246.51,True,304,True
abfe742e782fb10f5c824fcb849e5cd1,2017-08-18 14:30:22,3,265.58,True,425,True
ac3dcee918e6c96eb2ab467158143697,2018-05-04 00:24:14,2,355.67,True,166,True
ac95cdab584cac0e86ce97a5399ecf79,2018-04-08 12:39:48,2,886.12,True,192,True
ac987d464574ee0f743f9b630f937a27,2017-10-01 08:20:11,3,515.37,True,381,True
acaf5177d6de60fda7ce77c48abb5230,2018-04-12 00:10:10,3,693.2,True,188,True
acc374bd9024806a83121b1d2565db2f,2018-03-11 23:21:06,2,226.12,True,219,True
acc4424c209233de519e034152f30304,2018-05-05 23:45:35,2,329.48,True,164,True
acea6bd29b8c1e3c6a8b266a8fb4475e,2018-05-04 09:09:50,4,646.99,True,166,True
ad42aaf1833e2a64136a9d9f823d77ab,2017-12-14 19:10:10,2,224.98,True,306,True
ad6347b3d1ee0be630742d96abcbd9bb,2017-06-13 15:24:53,2,208.77,True,491,True
ad97668eed5826a5d800b15351bea269,2018-07-02 14:50:55,2,514.67,True,107,True
ade4eefdf0232fa26f1988cb56edc58c,2018-01-23 10:26:00,2,222.35,True,267,True
ae0ef1d2e3a62b54a83dadad4db14f5d,2018-05-02 23:22:04,2,298.28,True,167,True
ae11ab40faeb1f8b85f6308e052bd710,2018-05-09 21:09:14,2,261.45,True,160,True
ae207cf8119fd10e3b9ac24570089fad,2017-09-03 21:28:15,2,281.5,True,408,True
ae20947231d4d44dde1680a7ab14d90a,2017-09-11 22:03:59,3,335.15,True,400,True
ae3e48f07b8242fa45f29dca1ce36a08,2018-06-08 11:09:25,2,235.59,True,131,True
ae4395be33e633d0c87010d59847e5ed,2018-05-18 00:35:08,2,337.88,True,152,True
ae44510fbe1ff7826298182f9f21aee9,2018-03-21 02:22:41,2,332.76,True,210,True
ae53a87a257f8e54795af6ff434e443b,2017-09-14 10:12:04,2,1019.41,True,398,True
ae74c314b9c383e5d7bcd99d54ffbc71,2017-06-07 13:16:14,3,358.89,True,497,True
ae7b79796d47ab59f417a154efcdbb77,2017-09-23 09:45:33,2,232.23,True,389,True
aebdb8f05f5ebf99f858c1a75fb7035a,2018-07-10 11:36:10,2,482.6,True,99,True
af0f26435fade1ca984d9affda307199,2018-01-03 10:27:33,2,307.77,True,287,True
af4fa1cf57ef7ad8c28fdb80f86258d0,2018-03-01 08:11:25,2,413.79,True,230,True
af51e8dd1c30737ba2dd0ece8cfa294d,2017-07-04 13:25:07,2,277.84,True,470,True
afd7854781ccdc3222b69421f9c7c6ee,2017-03-05 20:49:57,2,303.98,True,590,True
afed5a21e94b4e3e5fbe6c7e4bc92f4c,2018-04-24 13:07:39,2,397.29,True,176,True
b045295488236fa73d8d9c37dc4b03e7,2017-09-13 10:35:15,2,1247.13,True,399,True
b079e8a1977edd900b4522be9dec0245,2018-01-25 21:33:34,2,358.72,True,264,True
b08fab27d47a1eb6deda07bfd965ad43,2017-09-19 09:59:54,4,477.34,True,393,True
b09f1bff1aff13c997af071602bc048b,2017-06-15 14:38:02,2,352.88,True,489,True
b0ac5b393b78a6e8185fd3acb154748d,2018-02-14 11:43:41,2,331.46,True,245,True
b0b057559c54c99e41a21c40c08f7780,2017-06-05 18:44:05,2,257.09,True,498,True
b1153ed93605e954b8710b36c8c5f5e8,2018-04-24 08:36:26,2,250.81,True,176,True
b1449986ee6516d3797d782b01c36e80,2018-01-24 19:08:37,2,718.49,True,265,True
b14ef688a7c1a52e7437298085d9d62b,2018-04-19 13:46:42,2,388.4,True,181,True
b157d45094580a4a5a90af5331351c13,2017-08-27 02:56:37,2,233.1,True,416,True
b17ed96ffdf66518b4cf65e328298e7b,2018-03-08 11:40:28,2,416.87,True,223,True
b18c8cbd9616a95055ef4146f3f805e1,2018-06-04 15:29:14,2,242.19,True,135,True
b197f4af65829575f2f333bd0e9fd204,2017-10-14 13:59:48,2,227.78,True,368,True
b1a8a0800eac99ec4d83d6ca350a690e,2018-02-23 08:38:47,2,344.49,True,236,True
b248c92ec54199bedb1d603e0e6f98c6,2018-02-21 00:55:03,2,1483.26,True,238,True
b26fa76ddf33e534491e4ec46f51bc64,2017-08-14 13:18:06,2,278.72,True,429,True
b2bd387fdc3cf05931f0f897d607dc88,2018-03-05 18:13:30,4,638.77,True,225,True
b2c913a0723c7737e11067861e061913,2018-07-16 10:33:02,2,410.9,True,93,True
b316e256ce45161d3ab81f74834376e8,2018-02-28 23:57:18,2,250.93,True,230,True
b39dde6dd619943190a8cc9aa6db38a4,2018-02-20 12:26:11,4,769.81,True,239,True
b440e4b2919c01d29cebadaf09ef7272,2018-02-26 00:11:02,2,371.31,True,233,True
b46143871bd7f63bcbd5acd898b5e1ee,2018-03-27 16:57:14,2,346.4,True,204,True
b463aa86422087e97281b2787590fb0d,2018-02-01 11:43:42,2,562.82,True,258,True
b47715fad5cbc17bfb21e9ab646fdfb2,2018-01-12 16:54:45,2,863.84,True,278,True
b495d807ccbd38ea1be486a826c88008,2018-07-04 19:34:35,3,464.07,True,104,True
b4afb55d2d38d9bbe0b83ec108c3e77e,2017-10-23 08:03:09,2,373.35,True,359,True
b4be8ffe5a39196f0098f30316f7d7a1,2018-05-26 19:31:27,2,542.8,True,143,True
b4d20b907a61795e8c8f3a7966c6cfb9,2018-06-14 13:23:36,2,249.6,True,125,True
b4e4f24de1e8725b74e4a1f4975116ed,2018-03-30 20:48:54,5,274.95,True,200,True
b50e2c316ac14c5ad88a269716fe3662,2018-04-08 13:07:51,2,597.54,True,192,True
b525fc8cce07342fb00ab3b2667c8eb9,2017-11-26 19:11:20,2,263.5,True,324,True
b593353aa4c093b71235ece9689ce7e4,2017-12-18 17:03:53,2,271.0,True,303,True
b59e4bb4efe81ba0f7d30cff6734f9a2,2017-12-04 15:07:10,3,342.48,True,317,True
b5b46581465f851df3529a30d2503f59,2017-10-03 23:52:07,2,496.38,True,378,True
b608532e04a3070b4b31178948f5c43b,2018-05-10 17:45:55,2,338.93,True,159,True
b643c19d91a65d73f94ba8e037668986,2018-01-11 22:14:00,2,363.82,True,278,True
b64d39d1e77c4d9a7e7d002ad7552178,2018-07-13 00:12:56,2,387.49,True,96,True
b6551acfa77dba27fb288e08dbe02f84,2018-01-18 02:11:56,2,315.67,True,272,True
b703d83e085a6a8b339dc548f4878ca8,2017-12-01 01:42:46,2,252.19,True,320,True
b7b68a8bb6ca48aefdd5790e04cda817,2018-06-14 02:19:01,2,248.52,True,125,True
b824f6981f2ee1c30533c4138572428c,2017-07-26 00:27:11,2,223.64,True,448,True
b854c56e1163bced9c3ebf1e4a6576f3,2018-03-20 23:55:09,2,242.46,True,210,True
b896655e2083a1d76b7b85df8fc86e40,2018-07-06 10:45:51,4,507.06,True,103,True
b8b3c435a58aebd788a477bed8342910,2017-08-24 10:29:36,4,967.34,True,419,True
b8beb7a6bfb7ed884386a8da46be8f8e,2018-07-17 23:49:21,2,360.12,True,91,True
b8c5ccc844de0242c85efacf5b6a51da,2018-02-21 20:55:23,2,273.87,True,237,True
b8d31a82b1bb71983bbc08e4751baeab,2017-12-17 10:50:19,2,522.93,True,304,True
b8f77228f32fce5c13df55da21fad23b,2018-02-08 20:12:55,2,295.04,True,250,True
b918da4934c7eabcda6e45b4e18aba53,2017-05-08 17:34:29,2,215.67,True,526,True
b9544dcc09004b3b28e388ed130e50f1,2018-03-14 11:47:59,2,449.17,True,217,True
b9fd889214fcb1a45e4cd51f5af6cba3,2018-04-02 09:01:04,2,233.4,True,198,True
ba31ea04a575dfe13ef189d5dc797a5f,2017-09-18 22:16:48,2,1176.64,True,393,True
ba54ee5be417c0558c060a3186451248,2017-07-31 16:50:59,2,401.27,True,443,True
ba77e9b6506636dcbd03e463d4786f24,2017-07-02 20:47:24,3,269.64,True,471,True
ba87a137c5191264841e0be40e53f4ed,2018-02-21 08:39:03,3,238.02,True,238,True
baad97a77fafd04f72a7f874dd67b37e,2018-05-21 19:51:55,2,269.49,True,148,True
baffecbd1fcc31f8a415cef1cd8cf772,2018-04-26 00:03:03,2,295.33,True,174,True
bb182f55e4cff6eabfc26d08354b5995,2018-03-14 22:08:40,2,261.79,True,216,True
bb656eab01a34ac497457c5a92f5bd07,2017-09-06 17:41:59,2,373.09,True,405,True
bba29bdc2bd4deeb7bba3c61ea98e012,2018-07-14 12:07:45,2,367.12,True,95,True
bbe8686a830c0caaf68452997d73d396,2017-09-02 19:28:03,2,605.83,True,409,True
bbf65e7823171a84e70a495dd6c34ceb,2018-06-14 07:34:05,2,591.98,True,125,True
bc27afa44f5b67b080ab4ba3851a162d,2017-08-14 10:00:45,2,213.34,True,429,True
bc7b9e0d078c0c01f622b38cfcd7ee9c,2017-11-06 12:34:37,2,384.31,True,345,True
bc98051cee7c0111167e6f40a4ed76f6,2018-03-15 22:02:24,2,517.51,True,215,True
bcabe34e299eaf51bb601e89401e25e4,2018-07-02 11:31:09,2,236.67,True,107,True
bcc9a08b533971412be737fd5bd918b3,2017-11-28 12:58:19,2,404.2,True,323,True
bce006e903be688f122a39f45b210090,2018-05-11 13:24:45,2,288.51,True,159,True
bcf0a5f0f3ec8639f940749aab360d8f,2017-10-04 16:18:22,2,451.72,True,378,True
bd0512ab6c631a62fdc974a682600f56,2017-09-25 22:57:30,2,357.76,True,386,True
bd0f8d6b6bc185debdf79f91ba30fdc6,2017-03-01 10:08:34,2,249.06,True,595,True
bd86b1862fe796149a4d2af57bd85451,2018-06-07 22:52:43,3,359.94,True,131,True
bd8ee6a65c4d647953792da821444580,2017-11-30 11:48:21,2,413.61,True,321,True
bdfd71dfee6faa67122cc7cdbc14d9f7,2018-02-10 17:01:48,2,271.83,True,249,True
be33ce67f6c02b468b94afa895a955fe,2018-05-14 20:29:22,2,326.42,True,155,True
beceaa52fb2f761e647222b3cf7ce0b2,2018-01-16 18:01:59,2,328.48,True,273,True
befed7f0bf7fc3d0262b0f95989a36ae,2017-03-01 15:03:00,2,251.87,True,595,True
bf087cbc0138d7066e1c41d1a97973dd,2018-06-28 19:42:28,2,358.44,True,110,True
bf1dd33f93c58ea45d677d7e871e098e,2018-06-07 13:28:00,2,1035.97,True,132,True
bf429f20c75a39eab83442cda8e59832,2018-03-30 20:50:23,2,754.62,True,200,True
bf448042b40749d8b95fe00c08a9b5cb,2018-02-01 07:49:37,2,331.99,True,258,True
bf482716881b0c14af9efda1fc58a649,2018-03-01 15:16:26,2,327.49,True,230,True
bf6504419e536f7c4c2461ebb0689d48,2017-06-29 00:20:21,2,257.58,True,475,True
bf6656ef50e6fd00e7517b01d615b4f3,2017-08-26 08:06:34,3,294.83,True,417,True
bfb33fedf91eb21f6d32ad5345989a6e,2017-10-18 21:14:16,2,260.49,True,363,True
bfc84496b1100cbbd83a6f8087526168,2017-06-20 18:52:33,2,320.87,True,483,True
bfca7a9e3e07df51447510ede80822ec,2017-10-01 20:48:40,2,572.72,True,380,True
bfcdddab5a2fe5dd1d1b8330795f4061,2017-12-25 06:44:48,2,252.36,True,296,True
bfe1ecef0f01ad67e5e0cf1860e94e60,2017-09-19 09:22:36,2,209.62,True,393,True
c0118e2c0a037c31aeca71d0b81f66a1,2018-03-29 19:17:49,3,400.48,True,201,True
c036799f1b7d9832bfa372f83278182a,2018-01-19 02:48:54,2,418.0,True,271,True
c0536ee7a009264e0f1bf1c8f4c54ad3,2017-11-24 12:58:54,2,1029.36,True,327,True
c0842fc6a034863db2d8479df8435492,2018-05-07 13:09:18,2,356.85,True,163,True
c0fc2e3595c750de75d36e7db9399e83,2017-09-08 12:00:21,2,426.5,True,404,True
c0fcb07a9959ae14f01bad208e445cc4,2017-10-15 22:17:40,2,372.52,True,366,True
c1133ec81daffffd4871e9353a3c8fb3,2018-03-01 12:57:44,2,349.28,True,230,True
c143eafe10719dcc7dc0a855b2e3554d,2018-02-21 17:35:00,2,1078.16,True,237,True
c169c9937db997a267f749cdd64c161f,2017-05-09 14:41:10,2,1675.68,True,526,True
c17526359e1068290ebf7dd22a856de7,2018-04-02 09:45:05,2,470.25,True,198,True
c17db1418a98b4a6d1dcad61cc579c70,2017-05-16 20:39:33,2,262.67,True,518,True
c17dec01473d89441bb6a93fcb58e663,2018-03-13 13:51:27,2,339.22,True,218,True
c1977e8e3ea0900e70cd1dd70123d382,2017-12-04 16:58:17,2,417.17,True,317,True
c1d43ef6f70aff50201a1b882176a346,2017-04-29 21:36:17,2,484.3,True,535,True
c1ef581a9af244904429f1828f2747b8,2018-02-09 13:47:24,2,209.71,True,250,True
c27a30338b5d9d59399825f77e7dcc61,2018-06-11 07:04:15,3,387.44,True,128,True
c297bb9230dc3152522d0c2b4caa7a1a,2018-02-21 23:00:07,2,460.27,True,237,True
c2e9a50bcf76b5783bc96f906f95bceb,2017-09-15 16:33:32,2,328.78,True,397,True
c35ffdd9679e194c3673533720b5e00c,2017-08-17 14:18:05,2,450.7,True,426,True
c36acb527b8f2c464abd036b879f4ec8,2018-06-03 16:00:26,2,753.74,True,136,True
c3733cbdb41f37b5477b2c01c523e220,2017-09-16 09:34:02,2,399.6,True,396,True
c37cc6c1a59d81460a3059744f7ada1c,2018-06-21 21:04:53,4,663.02,True,117,True
c385f43894ac5ac31c50339ccf16e8f0,2018-02-22 15:17:40,2,369.72,True,237,True
c3a1aa867de7bbc426695e756107ed38,2017-07-17 08:20:44,2,301.28,True,457,True
c3a8c3c742829113458555ed8d300404,2018-04-11 07:38:12,2,726.11,True,189,True
c400a61d8b936f7d10930fc142a39407,2017-02-18 14:36:49,2,222.34,True,606,True
c40388c86f0334d1d69f33fc43322a8c,2017-01-26 00:20:23,2,259.6,True,629,True
c4063084f01f085897c04bcbd81fcb69,2018-04-20 12:34:10,2,758.18,True,180,True
c40b4a21d854ab194280dadc8998061f,2017-06-29 14:14:09,2,255.84,True,475,True
c411c8b6dbaffd467263f87a23f2cf52,2018-01-09 19:14:09,2,209.35,True,280,True
c4536b58064f144d0538c9cc69c2765d,2017-10-19 15:53:20,2,593.95,True,363,True
c45ece361aab055ea6c55b61eb2d99c0,2017-10-02 13:34:45,2,459.05,True,380,True
c47ec91fad63554dd8fe3e33188faf7d,2018-07-17 11:16:54,2,1021.95,True,92,True
c48322635a138a5714e55d9113d0e266,2017-07-16 10:46:54,2,928.68,True,458,True
c49c236a96f8e5b983ce6467af4317b9,2018-03-04 16:17:17,2,297.65,True,227,True
c4cf9b10d2668bfabb498d93004ab4a0,2017-12-02 21:17:32,2,230.84,True,318,True
c4d9ec8c227594222eedd980cb28a6f4,2017-06-25 22:22:31,2,247.21,True,478,True
c4de6c1719eff03b6d30aff09571e272,2018-07-15 11:28:15,2,228.38,True,94,True
c4ebedb09beb89cc0314c5c0c33f8053,2018-01-26 21:34:08,2,271.09,True,263,True
c4fe9fc8b5e1b4f9992db983d0429854,2017-05-06 10:29:30,3,364.86,True,529,True
c51a1f42780144ae12d0e529abc3f83f,2017-11-30 10:18:49,2,641.22,True,321,True
c5400d2fca348bd1313426efe4b10a51,2018-04-22 02:43:22,2,237.16,True,178,True
c55821f6a2a59a93d4cde13a2ec14661,2017-08-16 13:10:42,2,400.95,True,427,True
c5b58e89d4e287e453b4a0bffcf7a025,2017-07-28 10:51:19,2,264.28,True,446,True
c5f6047fb345ffd234cf5b26268988be,2017-06-06 22:27:33,2,383.45,True,497,True
c60635e3c36e27ff9222fdac1ef3e17f,2018-04-22 07:23:36,2,304.33,True,178,True
c6b2ccbe75ac5addb40fcff5db96a5c1,2018-07-07 14:58:14,2,668.04,True,102,True
c76762dfb642ac154475239639f7f8f4,2017-02-08 23:08:53,3,256.86,True,615,True
c76dbe63126a89c815fe9716acfdb4a1,2018-05-19 15:07:25,2,356.46,True,151,True
c7fb8ec1ea35af7e89f989b6e17e2bd8,2017-11-04 16:29:23,2,972.97,True,347,True
c83c41456526926a16e2f95d3652b6d3,2018-02-01 12:00:30,2,254.96,True,258,True
c8592d5ae5bde92205a4eedb41d9455e,2017-12-07 23:21:47,2,364.28,True,313,True
c85df1c6ef6f7bb605e1c49d34f172ee,2017-12-09 23:02:28,2,237.77,True,311,True
c893e6fe915add1b28ef934048f0023e,2018-07-03 17:08:07,2,583.32,True,106,True
c937a5d7fe89380c128d9b8746495474,2018-01-26 00:14:36,2,483.25,True,264,True
c957b57bcaff0ed3a494d95c865de4a1,2017-11-16 17:00:37,2,262.5,True,335,True
c968cdb924339d7a42e0c448153b72cc,2017-10-16 14:04:25,2,788.16,True,366,True
c9b3b24308b1a4587ffa3e60fafc2b1f,2017-11-05 23:10:41,3,553.15,True,345,True
c9f3502cccf5585cea25aa7de58f6cb5,2018-05-03 16:16:41,2,1050.0,True,167,True
ca12da7d856692d5cf4960c5edd99756,2018-07-07 04:15:32,2,260.18,True,102,True
ca26c28cab4d8cef1f2bc24e9bc78380,2018-04-23 17:07:27,2,286.57,True,177,True
ca6d9bc2e717c2a0aa19d77a3bfa5398,2017-07-06 20:19:20,2,1237.39,True,467,True
ca77025e7201e3b30c44b472ff346268,2018-06-01 11:38:29,7,1122.72,True,138,True
ca994abc57b0bd7981d91d0061b3d8d6,2017-08-21 14:50:46,3,586.3,True,422,True
cb4f48aa5b4657435b012a65f2a122eb,2018-02-17 14:07:46,2,963.25,True,242,True
cb57be427d5e8c06c10cdd1540df1e00,2017-12-04 17:24:58,2,485.23,True,317,True
cbc71e02efb1d43b84f80b2a64d6013c,2018-04-23 18:49:22,2,223.11,True,176,True
cbd08b04b3f301152b7570da5e9c8cc4,2017-09-16 20:27:30,3,1249.87,True,395,True
cbe71e4cb0b82b97bbec5cd51e0fa3ea,2018-03-04 15:01:18,2,231.8,True,227,True
cbebce165db72a2bfba9e81a3411bdf7,2017-05-09 17:19:12,2,388.35,True,526,True
cc025521d96a3005316b61cde71907db,2018-02-20 22:09:01,2,450.78,True,238,True
cc14ea7099959d91a17c9d7c3a46721d,2017-05-19 15:52:45,3,581.46,True,516,True
cc2bef54fa72102dca9777ff483f75a5,2018-07-05 14:48:43,2,425.97,True,104,True
cc47f99364c6a2b50a87c1bbb3e4f0f8,2018-04-05 12:39:13,2,367.93,True,195,True
cd04cd9aa9eb0b51b40a2b124f3a93f3,2017-10-17 23:11:15,2,249.16,True,364,True
cd0e1d42225b7f4cf78a382e4f57e704,2018-06-24 11:39:03,2,543.87,True,115,True
cd86f2b40a6183a8212f9053bb0aaf8a,2018-03-19 13:36:55,2,559.31,True,212,True
cdc8b0d152b868db7e28de59f642c94a,2018-07-05 13:45:17,2,432.56,True,104,True
cddc66766972c6d5da2fdd80fcefe1f0,2018-03-21 14:03:09,2,431.05,True,210,True
ce8b665ad7a00dfee2a4fbd19dedb82a,2018-02-25 20:41:55,2,490.59,True,233,True
cecc19ff12c206e6368dd1e9c22a848d,2018-03-19 17:40:34,3,819.52,True,211,True
cee4e6509d99d45518c65d26971c1cbb,2017-07-18 12:38:09,2,221.8,True,456,True
cee86ef4954e9d77f02cbc2276dd75e7,2018-05-19 12:55:59,2,691.93,True,151,True
cef29e793e232d30250331804cdb7000,2018-01-18 19:59:07,3,1906.68,True,271,True
cf32aeb4e8a323e6499a573ac5c90326,2017-08-15 08:31:44,2,224.57,True,428,True
d0145502f422d4a9387f75186674f29a,2018-03-21 16:06:48,2,220.29,True,210,True
d0175fc564515a47e95bcfdf40e6bc07,2018-06-12 22:21:34,2,474.61,True,126,True
d0401aa66d5c33ae752ece32f8474d3c,2018-05-08 15:52:07,2,224.07,True,162,True
d045537cf9bd29e415334af5a6cb8ff5,2017-07-22 22:19:02,2,231.55,True,451,True
d059a0ec4c911c7abb10602099670325,2017-07-30 09:14:52,2,276.82,True,444,True
d05fdf65460ea1bf8735cd5843c3d97d,2018-03-13 08:57:17,2,326.17,True,218,True
d0bd25a13b24e8d59a11adda68bd3ecd,2017-06-28 13:20:51,2,304.09,True,476,True
d0be859f85cda9d896ab14e4ffba955d,2018-02-15 19:51:05,2,340.26,True,243,True
d0c62583f73531eba6338b2390e7a861,2018-05-22 09:07:01,2,240.08,True,148,True
d0c8fa169b9f2995d6a1692a0e3aae32,2017-12-29 18:56:31,2,379.71,True,291,True
d0f6a442ee95ea8674c2d8ba325f41c0,2018-04-29 20:45:10,2,770.73,True,170,True
d130666a33d3681209c5c752fe56ee10,2017-10-28 20:52:15,2,2791.52,True,353,True
d16f2966cda34d01f661bfc50635edb2,2018-06-29 23:02:10,2,758.59,True,109,True
d1c1745d918b9661759fce57da31a2d4,2018-01-29 11:48:36,2,333.51,True,261,True
d21fb1e8aee69c608f5c2fb5b6c28cad,2018-05-06 17:04:16,2,303.4,True,164,True
d26c616e241736e0c1c1ab14150239e7,2018-05-15 13:04:20,3,579.78,True,155,True
d27295915d486516b99c3aed8628e83b,2018-04-16 10:31:20,2,944.57,True,184,True
d2787622df9fd933c164f7cf696a4e2a,2017-09-27 13:54:38,2,342.61,True,385,True
d2c30c00f9787faf7349ea558c153613,2018-06-17 21:17:28,2,364.24,True,121,True
d2d3ed262b31f2bb50932fd0b1ab5df7,2017-05-04 15:49:08,2,309.17,True,531,True
d2ecc28fac1b377eefe7b209a895626a,2017-12-04 18:52:48,2,1183.46,True,316,True
d3359a56d96666ac0c21bb01e7a61c95,2018-03-21 18:59:56,4,428.38,True,209,True
d35b852498996bd67a141c266e92f35b,2017-06-20 12:39:27,2,338.67,True,484,True
d366cfc097d250c153a712cebfc7d94a,2018-02-04 22:14:40,2,418.93,True,254,True
d3857f98166ef23ca95d44cbe9b1828c,2018-05-07 11:50:30,2,621.32,True,163,True
d387ea85dc301a91740e31360d355686,2018-05-28 16:08:37,3,1290.88,True,142,True
d3e6520dde5fda9917fb56ffc3066d66,2018-03-24 09:59:59,2,442.77,True,207,True
d3f15df5924e63131bcdac6364b6a6fd,2017-04-06 21:46:04,2,243.84,True,558,True
d42abb03c8796ea293a48772c24843c1,2018-02-10 20:50:32,2,210.54,True,248,True
d42d80a0e58167c0dbb59315c93788bc,2018-06-19 14:59:31,2,226.24,True,120,True
d44ccec15f5f86d14d6a2cfa67da1975,2017-11-10 13:55:00,3,352.35,True,341,True
d451891847b64bb4cf9a40e9cfe1c7a2,2017-02-05 23:52:10,2,809.57,True,618,True
d4a5e9f19897de65433c9d97bf4b9f8e,2018-07-17 23:36:52,3,636.91,True,91,True
d4bfdb188411b1d1fdd0a66e8017e8b4,2017-06-26 10:15:11,2,301.35,True,478,True
d5419994a02a55d4b7cd00e77fabdbae,2017-12-06 19:32:40,2,1229.43,True,314,True
d55417a83a73d1702b43988e63f0731a,2018-04-24 19:42:23,2,288.56,True,175,True
d58760239457cc420d92744d97087921,2018-07-03 21:05:39,2,277.99,True,105,True
d5b4fce33a7ef8e6025bff334e6bbf1d,2018-05-29 21:08:28,2,228.22,True,140,True
d60483078c0c81748581f80d355bbcba,2018-07-09 11:48:34,2,491.34,True,100,True
d64023c35e5c1452ce568e993ac12c86,2018-06-18 21:29:52,3,280.64,True,120,True
d6903bc66ac9ae94d0bec00ea5c39568,2018-05-22 10:22:36,2,271.34,True,148,True
d6df1c8cb71c59d9b52d828dc6d0f5b3,2018-04-19 08:26:03,3,224.82,True,181,True
d75a854dd5534f42bfac3299ac2d0b33,2018-03-13 22:41:06,2,476.27,True,217,True
d75acd4c5b7b4dfd32b9d9172b195419,2018-06-04 19:10:05,3,310.31,True,134,True
d77aa95864ae5b42160937615628723a,2017-08-29 22:38:40,2,2450.1,True,413,True
d7a86208b8dd2e697ddf825c386a0402,2017-12-17 19:36:19,2,279.8,True,303,True
d7b918d0c8219843c0a245d589680a60,2017-07-29 10:47:22,2,871.48,True,445,True
d7bf7cfe09c3d0f40e1cabde2dc17fd4,2018-06-28 18:11:28,2,358.49,True,110,True
d7c6335139cb055ed0ce1125ddc788d8,2017-11-28 14:05:09,2,378.96,True,323,True
d7e0432688bbd72d3567568903f6117c,2018-01-31 14:24:07,2,219.93,True,259,True
d821b0981be9795c42ff1b2dece149cb,2017-12-24 13:52:04,2,226.6,True,297,True
d8a89dc47bde7dc0b83a3434cc017ee1,2017-11-06 21:40:01,2,504.5,True,344,True
d8ca95d946a44bf4af460bc5eea8c00f,2018-05-16 16:50:24,2,233.91,True,154,True
d8f979fcfc0ce686f6abf5af5f5217d4,2017-10-19 17:59:01,2,372.62,True,362,True
d927267e54f07b9e0fd408d2f840024c,2017-05-15 20:46:00,2,276.73,True,519,True
d97b3cfb22b0d6b25ac9ed4e9c2d481b,2017-10-17 13:06:30,2,1044.13,True,365,True
d9ad5b8ce105bd3baced4648987fbbfc,2018-05-21 11:08:51,2,354.73,True,149,True
da122df9eeddfedc1dc1f5349a1a690c,2017-04-01 15:58:41,2,7571.63,True,564,True
da1e7179b9c5a1494d78528cbcf05aa0,2017-11-09 11:20:34,2,1467.87,True,342,True
da2b78576894a7f95d45bfd20250cc54,2017-12-04 17:01:06,3,408.7,True,317,True
da8618694dda57a7eb9be2611e110f35,2018-07-19 12:04:10,2,318.32,True,90,True
da8ac849037c7201a41a4db0b1fa963e,2018-05-27 14:58:45,2,727.95,True,143,True
da8f764b90a3b800f31d093c22cd3074,2018-01-05 15:07:53,2,291.1,True,285,True
da938ecdfde4d90f6c247bfa5233c66a,2017-07-14 13:12:09,2,235.07,True,460,True
dad9e634284872d012677965e512b57d,2018-06-13 08:50:25,2,287.46,True,126,True
db03954a9a1cc5e71f6e0f73e81a628c,2017-10-05 16:48:28,3,575.94,True,377,True
db07fd2ad9869f8356b1fbeefdac31e8,2018-03-23 23:40:39,3,263.8,True,207,True
db8e4be2382fc04a998f0f1875767ee1,2018-07-18 18:25:54,2,314.14,True,90,True
dbdfcd1e9de47452f3c9b0229bc0edc3,2017-10-09 10:54:15,2,287.8,True,373,True
dc1e294dceea9fbe6bd8646954e03c95,2018-02-03 01:07:02,2,361.67,True,256,True
dc450fdb03562a6d52752858f7855348,2017-02-16 14:56:07,2,526.85,True,608,True
dc591097f939fa6a57749d030d937500,2017-06-26 16:32:23,2,741.36,True,478,True
dc6502a8fc5ef5239994a36192e7a0ca,2018-05-09 13:33:16,2,375.64,True,161,True
dc80a79483121fee90b0d2f53d1054f5,2018-01-10 00:28:24,2,836.59,True,280,True
dca9a13536adcef18c6c5859487347b1,2018-03-17 12:52:37,2,437.08,True,214,True
dcd27efb93b723b301f8bac00e5d7e01,2018-05-14 09:11:00,2,321.9,True,156,True
dcee1e44ded6f1bfc5b4988d771243da,2017-12-04 17:48:47,2,793.57,True,316,True
dd8253fe17486f2e2cbff105e36e4a55,2018-01-15 09:33:37,2,865.97,True,275,True
dd9b235dbe7d48c82caca4da097a2240,2018-05-16 10:58:56,2,486.71,True,154,True
ddcbd9c87bce192fc14812129a7894da,2018-03-31 00:14:39,2,470.2,True,200,True
ddeb6f3566dcf17cb455271ac103a73f,2018-01-31 10:07:09,2,424.49,True,259,True
de34b16117594161a6a89c50b289d35a,2018-01-17 23:34:21,6,660.94,True,272,True
de8ce480b6119f2835ce8ad07c326793,2018-04-03 17:55:34,2,266.82,True,196,True
dec8632530ce2c58e688e63cbc5105e6,2017-12-10 11:02:56,2,326.36,True,311,True
dee6a650840de087ac42c4367bc9baf3,2018-01-12 16:19:31,2,591.56,True,278,True
df1f61c43368a8ed99dc76b43594fc4b,2017-10-26 19:14:52,2,241.56,True,355,True
df2a9226267aa1598b499b3ea09fcf60,2018-07-14 17:40:59,2,241.3,True,94,True
df5ff0c899dd19ed568e3e0f716cbe20,2018-04-23 14:31:55,2,341.52,True,177,True
dff33bfc45ae0becc55ce9b50acd4073,2018-02-19 16:49:20,2,1275.77,True,240,True
e016365b624d1755f3e2d0e8f1631ebb,2018-02-16 17:59:44,3,435.57,True,242,True
e0233c751408137ec5cdde0c37e6a61a,2017-12-16 00:46:18,2,295.16,True,305,True
e031118eb65330b4c180522f2743cf51,2017-06-01 16:05:29,2,280.33,True,503,True
e05757dc57fc38f5156c82e9e4444f8f,2018-01-22 16:33:37,2,644.59,True,268,True
e06e62694cd8ce637a1c3f4a624c647e,2017-08-30 11:14:51,2,663.88,True,413,True
e079b18794454de9d2be5c12b4392294,2017-06-14 18:52:29,2,437.78,True,489,True
e0c99ffdcd8891130985ac90cd2d8eec,2017-09-26 10:03:10,3,588.71,True,386,True
e11a1b428e150830944b665cb6b2d5da,2017-12-18 20:09:35,2,421.47,True,302,True
e12f7f1e96f1f9f6361572028a1fad5a,2017-10-30 12:09:05,3,729.74,True,352,True
e1407f4d2fd92ed069307bb0b836615a,2018-03-13 06:48:40,2,873.09,True,218,True
e14705d2e06ab8ee7c665f21c72f874f,2017-11-17 08:56:41,2,307.43,True,334,True
e1b59a2032b34097d0c1c8d320f40832,2017-12-03 22:53:14,2,318.42,True,317,True
e219a439f6ca99e32824bcc7153969c9,2018-07-18 17:18:04,2,342.51,True,91,True
e2226f481eef03f2876d1a27f0f4b1b0,2017-08-28 15:14:21,2,711.89,True,415,True
e225b3c270984a8097a136089a11aea9,2018-01-16 09:55:52,2,215.05,True,274,True
e226254ce0c6d5b7a7ef7218c9b5b518,2018-05-08 19:38:58,3,650.62,True,161,True
e246473a236ca29747182e7986dbdb7a,2018-01-30 15:18:07,2,1186.58,True,260,True
e2492e4188991b6276a4a62a287a5451,2018-04-10 08:52:51,3,636.8,True,190,True
e271fa40aa8fea4e0f304b3768b65d6a,2018-05-09 19:23:46,2,1225.08,True,160,True
e2889baccec81ed3bed4d66c1c675cb2,2017-11-27 12:29:29,2,221.61,True,324,True
e2c483395f5aa739622936a3e826921d,2017-02-14 18:12:12,2,710.69,True,609,True
e2c87a07e54c863d60af789a9233bdb5,2018-02-23 14:15:52,2,291.67,True,236,True
e301216623168d227eb0b0a3aabb1e62,2018-01-14 21:10:49,2,223.67,True,275,True
e30b83af13d6ff0b0f427b2a67c43b39,2017-11-28 10:44:35,3,841.15,True,323,True
e325e139452a1ca05f5a33acedd7d94f,2018-01-04 10:16:03,3,304.2,True,286,True
e3301490c373db9263c15a73172d0c6f,2017-04-20 11:56:40,3,443.51,True,545,True
e35b2a3c980b6e0fc66c66b8e1122e93,2018-03-07 16:32:41,2,1267.2,True,224,True
e374f0ed9ec35b9af339460a75c4d096,2018-02-17 15:24:03,2,694.55,True,242,True
e38a9d13896946501404c6d82790728c,2017-12-11 14:45:25,2,364.16,True,310,True
e38bf9a883752b0b65407a103fd7ef30,2018-01-02 13:54:45,2,261.15,True,288,True
e395de53a61a2f8fa96ea1ca399c3ff5,2017-09-17 20:41:23,2,438.92,True,394,True
e3a07a2fce775f67bcf06e6278807608,2018-03-03 17:48:49,2,237.96,True,227,True
e3c95cff4b8cca496061b369eaa006f7,2018-05-07 09:12:36,2,340.54,True,163,True
e44110c2ff342e5bbda6c2224d94bbe6,2017-05-13 11:51:34,2,617.97,True,522,True
e4b98eebb8983cade8610c0def59f705,2017-05-02 16:36:02,3,760.01,True,533,True
e4d18909afd252a0289765acc614d3e0,2018-07-09 18:30:46,2,564.08,True,99,True
e4f218d824a59b96c4399ad182327138,2018-03-17 11:07:24,2,236.29,True,214,True
e58e049eea2419a34274619f798d0cd4,2017-11-28 21:53:20,2,362.89,True,322,True
e5bdbd18812e42788e7cbad7058fc0ab,2017-04-25 13:27:31,2,242.5,True,540,True
e60856952187516c3397a2c4ac63aac4,2018-03-02 18:26:23,2,667.44,True,228,True
e68365f0fec5a377bd6f49cb444e453c,2017-10-04 10:29:31,2,361.02,True,378,True
e68e1b61896163cdd7f8e07b2ae814c9,2018-04-17 00:41:54,3,363.69,True,183,True
e69e2b2ce493d7d2307b2588fd1614bd,2017-03-03 14:22:17,2,243.93,True,593,True
e6ae3727da5a849a77c47c7d661bd152,2018-06-15 14:26:18,2,209.97,True,124,True
e6f18fab493c0bdc553eafd9b66cb5f2,2018-03-18 17:12:55,2,213.69,True,213,True
e6f7a95a474d4f2224834b896c22f66f,2018-04-08 09:21:58,2,227.25,True,192,True
e702e8b7b2a4233b4a1c21f457a1030e,2017-05-18 12:50:35,2,315.44,True,517,True
e7039843c54c69530bbf70d926baaab6,2017-11-16 12:26:30,2,388.37,True,335,True
e73ccd01efa72e05476abdfa25f36208,2017-11-25 00:59:07,2,227.39,True,326,True
e77723abebdc6d6b95814047f75c2aab,2017-12-16 21:29:20,2,333.93,True,304,True
e7ba27eaa7692a165b91ba35a41da310,2017-03-22 10:34:48,2,225.61,True,574,True
e7ea4c3049b0ffcb326d8fcf44a06c05,2018-06-09 16:50:56,2,225.01,True,130,True
e8001d7ab27230c1f2fb39aa63aea136,2018-06-11 13:47:19,2,449.16,True,128,True
e836a4279bd9127752d8949d46f7a5a5,2018-07-12 22:34:54,2,209.89,True,96,True
e87c2e2e5985c5996ec20651a3d50fe7,2017-09-21 14:00:30,2,375.87,True,391,True
e89bf89e2621b5aeb4c181e69a8c6952,2017-07-17 13:54:27,2,418.51,True,457,True
e8bab621313ad2a3c0ce8e3a023ff9bb,2017-09-20 18:34:24,2,492.26,True,391,True
e8ddc823809246fabd9c235ef7714630,2017-08-08 12:41:35,2,350.19,True,435,True
e9523749328fe82cd18a39f8611a69b9,2018-04-22 19:14:39,2,607.39,True,177,True
e9b87dccd9c326a3325385087eb0150c,2017-10-05 18:45:37,3,451.83,True,376,True
e9c905c9d93eadb270434d5f1de50fee,2018-04-30 00:53:54,2,474.54,True,170,True
ea09b32bf96ba057088e140c6bec60da,2018-05-06 20:04:18,2,408.44,True,163,True
ea3f9ba2162d33a56fa8ff315f2c38ce,2018-02-10 02:19:28,2,318.56,True,249,True
eaa604ab9f816252edb7a8d297f932e5,2017-12-02 06:32:02,2,1432.21,True,319,True
eac6dbc8ecd0a2f08ed8e53d18f0e0d0,2017-09-12 23:38:32,2,257.52,True,399,True
ead394416d4f85207932cc124eb145e2,2017-12-04 10:59:18,2,416.36,True,317,True
eae0a83d752b1dd32697e0e7b4221656,2018-04-24 17:06:54,2,2783.01,True,176,True
eb28e67c4c0b83846050ddfb8a35d051,2017-09-18 16:12:04,2,284.56,True,394,True
eb3401656cd6eaad985629735dc1c339,2018-05-30 19:19:48,2,227.82,True,139,True
ebad8517c448bbd20ca1910bf1a33819,2017-10-28 20:54:23,2,271.54,True,353,True
ebf40c0db4fe06ddd15a7a44238c986e,2018-06-12 13:46:53,2,238.78,True,127,True
ec0f5b4fe392d71f361112c1b508b707,2018-01-02 16:26:54,2,285.18,True,288,True
ec1a46ef8409aca3b3f94b01e02d6582,2018-04-04 18:32:53,2,228.18,True,195,True
ec2ddda7d56bc6dcf0e5e5f4b9f67fef,2018-05-12 09:42:46,2,782.99,True,158,True
ec441c1966bfa602976763f330fc5168,2018-04-12 08:10:13,2,487.68,True,188,True
ec449149317e67f234b1cf7fe9fc966c,2018-02-26 09:41:21,2,495.57,True,233,True
ec6a85d8bf9c7a514c411a1287643d1d,2017-12-06 13:18:40,2,356.51,True,315,True
ec7f1811826ab04a27a92197bc40c888,2017-12-19 05:16:33,4,556.94,True,302,True
ec9c7ebb2a345ccd42c46b94ecb4d319,2017-07-21 14:40:21,2,504.2,True,453,True
ecc693b513a0c362c8da8e6beeeb545a,2018-06-19 17:43:52,2,276.96,True,119,True
ecc6d0f3eb9435df737e1f0d9a1c6d3f,2018-04-27 17:43:13,2,435.14,True,172,True
ecdbc4bf2201c807294c7d8c4b777032,2017-10-17 16:34:11,2,1294.09,True,365,True
ece908ca0502def5dd56deca8a5c67d5,2018-04-28 20:38:32,2,265.58,True,171,True
ed05a1bbf9f8816af23fcc68084bb87d,2017-01-16 13:17:46,2,509.58,True,639,True
ed1b6f66996abfab57c0affd00805578,2018-06-23 11:11:56,2,308.6,True,116,True
ed42ccde391485cde5b0699b84b5c070,2018-06-26 14:27:52,2,224.49,True,113,True
ed4c785e11a78a73c48fa3af98008292,2018-05-19 14:35:15,2,409.7,True,151,True
ed917c786a8a3e411eae87aeca27cb27,2018-06-07 22:32:24,2,288.82,True,131,True
edb73fb9e9c6e283badde40e37f5c9e5,2017-11-30 02:16:19,2,208.86,True,321,True
eddc1407b097ef7952deb24806c9059b,2017-10-05 10:01:44,2,276.72,True,377,True
ee2e40e31211c5c36ebf28b78316542e,2017-05-12 14:48:10,2,210.43,True,523,True
ee3adea169ca02ca9bd1e80bc620856e,2018-01-02 20:34:57,2,770.62,True,287,True
ee4a5dab94b427525ea24bc30d4442fb,2018-04-17 09:28:09,2,227.54,True,183,True
ee5c5d0ff3ff8e904b5c2b66dd471b01,2017-03-07 10:25:58,2,454.6,True,589,True
eed4189bfc1ea0c708e927cf93d63bdf,2018-01-10 08:51:29,2,432.69,True,280,True
eeea20d93b0e221411defcabab3c8949,2018-06-15 07:01:23,2,281.15,True,124,True
ef3b6ab8a1704ead096adbcdee78284b,2018-03-10 19:52:26,2,284.7,True,220,True
ef6f8fd740ae1fe88a80a321306bac50,2018-06-07 16:46:09,2,258.39,True,132,True
ef7200d5b0b899369c77c7407ec5502e,2018-04-28 16:06:18,2,210.03,True,172,True
ef7ccf8e6acbf1ac71af305967e708c3,2017-07-24 08:56:42,2,294.72,True,450,True
ef89c781d27561d99c4b90783fde3c57,2017-12-22 15:53:30,2,221.93,True,299,True
efce1ab3e96ccab8b1b464326bd22417,2018-03-27 14:29:03,2,904.72,True,204,True
effecf2e702b13058b6ca07a0a649691,2018-01-18 15:26:37,2,253.8,True,272,True
f00e99f043c33da533ebc107f5a68c4e,2018-06-03 17:02:22,2,317.06,True,136,True
f06d35a600b606329886d392afda66c7,2018-07-09 21:50:54,2,213.74,True,99,True
f0996ee6e59d10ac46fd0b9c632e759d,2017-07-04 01:44:17,2,228.0,True,470,True
f0a8e36658d6d08f6e96b9ecf389fd52,2018-06-09 21:51:46,2,231.23,True,129,True
f0daba1cfcc18d5a3229e1a911313e3e,2017-05-11 17:30:39,2,1398.18,True,523,True
f0e310a6839dce9de1638e0fe5ab282a,2018-04-05 09:04:45,6,540.69,True,195,True
f11451a120b48a5c4c36d3274f0fd80c,2017-12-03 16:05:02,2,252.87,True,318,True
f121995493925a5ef0b46a13f594e0ab,2018-01-16 22:08:15,2,477.64,True,273,True
f170c6e04c4cdf9219fc5c669b10f506,2018-01-13 13:36:23,2,357.96,True,277,True
f172c33b146e90b95ee12499eb6632cb,2018-03-27 08:10:06,2,237.44,True,204,True
f1a325803dd4c341c5a946ac84c71973,2017-09-01 10:15:36,2,351.07,True,411,True
f1e73ad158b38954c23f5668894b3d46,2018-03-13 11:21:01,2,355.96,True,218,True
f1f30eb24d90309e4ec02c385a17e81f,2018-04-30 10:28:19,2,280.34,True,170,True
f216de65ece42736f341247dcba60ccb,2017-11-27 22:26:08,2,294.41,True,323,True
f25c83fef4ae7252feec416e7927acac,2018-06-19 08:58:11,2,261.17,True,120,True
f30856ad31d3e74253a3f4ccef670648,2018-02-02 18:01:10,2,215.28,True,256,True
f34cd7fd85a1f8baff886edf09567be3,2017-09-23 19:56:00,4,1236.76,True,388,True
f3d176999f9c1273045f770712608944,2017-08-07 21:35:22,2,221.58,True,435,True
f43a741f2b86fc593b013959d7b34083,2018-06-11 08:33:53,2,682.14,True,128,True
f46971f1ac7b376b668114a027c98e78,2017-05-24 15:41:46,2,337.85,True,511,True
f4af0b3f627879bf6801db96949b1e71,2017-08-21 15:53:42,2,342.23,True,422,True
f4d1502ace38b0df6f052a5544add9f4,2018-04-11 23:14:26,3,390.47,True,188,True
f50ca6544a0ed8a52cc964e15cbe9cf9,2017-10-10 20:21:15,3,451.76,True,371,True
f5344c7feb209d1e8a9de5d60ed79331,2017-07-31 23:06:47,2,244.58,True,442,True
f561632522774ab728bb93f8f3ab5e61,2018-01-06 12:01:41,2,699.31,True,284,True
f58595c5ecdf5e9781678b83ba2e0c21,2018-07-16 04:02:53,2,335.97,True,93,True
f596242db91986b554f25768577cd5be,2017-06-18 14:32:38,2,731.08,True,486,True
f613612c35de4ffbbdb680f32e3baa80,2018-05-28 08:47:35,2,274.2,True,142,True
f63e56138ee7885ffc3b7e56933446e6,2017-09-10 09:22:44,2,261.1,True,402,True
f64075e7fa628bdc6c3e7c3108d7c624,2018-01-30 10:56:41,2,211.24,True,260,True
f64ec6d8dd29940264cd0bbb5ecade8a,2017-11-21 18:18:40,4,359.0,True,329,True
f6b12abd5112545273ecbdc84f6cf35f,2018-07-17 17:13:40,2,236.31,True,92,True
f7471d502dd946e0a2cb6020bf076808,2018-03-31 18:26:56,2,315.41,True,199,True
f79c969a1665f477201e86ae6e036c30,2017-06-05 17:54:00,2,290.0,True,498,True
f7ac7452ae241a5a36aaf9542c2428d5,2017-07-26 18:22:31,2,659.2,True,447,True
f7d2fc6f0a2778f53d2a6bfc27bd0e8c,2017-10-19 10:05:02,2,370.19,True,363,True
f804ed90360900357b6db9d7635d275d,2017-05-20 10:30:23,2,630.37,True,515,True
f8308de7370e6293120c537a031f4cff,2017-10-22 22:00:35,2,225.63,True,359,True
f8777c0c5c96632fe9ded01856cb8c82,2017-10-13 14:45:04,2,435.56,True,369,True
f8ac33ce25aad89ade14c52fac3cc452,2017-10-30 14:27:30,2,345.49,True,352,True
f8bffe1586fdae62dd3646353a25f958,2018-03-01 10:35:27,2,294.46,True,230,True
f8c74f26f568c1b52cd212e700e977df,2018-04-11 11:12:46,2,496.3,True,189,True
f8d1720cca57b3c6961eb25114347ade,2018-05-03 21:16:34,2,443.12,True,166,True
f8f6ed51ded0d4757a6153f5ce0f8906,2018-04-25 11:11:13,2,613.05,True,175,True
f9165be8a411384aab9f945394418a0c,2018-05-19 19:34:15,2,289.07,True,150,True
f92fd2c87375f957ece022972b16849b,2017-12-05 16:18:19,2,222.8,True,316,True
f93ea08ded32a5b926f9dd98c1dbd61d,2017-05-27 19:51:59,2,934.66,True,507,True
f944ee56d8467517955c2ddc7b0d486a,2017-11-01 20:57:34,2,307.7,True,349,True
f96be73d5c1d3bfe8fcba7924798ba91,2018-05-18 13:22:34,2,440.55,True,152,True
f982853f2882760f3a52e7bdfabb1080,2018-06-03 10:45:31,2,288.6,True,136,True
f9ae226291893fda10af7965268fb7f6,2017-03-11 18:34:44,2,521.07,True,584,True
fa0ee7ceb94193fb02aa78ce3a55695a,2018-02-15 10:33:30,2,267.6,True,244,True
fafbc4ecb15933633821dfd530c9263b,2017-05-21 08:00:00,2,364.21,True,514,True
fb82affcdf98ee48d9d36c7feb802417,2018-02-23 00:22:16,2,294.72,True,236,True
fbacf55907cfeeab0f1cb05ac31c429e,2018-01-27 19:28:48,2,282.06,True,262,True
fc2261ae2c583aa2e68241456a6467c8,2018-05-13 00:10:02,2,579.11,True,157,True
fc24db02becd484accefaa5af59c18b1,2018-06-25 11:15:35,2,1588.95,True,114,True
fc719c11b4dce594f47e1f9aa739a3a2,2017-12-26 21:57:46,3,273.1,True,294,True
fccfbf734a92029859c4fe58eff05114,2017-03-29 17:13:43,2,333.17,True,567,True
fd03997c82649affc061d275ddf1f3d9,2018-01-17 14:35:51,2,1447.02,True,273,True
fd8ccc89be43894d2553494c71a61fd8,2018-04-19 08:19:39,3,258.03,True,181,True
fdb2f8a871f180fefdf3ba06bf7ab179,2017-06-06 21:31:50,2,322.43,True,497,True
fdb47f6659321662dce6524a8c629d0b,2017-12-06 22:24:22,2,407.56,True,314,True
fe28d443ab89dc67f5858bc2beda299a,2017-07-18 09:57:34,2,322.49,True,456,True
fe52c2abb172426dd6416cc69e6b3689,2017-09-23 12:53:19,2,318.48,True,389,True
fe81bb32c243a86b2f86fbf053fe6140,2018-06-21 12:10:25,5,1590.76,True,118,True
fed519569d16e690df6f89cb99d4e682,2018-03-18 21:51:49,2,286.14,True,212,True
ff03923ad1eb9e32304deb7f9b2a45c9,2018-05-26 11:51:22,2,247.06,True,144,True
ff8892f7c26aa0446da53d01b18df463,2017-11-26 23:25:43,2,330.14,True,324,True
