seller_id,category_en,total_orders,short_orders,revenue,short_rate_pct
001cca7ae9ae17fb1caed9dfb1094831,construction_tools_construction,27,25,6706.34,92.6
001cca7ae9ae17fb1caed9dfb1094831,garden_tools,209,204,40851.61,97.6
002100f778ceb8431b7a1020ff7ab48f,furniture_decor,57,52,2412.64,91.2
004c9cd9d87a3c30c522c48c4fc07416,bed_bath_table,161,154,24893.44,95.7
00720abe85ba0859807595bbf045a33b,housewares,26,25,3118.4,96.2
00ee68308b45bc5e2660cd833c3f81cc,bed_bath_table,162,157,34174.1,96.9
00ee68308b45bc5e2660cd833c3f81cc,furniture_mattress_and_upholstery,22,20,2788.74,90.9
00fc707aaaad2d31347cf883cd2dfe10,computers_accessories,135,127,25822.96,94.1
010da0602d7774602cd1b3f5fb7b709e,kitchen_dining_laundry_garden_furniture,5,5,5398.75,100.0
013900e863eace745d3ec7614cab5b1a,baby,10,10,1207.68,100.0
013900e863eace745d3ec7614cab5b1a,fashion_shoes,15,15,1392.51,100.0
014c0679dd340a0e338872e7ec85666a,kitchen_dining_laundry_garden_furniture,11,10,5505.99,90.9
014d9a685fd57276679edd00e07089e5,stationery,9,9,763.35,100.0
0176f73cc1195f367f7b32db1e5b3aa8,bed_bath_table,38,34,6249.04,89.5
01bcc9d254a0143f0ce9791b960b2a47,health_beauty,12,12,1644.69,100.0
01c97ebb5cdac52891c0ed1c37ba0012,computers_accessories,12,12,1193.8600000000001,100.0
01cf7e3d21494c41fb86034f2e714fa1,air_conditioning,21,21,2070.69,100.0
01cf7e3d21494c41fb86034f2e714fa1,cool_stuff,8,8,593.94,100.0
01cf7e3d21494c41fb86034f2e714fa1,home_appliances_2,22,21,3886.74,95.5
01cf7e3d21494c41fb86034f2e714fa1,housewares,30,29,3186.66,96.7
01ed254b9ff8407dfb9d99ba1e17d923,watches_gifts,5,5,1533.71,100.0
01fd077212124329bac32490e8ef80d9,construction_tools_construction,6,6,1072.44,100.0
01fd077212124329bac32490e8ef80d9,garden_tools,5,5,401.99,100.0
01fd077212124329bac32490e8ef80d9,health_beauty,14,14,863.15,100.0
01fd077212124329bac32490e8ef80d9,toys,10,10,726.45,100.0
01fdefa7697d26ad920e9e0346d4bd1b,health_beauty,134,129,18075.39,96.3
0241d4d5d36f10f80c644447315af0bd,furniture_decor,260,253,41227.21,97.3
0249d282d911d23cb8b869ab49c99f53,sports_leisure,11,11,570.03,100.0
024b564ae893ce8e9bfa02c10a401ece,market_place,6,6,3751.2000000000003,100.0
02c988090b766852e088c69d7fb3b551,signaling_and_security,14,14,1429.22,100.0
02d35243ea2e497335cd0f076b45675d,furniture_decor,16,11,8408.63,68.8
02dcd3e8e25bee036e32512bcf175493,stationery,15,13,2027.55,86.7
02ecc2a19303f05e59ce133fd923fff7,furniture_decor,6,6,1790.74,100.0
02ecc2a19303f05e59ce133fd923fff7,garden_tools,10,10,2808.05,100.0
02ecc2a19303f05e59ce133fd923fff7,home_construction,9,9,3245.43,100.0
02f5837340d7eb4f653d676c7256523a,luggage_accessories,30,29,4463.88,96.7
02f623a8eb246f3c5f7c2f96462654e6,sports_leisure,41,40,6734.22,97.6
034b9387752bfa309f350a70cd45ffa3,toys,9,9,240.26,100.0
039b29ff3b3473435d0cd59040575de9,music,5,5,142.55,100.0
039e6ad9dae79614493083e241147386,garden_tools,5,4,13273.42,80.0
03a2a6dcbe45d639c4dc2a0d24769c40,garden_tools,9,8,1250.66,88.9
0417b067eeab773d2f7061a726dc477f,auto,14,13,2501.75,92.9
04308b1ee57b6625f47df1d56f00eedf,health_beauty,91,84,61423.96,92.3
0432ead42b6c8a0bdf68154add917fdf,toys,88,87,9967.02,98.9
044668ccd5316b12a7cf0d54a156e3e9,food,5,5,275.28999999999996,100.0
048c2757535328e0d7dac690ad3c0aae,fashion_shoes,52,44,10312.41,84.6
04aa0a1c5ce6b222003403a3e11c3cc0,auto,16,15,14270.17,93.8
04aba03279157f6d4e0fe8ccaf21963c,health_beauty,14,13,2498.77,92.9
04e38a233f726ef161074ab1c9b0399a,baby,5,5,231.62,100.0
04e38a233f726ef161074ab1c9b0399a,housewares,9,9,757.13,100.0
04e38a233f726ef161074ab1c9b0399a,sports_leisure,11,10,1015.98,90.9
04fdea0c111866e6cf812f1570d6b5bd,computers_accessories,7,7,819.7,100.0
0509040ea3fe50071181bbc359eb7738,housewares,9,9,685.54,100.0
0509040ea3fe50071181bbc359eb7738,sports_leisure,90,87,5286.29,96.7
054694fa03fe82cec4b7551487331d74,cool_stuff,7,6,3007.25,85.7
054694fa03fe82cec4b7551487331d74,home_appliances_2,5,3,2591.44,60.0
054694fa03fe82cec4b7551487331d74,small_appliances,8,6,3988.7,75.0
056b4ada5bbc2c50cc7842547dda6b51,electronics,5,4,2413.79,80.0
056b4ada5bbc2c50cc7842547dda6b51,watches_gifts,59,56,11166.33,94.9
0570350b23eda5444f8d1d9544932058,health_beauty,5,5,515.4200000000001,100.0
0570350b23eda5444f8d1d9544932058,perfumery,6,6,1654.54,100.0
058cb5aeb36d7c0fcae20fc85d5e0a59,luggage_accessories,12,12,2102.4,100.0
058fd0aa2bfdb2274e05e1ae971dabb6,perfumery,60,57,8463.880000000001,95.0
05d2173d43ea568aa0540eba70d2ca76,auto,51,51,6671.1,100.0
05d2173d43ea568aa0540eba70d2ca76,construction_tools_construction,12,10,936.38,83.3
05e107217c7266362fd44b75b2cd4cc4,stationery,8,8,405.31,100.0
05f51e13da97139648b8125c31e5f51b,baby,58,53,16618.14,91.4
05feb94f19d094d4b0f9281f0b1d4c99,garden_tools,5,4,7156.54,80.0
05ff92fedb5be47920fea08e501238b9,cool_stuff,32,31,10611.57,96.9
05ff92fedb5be47920fea08e501238b9,health_beauty,11,10,5269.39,90.9
05ff92fedb5be47920fea08e501238b9,small_appliances,18,17,8869.539999999999,94.4
062ce95fa2ad4dfaedfc79260130565f,bed_bath_table,18,17,1570.64,94.4
062ce95fa2ad4dfaedfc79260130565f,furniture_decor,25,24,4998.389999999999,96.0
062ce95fa2ad4dfaedfc79260130565f,market_place,13,13,3562.12,100.0
06532f10282704ef4c69168b914b77be,garden_tools,7,6,10551.859999999999,85.7
06579cb253ecd5a3a12a9e6eb6bf8f47,housewares,68,61,7803.08,89.7
066a6914e1ebf3ea95a216c73a986b91,auto,9,9,2656.82,100.0
066a6914e1ebf3ea95a216c73a986b91,furniture_decor,12,10,1002.09,83.3
066a6914e1ebf3ea95a216c73a986b91,sports_leisure,46,45,7734.3,97.8
0691148aee60ca47977c187804f935ae,auto,11,11,730.98,100.0
0691148aee60ca47977c187804f935ae,sports_leisure,40,38,9565.460000000001,95.0
06a2c3af7b3aee5d69171b0e14f0ee87,health_beauty,406,364,51451.54,89.7
06bb3a2fe5e7b7a845b13e8fb91bd944,health_beauty,19,19,2028.66,100.0
06df0c10d34e459d9672bc77388742eb,sports_leisure,28,27,11481.82,96.4
06e5eefc71ec47ae763c5c6f8db7064f,computers_accessories,33,32,8330.9,97.0
06e5eefc71ec47ae763c5c6f8db7064f,construction_tools_safety,25,25,8749.78,100.0
06e5eefc71ec47ae763c5c6f8db7064f,cool_stuff,18,18,3788.58,100.0
06e5eefc71ec47ae763c5c6f8db7064f,electronics,10,10,2235.21,100.0
07017df32dc5f2f1d2801e579548d620,telephony,6,6,800.5899999999999,100.0
070d165398b553f3b4b851c216b8a358,pet_shop,45,43,6564.1900000000005,95.6
0725b8c0f3f906e58f70cbe76b7c748c,housewares,16,14,2764.99,87.5
0725b8c0f3f906e58f70cbe76b7c748c,sports_leisure,6,6,1782.12,100.0
0725b8c0f3f906e58f70cbe76b7c748c,stationery,10,10,3883.56,100.0
0747d5bb69f0586cc869d8af4c50f93e,perfumery,13,12,582.08,92.3
0761743cbffb25d7148189e9f1a5f03a,health_beauty,6,6,1213.5,100.0
077c5fae4bea9500e3737b16f71b9d3a,housewares,6,6,421.62,100.0
0791d9fc1e30678ecf03d3e55fa108d3,housewares,11,11,3943.31,100.0
079d295dcbf06ee8bb1b65ba964eb2b6,construction_tools_construction,10,10,2142.99,100.0
07bf9669d84d1f11be443a9dd938f698,kitchen_dining_laundry_garden_furniture,22,22,3616.11,100.0
07de60b03d150fb3ea09eab5da5e4c8b,bed_bath_table,11,10,937.75,90.9
080102cd0a76b09e0dcf55fcacc60e05,computers_accessories,95,93,7280.08,97.9
080102cd0a76b09e0dcf55fcacc60e05,consoles_games,28,28,864.35,100.0
080199a181c46c657dc5aa235411be3b,auto,84,82,17035.9,97.6
08061dc0fc165ed41288cc7acde738ee,computers_accessories,5,4,182.22,80.0
08084d990eb3f53af056ccbc1730c8a7,electronics,12,12,795.98,100.0
081acf3de680d554796c9cf041be7bc2,furniture_decor,7,7,2650.63,100.0
082e0bf4cb865a6533b1e8e498cc0255,garden_tools,22,19,9082.29,86.4
08633c14ef2db992c11f840f04fad4cd,food_drink,8,8,667.17,100.0
08633c14ef2db992c11f840f04fad4cd,health_beauty,12,12,1384.69,100.0
08633c14ef2db992c11f840f04fad4cd,sports_leisure,73,70,12771.1,95.9
0873d9f8f36123f8d910f4760e788cfb,telephony,5,4,6021.56,80.0
0885aaf116795758dfeb5f1032487bcd,bed_bath_table,25,25,2866.35,100.0
0887a9f087bcd5d9f6642b52f897fc6c,telephony,7,6,840.27,85.7
08ad4ac1388e4420ca531c3edfc46198,pet_shop,7,7,436.46000000000004,100.0
08cdbae123ff67ca4e36d9d641ce0119,furniture_living_room,6,3,8378.119999999999,50.0
08d0949a9a17c027262db1f3c450c26c,furniture_decor,12,12,699.54,100.0
08d2d642cf72b622b14dde1d2f5eb2f5,stationery,9,9,529.6899999999999,100.0
08d2d642cf72b622b14dde1d2f5eb2f5,watches_gifts,5,5,179.91,100.0
093805f8f2aeb63881444571e1f48f30,health_beauty,27,27,2523.7200000000003,100.0
094ced053e257ae8cae57205592d6712,health_beauty,12,12,1426.1,100.0
094ced053e257ae8cae57205592d6712,perfumery,8,8,696.16,100.0
0951a6e282947e09cd47969f4ed0b47f,perfumery,6,6,549.53,100.0
099095b050cfe8eb1ddff5317587e96e,housewares,9,9,1903.8200000000002,100.0
09bad886111255c5b5030314fc7f1a4a,art,5,5,560.36,100.0
09f952a5f58d2285b0372551ae8f9b01,furniture_decor,43,40,10322.19,93.0
09f952a5f58d2285b0372551ae8f9b01,home_construction,23,23,6306.22,100.0
0a85ebe4e328db81ac9109781205e2f7,furniture_decor,11,11,719.95,100.0
0aa2205ca24f113f4658a5c536667426,stationery,10,10,2650.16,100.0
0ac4201fda2c68ebc0e47cb9423cf3c9,health_beauty,12,12,787.3,100.0
0ad80de75c811326389cfb1daba7d45e,toys,6,6,1564.72,100.0
0adac9fbd9a2b63cccaac4f8756c1ca8,furniture_decor,9,9,1179.65,100.0
0adac9fbd9a2b63cccaac4f8756c1ca8,home_appliances,10,10,7427.88,100.0
0adac9fbd9a2b63cccaac4f8756c1ca8,housewares,112,109,21030.74,97.3
0adac9fbd9a2b63cccaac4f8756c1ca8,market_place,8,8,1360.27,100.0
0aea4c6ae1505b3228ddf3dd7822ee5b,watches_gifts,10,8,1579.66,80.0
0afccdb8a34ee5c79f7c06faf2b4d56e,telephony,24,23,1557.09,95.8
0b18d63d0cd1d723567903fd34a07df2,auto,10,10,1659.72,100.0
0b35c634521043bf4b47e21547b99ab5,construction_tools_construction,79,70,33603.77,88.6
0b36063d5818f81ccb94b54adfaebbf5,garden_tools,15,15,11745.0,100.0
0b90b6df587eb83608a64ea8b390cf07,computers_accessories,210,198,51350.29,94.3
0bae85eb84b9fb3bd773911e89288d54,housewares,85,85,6576.82,100.0
0bae85eb84b9fb3bd773911e89288d54,sports_leisure,6,6,670.9,100.0
0bae85eb84b9fb3bd773911e89288d54,stationery,7,7,604.72,100.0
0bae85eb84b9fb3bd773911e89288d54,toys,36,36,2729.75,100.0
0bb738e4d789e63e2267697c42d35a2d,garden_tools,14,13,721.79,92.9
0bb738e4d789e63e2267697c42d35a2d,industry_commerce_and_business,15,15,1910.23,100.0
0be8ff43f22e456b4e0371b2245e4d01,bed_bath_table,11,10,827.7199999999999,90.9
0be8ff43f22e456b4e0371b2245e4d01,computers_accessories,6,5,361.15999999999997,83.3
0be8ff43f22e456b4e0371b2245e4d01,fashion_sport,5,5,1103.48,100.0
0be8ff43f22e456b4e0371b2245e4d01,housewares,25,25,1974.83,100.0
0be8ff43f22e456b4e0371b2245e4d01,luggage_accessories,31,30,4012.0,96.8
0be8ff43f22e456b4e0371b2245e4d01,sports_leisure,69,69,4850.4,100.0
0be8ff43f22e456b4e0371b2245e4d01,stationery,11,9,941.37,81.8
0be8ff43f22e456b4e0371b2245e4d01,toys,10,10,1375.6,100.0
0bebbb2cea103a4a020c95d43fd7d754,health_beauty,8,8,1343.15,100.0
0bf0150d5b9d60d9cd2906003332f085,furniture_decor,59,54,13611.64,91.5
0bf0150d5b9d60d9cd2906003332f085,home_confort,5,4,570.28,80.0
0c7533c71df861ec58ad7ff999ed0e8d,perfumery,76,74,5929.09,97.4
0c8380b62e38e8a1e6adbeba7eb9688c,bed_bath_table,147,140,17899.98,95.2
0c8380b62e38e8a1e6adbeba7eb9688c,furniture_decor,51,51,9612.37,100.0
0cbcee27c791afa0cdcb08587a2013a8,fashion_bags_accessories,31,30,4630.62,96.8
0cbcee27c791afa0cdcb08587a2013a8,sports_leisure,9,8,1541.24,88.9
0d33a55da925bbf1ff02af5f6059fc7f,books_general_interest,9,9,350.98,100.0
0d33a55da925bbf1ff02af5f6059fc7f,books_technical,11,11,667.42,100.0
0d83f8e03188682112cc0d93523705cc,computers_accessories,6,2,1871.37,33.3
0d85bbda9889ce1f7e63778d24f346eb,art,5,5,638.77,100.0
0d85bbda9889ce1f7e63778d24f346eb,christmas_supplies,22,14,7646.12,63.6
0d85bbda9889ce1f7e63778d24f346eb,stationery,33,30,3088.69,90.9
0db783cfcd3b73998abc6e10e59a102f,computers_accessories,23,20,1343.82,87.0
0db783cfcd3b73998abc6e10e59a102f,tablets_printing_image,56,55,6862.63,98.2
0db783cfcd3b73998abc6e10e59a102f,telephony,60,60,4011.07,100.0
0dd184061fb0eaa7ca37932c68ab91c5,housewares,63,56,13635.82,88.9
0dd184061fb0eaa7ca37932c68ab91c5,industry_commerce_and_business,115,110,19111.02,95.7
0dd184061fb0eaa7ca37932c68ab91c5,sports_leisure,16,16,2357.91,100.0
0df3984f9dfb3d49ac6366acbd3bbb85,health_beauty,87,87,11605.29,100.0
0df3984f9dfb3d49ac6366acbd3bbb85,perfumery,6,5,451.37,83.3
0e44d110fa6a54e121cb2c095a77762f,stationery,7,7,293.38,100.0
0e982cff76cc0579f632cea8a0e38c9d,musical_instruments,7,7,1399.96,100.0
0ea22c1cfbdc755f86b9b54b39c16043,fashion_bags_accessories,251,246,18810.14,98.0
0ea22c1cfbdc755f86b9b54b39c16043,pet_shop,6,6,408.03,100.0
0eaa7e33d73809f1f925f7d07c506cbd,toys,14,14,1696.18,100.0
0ebd97a106433a45a4aebe57c1799778,fashion_bags_accessories,33,33,4037.93,100.0
0ed6ce5d87fd9c69eaacaeb778d67235,air_conditioning,5,5,186.17000000000002,100.0
0ed6ce5d87fd9c69eaacaeb778d67235,electronics,20,19,648.21,95.0
0ed6ce5d87fd9c69eaacaeb778d67235,housewares,13,10,1225.92,76.9
0ef83d7d83ed97cd2a0049ac8be5f88a,health_beauty,32,32,3089.9,100.0
0ef83d7d83ed97cd2a0049ac8be5f88a,sports_leisure,24,23,4078.9700000000003,95.8
0ff83046c3fa22efee8ecf291888b191,sports_leisure,14,14,1190.2,100.0
0ffa40d54288e4f3499b8780dd0f144f,books_technical,32,32,2861.26,100.0
10076e5788b8ee532724bcd460baf762,baby,14,13,793.06,92.9
10076e5788b8ee532724bcd460baf762,cool_stuff,13,13,783.88,100.0
101a3a003516bc11253298b2fad3cb65,fashion_male_clothing,5,5,367.6,100.0
1025f0e2d44d7041d6cf58b6550e0bfa,construction_tools_lights,69,67,21704.94,97.1
1025f0e2d44d7041d6cf58b6550e0bfa,furniture_decor,1313,1278,267960.02,97.3
1025f0e2d44d7041d6cf58b6550e0bfa,home_construction,59,56,13220.2,94.9
1025f0e2d44d7041d6cf58b6550e0bfa,signaling_and_security,5,5,638.69,100.0
10ff823eda2b032e2c93d17a7d294736,housewares,6,6,878.96,100.0
112453736dbe3889cfb74e1aaa0ba0c1,auto,12,12,4368.61,100.0
1127b7f2594683f2510f1c2c834a486b,costruction_tools_garden,6,6,210.01999999999998,100.0
1127b7f2594683f2510f1c2c834a486b,garden_tools,126,120,13443.09,95.2
11305281b50fff20ae8bb473f8e11876,furniture_decor,14,14,4750.8,100.0
11305281b50fff20ae8bb473f8e11876,home_confort,16,14,3264.84,87.5
113e3a788b935f48aad63e1c41dac1bd,christmas_supplies,50,48,2273.61,96.0
116ccb1a1604bc88e4d234a8c23f33de,auto,56,56,2429.89,100.0
116ccb1a1604bc88e4d234a8c23f33de,christmas_supplies,10,10,680.98,100.0
117cfc326c6d50da67ca858ff5c0c852,sports_leisure,6,6,93.11,100.0
11bfa66332777660bd0640ee84d47006,health_beauty,55,48,4827.22,87.3
11bfa66332777660bd0640ee84d47006,perfumery,48,42,4777.34,87.5
128639473a139ac0f3e5f5ade55873a5,air_conditioning,13,13,766.13,100.0
128639473a139ac0f3e5f5ade55873a5,computers_accessories,8,8,236.2,100.0
128639473a139ac0f3e5f5ade55873a5,electronics,543,521,22841.35,95.9
128f9bfbe4c7d5185033914b1de3d39a,health_beauty,17,17,1719.6399999999999,100.0
12b9676b00f60f3b700e83af21824c0e,cool_stuff,133,125,28962.05,94.0
13074f016982ff2bd6c58ced8682f000,kitchen_dining_laundry_garden_furniture,13,12,2446.42,92.3
1336efc61c316ddf92c899eb817f7cae,furniture_decor,25,21,1996.97,84.0
1336efc61c316ddf92c899eb817f7cae,pet_shop,44,44,5535.88,100.0
134285d1f41da5c13a756ee8142c8a4e,auto,6,6,2694.27,100.0
134a288e7de827ec5ec62e3ec9c3a295,books_technical,8,8,986.22,100.0
1354d51653f645349064725ed204e85e,furniture_decor,14,14,2864.71,100.0
138dbe45fc62f1e244378131a6801526,baby,6,6,199.27,100.0
138dbe45fc62f1e244378131a6801526,health_beauty,11,11,271.74,100.0
138dbe45fc62f1e244378131a6801526,housewares,18,18,988.53,100.0
138dbe45fc62f1e244378131a6801526,perfumery,8,8,247.32,100.0
138dbe45fc62f1e244378131a6801526,sports_leisure,13,13,977.34,100.0
13c2ed7698b3ca92dad49e849219da59,perfumery,9,9,766.85,100.0
13d058e4eeac2ce8217660b2f8a05812,home_appliances_2,22,21,4647.37,95.5
13f57c12a00ed4610db646b913a7f5c6,auto,16,16,1758.95,100.0
13fa2a6c6b9d0f43cb588d7c82117a12,health_beauty,10,7,5666.28,70.0
141440cad9341e553f8401c574a2aa38,drinks,7,7,1447.87,100.0
1430239a858e7682bbc43b20758af153,baby,12,12,541.27,100.0
1430239a858e7682bbc43b20758af153,sports_leisure,7,7,761.77,100.0
1464afc72f696af775557a821c2e253f,health_beauty,5,5,200.15,100.0
1464afc72f696af775557a821c2e253f,perfumery,26,25,1378.31,96.2
14a08204d03bb6b6bde8029f801ae0eb,computers_accessories,8,8,922.5600000000001,100.0
14a08204d03bb6b6bde8029f801ae0eb,electronics,25,25,4242.28,100.0
14d7985702e72162bbf13b6beb74ab2b,sports_leisure,38,35,4669.56,92.1
1554a68530182680ad5c8b042c3ab563,furniture_decor,169,161,13933.36,95.3
1554a68530182680ad5c8b042c3ab563,furniture_living_room,93,84,21777.4,90.3
1554a68530182680ad5c8b042c3ab563,housewares,15,13,1083.8600000000001,86.7
1554a68530182680ad5c8b042c3ab563,toys,21,21,1817.65,100.0
157c3e4b42f81ac4a44e8b1ca2fe9876,furniture_decor,29,28,5545.54,96.6
15ead3a5037a918ddb520dfe39a3d2b9,books_general_interest,9,9,478.26,100.0
15fa791d5e017f66402dc28c44480657,baby,9,8,1983.29,88.9
16090f2ca825584b5a147ab24aa30c86,auto,253,242,16873.53,95.7
16090f2ca825584b5a147ab24aa30c86,consoles_games,25,25,8426.82,100.0
16090f2ca825584b5a147ab24aa30c86,fashion_bags_accessories,6,5,433.29,83.3
16090f2ca825584b5a147ab24aa30c86,food,118,116,5155.77,98.3
16090f2ca825584b5a147ab24aa30c86,garden_tools,5,5,315.43,100.0
165b1235e9e9942cb5fae67103576fb0,construction_tools_construction,11,11,4267.9800000000005,100.0
165fc07beebdcb6190fba8a06db2a449,computers_accessories,57,53,22175.18,93.0
165fc07beebdcb6190fba8a06db2a449,sports_leisure,7,7,9089.810000000001,100.0
1660ad786c27fd935378b6192a90b417,computers_accessories,14,14,2246.58,100.0
167fd940acebc789debd6eb418c46e38,auto,5,5,1178.48,100.0
1690cada046eb7e92c12f98b1f8a8167,auto,10,10,1992.91,100.0
17306570e772e7718c92a562d33f5f1d,bed_bath_table,22,21,5667.3099999999995,95.5
1771297ac436903d1dd6b0e9279aa505,baby,17,17,1791.47,100.0
1771297ac436903d1dd6b0e9279aa505,bed_bath_table,12,12,792.9399999999999,100.0
1771297ac436903d1dd6b0e9279aa505,garden_tools,7,7,1969.7,100.0
1782ce2db72c3dda627d5e7c898104e1,sports_leisure,5,4,1209.46,80.0
1782ce2db72c3dda627d5e7c898104e1,watches_gifts,5,5,881.8199999999999,100.0
17908cf9b444ee34047cadd5c0f4a516,auto,11,9,2495.41,81.8
179d859f51292aac5c10806a356f7af9,electronics,19,19,918.39,100.0
17a053fcb14bd219540cbde0df490be0,office_furniture,140,135,64484.96,96.4
17ca9b9e9b9ef8fdb529001b49ebb50f,bed_bath_table,85,84,9017.32,98.8
17ca9b9e9b9ef8fdb529001b49ebb50f,furniture_decor,12,12,1247.66,100.0
17ca9b9e9b9ef8fdb529001b49ebb50f,housewares,25,25,3177.47,100.0
17ca9b9e9b9ef8fdb529001b49ebb50f,stationery,9,9,1318.53,100.0
17e34d8224d27a541263c4c64b11a56b,computers_accessories,42,39,10525.89,92.9
17e34d8224d27a541263c4c64b11a56b,consoles_games,34,30,9460.65,88.2
17e34d8224d27a541263c4c64b11a56b,construction_tools_construction,7,6,719.38,85.7
17e34d8224d27a541263c4c64b11a56b,garden_tools,16,16,3870.5,100.0
17e34d8224d27a541263c4c64b11a56b,health_beauty,5,5,353.02,100.0
17e34d8224d27a541263c4c64b11a56b,perfumery,135,132,27873.14,97.8
17e34d8224d27a541263c4c64b11a56b,sports_leisure,10,10,497.84000000000003,100.0
17e34d8224d27a541263c4c64b11a56b,telephony,5,5,676.27,100.0
17f51e7198701186712e53a39c564617,health_beauty,63,52,67584.27,82.5
180c3376aff0e43dd5788709df48a843,fixed_telephony,9,8,6267.91,88.9
1835b56ce799e6a4dc4eddc053f04066,baby,5,4,352.25,80.0
1835b56ce799e6a4dc4eddc053f04066,bed_bath_table,558,525,73773.55,94.1
1838dd9b8977065acf51d95e0053ea7a,computers_accessories,58,56,3786.0,96.6
1838dd9b8977065acf51d95e0053ea7a,electronics,5,5,383.75,100.0
184a67a8f9f63234d3a92340bbdb727f,furniture_decor,10,9,896.8299999999999,90.0
186cdd1b2df32caa72cfb410bba768d3,housewares,6,6,1609.73,100.0
189ca3538ce9f920cacf0f982cbe223b,stationery,5,5,650.73,100.0
18a349e75d307f4b4cc646a691ed4216,auto,18,17,2290.18,94.4
18a349e75d307f4b4cc646a691ed4216,computers_accessories,23,22,1636.97,95.7
18a349e75d307f4b4cc646a691ed4216,construction_tools_safety,11,10,769.06,90.9
18a349e75d307f4b4cc646a691ed4216,cool_stuff,12,12,1421.61,100.0
18a349e75d307f4b4cc646a691ed4216,fixed_telephony,14,14,4907.26,100.0
18a349e75d307f4b4cc646a691ed4216,telephony,25,24,950.14,96.0
18e694e0e48ed6f7aa3f24aade5fd697,computers_accessories,29,29,1308.2,100.0
18e694e0e48ed6f7aa3f24aade5fd697,health_beauty,6,6,99.28999999999999,100.0
1900267e848ceeba8fa32d80c1a5f5a8,bed_bath_table,551,530,54834.14,96.2
1900267e848ceeba8fa32d80c1a5f5a8,home_confort,6,6,2888.14,100.0
1987cd4be10fe09ee50454f9c354d1c6,pet_shop,16,15,3684.51,93.8
198c7ea11960a9844b544d9bcdca860c,auto,12,11,1786.96,91.7
198c7ea11960a9844b544d9bcdca860c,small_appliances,13,13,438.42,100.0
1996942dc085d7773ba77a529b163cd0,watches_gifts,8,8,2705.2,100.0
1a3df491d1c4f1589fc2b934ada68bf2,bed_bath_table,177,168,32011.85,94.9
1a932caad4f9d804097d7f8e615baed1,construction_tools_construction,32,32,14456.39,100.0
1acde099eb406aa220b1169b188b42da,furniture_decor,10,10,508.92,100.0
1b1ae47a313a825a7ccceb8e2e30fa9d,sports_leisure,5,5,577.53,100.0
1b1ae47a313a825a7ccceb8e2e30fa9d,toys,5,5,886.53,100.0
1b4c3a6f53068f0b6944d2d005c9fc89,costruction_tools_garden,5,5,710.07,100.0
1b4c3a6f53068f0b6944d2d005c9fc89,housewares,58,56,13795.64,96.6
1b4c3a6f53068f0b6944d2d005c9fc89,stationery,7,7,969.38,100.0
1b4c3a6f53068f0b6944d2d005c9fc89,telephony,32,29,2611.56,90.6
1b65c144b17e607c0f37f10bb7dfec8d,construction_tools_construction,5,5,1393.8600000000001,100.0
1b7e5006cb25dd23ce8686691013b121,health_beauty,11,11,2785.96,100.0
1b8356dabde1d35e17cef975c3f82730,furniture_decor,17,17,959.11,100.0
1b8356dabde1d35e17cef975c3f82730,sports_leisure,30,29,2278.29,96.7
1b8b75e227c9a9c100d0c210fb6176ce,fashion_bags_accessories,12,12,1101.68,100.0
1b938a7ec6ac5061a66a3766e0e75f90,baby,13,13,1130.92,100.0
1b938a7ec6ac5061a66a3766e0e75f90,cool_stuff,5,5,639.69,100.0
1b938a7ec6ac5061a66a3766e0e75f90,kitchen_dining_laundry_garden_furniture,6,6,592.76,100.0
1bb2bdb95f4841f1bba2c0d2cd83d3c9,books_general_interest,37,35,1759.85,94.6
1bb2bdb95f4841f1bba2c0d2cd83d3c9,books_imported,8,8,565.19,100.0
1bb2bdb95f4841f1bba2c0d2cd83d3c9,books_technical,15,14,2881.87,93.3
1bb2bdb95f4841f1bba2c0d2cd83d3c9,market_place,23,23,891.06,100.0
1bb3812d5f0747a3ab7348f199001a10,sports_leisure,9,9,1049.57,100.0
1bc2e21de46adfea6b98cc96b00f3b40,cool_stuff,5,5,2594.67,100.0
1c129092bf23f28a5930387c980c0dfc,bed_bath_table,221,216,17597.91,97.7
1c40343cc5d18c2d8248ac2f3366de34,perfumery,11,11,1803.22,100.0
1c5e4e49b9079480255b49d50aac1aa9,bed_bath_table,8,8,8763.14,100.0
1c68394e931a64f90ea236c5ea590300,computers_accessories,155,147,37614.03,94.8
1c68394e931a64f90ea236c5ea590300,cool_stuff,16,16,2779.04,100.0
1ca7077d890b907f89be8c954a02686a,telephony,28,28,2295.39,100.0
1ca7077d890b907f89be8c954a02686a,toys,22,22,1919.3899999999999,100.0
1caf283236cd69af44cbc09a0a1e7d32,stationery,7,5,452.91999999999996,71.4
1caf283236cd69af44cbc09a0a1e7d32,toys,27,26,1145.81,96.3
1cbd32d00d01bb8087a5eb088612fd9c,health_beauty,6,6,649.73,100.0
1cd9e0cc1839d55516843def5600816d,bed_bath_table,5,5,926.72,100.0
1ce3ae5a399804d1a87e706f8a813c3e,furniture_decor,45,42,5579.71,93.3
1d2732ef8321502ee8488e8bed1ab8cd,computers_accessories,5,5,1400.9,100.0
1d29dfba02015238dfbe2449a5eaa361,perfumery,12,11,789.9200000000001,91.7
1d4587203296c8f4ad134dc286fa6db0,auto,41,39,3685.88,95.1
1d503743d2526f03f0c2c89540ee008c,auto,7,7,375.87,100.0
1d503743d2526f03f0c2c89540ee008c,computers_accessories,5,4,562.51,80.0
1d8dbc4f32378d715c717c1c1fc57bae,baby,99,89,16672.31,89.9
1da366cade6d8276e7d8beea7af5d4bf,furniture_decor,36,36,2525.05,100.0
1da366cade6d8276e7d8beea7af5d4bf,furniture_living_room,11,8,6790.15,72.7
1da3aeb70d7989d1e6d9b0e887f97c23,auto,6,6,277.21,100.0
1da3aeb70d7989d1e6d9b0e887f97c23,computers_accessories,5,5,183.39,100.0
1da3aeb70d7989d1e6d9b0e887f97c23,construction_tools_lights,6,6,1659.6299999999999,100.0
1da3aeb70d7989d1e6d9b0e887f97c23,cool_stuff,23,23,2264.87,100.0
1da3aeb70d7989d1e6d9b0e887f97c23,fashion_bags_accessories,29,28,1170.23,96.6
1da3aeb70d7989d1e6d9b0e887f97c23,furniture_decor,45,45,1901.8,100.0
1da3aeb70d7989d1e6d9b0e887f97c23,health_beauty,25,25,1140.08,100.0
1da3aeb70d7989d1e6d9b0e887f97c23,housewares,10,9,444.86,90.0
1da3aeb70d7989d1e6d9b0e887f97c23,sports_leisure,78,77,5403.59,98.7
1da3aeb70d7989d1e6d9b0e887f97c23,stationery,34,34,1823.52,100.0
1da3aeb70d7989d1e6d9b0e887f97c23,toys,50,50,2883.09,100.0
1dc2de47ee26a0a5b12dc14fd6dc0dea,bed_bath_table,28,28,2724.46,100.0
1dcfa3835714681d4ba4a93bc1e0fd41,furniture_living_room,14,14,1908.1,100.0
1dd33b8119b3cb1056ed5dc88cd0aaf4,musical_instruments,8,8,1641.74,100.0
1dfe5347016252a7884b694d4f10f5c4,bed_bath_table,26,20,3352.95,76.9
1e483cc5c76fef08d3ca05f9a8af7d01,fashion_underwear_beach,7,7,140.3,100.0
1e8b33f18b4f7598d87f5cbee2282cc2,bed_bath_table,148,147,25347.17,99.3
1eade46fba20122dc4aefb379f8c636b,health_beauty,76,69,6334.35,90.8
1f1bb1f0859883505541bdd6606193e5,fashion_bags_accessories,31,30,16495.9,96.8
1f50f920176fa81dab994f9023523100,baby,47,39,20943.32,83.0
1f50f920176fa81dab994f9023523100,garden_tools,1940,1826,265884.3,94.1
1f50f920176fa81dab994f9023523100,signaling_and_security,7,7,1015.57,100.0
1f867308a0ce13133a4e639ff4de0c02,housewares,14,14,1764.3400000000001,100.0
1f9ab4708f3056ede07124aad39a2554,baby,80,78,16132.23,97.5
1fbe10c70e30765ed1de86d9f7e98409,housewares,6,6,428.91,100.0
1fdc574883ef3b33ad41562d93f3a74a,auto,18,17,4524.27,94.4
1fe5540d7c1c37a595fefbacd5570d9e,computers_accessories,22,22,6384.4800000000005,100.0
2009a095de2a2a41626f6c6d7722678d,computers_accessories,9,9,1071.33,100.0
2009a095de2a2a41626f6c6d7722678d,stationery,7,7,204.4,100.0
2059c39f76271d4ca3f15b5ffaccc8b8,books_general_interest,11,11,756.4,100.0
2089a6d640999f9b9141ac719b2af596,perfumery,14,9,4507.64,64.3
2089a6d640999f9b9141ac719b2af596,sports_leisure,25,20,3321.05,80.0
20a8b0dc55da94fe74d112082427c84f,baby,6,6,374.03999999999996,100.0
20cb7c2fde3e5bf10f0bbe7394e1c6a9,furniture_decor,52,50,3248.35,96.2
20d83f3ef0e6925fd74bfd59170babf7,fashion_bags_accessories,57,56,8029.99,98.2
2138ccb85b11a4ec1e37afbd1c8eda1f,auto,10,10,515.87,100.0
2138ccb85b11a4ec1e37afbd1c8eda1f,fixed_telephony,37,34,1672.89,91.9
2138ccb85b11a4ec1e37afbd1c8eda1f,pc_gamer,6,6,771.62,100.0
2138ccb85b11a4ec1e37afbd1c8eda1f,telephony,373,360,17187.46,96.5
213b25e6f54661939f11710a6fddb871,construction_tools_lights,11,10,1857.3600000000001,90.9
213b25e6f54661939f11710a6fddb871,home_construction,175,171,24545.82,97.7
213b25e6f54661939f11710a6fddb871,signaling_and_security,9,9,1008.76,100.0
2156f2671501a81034d7d07f217609d0,computers_accessories,14,14,1151.13,100.0
2156f2671501a81034d7d07f217609d0,garden_tools,5,5,1303.29,100.0
218d46b86c1881d022bce9c68a7d4b15,bed_bath_table,5,5,1686.6,100.0
218d46b86c1881d022bce9c68a7d4b15,diapers_and_hygiene,12,12,673.8,100.0
218d46b86c1881d022bce9c68a7d4b15,sports_leisure,409,378,71047.49,92.4
218f991754f360af9c2daa5e0b8e990c,housewares,17,15,5714.92,88.2
2199e7fe213c16213bf5d6a7eadc9a5d,air_conditioning,5,5,1918.6200000000001,100.0
2199e7fe213c16213bf5d6a7eadc9a5d,bed_bath_table,6,6,728.3000000000001,100.0
2199e7fe213c16213bf5d6a7eadc9a5d,furniture_decor,9,8,1869.78,88.9
2199e7fe213c16213bf5d6a7eadc9a5d,housewares,9,9,1344.59,100.0
21e83881401b92b49fb09a16d3852291,furniture_decor,5,5,595.93,100.0
21e83881401b92b49fb09a16d3852291,garden_tools,31,31,3273.25,100.0
228e4c1a0be164f613d41c24345f9d2c,housewares,7,7,769.4399999999999,100.0
229c3efbfb0ea2058de4ccdfbc3d784a,computers_accessories,145,142,25182.69,97.9
232a6014e7b10cba61c6c2b2ea6bb4b0,pet_shop,35,34,5516.24,97.1
23613d49c3ac2bd302259e55c06c050c,furniture_decor,78,76,8343.49,97.4
236585a4ddb5fea9fa40233e2249ed91,computers_accessories,8,8,572.86,100.0
2379bdc3888025689a9deb7b141507d5,perfumery,7,6,1083.47,85.7
238fac594e170b59c6d228f5a4f4f1d9,pet_shop,30,29,4887.97,96.7
23a0ffca143a15b9b5bbdb7d552f626a,garden_tools,25,23,4796.7,92.0
23c38debaffe4a25a30fdbd9b586a13f,auto,5,5,1155.07,100.0
23c38debaffe4a25a30fdbd9b586a13f,garden_tools,33,31,4600.46,93.9
23ca5f678e0b3ea6c630b30fa8bf51ea,home_appliances,7,7,368.99,100.0
23d7c96d4a1160db1c726b248601b25a,air_conditioning,7,7,1414.0900000000001,100.0
23d7c96d4a1160db1c726b248601b25a,cool_stuff,16,14,2666.2799999999997,87.5
23d7c96d4a1160db1c726b248601b25a,small_appliances,12,12,3459.5299999999997,100.0
23d7c96d4a1160db1c726b248601b25a,toys,9,9,1597.2,100.0
240b9776d844d37535668549a396af32,housewares,8,8,647.7,100.0
240b9776d844d37535668549a396af32,telephony,22,21,11926.35,95.5
244c2f1bff6afe1f2eaf9bfe9b2aed38,furniture_decor,31,30,5218.85,96.8
2528513dd95219a6013d4d05176e391a,bed_bath_table,68,66,7890.74,97.1
2528513dd95219a6013d4d05176e391a,home_confort,107,105,30317.58,98.1
2528744c5ef5d955adc318720a94d2e7,agro_industry_and_commerce,5,5,6508.7,100.0
253f95b3a0e6983ae18aed49fbc2b845,auto,5,5,890.94,100.0
257e61d3251fb5efb9daadddbc2cf7ca,baby,11,11,8567.6,100.0
259f7b5e6e482c230e5bfaa670b6bb8f,bed_bath_table,163,161,13793.13,98.8
259f7b5e6e482c230e5bfaa670b6bb8f,garden_tools,10,10,1024.53,100.0
25c5c91f63607446a97b143d2d535d31,computers_accessories,263,249,156512.31,94.7
25cf099de44674fde97473224f9d59ab,auto,51,50,2351.38,98.0
25e47381a6c510ddeb36084e33b89f0c,bed_bath_table,12,12,1326.49,100.0
25e6ffe976bd75618accfe16cefcbd0d,baby,10,8,822.77,80.0
25e6ffe976bd75618accfe16cefcbd0d,cool_stuff,15,15,7604.349999999999,100.0
25e6ffe976bd75618accfe16cefcbd0d,toys,85,85,9824.1,100.0
262237171f48e85819065498cac80d7b,sports_leisure,10,10,2715.16,100.0
2646baaf662d4d92ac48f047e35db92d,auto,10,10,1302.65,100.0
2646baaf662d4d92ac48f047e35db92d,signaling_and_security,5,5,212.04,100.0
26785a546900236d66f2e4197c211158,consoles_games,15,15,1244.65,100.0
269c5fc9fcadee614364c3620c30a1f9,luggage_accessories,6,6,509.43999999999994,100.0
26af45f5dfd967225a832838aa4e24a3,auto,11,11,1136.24,100.0
26bad72add1f86e08a776ce4ffdaf1ca,food_drink,8,8,745.9200000000001,100.0
26d6bbee02420494d471c9f6436929c0,auto,10,10,591.3199999999999,100.0
26d8a1c7c75d513045798992ead43aa2,perfumery,31,30,6091.11,96.8
26e2c91ef821e1ff8985f408788fe35b,bed_bath_table,18,16,2593.49,88.9
270297ead4c65a6cd2593960d2af6b21,furniture_decor,13,12,10836.98,92.3
2709af9587499e95e803a6498a5a56e9,health_beauty,37,37,5157.85,100.0
2709af9587499e95e803a6498a5a56e9,perfumery,10,8,678.71,80.0
270d3ef21830ad0ecf3a6c53d08a533a,diapers_and_hygiene,17,17,2768.59,100.0
271c58a1d139c45eaf3316107c6d3a3b,baby,27,27,4232.55,100.0
272f092de69afedd4d2969440b37f18f,fashion_bags_accessories,34,34,3798.33,100.0
2745f798279e0ed033addcc1474776d7,sports_leisure,33,31,4518.56,93.9
276677b5d08786d5dce7c2149dcce48b,garden_tools,6,6,901.5,100.0
276677b5d08786d5dce7c2149dcce48b,housewares,30,29,4840.17,96.7
27a56ff04b34c2ba34ce6ba4d3b9d616,market_place,6,6,341.61,100.0
282c7480173bb9c01dd41cc739fec010,health_beauty,7,6,6712.03,85.7
282f23a9769b2690c5dda22e316f9941,food_drink,58,56,3431.75,96.6
282f23a9769b2690c5dda22e316f9941,garden_tools,25,25,2329.7599999999998,100.0
282f23a9769b2690c5dda22e316f9941,housewares,12,11,998.91,91.7
282f23a9769b2690c5dda22e316f9941,industry_commerce_and_business,7,7,1233.19,100.0
282f23a9769b2690c5dda22e316f9941,pet_shop,9,9,4837.45,100.0
28405831a29823802aa22c084cfd0649,christmas_supplies,6,6,282.83,100.0
289cdb325fb7e7f891c38608bf9e0962,health_beauty,8,8,1679.43,100.0
289cdb325fb7e7f891c38608bf9e0962,perfumery,111,111,16844.02,100.0
28f10b1c5e5abb9d4857745bede6147c,electronics,16,16,525.55,100.0
28f10b1c5e5abb9d4857745bede6147c,sports_leisure,11,11,621.5,100.0
2953ce3a88f5e3c3b696d77fc9e4c8eb,books_technical,14,14,651.22,100.0
297d5eccd19fa9a83b2630071ff105e4,housewares,8,8,976.73,100.0
29fe9f200d3fa0c668d2aa1ec7e08dfb,telephony,5,5,514.16,100.0
2a1348e9addc1af5aaa619b1a3679d6b,auto,10,8,1117.8,80.0
2a1348e9addc1af5aaa619b1a3679d6b,furniture_decor,15,11,1135.94,73.3
2a1348e9addc1af5aaa619b1a3679d6b,health_beauty,7,5,472.6,71.4
2a261b5b644fa05f4f2700eb93544f2c,furniture_decor,83,71,16985.91,85.5
2a5b78b41cd05baeac8df54c6606b92c,health_beauty,54,53,18490.81,98.1
2a61c271b1ac763450d846849783e922,health_beauty,21,18,4152.139999999999,85.7
2a6fbeaa7ab9e5d59a35841a8da71ce4,art,9,9,537.8299999999999,100.0
2a6fbeaa7ab9e5d59a35841a8da71ce4,market_place,7,7,826.3699999999999,100.0
2a6fbeaa7ab9e5d59a35841a8da71ce4,small_appliances,15,14,937.31,93.3
2a7dc43cecabf23403078e2188437d1d,furniture_decor,11,10,1123.52,90.9
2a7dc43cecabf23403078e2188437d1d,health_beauty,8,8,525.88,100.0
2a7dc43cecabf23403078e2188437d1d,housewares,11,11,949.39,100.0
2a7dc43cecabf23403078e2188437d1d,sports_leisure,11,9,2086.42,81.8
2a7dc43cecabf23403078e2188437d1d,toys,6,6,993.3299999999999,100.0
2a84855fd20af891be03bc5924d2b453,cool_stuff,24,22,3087.59,91.7
2a84855fd20af891be03bc5924d2b453,health_beauty,30,30,2053.12,100.0
2a84855fd20af891be03bc5924d2b453,housewares,14,14,786.8499999999999,100.0
2a84855fd20af891be03bc5924d2b453,luggage_accessories,24,24,7173.08,100.0
2a84855fd20af891be03bc5924d2b453,stationery,63,60,5791.17,95.2
2aa3443d7bf9d9bb11133f420d75e083,sports_leisure,8,8,510.36,100.0
2addf05f476d0637864454e93ba673d5,computers_accessories,12,12,4877.64,100.0
2b1a40c1daabc6ca280c4b815c101841,auto,32,32,26041.89,100.0
2b3b9ce054da76a7428df143a567b156,furniture_decor,6,6,903.5799999999999,100.0
2b3e4a2a3ea8e01938cabda2a3e5cc79,computers_accessories,56,56,31106.22,100.0
2ba91c7ad80ff88b23b7db823b43c233,pet_shop,5,4,762.13,80.0
2be17df1c49978426251562096c3cc09,fashion_bags_accessories,15,15,2220.73,100.0
2bf28e311bba65237358230cabac3f15,costruction_tools_garden,5,5,328.81,100.0
2bf6a2c1e71bbd29a4ad64e6d3c3629f,watches_gifts,31,29,54176.72,93.5
2c4c47cb51acd5ea5db5e0ae0e26542a,pet_shop,15,15,4170.12,100.0
2c9e548be18521d1c43cde1c582c6de8,signaling_and_security,12,12,878.2,100.0
2c9e548be18521d1c43cde1c582c6de8,stationery,133,120,9463.18,90.2
2c9e548be18521d1c43cde1c582c6de8,toys,24,20,2443.0,83.3
2d2322d842118867781fc737e96d59a1,health_beauty,11,11,481.89,100.0
2d2c62bef4c8ba0dd74e0e228e808539,cool_stuff,5,5,1614.3600000000001,100.0
2d2c62bef4c8ba0dd74e0e228e808539,small_appliances,7,7,1923.15,100.0
2d42ebcda99fd55f6f4bc2f1ca035d50,home_appliances,5,5,181.55,100.0
2d42ebcda99fd55f6f4bc2f1ca035d50,small_appliances,9,9,1245.52,100.0
2d50d6282f8aa2257819a77bfaa0efe0,baby,18,17,1117.77,94.4
2d50d6282f8aa2257819a77bfaa0efe0,bed_bath_table,31,30,3292.65,96.8
2d518637f53161b973e01f56ea4bb88e,sports_leisure,13,12,1539.7,92.3
2dcf93836ae3ce0d7c93e2f10876467a,housewares,10,10,2548.3399999999997,100.0
2dee2ce60de9709b1a24083217181a1f,perfumery,56,53,10129.810000000001,94.6
2e0dba2da448400b1c11d7b4b22f32a4,auto,13,13,1086.27,100.0
2e13c71026e1a39ba5cc1b86dcb679aa,sports_leisure,29,28,6592.14,96.6
2e1a7d075abe038c1b2743005fe42ff1,health_beauty,18,15,2366.12,83.3
2e1a7d075abe038c1b2743005fe42ff1,perfumery,6,6,614.49,100.0
2e1c9f22be269ef4643f826c9e650a52,health_beauty,106,103,8591.11,97.2
2e1c9f22be269ef4643f826c9e650a52,sports_leisure,71,71,6658.08,100.0
2e3be8a987a30d7544dbbda6861cc14e,computers_accessories,15,14,3052.33,93.3
2e7ea2aafec5835e781b21d6d1faf1f1,health_beauty,7,7,646.62,100.0
2e90cb1677d35cfe24eef47d441b7c87,cool_stuff,34,34,6399.58,100.0
2e90cb1677d35cfe24eef47d441b7c87,electronics,88,82,11757.82,93.2
2e90cb1677d35cfe24eef47d441b7c87,pet_shop,18,18,1638.31,100.0
2eb70248d66e0e3ef83659f71b244378,baby,5,3,2693.46,60.0
2eb70248d66e0e3ef83659f71b244378,computers_accessories,64,63,6953.61,98.4
2eb70248d66e0e3ef83659f71b244378,consoles_games,5,4,3304.76,80.0
2eb70248d66e0e3ef83659f71b244378,watches_gifts,116,101,25966.92,87.1
2f4b0d3b9634b647d4edee577d7ebb7e,perfumery,10,10,422.31,100.0
2f74af7a0ee5636f12c2336f9fffed47,sports_leisure,12,12,632.64,100.0
2fdde51ad3e12f297da656d4fbd5d0b5,garden_tools,7,7,2891.08,100.0
2ff97219cb8622eaf3cd89b7d9c09824,cool_stuff,5,5,186.99,100.0
2ff97219cb8622eaf3cd89b7d9c09824,health_beauty,9,9,400.78999999999996,100.0
2ff97219cb8622eaf3cd89b7d9c09824,housewares,43,42,3435.77,97.7
2ff97219cb8622eaf3cd89b7d9c09824,pet_shop,6,6,317.43,100.0
2ff97219cb8622eaf3cd89b7d9c09824,sports_leisure,10,10,452.63,100.0
2ff97219cb8622eaf3cd89b7d9c09824,toys,10,9,950.9,90.0
3076499bbc033a927bf4a8a41bcf7fd4,furniture_decor,7,7,965.3100000000001,100.0
3078096983cf766a32a06257648502d1,cool_stuff,5,5,564.3,100.0
3078096983cf766a32a06257648502d1,health_beauty,9,9,1871.34,100.0
3078096983cf766a32a06257648502d1,housewares,11,11,2956.7799999999997,100.0
3078096983cf766a32a06257648502d1,toys,22,22,2581.77,100.0
30829ded4523ab9224b93bc49a62c95f,computers_accessories,31,30,16565.89,96.8
3092c0b297aacfb4bb6e056ebe13b9b8,housewares,10,10,520.32,100.0
30a2f535bb48308f991d0b9ad4a8c4bb,furniture_decor,91,88,9005.41,96.7
30a81d8cf85fb2ada1b1b094c9583a95,pet_shop,22,22,1771.1,100.0
312ba1d77e9c332ef21f9598b7f64cd7,toys,6,3,554.99,50.0
31344c16881c08a8a72c6d2eb29918c1,furniture_decor,47,44,11221.54,93.6
31561f325664a8a7aba4c8d0c3a9b3db,auto,37,37,3543.8599999999997,100.0
318f287a62ab7ac10b703ac37435a231,bed_bath_table,31,28,4730.74,90.3
318f287a62ab7ac10b703ac37435a231,sports_leisure,30,30,1202.79,100.0
31ae0774c17fabd06ff707cc5bde005f,agro_industry_and_commerce,7,7,5690.23,100.0
31be790e64fc99f8ff48ec2bd18a3104,housewares,6,6,313.68,100.0
31da954dc0855f2495c6310f70a2f931,health_beauty,18,18,1195.68,100.0
31da954dc0855f2495c6310f70a2f931,small_appliances,12,11,5184.25,91.7
323ce52b5b81df2cd804b017b7f09aa7,stationery,27,25,2536.71,92.6
325f3178fb58e2a9778334621eecdbf9,health_beauty,12,12,370.67,100.0
325f3178fb58e2a9778334621eecdbf9,perfumery,20,20,1256.03,100.0
32b8764b4ef628b53608fc34011fcc13,housewares,36,36,13044.51,100.0
32fdd5d44ecb43dfd6a24b9369eca144,stationery,5,5,385.66999999999996,100.0
3340ef1913fb70d28420f6ceb685c339,computers_accessories,44,43,11457.94,97.7
334cab711dee080b079fa5779b584783,furniture_decor,30,30,6121.27,100.0
33576ec5412fb5905d876f12f33bfde6,fashion_bags_accessories,33,31,3488.68,93.9
3361277dc30b7cccdb0c286b24219756,housewares,6,6,365.11,100.0
3361277dc30b7cccdb0c286b24219756,pet_shop,32,32,8539.44,100.0
3364a91ec4d56c98e44174de954b94f6,auto,6,6,3932.1400000000003,100.0
33a17d60c64393351ebf1ef860f4e0f2,housewares,47,46,10874.18,97.9
33a6f4b1e7cdc205511e76ba1b6e0186,baby,11,11,923.16,100.0
33a6f4b1e7cdc205511e76ba1b6e0186,bed_bath_table,122,121,16265.22,99.2
33ac3e28642ab8bda860a2f693000e78,sports_leisure,35,35,4078.31,100.0
33c51922b6e3c16b24a8f28e5833c99d,perfumery,15,15,4492.97,100.0
33cbbec1e7e1044aaf11d152172c776f,small_appliances,16,16,1199.2,100.0
33d677f27a69b84051204ee4ae76eaca,food_drink,5,5,163.28,100.0
33dd941c27854f7625b968cc6195a552,housewares,5,5,7168.41,100.0
34056b8b55c1775a22af2331670a799c,auto,77,74,8150.21,96.1
343e716476e3748b069f980efbaa294e,books_general_interest,23,20,2295.09,87.0
3481aa57cd91f9f9d3fa1fa12d9a3bf7,furniture_decor,17,17,1423.0,100.0
3492e68f37fd1df87f4f2f2ea247f445,auto,6,6,391.90999999999997,100.0
34d1ca11b242c0fee2c834ae8d788566,computers_accessories,42,40,14813.64,95.2
34f563c82a85b99ae9e6d60db5fc2e28,musical_instruments,5,5,1030.1,100.0
3504c0cb71d7fa48d967e0e4c94d59d9,baby,5,5,431.43,100.0
3504c0cb71d7fa48d967e0e4c94d59d9,cool_stuff,36,36,1943.5800000000002,100.0
3504c0cb71d7fa48d967e0e4c94d59d9,housewares,9,9,368.52000000000004,100.0
35857757f553273b1056c1cabdace7fb,auto,7,5,573.34,71.4
3586b8580d9c917874e053a1bb37b5ff,stationery,40,38,3012.49,95.0
35ef5aa32949680f627efec3c23e705c,musical_instruments,5,5,872.13,100.0
35fb511489d9ee3ee27a76debce9df06,pet_shop,7,6,586.79,85.7
365e4bce19bda0082c3d15d83fdb8bcd,sports_leisure,6,6,858.77,100.0
36890be00bbfc1cdb9a4a38a6af05a69,baby,10,10,1136.55,100.0
36a968b544695394e4e9d7572688598f,auto,19,19,743.45,100.0
36a968b544695394e4e9d7572688598f,computers_accessories,89,88,3853.92,98.9
36a968b544695394e4e9d7572688598f,cool_stuff,7,7,1779.28,100.0
36a968b544695394e4e9d7572688598f,health_beauty,30,30,2642.86,100.0
36a968b544695394e4e9d7572688598f,musical_instruments,5,4,163.31,80.0
36a968b544695394e4e9d7572688598f,telephony,8,8,458.98,100.0
373ee4a3a775a733770ca3f790b8b9ac,cool_stuff,5,3,910.03,60.0
373ee4a3a775a733770ca3f790b8b9ac,home_construction,6,6,925.56,100.0
373ee4a3a775a733770ca3f790b8b9ac,sports_leisure,9,9,1881.88,100.0
37515688008a7a40ac93e3b2e4ab203f,consoles_games,244,230,10470.98,94.3
376a891762bbdecbc02b4b6adec3fdda,sports_leisure,52,51,5267.94,98.1
3771c85bac139d2344864ede5d9341e3,bed_bath_table,10,10,215.28,100.0
3785b653b1b82de85ab47dd139938091,housewares,31,31,3114.13,100.0
37be5a7c751166fbc5f8ccba4119e043,bed_bath_table,271,268,60644.44,98.9
37be5a7c751166fbc5f8ccba4119e043,perfumery,5,5,869.0699999999999,100.0
37dd29b36c458d82f74a953c40c43645,home_construction,7,7,5415.57,100.0
38102b031c2a15e54623d711bfc753d3,furniture_decor,5,4,298.28,80.0
38102b031c2a15e54623d711bfc753d3,housewares,5,5,942.35,100.0
381c83fdca332ea6afd896da20bf6e4a,watches_gifts,45,44,7950.61,97.8
382229d1e840115ffe3dbf5ff460e417,health_beauty,9,8,609.27,88.9
382229d1e840115ffe3dbf5ff460e417,housewares,14,14,2211.32,100.0
382229d1e840115ffe3dbf5ff460e417,pet_shop,11,11,570.53,100.0
382229d1e840115ffe3dbf5ff460e417,sports_leisure,7,7,752.34,100.0
385799a1cddbd26dfeb9157356a42282,sports_leisure,11,11,1246.16,100.0
38874e327ce94d11390b96eb42d61928,office_furniture,6,5,4158.43,83.3
38af8acfd46ac4a7bf754e8ca6736664,cool_stuff,5,5,397.94,100.0
38e679b9e0064cd94c6f035707344dae,housewares,11,11,2176.08,100.0
38e679b9e0064cd94c6f035707344dae,sports_leisure,18,17,2344.44,94.4
38e6dada03429a47197d5d584d793b41,stationery,5,5,648.88,100.0
391fc6631aebcf3004804e51b40bcf1e,bed_bath_table,279,263,22136.9,94.3
391fc6631aebcf3004804e51b40bcf1e,furniture_decor,340,327,46975.97,96.2
392353362d22cc2c236e1ee81ff19890,construction_tools_construction,9,9,1212.27,100.0
392e0502231ae2f8b29994ef6398cd77,health_beauty,17,15,1882.79,88.2
3935fe5fe0f82787a9dcb8deb62be09d,computers_accessories,12,12,1862.6599999999999,100.0
3968920b9aa752ab98f7d5888c9252f2,housewares,7,7,856.25,100.0
3969863bb8af7f72580b3b1ffd3a17b3,sports_leisure,6,6,493.64,100.0
3985a3c45be355a4c57fde108bfabd1c,consoles_games,10,10,669.71,100.0
39a5005f2605cbdb4f9ac14485cabfd1,auto,8,8,2578.36,100.0
39c763cca83e654764b7a4a650fb9b7c,sports_leisure,10,8,833.91,80.0
39d54ff918774174706fb065d7f9dc07,auto,25,23,2486.72,92.0
39d61be7a92eb77b7da367bd4845bc0e,furniture_decor,14,14,2056.7,100.0
3a1a1fec38dd360f15fc912e821e169d,auto,18,16,2478.61,88.9
3a3e46d10f74d8a6ca76e2b538f106a0,food_drink,5,5,1301.25,100.0
3a4127e1ba7208ea37044c5092aae170,telephony,5,5,1924.15,100.0
3a490ba60afa30ece0e7d50cfe74a4f0,fashion_bags_accessories,8,8,1695.07,100.0
3a734b715d333a2588a3d54a0c9b8746,cool_stuff,6,6,1983.96,100.0
3a734b715d333a2588a3d54a0c9b8746,telephony,8,8,1414.58,100.0
3ab971ce71839580d2ae5b4e40fe8044,housewares,33,33,4911.71,100.0
3ab971ce71839580d2ae5b4e40fe8044,sports_leisure,8,8,1382.76,100.0
3ade81dab5a172b88e1871c28ae05260,furniture_bedroom,27,24,7007.99,88.9
3afc536624bc2e65bddfb5db33cc01f3,electronics,6,6,419.07,100.0
3b15288545f8928d3e65a8f949a28291,bed_bath_table,124,114,24471.42,91.9
3b872fd4747f01cc56206f2934198618,bed_bath_table,26,24,4175.2300000000005,92.3
3bb548e3cb7f70f28e3f11ee9dce0e59,computers_accessories,54,54,13866.31,100.0
3bdff180c7e1f6551a643b99c265a120,computers_accessories,61,61,4345.14,100.0
3be634553519fb6536a03e1358e9fdc7,furniture_decor,5,5,273.22,100.0
3be634553519fb6536a03e1358e9fdc7,housewares,69,68,8382.3,98.6
3be634553519fb6536a03e1358e9fdc7,sports_leisure,16,16,644.9,100.0
3c010235b7345c92f125d14ee232a76b,pet_shop,14,14,3793.88,100.0
3c03b12bab54d8b37d79d914bfdb1aa0,sports_leisure,40,39,6422.64,97.5
3c3017960b2dbd72711a61f0400aab8f,furniture_decor,6,6,695.19,100.0
3c487ae8f8d7542beff5788e2e0aea83,fashion_bags_accessories,33,32,12562.18,97.0
3c4e0452bff7a2a788179488d3d77032,toys,37,36,4964.25,97.3
3c7c4a49ec3c6550809089c6a2ca9370,perfumery,171,164,7670.93,95.9
3ca08eeb8d5595949fed424bd3677742,toys,14,14,2137.98,100.0
3d0cd21d41671c46f82cd11176bf7277,cool_stuff,5,5,453.42999999999995,100.0
3d0cd21d41671c46f82cd11176bf7277,housewares,21,21,161.32,100.0
3d2531eccfbde1d7c8db7a3a12fb267a,health_beauty,11,11,2212.6,100.0
3d39fbf22a665714baf62fae36029e23,sports_leisure,6,6,1995.99,100.0
3d4b1ae7539303b5704493798893e82c,musical_instruments,8,8,1474.65,100.0
3d5d0dc7073a299e31fa718ce1bc00b6,health_beauty,13,13,594.52,100.0
3d5d0dc7073a299e31fa718ce1bc00b6,housewares,5,5,194.71,100.0
3d621842b2ed28e2b474132480edac3c,auto,8,8,997.14,100.0
3d871de0142ce09b7081e2b9d1733cb1,stationery,868,811,106733.78,93.4
3d871de0142ce09b7081e2b9d1733cb1,toys,249,240,18330.43,96.4
3d871de0142ce09b7081e2b9d1733cb1,watches_gifts,64,64,4189.63,100.0
3d8fa2f5b647373c8620330c4e077a9f,garden_tools,17,17,1582.17,100.0
3d8fa2f5b647373c8620330c4e077a9f,health_beauty,13,13,1535.43,100.0
3d8fa2f5b647373c8620330c4e077a9f,housewares,9,8,877.6600000000001,88.9
3d8fa2f5b647373c8620330c4e077a9f,sports_leisure,7,7,1459.59,100.0
3db66a856d18a9cba7c9241fc5221c50,auto,48,45,7013.22,93.8
3db66a856d18a9cba7c9241fc5221c50,sports_leisure,49,45,4431.21,91.8
3dbbce181edfaa4a597ec858c382d2ec,books_general_interest,16,16,1508.62,100.0
3df020b72d3d44b3af9d110fa3940b65,furniture_decor,92,87,13484.03,94.6
3ea00e1dea2b0659dbaf654735929220,cool_stuff,7,7,649.97,100.0
3f0e48d209018b466fcd3bb4ccfeb520,pet_shop,10,10,6716.36,100.0
3f2af2670e104d1bcb54022274daeac5,furniture_decor,7,6,1641.68,85.7
3f3486b61f45078d4f31ee5e43d8c5bb,luggage_accessories,32,30,2568.38,93.8
3f3486b61f45078d4f31ee5e43d8c5bb,sports_leisure,10,10,1644.58,100.0
3f8034bfc6b8b4135534975d49f04c63,baby,11,11,1866.22,100.0
3f995f07c49d0d55a99d5c54957f7d81,auto,43,43,4436.07,100.0
3f9be91358837bff69df67edfa3e42e8,pet_shop,7,7,760.75,100.0
3f9c56764fabca627406093dcb3ef0b4,sports_leisure,7,7,1014.9499999999999,100.0
3fac58ce0ad699020c7944d53c41329c,construction_tools_lights,10,10,2445.2799999999997,100.0
3fac58ce0ad699020c7944d53c41329c,furniture_decor,6,6,817.56,100.0
3fadb4cba4c35bce6a7eaf9872d5623a,health_beauty,5,5,502.18,100.0
3fd1e727ba94cfe122d165e176ce7967,sports_leisure,37,34,3793.12,91.9
402916f742e5c740cc751493d9cf5053,health_beauty,6,6,1061.69,100.0
403aa86912527d730337ffcb0fb096ab,telephony,7,7,1736.62,100.0
4049512728d969bec69f84088b012416,sports_leisure,6,6,398.11,100.0
404e1ba01358af4cd63f679b2c4d1fa1,pet_shop,8,8,778.28,100.0
406740ee611378a662d274c7d8c43c4a,fixed_telephony,8,8,2210.3,100.0
406822777a0b9eb5c50e442dd4cd3ec5,toys,50,48,4655.14,96.0
4091f77d8c768fc3e81c20761471761d,baby,8,6,1309.87,75.0
40d54b51e962dbe09cabbcfd33298dee,baby,7,7,429.90999999999997,100.0
40d54b51e962dbe09cabbcfd33298dee,health_beauty,26,26,7094.14,100.0
40db9e9aa57f7bb151bcda6b0f9bdbb7,auto,16,16,23823.99,100.0
411f3b52d857390502ee4e4d5ceabc2d,construction_tools_construction,26,24,3257.66,92.3
412a4720f3e9431b4afa1476a1acddbe,housewares,6,6,364.82,100.0
412a4720f3e9431b4afa1476a1acddbe,sports_leisure,15,14,2523.02,93.3
41ab63a91b8b264e8c8780368bf1dd5b,small_appliances,5,3,2015.12,60.0
41b14765bd56c8ad10971074380f9c0c,computers_accessories,10,10,803.89,100.0
41b39e28db005d9731d9d485a83b4c38,bed_bath_table,178,157,21948.82,88.2
41b39e28db005d9731d9d485a83b4c38,cool_stuff,15,15,744.64,100.0
41b39e28db005d9731d9d485a83b4c38,furniture_decor,35,35,6412.56,100.0
41b86b552e54e3a7009596125aa8b167,sports_leisure,11,8,2203.46,72.7
41c2bad7229b0c25e6becf179ebf63ff,books_general_interest,23,23,1225.5400000000002,100.0
41da412d33e8da4f22baf55cb1bde82c,sports_leisure,23,23,2294.82,100.0
41e0fa5761c886a630994a55c12087e7,health_beauty,8,8,491.90999999999997,100.0
4200ddf1967c5e41e48db62bc6d4b5ac,bed_bath_table,42,42,3437.04,100.0
427165bf50f8ca07efc7bdc2bfcf1688,health_beauty,5,2,1692.9,40.0
42b729f859728f5079499127a9c2ef37,bed_bath_table,26,25,2115.71,96.2
42b729f859728f5079499127a9c2ef37,furniture_decor,5,5,278.26,100.0
42b729f859728f5079499127a9c2ef37,health_beauty,97,95,6149.78,97.9
42b729f859728f5079499127a9c2ef37,perfumery,5,5,412.66999999999996,100.0
42bde9fef835393bb8a8849cb6b7f245,telephony,15,15,4357.45,100.0
42bde9fef835393bb8a8849cb6b7f245,toys,23,23,4864.95,100.0
42ef3192a9ff87a22d1867b74b3ee205,toys,18,18,1337.44,100.0
42fa4ee7240e9b8eb4576358ec142ba7,housewares,5,5,1062.22,100.0
430315b7bb4b6e4b3c978f9dfa9b0558,housewares,7,7,1328.06,100.0
4305fe92735c8a43d154ff6dd2b8d927,sports_leisure,17,17,3366.44,100.0
431050a06a317f2b38168dec3dcd2b46,health_beauty,10,10,1576.15,100.0
431af27f296bc6519d890aa5a05fdb11,health_beauty,131,122,17182.37,93.1
4324dd16853115efb0fd9d0d131ba6f4,computers_accessories,19,18,2478.32,94.7
432c37c9dfba871172ec162e20118b8c,cool_stuff,34,32,3640.37,94.1
432c37c9dfba871172ec162e20118b8c,housewares,16,15,982.53,93.8
4371b634e0efc0e22b09b52907d9d469,food,5,5,410.22,100.0
4371b634e0efc0e22b09b52907d9d469,health_beauty,40,37,2081.51,92.5
4371b634e0efc0e22b09b52907d9d469,sports_leisure,62,57,9589.68,91.9
439a47cc365d6e3bd526812ea9de3c29,bed_bath_table,13,13,3349.4700000000003,100.0
43f8c9950d11ecd03a0304a49e010da6,consoles_games,44,43,4807.22,97.7
44073f8b7e41514de3b7815dd0237f4f,computers_accessories,8,8,551.4,100.0
44073f8b7e41514de3b7815dd0237f4f,cool_stuff,36,35,4371.23,97.2
44073f8b7e41514de3b7815dd0237f4f,furniture_decor,23,22,5220.77,95.7
44073f8b7e41514de3b7815dd0237f4f,furniture_living_room,7,7,840.66,100.0
44073f8b7e41514de3b7815dd0237f4f,garden_tools,8,8,763.52,100.0
44073f8b7e41514de3b7815dd0237f4f,health_beauty,48,46,8167.65,95.8
44073f8b7e41514de3b7815dd0237f4f,toys,8,8,2231.62,100.0
440dd6ab244315c632130ecfb63827b1,sports_leisure,93,84,15417.53,90.3
45213867cefbf2cd4c6177e10216a951,market_place,6,6,1933.88,100.0
45213867cefbf2cd4c6177e10216a951,musical_instruments,8,8,3455.2799999999997,100.0
4559697a8f7e637227c2eeaed843baff,home_appliances,34,33,2916.72,97.1
455c5640e8c5bd1b2ee85c0158f85727,musical_instruments,5,5,5811.59,100.0
457fe919b032a3f7dadba6fb92cf7855,bed_bath_table,10,10,1584.93,100.0
45ba18c210d42734ec52c0c1c574e9ee,baby,18,18,4405.02,100.0
45ba18c210d42734ec52c0c1c574e9ee,garden_tools,13,13,1010.29,100.0
45d33f715e24d15a6ccf5c17b3a23e3c,baby,14,13,1150.73,92.9
45d33f715e24d15a6ccf5c17b3a23e3c,computers_accessories,17,17,1989.72,100.0
45d33f715e24d15a6ccf5c17b3a23e3c,sports_leisure,11,10,1978.17,90.9
4677a5437afda5fa7140b927b07be1cc,auto,8,8,3464.87,100.0
46dc3b2cc0980fb8ec44634e21d2718e,baby,35,31,13114.800000000001,88.6
46dc3b2cc0980fb8ec44634e21d2718e,cool_stuff,29,27,10031.64,93.1
46dc3b2cc0980fb8ec44634e21d2718e,sports_leisure,54,53,14649.62,98.1
46dc3b2cc0980fb8ec44634e21d2718e,toys,377,366,93143.79,97.1
4736e9d642ef4257cd7622516931eb51,air_conditioning,6,6,1225.06,100.0
4736e9d642ef4257cd7622516931eb51,furniture_decor,7,7,384.40000000000003,100.0
4736e9d642ef4257cd7622516931eb51,sports_leisure,5,5,307.33,100.0
47efca563408aae19bb7206c2d969ea9,auto,11,11,3010.73,100.0
48162d548f5b1b11b9d29d1e01f75a61,computers_accessories,5,5,1281.3700000000001,100.0
48162d548f5b1b11b9d29d1e01f75a61,construction_tools_safety,7,7,10554.68,100.0
48162d548f5b1b11b9d29d1e01f75a61,fixed_telephony,6,6,271.61,100.0
48162d548f5b1b11b9d29d1e01f75a61,garden_tools,46,45,14866.22,97.8
48162d548f5b1b11b9d29d1e01f75a61,home_construction,29,29,16190.51,100.0
4830e40640734fc1c52cd21127c341d4,furniture_decor,17,17,1165.9,100.0
4830e40640734fc1c52cd21127c341d4,housewares,120,119,7773.67,99.2
4830e40640734fc1c52cd21127c341d4,luggage_accessories,17,16,1333.31,94.1
4830e40640734fc1c52cd21127c341d4,small_appliances,12,11,1208.53,91.7
4830e40640734fc1c52cd21127c341d4,sports_leisure,20,20,989.61,100.0
4830e40640734fc1c52cd21127c341d4,stationery,19,19,921.7,100.0
4830e40640734fc1c52cd21127c341d4,watches_gifts,5,5,377.74,100.0
48436dade18ac8b2bce089ec2a041202,cool_stuff,132,124,13695.869999999999,93.9
48436dade18ac8b2bce089ec2a041202,toys,24,23,3787.07,95.8
4869f7a5dfa277a7dca6462dcf3b52b2,audio,59,51,10423.17,86.4
4869f7a5dfa277a7dca6462dcf3b52b2,consoles_games,6,6,1709.35,100.0
4869f7a5dfa277a7dca6462dcf3b52b2,cool_stuff,57,53,11329.64,93.0
4869f7a5dfa277a7dca6462dcf3b52b2,electronics,10,10,1890.51,100.0
4869f7a5dfa277a7dca6462dcf3b52b2,health_beauty,20,19,4550.08,95.0
4869f7a5dfa277a7dca6462dcf3b52b2,watches_gifts,1015,916,227311.06,90.2
48985c61529077fa4f1e38bcff0f2ed3,health_beauty,7,7,1027.37,100.0
48e954b2da4f6a750c844173b347ed40,drinks,6,6,2214.41,100.0
48efc9d94a9834137efd9ea76b065a38,fashion_bags_accessories,12,12,326.92,100.0
48efc9d94a9834137efd9ea76b065a38,furniture_bedroom,8,8,148.76000000000002,100.0
48efc9d94a9834137efd9ea76b065a38,pet_shop,6,6,102.72,100.0
48fb026ed7455a42f5d3e9390ed5088e,auto,10,10,718.31,100.0
49067458c68f7701fd334ce326accbe0,costruction_tools_garden,32,32,3441.63,100.0
4917cee8d902e13428c3ec4b1ca6f315,home_appliances_2,29,29,5475.15,100.0
49383af7ab774e4e8f3000f49c83dc4b,bed_bath_table,12,12,2032.59,100.0
4978a02ea9c8be7a9b5480680f40334e,construction_tools_construction,9,9,818.5,100.0
4978a02ea9c8be7a9b5480680f40334e,garden_tools,5,5,1311.71,100.0
4992e76a42cb3aad7a7047e0d3d7e729,housewares,76,76,5864.61,100.0
4992e76a42cb3aad7a7047e0d3d7e729,pet_shop,6,6,219.62,100.0
499ec63c58e51296c9cf57edcfe1c8a8,computers_accessories,5,5,412.93,100.0
49e7217cfe4e427191c378ec626d8737,housewares,12,12,2670.85,100.0
4a1f694197d05fe70026b016a7316b41,furniture_decor,19,19,2193.66,100.0
4a3ca9315b744ce9f8e9374361493884,baby,5,5,420.66,100.0
4a3ca9315b744ce9f8e9374361493884,bed_bath_table,1631,1549,237171.46,95.0
4a3ca9315b744ce9f8e9374361493884,furniture_decor,84,76,10037.83,90.5
4a3ca9315b744ce9f8e9374361493884,home_comfort_2,27,23,1227.47,85.2
4a3ca9315b744ce9f8e9374361493884,home_confort,265,249,38359.74,94.0
4a3ca9315b744ce9f8e9374361493884,toys,58,50,5203.38,86.2
4a3ccda38b2129705f3fb522db62ca31,construction_tools_safety,52,49,17575.94,94.2
4a3ccda38b2129705f3fb522db62ca31,home_construction,12,12,3276.92,100.0
4aba391bc3b88717ce08eb11e44937b2,sports_leisure,28,25,8347.44,89.3
4b0fdb526525f9890eb145bf1534640e,bed_bath_table,19,19,3683.05,100.0
4b1eaadf791bdbbad8c4a35b65236d52,consoles_games,6,5,1029.04,83.3
4b5f66b7adcf57f1ecc0d3c07dd6b177,computers_accessories,38,37,17757.97,97.4
4b9750c8ad28220fe6702d4ecb7c898f,baby,215,208,19159.23,96.7
4b9750c8ad28220fe6702d4ecb7c898f,cool_stuff,14,14,825.7800000000001,100.0
4ba52dfeba874da5b9ee7b17c7494f04,books_technical,11,11,1667.91,100.0
4bcec44888b30ba9001234c534716d3f,health_beauty,6,6,209.23000000000002,100.0
4be6b962d83299498bae2190f95d6566,small_appliances,12,12,618.47,100.0
4bf2f4ee540798a61f9636d12cd9cc80,fashion_underwear_beach,27,27,5073.14,100.0
4bfc7a4a1cf8d4d2121c27422d9e50b5,housewares,40,40,25389.18,100.0
4c03b9dd4c11ee2cb35c96c49efc9420,toys,50,49,7374.76,98.0
4c18691b6037662be2df78a765d98ab5,housewares,59,57,4557.49,96.6
4c2b230173bb36f9b240f2b8ac11786e,sports_leisure,343,336,33882.84,98.0
4c498c7345e89aebad651544829beca0,health_beauty,28,26,2545.77,92.9
4c498c7345e89aebad651544829beca0,perfumery,19,19,2906.88,100.0
4c61e37f664c3c88aff092aa5ac779d7,consoles_games,7,7,749.74,100.0
4c8b8048e33af2bf94f2eb547746a916,bed_bath_table,18,17,3049.56,94.4
4cf490a58259286ada5ba8525ba9e84a,cool_stuff,7,5,1217.85,71.4
4d0041cdbe51b4617d95c70b19decc74,auto,8,8,5465.49,100.0
4d600e08ecbe08258c79e536c5a42fee,watches_gifts,6,6,3719.23,100.0
4d6d651bd7684af3fffabd5f08d12e5a,health_beauty,7,7,1547.98,100.0
4d6d651bd7684af3fffabd5f08d12e5a,sports_leisure,396,384,56211.95,97.0
4da0e408c99d2fdc2126dc9fce518060,market_place,5,5,545.46,100.0
4da0e408c99d2fdc2126dc9fce518060,sports_leisure,52,52,5279.51,100.0
4dc646b9b9e8e411ef48ba000ea3ac6f,perfumery,5,5,495.26,100.0
4de6e4ba574aa9dfdc824bc44dc47fdd,health_beauty,10,9,580.95,90.0
4de6e4ba574aa9dfdc824bc44dc47fdd,perfumery,5,5,123.47,100.0
4deebb3199eeafb282ae33229144f94b,signaling_and_security,5,5,1416.6100000000001,100.0
4e06067cc08b3f41d837768d392c3ee3,perfumery,47,44,2806.09,93.6
4e17c65a516f69d023a2ae78b84f28d6,health_beauty,32,26,5138.55,81.2
4e17c65a516f69d023a2ae78b84f28d6,housewares,9,9,834.56,100.0
4e17c65a516f69d023a2ae78b84f28d6,perfumery,31,29,4515.37,93.5
4e326052e5dbba8adcd512f3450a307e,christmas_supplies,6,6,1539.32,100.0
4e5725ba188db8252977a4f0227bd462,computers_accessories,23,18,2375.75,78.3
4e7c18b98d84e05cbae3ff0ff03846c2,furniture_decor,10,9,2545.86,90.0
4e7c18b98d84e05cbae3ff0ff03846c2,market_place,6,6,187.13,100.0
4e7c18b98d84e05cbae3ff0ff03846c2,small_appliances,73,72,10434.84,98.6
4e85b538b0dad58852641540686d0e14,garden_tools,5,3,624.5999999999999,60.0
4e922959ae960d389249c378d1c939f5,agro_industry_and_commerce,7,7,1024.8899999999999,100.0
4e922959ae960d389249c378d1c939f5,audio,12,12,1747.44,100.0
4e922959ae960d389249c378d1c939f5,auto,28,26,2755.92,92.9
4e922959ae960d389249c378d1c939f5,cds_dvds_musicals,14,14,1199.43,100.0
4e922959ae960d389249c378d1c939f5,computers_accessories,156,140,25910.85,89.7
4e922959ae960d389249c378d1c939f5,consoles_games,21,20,1942.48,95.2
4e922959ae960d389249c378d1c939f5,cool_stuff,28,26,2373.65,92.9
4e922959ae960d389249c378d1c939f5,electronics,59,55,5896.94,93.2
4e922959ae960d389249c378d1c939f5,fixed_telephony,11,11,1030.79,100.0
4e922959ae960d389249c378d1c939f5,health_beauty,25,23,2218.54,92.0
4e922959ae960d389249c378d1c939f5,pet_shop,22,21,2890.22,95.5
4e922959ae960d389249c378d1c939f5,telephony,50,48,5901.85,96.0
4ea2f12dbe91deeacd2c1e74f069a6e6,perfumery,6,6,441.40999999999997,100.0
4eb61f060e7dcc1d5a80d806c35cc541,home_appliances_2,7,7,1370.24,100.0
4ebdc7e6cd6102a022dadc49156d4ea8,furniture_decor,20,20,1099.1200000000001,100.0
4ebdc7e6cd6102a022dadc49156d4ea8,housewares,5,5,207.76,100.0
4ef4c39cf3c24f326434cf0b2e48046a,sports_leisure,8,8,1245.5,100.0
5011f0d93373a4c5753adf58ca77af8d,food_drink,17,13,2858.31,76.5
503c1de08ae81a2d86f17951b204db55,baby,22,21,5321.9,95.5
5058e8c1e82653974541e83690655b4a,furniture_living_room,15,12,990.98,80.0
5058e8c1e82653974541e83690655b4a,office_furniture,58,37,21265.65,63.8
5075aaa8404020ae6aa8bf4792099b41,drinks,12,12,1396.24,100.0
50770d25768b0486d89be26afca3108f,books_general_interest,6,5,247.86,83.3
50c9975695009e5e6473912e83a6d1da,sports_leisure,70,67,9707.36,95.7
512d298ac2a96d1931b6bd30aa21f61d,musical_instruments,10,10,7601.8,100.0
5151aea44289d6c6b090ee31c2132508,air_conditioning,7,6,1482.47,85.7
515d781150feed28a6ac091bb0e3cb8c,cool_stuff,5,5,969.73,100.0
5160d23075764e18e07c1f4a87fad743,toys,38,38,4040.33,100.0
516e7738bd8f735ac19a010ee5450d8d,health_beauty,74,74,8368.8,100.0
516e7738bd8f735ac19a010ee5450d8d,perfumery,10,10,693.88,100.0
51702dc2a3e106c76dbff722b5bf0726,furniture_decor,11,11,2714.91,100.0
51e4e89242cbb846c2deff3dc015650e,garden_tools,16,16,1067.98,100.0
52092ddbd3a58c450a4459bf051b2287,sports_leisure,6,6,1461.6499999999999,100.0
520b493b57809f446cb0a233bb3e25c7,home_confort,19,19,1159.31,100.0
520b493b57809f446cb0a233bb3e25c7,housewares,28,28,1948.44,100.0
522620dcb18a6b31cd7bdf73665113a9,computers_accessories,42,38,9297.41,90.5
522620dcb18a6b31cd7bdf73665113a9,consoles_games,97,86,42011.28,88.7
522620dcb18a6b31cd7bdf73665113a9,musical_instruments,6,6,7931.4800000000005,100.0
522620dcb18a6b31cd7bdf73665113a9,sports_leisure,5,3,1807.8600000000001,60.0
522620dcb18a6b31cd7bdf73665113a9,watches_gifts,21,20,5541.22,95.2
5236605f4d4b0b3e4df85b850393fca0,sports_leisure,5,5,347.48,100.0
52454f90d4c30c016768db02f88c1a74,pet_shop,5,5,252.17000000000002,100.0
52562a9f449c3dc3d53f5f5b9ed74903,sports_leisure,8,8,933.62,100.0
525e75a6fb1454a2325ab1734bcec221,auto,10,10,957.45,100.0
527801b552d0077ffd170872eb49683b,books_general_interest,89,80,19879.3,89.9
52a52b9f656520e99716f5bc40f661c8,furniture_decor,8,8,1230.56,100.0
52ac6f920b7280e4c6d30dd94de6259b,office_furniture,6,6,6908.25,100.0
52d76513f0c4d97f3b99570e2c94ee31,home_appliances_2,5,5,1048.55,100.0
52d76513f0c4d97f3b99570e2c94ee31,industry_commerce_and_business,7,7,936.75,100.0
52d76513f0c4d97f3b99570e2c94ee31,signaling_and_security,6,6,19457.04,100.0
52f0fe436a347ddad7ed5f9aa4e27eaa,computers_accessories,8,8,967.75,100.0
52f0fe436a347ddad7ed5f9aa4e27eaa,telephony,6,4,325.33,66.7
52f976b17ea7f2f087f56dcc419328f6,sports_leisure,6,6,8492.65,100.0
52f9db5cfb423382a2fa5c9e39303202,home_appliances,11,11,657.25,100.0
52f9db5cfb423382a2fa5c9e39303202,small_appliances,7,7,530.31,100.0
530ec6109d11eaaf87999465c6afee01,housewares,8,8,1253.3600000000001,100.0
530ec6109d11eaaf87999465c6afee01,sports_leisure,97,95,15624.57,97.9
53243585a1d6dc2643021fd1853d8905,computers,166,158,183517.0,95.2
53243585a1d6dc2643021fd1853d8905,telephony,258,256,95105.31,99.2
5343d0649eca2a983820bfe93fc4d17e,furniture_decor,120,119,22728.77,99.2
537eb890efff034a88679788b647c564,baby,13,13,652.59,100.0
537eb890efff034a88679788b647c564,bed_bath_table,15,15,627.62,100.0
537eb890efff034a88679788b647c564,christmas_supplies,6,6,273.88,100.0
537eb890efff034a88679788b647c564,cool_stuff,35,35,2041.77,100.0
537eb890efff034a88679788b647c564,fashion_bags_accessories,21,20,875.7,95.2
537eb890efff034a88679788b647c564,furniture_decor,58,58,2743.41,100.0
537eb890efff034a88679788b647c564,housewares,7,7,318.7,100.0
537eb890efff034a88679788b647c564,party_supplies,8,8,541.89,100.0
537eb890efff034a88679788b647c564,sports_leisure,8,8,651.02,100.0
537eb890efff034a88679788b647c564,stationery,5,5,190.89000000000001,100.0
538caafddff204241cecbf3a02e6b3cf,baby,8,7,218.81,87.5
53b0300ca793f9834cd69c0678d35ee8,construction_tools_construction,10,10,4502.48,100.0
53d00c40e32aeb924a84ce72b1af869d,bed_bath_table,17,15,2649.55,88.2
53e4c6e0f4312d4d2107a8c9cddf45cd,furniture_decor,44,42,2976.55,95.5
53e4c6e0f4312d4d2107a8c9cddf45cd,housewares,489,471,44143.89,96.3
54065e9aef7e9e9c2dc23b7594db021a,cool_stuff,7,7,3418.42,100.0
542917da124346b47ea1ac79a93ce454,health_beauty,13,13,825.51,100.0
542917da124346b47ea1ac79a93ce454,perfumery,7,7,866.37,100.0
54583ab379489add547fe47b628db589,baby,8,8,2134.88,100.0
54965bbe3e4f07ae045b90b0b8541f52,bed_bath_table,83,57,14774.25,68.7
54a1852d1b8f10312c55e906355666ee,fashion_bags_accessories,5,4,423.44,80.0
54a1852d1b8f10312c55e906355666ee,market_place,8,8,233.32999999999998,100.0
54a1852d1b8f10312c55e906355666ee,pet_shop,10,10,804.36,100.0
54a1852d1b8f10312c55e906355666ee,sports_leisure,185,177,18609.14,95.7
54c04bdb5ec46762f8f08c7e8f86ed4a,sports_leisure,19,17,3994.23,89.5
55029529919c0123526150bd26ca8f20,sports_leisure,5,5,510.25,100.0
5566627eab3fe93fd6ee08798226101a,perfumery,5,5,187.81,100.0
557f22c76691849db52d2abccf0015d0,computers_accessories,12,12,970.56,100.0
55a5b51f93f2b70ea513f5a047b0262a,sports_leisure,42,41,5354.59,97.6
55bb6fe5bebe5012e2d7d9928e1128ff,stationery,8,8,947.45,100.0
55c96925041a14097b6a7825554f4ad5,furniture_decor,6,6,896.78,100.0
55d3daac7c404d59e51c2aa2f4dc5a23,signaling_and_security,23,23,6408.18,100.0
55dedd83e501d8248880557d9073cbfd,health_beauty,9,9,1487.74,100.0
55f7a3319d80f7fdf078b8f03e6725fe,arts_and_craftmanship,6,6,745.7,100.0
55f7a3319d80f7fdf078b8f03e6725fe,auto,15,15,2311.61,100.0
562f8cfc51f265411f487d07e9c40e7f,cool_stuff,11,11,827.97,100.0
562fc2f2c2863ab7e79a9e4388a58a14,telephony,265,259,15673.42,97.7
5656537e588803a555b8eb41f07a944b,audio,9,8,835.46,88.9
5656537e588803a555b8eb41f07a944b,computers_accessories,39,38,3363.75,97.4
5656537e588803a555b8eb41f07a944b,construction_tools_safety,7,7,3129.8399999999997,100.0
5656537e588803a555b8eb41f07a944b,electronics,92,90,4060.9900000000002,97.8
5656537e588803a555b8eb41f07a944b,garden_tools,5,5,273.87,100.0
5656537e588803a555b8eb41f07a944b,telephony,26,26,2149.41,100.0
56642bcb79900e777d68e91915cb4267,garden_tools,27,20,2526.63,74.1
56642bcb79900e777d68e91915cb4267,health_beauty,29,28,3298.41,96.6
5670f4db5b62c43d542e1b2d56b0cf7c,perfumery,20,20,6133.48,100.0
56e361f411e38dcef17cdc2a3d99628b,signaling_and_security,6,6,17069.760000000002,100.0
5721089ba9214e80074f27d5a03fc0eb,cool_stuff,5,5,300.29,100.0
575df70bde3f9f2b30bf8d2e9910d725,construction_tools_construction,9,8,3199.8,88.9
575df70bde3f9f2b30bf8d2e9910d725,furniture_decor,23,22,4565.8,95.7
577719699805dd125d5b6fdde5943bba,housewares,6,6,611.21,100.0
5795aebfe331fbcd02a2c4b679fb7952,health_beauty,5,5,1316.3700000000001,100.0
579891617139df7d8671d373f0669622,books_general_interest,7,5,347.37,71.4
57c764b4a836300be881e2ff86e449f9,cool_stuff,11,11,375.03999999999996,100.0
57c764b4a836300be881e2ff86e449f9,housewares,23,21,981.09,91.3
57df9869a600bd6b7c405f2a862eccfb,housewares,5,5,197.21,100.0
57e632711dec9ec14ca7546769483e7e,health_beauty,56,55,7303.150000000001,98.2
57e632711dec9ec14ca7546769483e7e,perfumery,9,9,1179.14,100.0
57fe6232e67823593374a2281d7a8af8,books_general_interest,6,6,212.69,100.0
582d4f8675b945722eda7c0cb61ba4c7,electronics,62,61,9114.48,98.4
582d4f8675b945722eda7c0cb61ba4c7,garden_tools,6,6,607.6600000000001,100.0
5882820ef11c4c068eea0677a7a879b4,furniture_decor,11,11,3412.18,100.0
5882820ef11c4c068eea0677a7a879b4,garden_tools,5,5,7252.63,100.0
58f1a6197ed863543e0136bdedb3fce2,toys,14,13,3464.93,92.9
58f1a6197ed863543e0136bdedb3fce2,watches_gifts,28,28,4351.91,100.0
59417c56835dd8e2e72f91f809cd4092,small_appliances,19,19,37657.77,100.0
594f9aaa48e5bf431f011ddc5669b0d5,housewares,19,19,1636.04,100.0
594f9aaa48e5bf431f011ddc5669b0d5,stationery,16,16,2200.66,100.0
5962468f885ea01a1b6a97a218797b0a,stationery,6,6,765.74,100.0
596849622429351f47b32e6cae1055ff,telephony,10,10,1190.85,100.0
59b22a78efb79a4797979612b885db36,construction_tools_construction,41,38,14549.53,92.7
59b22a78efb79a4797979612b885db36,housewares,94,90,19640.09,95.7
59cd88080b93f3c18508673122d26169,pet_shop,5,5,312.95,100.0
59fb871bf6f4522a87ba567b42dafecf,cool_stuff,16,16,1972.1200000000001,100.0
59fb871bf6f4522a87ba567b42dafecf,health_beauty,94,89,17721.29,94.7
59fb871bf6f4522a87ba567b42dafecf,small_appliances,9,9,2153.1,100.0
59fb871bf6f4522a87ba567b42dafecf,stationery,5,3,1026.38,60.0
5a05a16bb50629ee31afab8a6d4c2674,housewares,15,15,1217.1399999999999,100.0
5a413ade68e8f8d93071a7f52a64cb9e,health_beauty,14,14,932.67,100.0
5a425cc503b39b262a847fd6212bf53b,toys,14,14,1591.8799999999999,100.0
5a6a02f419701fc8c605af71d4fc57a4,books_general_interest,10,10,714.41,100.0
5a8e7d5003a1f221f9e1d6e411de7c23,baby,22,22,2436.52,100.0
5a8e7d5003a1f221f9e1d6e411de7c23,furniture_decor,156,151,22295.13,96.8
5a93f3ab0ef4c84ed5e1b5dbf23978bc,baby,27,26,2513.19,96.3
5a93f3ab0ef4c84ed5e1b5dbf23978bc,food_drink,17,17,732.2,100.0
5ab05b6d86d417796c69ffd6774ec832,health_beauty,12,11,2710.43,91.7
5abb8ea023c77787f2c15da891c8d384,cine_photo,7,7,676.01,100.0
5b07547f10dd980738a1a27f685af669,health_beauty,13,13,1358.33,100.0
5b0cc932433fa5184b5b94bfe6bcc256,furniture_bedroom,9,9,1999.45,100.0
5b0cc932433fa5184b5b94bfe6bcc256,furniture_living_room,6,6,611.6800000000001,100.0
5b179e9e8cc7ab6fd113a46ca584da81,housewares,30,28,5029.79,93.3
5b2e94f2c22b39ccc24d34ad0f669672,auto,10,10,1446.94,100.0
5b33b527da3c5b969cc99dc435cad09a,electronics,13,12,2041.98,92.3
5b35136197710e16ac5e7b7c2bd4ea85,housewares,11,9,4276.83,81.8
5b51032eddd242adc84c38acab88f23d,bed_bath_table,5,5,3715.98,100.0
5b51032eddd242adc84c38acab88f23d,furniture_decor,9,9,2467.28,100.0
5b581417df4480f632484ba681e53944,toys,16,15,1908.72,93.8
5b664594895aefb418afaee6d40a9a23,construction_tools_construction,17,17,1454.93,100.0
5b67882648febfb6e1225e6ad7164f6b,sports_leisure,31,30,7751.59,96.8
5b8154610ebb21fb90eb587365e673df,computers_accessories,24,22,7945.21,91.7
5b8154610ebb21fb90eb587365e673df,construction_tools_construction,5,5,431.21,100.0
5b8154610ebb21fb90eb587365e673df,health_beauty,11,11,2113.71,100.0
5b85809efd0d0e4dea1a9544e1280ed9,health_beauty,13,13,2331.55,100.0
5b925e1d006e9476d738aa200751b73b,sports_leisure,65,63,8801.84,96.9
5bc24d989e71e93c33e50a7782431b0e,auto,15,15,3180.91,100.0
5bc55dbe2f12b6af6d83ed46023e0dc8,sports_leisure,19,17,5060.73,89.5
5bffbafbb22daf6d3bfc216a46db8708,auto,5,5,591.45,100.0
5bffbafbb22daf6d3bfc216a46db8708,computers_accessories,14,14,5449.26,100.0
5c030029b5916fed0986310385ec9009,housewares,10,10,6847.79,100.0
5c243662ce92d84573bfaff24c3e3700,health_beauty,98,97,34161.56,99.0
5c3460cd3e8a984382ae254e7dd20d9f,baby,10,10,1061.3,100.0
5c6d4016c2a288f074fa0848a2b653d2,computers_accessories,18,18,2052.36,100.0
5c6d4016c2a288f074fa0848a2b653d2,electronics,7,6,1076.05,85.7
5c6d4016c2a288f074fa0848a2b653d2,fixed_telephony,8,8,828.4,100.0
5c853bb56f70f4d14218944bae111d7a,furniture_decor,15,15,568.11,100.0
5cbbd5a299cab112b7bf23862255e43e,housewares,24,24,2059.64,100.0
5cbbd5a299cab112b7bf23862255e43e,luggage_accessories,9,9,657.21,100.0
5cbbd5a299cab112b7bf23862255e43e,stationery,10,10,602.77,100.0
5cf13accae3222c70a9cac40818ae839,pet_shop,162,160,19213.32,98.8
5d0363b33554b373851fc1622e4d5f3c,auto,92,85,8367.18,92.4
5d3bb11474a06bdc23fb9e89f1164ee0,furniture_decor,15,15,1397.1,100.0
5d3bb11474a06bdc23fb9e89f1164ee0,housewares,11,11,1235.99,100.0
5d9dc90a686a8fddacffab6bab5653a3,sports_leisure,12,12,4131.27,100.0
5dceca129747e92ff8ef7a997dc4f8ca,baby,110,98,76865.56,89.1
5dceca129747e92ff8ef7a997dc4f8ca,bed_bath_table,18,18,1618.47,100.0
5dceca129747e92ff8ef7a997dc4f8ca,cool_stuff,8,8,4618.93,100.0
5dceca129747e92ff8ef7a997dc4f8ca,home_confort,15,15,3220.25,100.0
5dceca129747e92ff8ef7a997dc4f8ca,luggage_accessories,207,206,43814.44,99.5
5debea795b07621e1f90532e18f96145,health_beauty,32,31,2818.19,96.9
5e105f5c9f63f5f1fd75d6cb942e55b1,housewares,8,8,1745.73,100.0
5ee7fd217d08dfe5d3e2f51f96a12c9a,auto,7,5,1064.08,71.4
5ee7fd217d08dfe5d3e2f51f96a12c9a,pet_shop,5,5,371.1,100.0
5eeb9c756d9780b96283e5a2ac6da334,sports_leisure,12,11,2718.74,91.7
5ef131ac72773e5b3f6c0d63cf424657,toys,14,14,1020.08,100.0
5f1dc28029d2c244352a68107ec2b542,fashion_underwear_beach,9,9,621.45,100.0
5f1dc28029d2c244352a68107ec2b542,health_beauty,32,32,3111.31,100.0
5f1dc28029d2c244352a68107ec2b542,housewares,13,13,685.74,100.0
5f1dc28029d2c244352a68107ec2b542,perfumery,8,8,702.44,100.0
5f1dc28029d2c244352a68107ec2b542,toys,9,9,609.49,100.0
5f2684dab12e59f83bef73ae57724e45,toys,71,68,10164.7,95.8
5f26c1408a65b42a7224cd463bdf3292,health_beauty,8,8,1253.01,100.0
5f3ae9136c875522250f8184f253413a,books_general_interest,5,5,267.17,100.0
5f3ae9136c875522250f8184f253413a,books_technical,41,41,1678.94,100.0
5f5b43b2bffa8656e4bc6efeb13cc649,stationery,26,25,4278.2,96.2
5f67c6082caacb26e431a7b17940cece,computers_accessories,14,12,2062.05,85.7
5fd924b4836098a5be0ecf81ba054ce0,garden_tools,9,9,1431.4,100.0
602044f2c16190c2c6e45eb35c2e21cb,bed_bath_table,54,47,5689.04,87.0
6039e27294dc75811c0d8a39069f52c0,computers_accessories,10,10,10800.48,100.0
6039e27294dc75811c0d8a39069f52c0,electronics,42,37,12824.39,88.1
6039e27294dc75811c0d8a39069f52c0,market_place,25,22,3980.98,88.0
60562ab00b8054280520d390c8c0045c,auto,17,17,3247.09,100.0
6061155addc1e54b4cfb51c1c2a32ad8,pet_shop,29,29,12280.17,100.0
606ce7768feac12c5e8bd58db8b08f0f,watches_gifts,5,5,3158.2799999999997,100.0
609e1a9a6c2539919b8205cf7c4e6ff0,bed_bath_table,132,130,19325.26,98.5
610f72e407cdd7caaa2f8167b0163fd8,bed_bath_table,16,16,14320.9,100.0
612170e34b97004b3ba37eae81836b4c,computers_accessories,11,11,1765.12,100.0
612170e34b97004b3ba37eae81836b4c,consoles_games,14,14,3676.68,100.0
612170e34b97004b3ba37eae81836b4c,cool_stuff,13,13,1437.7,100.0
612170e34b97004b3ba37eae81836b4c,electronics,20,20,3522.45,100.0
612170e34b97004b3ba37eae81836b4c,fixed_telephony,7,7,1292.38,100.0
612170e34b97004b3ba37eae81836b4c,signaling_and_security,9,9,1298.88,100.0
612170e34b97004b3ba37eae81836b4c,telephony,10,10,4570.99,100.0
612170e34b97004b3ba37eae81836b4c,watches_gifts,25,25,5195.2699999999995,100.0
615005a3ef192c00c6f0e977cee3d2bc,sports_leisure,11,10,578.64,90.9
61b18775be84fb700a6b2d0ba097bf66,pet_shop,7,7,662.23,100.0
620c87c171fb2a6dd6e8bb4dec959fc6,health_beauty,414,380,59057.14,91.8
620c87c171fb2a6dd6e8bb4dec959fc6,perfumery,387,370,82427.25,95.6
6219ba2359cfb97f2e38fd4c321eb309,housewares,5,4,425.15,80.0
624f4ece8da4aafb77699233d480f8ef,furniture_decor,52,48,11755.63,92.3
6288c69c4ce638e59925e59193f98b16,electronics,9,9,3440.79,100.0
6288c69c4ce638e59925e59193f98b16,toys,9,8,932.52,88.9
62c50c1af4dfdc4149d25c5222043d39,fixed_telephony,10,10,3756.1899999999996,100.0
6338ea67c41078a46ad99cc009654956,auto,44,44,4095.72,100.0
633ecdf879b94b5337cca303328e4a25,health_beauty,6,3,1125.49,50.0
634964b17796e64304cadf1ad3050fb7,auto,20,19,1892.89,95.0
634964b17796e64304cadf1ad3050fb7,electronics,7,6,608.51,85.7
634964b17796e64304cadf1ad3050fb7,sports_leisure,5,5,2029.94,100.0
634964b17796e64304cadf1ad3050fb7,telephony,16,15,1040.38,93.8
634964b17796e64304cadf1ad3050fb7,watches_gifts,278,265,76433.52,95.3
638cba8be1fb599bbb76fd6948351eb3,food_drink,6,6,378.09999999999997,100.0
638cba8be1fb599bbb76fd6948351eb3,sports_leisure,17,17,936.33,100.0
63a79f5a7eb5cb48a7e5787b141c7993,toys,10,10,910.3499999999999,100.0
63b464dbf392c7b80d12d932fa7cafed,furniture_decor,50,45,8313.02,90.0
63b9ae557efed31d1f7687917d248a8d,furniture_decor,5,5,388.11,100.0
640e21a7d01df7614a3b4923e990d40c,bed_bath_table,130,128,15808.13,98.5
6426d21aca402a131fc0a5d0960a3c90,bed_bath_table,14,14,921.47,100.0
6426d21aca402a131fc0a5d0960a3c90,housewares,8,8,401.79,100.0
643214e62b870443ccbe55ab29a4dccf,fashion_bags_accessories,68,66,4086.13,97.1
6481e96574816ead57975da2c0f6d80d,agro_industry_and_commerce,29,29,2837.23,100.0
6481e96574816ead57975da2c0f6d80d,signaling_and_security,22,22,1948.45,100.0
651fe66032c9520ee5587f694908040d,fashion_bags_accessories,6,6,541.56,100.0
6548c2550b6e2d8f18053216e1c7b6f3,housewares,5,5,542.1700000000001,100.0
655220df33262c7e0c4949a147366f94,luggage_accessories,12,10,3192.21,83.3
6560211a19b47992c3666cc44a7e94c0,audio,32,30,3617.7,93.8
6560211a19b47992c3666cc44a7e94c0,computers_accessories,12,11,774.4,91.7
6560211a19b47992c3666cc44a7e94c0,fashion_bags_accessories,358,350,24888.82,97.8
6560211a19b47992c3666cc44a7e94c0,perfumery,14,14,753.45,100.0
6560211a19b47992c3666cc44a7e94c0,sports_leisure,8,8,535.49,100.0
6560211a19b47992c3666cc44a7e94c0,watches_gifts,1660,1627,145362.63,98.0
6562efe88ce0826a4ca4f189f03b4b84,furniture_decor,20,18,4676.02,90.0
656591be56071d4c9ef4e5fee78a578a,office_furniture,11,11,3659.2,100.0
659e8466eb3ff1b0e8740d74fb7bbedd,health_beauty,14,14,2941.46,100.0
65a7c0788e4d632ccb5e1b594b87f0bb,drinks,9,9,1155.72,100.0
65b081a070633e057c462abdd6fb9dd8,perfumery,22,22,2537.23,100.0
65febd49fd28ec955651299159b1f527,housewares,44,44,6213.15,100.0
661ad5fcc28cdfb8bcadb12bb2272475,pet_shop,7,7,870.7900000000001,100.0
66922902710d126a0e7d26b0e3805106,pet_shop,162,157,19009.68,96.9
669ae81880e08f269a64487cfb287169,books_general_interest,58,56,8428.15,96.6
669ae81880e08f269a64487cfb287169,drinks,5,5,977.0,100.0
669ae81880e08f269a64487cfb287169,sports_leisure,124,121,11475.54,97.6
66dc1b1632bd6a3e508510c5b3492107,auto,10,10,1214.43,100.0
66dc1b1632bd6a3e508510c5b3492107,sports_leisure,12,12,975.03,100.0
66dc1b1632bd6a3e508510c5b3492107,telephony,11,11,1199.3600000000001,100.0
66e0557ecc2b4dbea057e93f215f68d8,consoles_games,33,18,12628.42,54.5
66fd84ee7528c0c0de85d0f44a73d5ab,computers_accessories,19,17,3249.48,89.5
670a9dda115b5a88b18cfadee8de2332,fashion_bags_accessories,9,9,914.0699999999999,100.0
670c26e0f1bf8d0576271d5cfaec6d2b,health_beauty,6,6,404.55,100.0
670c26e0f1bf8d0576271d5cfaec6d2b,sports_leisure,80,76,9714.52,95.0
671585f5a2af58b6e276bc01003c0d2b,housewares,27,27,1692.1100000000001,100.0
67225bff54a172ff67579aaf583efd78,sports_leisure,8,8,1393.11,100.0
6750d71153f00fc58829af2a8ef1bcf1,sports_leisure,7,7,3626.5,100.0
67883baaae6134ee81b271a542613728,watches_gifts,17,17,7630.94,100.0
679769a98cfcc6da877c8486ff1c13f3,health_beauty,21,21,7467.39,100.0
67bf6941ba2f1fa1d02c375766bc3e53,office_furniture,15,14,7273.9400000000005,93.3
6806dad1da97bfb5a9038eac6881f706,auto,6,5,1247.39,83.3
6806dad1da97bfb5a9038eac6881f706,housewares,5,5,1056.75,100.0
681fce914360217db47784ae28905a96,perfumery,20,18,4520.11,90.0
6860153b69cc696d5dcfe1cdaaafcf62,construction_tools_construction,83,80,6554.93,96.4
6861de0f40cacb0602e473c51639f980,office_furniture,8,7,1469.69,87.5
688756f717c462a206ad854c5027a64a,housewares,91,88,11016.32,96.7
68f86ba270525243e68ae74044f992b9,health_beauty,13,13,1132.68,100.0
6973a06f484aacf400ece213dbf3d946,computers_accessories,109,99,20414.920000000002,90.8
6989574bd97d9773f10d232b6c07da59,luggage_accessories,6,6,2367.24,100.0
698f5fa55a5f73d0740e9d9a773e8093,health_beauty,6,6,367.37,100.0
6a0cbc8af2e8abd1bdfb777943d174c6,sports_leisure,31,28,4061.79,90.3
6a38087bc8ad4f89ff453561005f6dea,computers_accessories,13,13,2150.0,100.0
6a38087bc8ad4f89ff453561005f6dea,consoles_games,9,9,2386.33,100.0
6a51fc556dab5f766ced6fbc860bc613,air_conditioning,25,24,10041.31,96.0
6a8a889bde935bafa76d7848782dfaf9,home_appliances,6,6,244.93,100.0
6a8a889bde935bafa76d7848782dfaf9,small_appliances,24,23,1448.73,95.8
6a8b085f816a1f75f92dbac6eb545f8f,auto,133,126,9108.95,94.7
6aa3928696eab49a19a466e665a649fd,health_beauty,22,22,3119.4,100.0
6b15924333bd1a741595fe981ea04822,health_beauty,23,23,885.28,100.0
6b243f80ed07b10f0e8aa0f21a205f3c,sports_leisure,90,87,10996.5,96.7
6b333a05bf188ef3e1f1662a86bd9855,home_appliances_2,17,17,2053.3,100.0
6b3bd31ad8fcda4b2635ec9f3ff2ecdf,sports_leisure,43,39,7079.76,90.7
6b536a23086fba0d58c08d68814397f6,sports_leisure,19,15,2943.98,78.9
6b803197e03abd5056b4313306b4f29d,food,9,9,779.01,100.0
6b90f847357d8981edd79a1eb1bf0acb,cine_photo,11,11,274.71999999999997,100.0
6b90f847357d8981edd79a1eb1bf0acb,consoles_games,8,8,1019.99,100.0
6b90f847357d8981edd79a1eb1bf0acb,food,5,5,606.96,100.0
6b90f847357d8981edd79a1eb1bf0acb,health_beauty,16,16,1541.66,100.0
6b90f847357d8981edd79a1eb1bf0acb,sports_leisure,8,8,662.98,100.0
6b9b80d53ba3676eafe60268a810b5a1,sports_leisure,9,9,941.21,100.0
6bb0724edf0b62fb91ac404873a97241,electronics,19,17,5023.2,89.5
6bbcb8924baf70b7fe2fe2097e8cd407,party_supplies,8,8,2460.93,100.0
6bd69102ab48df500790a8cecfc285c2,agro_industry_and_commerce,5,4,8359.02,80.0
6c12e40690c335dbc2f68a4134d30dc1,garden_tools,7,6,8898.8,85.7
6c12e40690c335dbc2f68a4134d30dc1,sports_leisure,8,8,910.54,100.0
6c177e38df6d3f34182b1f1d427231bf,electronics,5,5,873.24,100.0
6c177e38df6d3f34182b1f1d427231bf,telephony,46,43,7540.6,93.5
6c6e3d67f969468f3bfd33f827a31222,computers_accessories,6,6,416.87,100.0
6c7d50c24b3ccd2fd83b44d8bb34e073,furniture_decor,112,111,13280.8,99.1
6c7d50c24b3ccd2fd83b44d8bb34e073,kitchen_dining_laundry_garden_furniture,22,22,1776.47,100.0
6c99c983ce3b6ba0ab813e6790e81691,toys,9,9,658.41,100.0
6cd68b3ed6d59aaa9fece558ad360c0a,housewares,7,7,466.25,100.0
6cd68b3ed6d59aaa9fece558ad360c0a,luggage_accessories,113,112,10815.43,99.1
6cd68b3ed6d59aaa9fece558ad360c0a,stationery,35,34,3093.18,97.1
6cf476a4ca74498db55cbccdaa9dcfb6,fashion_underwear_beach,5,3,276.15999999999997,60.0
6d22a1fcebb6dd08c9cd90b92a93e8d0,health_beauty,10,10,828.21,100.0
6d2f2e3b539480db1e0842b3a4e32e6e,furniture_decor,6,6,979.1,100.0
6d66611d7c44cc30ce351abc49a68421,auto,18,18,862.64,100.0
6d66611d7c44cc30ce351abc49a68421,musical_instruments,99,96,10317.82,97.0
6d66611d7c44cc30ce351abc49a68421,pet_shop,19,16,2092.02,84.2
6d66611d7c44cc30ce351abc49a68421,sports_leisure,37,35,5061.04,94.6
6d803cb79cc31c41c4c789a75933b3c7,sports_leisure,66,60,12093.26,90.9
6d988d6174a2c27441597174f8905515,health_beauty,8,8,630.86,100.0
6d988d6174a2c27441597174f8905515,housewares,16,14,578.49,87.5
6ddc28b61be28373b4503a1f61cf98a9,toys,12,12,2014.23,100.0
6df688df543f90e9b38f4319e75a9d88,health_beauty,50,50,3834.02,100.0
6e0908ef4d4efadbc3cc2b74ea477cb0,furniture_decor,7,7,986.25,100.0
6e13dd869aa7185f601c941423abcc8f,health_beauty,6,6,789.84,100.0
6e1862e15f33d9994bc25922a85e1efc,signaling_and_security,8,8,1441.1899999999998,100.0
6e386f64c84e482f0b9abf960797ee1b,health_beauty,29,27,12820.81,93.1
6e864f5c4669eff3d98140a07cc50202,books_general_interest,5,5,560.64,100.0
6e864f5c4669eff3d98140a07cc50202,books_technical,5,5,284.74,100.0
6eb94e1466490d327a09abf8f3552a50,health_beauty,5,5,899.3,100.0
6ec1a01e866584bb679eb9b098345919,health_beauty,29,26,4888.6,89.7
6edacfd9f9074789dad6d62ba7950b9c,auto,7,7,456.02,100.0
6edacfd9f9074789dad6d62ba7950b9c,cool_stuff,6,6,406.78,100.0
6edacfd9f9074789dad6d62ba7950b9c,furniture_decor,127,126,12023.61,99.2
6edacfd9f9074789dad6d62ba7950b9c,housewares,60,60,4116.09,100.0
6edacfd9f9074789dad6d62ba7950b9c,market_place,7,7,245.2,100.0
6edacfd9f9074789dad6d62ba7950b9c,sports_leisure,5,5,303.1,100.0
6edacfd9f9074789dad6d62ba7950b9c,stationery,5,5,376.39,100.0
6ee85be3693ed79a8e80718743d80655,electronics,5,3,236.47,60.0
6f1a1263039c76e68f40a8e536b1da6a,food,5,4,853.9100000000001,80.0
6f229cc508fc6915ed5c499efd93baa4,sports_leisure,14,14,3316.74,100.0
6f83d9e4da896daae20b9b6b2d3ff8d2,housewares,9,8,1081.11,88.9
6f892e20a171e98efe17fdb971ff319b,telephony,47,44,8810.65,93.6
6fc26fe110feebd80a433e1f012a84f9,furniture_decor,75,73,14493.68,97.3
6fd52c528dcb38be2eea044946b811f8,bed_bath_table,89,75,14977.21,84.3
7008613ea464bad5cb9b83456e1e6a8f,sports_leisure,154,148,16636.19,96.1
70125af26c2d6d4ef401a1d02ae7701f,sports_leisure,8,8,1199.6399999999999,100.0
701938c450705b8ae65fc923b70f35c7,furniture_living_room,107,104,40596.9,97.2
701938c450705b8ae65fc923b70f35c7,office_furniture,6,6,1161.4299999999998,100.0
7040e82f899a04d1b434b795a43b4617,audio,103,100,3314.63,97.1
7040e82f899a04d1b434b795a43b4617,computers_accessories,9,8,322.21999999999997,88.9
7040e82f899a04d1b434b795a43b4617,costruction_tools_garden,6,6,260.18,100.0
7040e82f899a04d1b434b795a43b4617,health_beauty,6,6,66.38,100.0
7040e82f899a04d1b434b795a43b4617,housewares,39,37,4987.389999999999,94.9
7040e82f899a04d1b434b795a43b4617,perfumery,20,19,1729.12,95.0
7040e82f899a04d1b434b795a43b4617,telephony,47,45,2659.07,95.7
7040e82f899a04d1b434b795a43b4617,toys,8,7,957.82,87.5
70849ca4f400aaabb62cb7462a6f1428,musical_instruments,6,5,537.73,83.3
709e16e2b25c7474d980076c6bfc4806,bed_bath_table,6,6,1171.95,100.0
709e16e2b25c7474d980076c6bfc4806,health_beauty,61,60,7777.65,98.4
709e16e2b25c7474d980076c6bfc4806,perfumery,8,8,338.45,100.0
709e16e2b25c7474d980076c6bfc4806,sports_leisure,6,6,735.4,100.0
70a12e78e608ac31179aea7f8422044b,audio,12,11,1003.02,91.7
70a12e78e608ac31179aea7f8422044b,auto,20,19,1613.96,95.0
70a12e78e608ac31179aea7f8422044b,baby,8,8,659.74,100.0
70a12e78e608ac31179aea7f8422044b,computers_accessories,116,108,13039.3,93.1
70a12e78e608ac31179aea7f8422044b,consoles_games,10,9,1223.2,90.0
70a12e78e608ac31179aea7f8422044b,construction_tools_construction,5,5,107.72,100.0
70a12e78e608ac31179aea7f8422044b,electronics,34,31,5112.86,91.2
70a12e78e608ac31179aea7f8422044b,health_beauty,42,38,5235.01,90.5
70a12e78e608ac31179aea7f8422044b,sports_leisure,6,6,944.18,100.0
70a12e78e608ac31179aea7f8422044b,telephony,78,73,7227.099999999999,93.6
70b52a4cfc823994561b00bad161b4ed,auto,10,10,949.47,100.0
70bf57d811208f8923b41bbd499a67a4,cool_stuff,6,6,681.81,100.0
70c27847eca8195c983ed7e798c56743,pet_shop,99,97,19315.53,98.0
70eea00b476a314817cefde4aad4f89a,garden_tools,5,4,733.62,80.0
70eea00b476a314817cefde4aad4f89a,housewares,10,10,2302.05,100.0
70eea00b476a314817cefde4aad4f89a,kitchen_dining_laundry_garden_furniture,6,5,1620.49,83.3
70eea00b476a314817cefde4aad4f89a,sports_leisure,90,85,30046.08,94.4
70f84699be677ec988d1fa824aef7d90,musical_instruments,5,5,1704.44,100.0
71039d19d4303bf9054d69e9a9236699,cool_stuff,6,4,1181.58,66.7
71039d19d4303bf9054d69e9a9236699,sports_leisure,7,7,1932.46,100.0
71039d19d4303bf9054d69e9a9236699,toys,25,24,1348.21,96.0
710e3548e02bc1d2831dfc4f1b5b14d4,auto,9,8,775.45,88.9
710e3548e02bc1d2831dfc4f1b5b14d4,computers_accessories,30,29,4274.21,96.7
710e3548e02bc1d2831dfc4f1b5b14d4,furniture_decor,76,68,17104.0,89.5
710e3548e02bc1d2831dfc4f1b5b14d4,pet_shop,11,11,3406.31,100.0
71271995e85f5b8530be99ed54a91b89,housewares,6,5,674.15,83.3
712e6ed8aa4aa1fa65dab41fed5737e4,auto,87,66,48959.94,75.9
7139dc5186aa238b006e066d8fbab2e4,costruction_tools_tools,5,4,239.33,80.0
7139dc5186aa238b006e066d8fbab2e4,furniture_decor,15,13,1991.07,86.7
7142540dd4c91e2237acb7e911c4eba2,auto,234,221,34000.9,94.4
7142540dd4c91e2237acb7e911c4eba2,fashion_shoes,105,99,13170.42,94.3
714b9a1332840f257b49f476bea4e341,computers_accessories,6,4,1658.0900000000001,66.7
71593c7413973a1e160057b80d4958f6,furniture_decor,15,15,621.63,100.0
715bbd5ba4e6b74cb0d2f29eb45058b0,furniture_decor,24,24,2080.02,100.0
715bbd5ba4e6b74cb0d2f29eb45058b0,kitchen_dining_laundry_garden_furniture,17,15,1593.31,88.2
715bbd5ba4e6b74cb0d2f29eb45058b0,watches_gifts,28,25,1768.01,89.3
7178f9f4dd81dcef02f62acdf8151e01,auto,15,14,1374.04,93.3
7178f9f4dd81dcef02f62acdf8151e01,computers_accessories,28,26,2811.21,92.9
7178f9f4dd81dcef02f62acdf8151e01,electronics,25,25,2769.13,100.0
7178f9f4dd81dcef02f62acdf8151e01,health_beauty,61,54,5645.72,88.5
7178f9f4dd81dcef02f62acdf8151e01,musical_instruments,23,22,9767.57,95.7
7178f9f4dd81dcef02f62acdf8151e01,perfumery,53,50,18409.46,94.3
717b78b0950b51ed00b1471d858b0edc,housewares,5,4,219.75,80.0
718539d38d07dd351c76db862760e2e2,pet_shop,43,43,2467.24,100.0
71dc18fd8cbf5fd77f45dd8b427abb34,garden_tools,9,9,3398.24,100.0
7202e2ba20579a9bd1acb29e61fe71f6,auto,8,8,1465.63,100.0
7202e2ba20579a9bd1acb29e61fe71f6,telephony,49,45,12208.54,91.8
72146da5774cabf2632faedcae097a76,signaling_and_security,5,4,437.7,80.0
7238a95bb63ef7e498389fb863b834a1,baby,7,7,1767.25,100.0
7238a95bb63ef7e498389fb863b834a1,costruction_tools_garden,5,5,788.86,100.0
723cd880edaacdb998898b67c8f9da30,bed_bath_table,8,8,2504.48,100.0
725af026f869236a8dd0ceb98564d156,housewares,5,5,936.6700000000001,100.0
725c32fa80c2faacc4fc88450d27314e,toys,91,90,9732.03,98.9
7299e27ed73d2ad986de7f7c77d919fa,consoles_games,166,164,17537.53,98.8
7299e27ed73d2ad986de7f7c77d919fa,housewares,81,78,4175.1,96.3
7299e27ed73d2ad986de7f7c77d919fa,small_appliances,10,10,848.6,100.0
7299e27ed73d2ad986de7f7c77d919fa,sports_leisure,11,11,1941.06,100.0
7299e27ed73d2ad986de7f7c77d919fa,toys,88,86,17573.57,97.7
729b2d09b2a0bdab221076327f13d050,health_beauty,40,39,2795.63,97.5
729b2d09b2a0bdab221076327f13d050,sports_leisure,22,21,1228.18,95.5
729f06993dac8e860d4f02d7088ca48a,housewares,89,83,22301.65,93.3
729f06993dac8e860d4f02d7088ca48a,pet_shop,26,26,5604.57,100.0
72bc2cce903c872fe376a8faaa81d237,books_general_interest,7,7,355.12,100.0
72bc2cce903c872fe376a8faaa81d237,books_technical,11,11,2428.48,100.0
72c5da29406b4234927b81855e7b64f6,auto,6,6,1627.1599999999999,100.0
72c5da29406b4234927b81855e7b64f6,construction_tools_construction,22,22,10187.99,100.0
730937bf88cb151eb2eb849f642fc213,sports_leisure,23,23,3293.92,100.0
7354220fb240bde543b3c40c060d41e7,computers_accessories,7,7,508.64,100.0
7357b52d27cbaa90f81a96cbc1279396,housewares,13,12,1476.92,92.3
73a63f72308aa20a46f4b1632018f196,garden_tools,29,29,12633.05,100.0
73b8eb4a9a729d4019b24ed1be748cbf,auto,5,5,369.7,100.0
744dac408745240a2c2528fb1b6028f3,watches_gifts,79,77,26509.05,97.5
750303a20e9c56b2a6bc45cdce0b897d,costruction_tools_tools,8,8,654.0,100.0
750303a20e9c56b2a6bc45cdce0b897d,garden_tools,5,3,233.74,60.0
750303a20e9c56b2a6bc45cdce0b897d,health_beauty,13,13,1011.22,100.0
750303a20e9c56b2a6bc45cdce0b897d,sports_leisure,33,28,10307.82,84.8
751bdc4d83a466c7206cd42e8f426b03,food_drink,15,15,1297.73,100.0
751bdc4d83a466c7206cd42e8f426b03,sports_leisure,56,55,10323.63,98.2
7586919161935337bf6b6d7ff5779648,sports_leisure,17,15,3984.3,88.2
75a4764c108403a7a0575140cb22287c,housewares,8,8,2271.3,100.0
75d34ebb1bd0bd7dde40dd507b8169c3,telephony,77,69,18620.3,89.6
75fbb52eda0cbc24f479d3b2fbfa8d3e,dvds_blu_ray,42,41,2344.9,97.6
7681ef142fd2c19048da7430856b5588,computers,38,37,60373.35,97.4
7681ef142fd2c19048da7430856b5588,industry_commerce_and_business,26,25,4374.0,96.2
7681ef142fd2c19048da7430856b5588,music,6,6,1194.42,100.0
768a86e36ad6aae3d03ee3c6433d61df,baby,7,7,279.91999999999996,100.0
768a86e36ad6aae3d03ee3c6433d61df,toys,10,10,520.74,100.0
768de2a4fc06aacecb9a586ccc30746a,cool_stuff,12,12,466.38,100.0
76c47a299e4a8fe992316a85865acbe9,health_beauty,10,9,3051.02,90.0
76d5af76d0271110f9af36c92573f765,garden_tools,6,6,217.89,100.0
76d5af76d0271110f9af36c92573f765,home_construction,11,8,3830.22,72.7
76d5af76d0271110f9af36c92573f765,pet_shop,35,35,2807.6400000000003,100.0
76d5af76d0271110f9af36c92573f765,sports_leisure,102,99,32653.59,97.1
76d64c4aca3a7baf218bf93ef7fa768d,bed_bath_table,5,5,830.04,100.0
76d64c4aca3a7baf218bf93ef7fa768d,construction_tools_construction,6,6,2762.09,100.0
76d64c4aca3a7baf218bf93ef7fa768d,industry_commerce_and_business,23,23,4816.8099999999995,100.0
76d64c4aca3a7baf218bf93ef7fa768d,toys,32,31,12280.62,96.9
7722b1df1b0e383e000397b2c11e3e19,furniture_decor,34,33,2124.56,97.1
7722b1df1b0e383e000397b2c11e3e19,housewares,106,105,8847.22,99.1
77530e9772f57a62c906e1c21538ab82,baby,9,9,1410.4,100.0
77530e9772f57a62c906e1c21538ab82,furniture_decor,382,350,80422.9,91.6
77a515caa36327151d1cc6c32a9f00e1,stationery,26,24,2613.58,92.3
77e4abfd739aed9c46480f90f81c0eb4,cine_photo,5,5,686.34,100.0
77e4abfd739aed9c46480f90f81c0eb4,stationery,8,8,2703.3,100.0
77fccaae319668a8ab6cd0fd16aec48c,perfumery,5,5,607.81,100.0
77fccaae319668a8ab6cd0fd16aec48c,sports_leisure,6,6,1559.83,100.0
7813ea3ebd9411dc600b4dd01f7a97b9,telephony,9,9,1418.98,100.0
784ba75dd9d20200c4caed3d7a77141a,computers_accessories,6,5,7979.59,83.3
784ba75dd9d20200c4caed3d7a77141a,stationery,11,11,609.83,100.0
78744a20ee2f80ba64f6804c25def2b8,furniture_decor,6,5,3068.85,83.3
788e857f317e53de488d393e65a80f45,stationery,11,11,1394.95,100.0
78a4d36f65a019172c6154468831a69f,kitchen_dining_laundry_garden_furniture,7,6,1768.9,85.7
78c99c6dff4eeae5be99bf635ed21e3f,sports_leisure,39,36,3821.22,92.3
7901646fdd36a55f564ffaf2dbccaaf7,air_conditioning,13,13,11727.7,100.0
7901646fdd36a55f564ffaf2dbccaaf7,garden_tools,14,13,4402.62,92.9
7994b065a7ffb14e71c6312cf87b9de2,furniture_living_room,6,6,607.4200000000001,100.0
79a679c36c08d606b3fd47ead9de109b,drinks,5,5,3173.12,100.0
79ebd9a61bac3eaf882805ed4ecfa12a,furniture_decor,140,135,19914.55,96.4
79ed755314cfe6df0daef2c6cd3022cd,garden_tools,23,23,4300.43,100.0
7a241947449cc45dbfda4f9d0798d9d0,air_conditioning,33,32,4772.09,97.0
7a241947449cc45dbfda4f9d0798d9d0,housewares,35,33,17799.64,94.3
7a2d2949aea47fab95fd98d6c9f618b1,pet_shop,9,9,1061.57,100.0
7a425d299613df3e613bcf9d2eaf5c49,perfumery,19,19,1505.47,100.0
7a67c85e85bb2ce8582c35f2203ad736,baby,116,115,9056.58,99.1
7a67c85e85bb2ce8582c35f2203ad736,cool_stuff,1108,1081,157293.1,97.6
7a91bf945c6fae0779f1c61ce97fe45c,health_beauty,5,4,699.77,80.0
7a9c12e235c36247c3c81f50d6ea9cea,toys,6,6,1099.59,100.0
7aa4334be125fcdd2ba64b3180029f14,baby,18,14,1805.54,77.8
7aa4334be125fcdd2ba64b3180029f14,bed_bath_table,11,11,864.32,100.0
7aa4334be125fcdd2ba64b3180029f14,cool_stuff,24,18,2046.95,75.0
7aa4334be125fcdd2ba64b3180029f14,toys,199,172,19464.38,86.4
7ad32824caee82087b3e2e5f33b1bf32,bed_bath_table,178,172,33946.32,96.6
7ade73f1b9b4e965f9009a4c3a7e2c15,computers_accessories,8,8,582.57,100.0
7ade73f1b9b4e965f9009a4c3a7e2c15,home_appliances,9,9,679.4,100.0
7ade73f1b9b4e965f9009a4c3a7e2c15,housewares,9,9,804.38,100.0
7b07b3c7487f0ea825fc6df75abd658b,sports_leisure,93,91,10072.33,97.8
7b0df942f46435babab05d49b744b2c4,musical_instruments,45,45,22425.73,100.0
7b1222c3624aa89b9558b50a2594188c,toys,17,16,9412.02,94.1
7b7ed56ae755e2880f2b69632e839c1e,housewares,5,5,456.6,100.0
7b7f91e98f8c6def45a1407923304402,housewares,11,10,969.53,90.9
7b98de631987e26dd6d803490c43a13c,construction_tools_construction,6,6,553.45,100.0
7bac63f6603d382cc8d0832eb6c100a8,garden_tools,5,5,2217.61,100.0
7bac63f6603d382cc8d0832eb6c100a8,home_appliances,5,4,2876.81,80.0
7bac63f6603d382cc8d0832eb6c100a8,sports_leisure,8,8,2255.94,100.0
7c1fea10b5b006671d608b1d7c446ec4,telephony,11,10,642.23,90.9
7c4618c82226628831613e95e9c22f44,sports_leisure,14,14,535.99,100.0
7c5b05cbdb5542049f38d90d7815b97d,books_imported,23,23,1628.34,100.0
7c67e1448b00f6e969d365cea6b010ab,furniture_decor,99,81,22807.41,81.8
7c67e1448b00f6e969d365cea6b010ab,furniture_living_room,16,16,7310.29,100.0
7c67e1448b00f6e969d365cea6b010ab,office_furniture,1298,1087,465583.9,83.7
7c67e1448b00f6e969d365cea6b010ab,sports_leisure,18,16,5594.71,88.9
7d13fca15225358621be4086e1eb0964,audio,48,44,20610.09,91.7
7d13fca15225358621be4086e1eb0964,electronics,15,14,3778.5,93.3
7d13fca15225358621be4086e1eb0964,watches_gifts,516,475,100072.19,92.1
7d294cf9a6a69dc6a0c3e540fff0e039,baby,7,7,451.38,100.0
7d456afc660226829370f3173d14520c,bed_bath_table,42,39,13591.75,92.9
7d456afc660226829370f3173d14520c,health_beauty,6,6,445.4,100.0
7d456afc660226829370f3173d14520c,market_place,35,32,9004.21,91.4
7d456afc660226829370f3173d14520c,perfumery,5,5,378.37,100.0
7d76b645482be4a332374e8223836592,telephony,191,179,7127.93,93.7
7daca0837f033a41a6f3428c18657533,housewares,8,8,1397.14,100.0
7dc8c42cc750eeafea6c85712ffee9bf,furniture_decor,9,9,2128.19,100.0
7dc8c42cc750eeafea6c85712ffee9bf,health_beauty,10,10,713.26,100.0
7dc8c42cc750eeafea6c85712ffee9bf,housewares,33,32,7564.45,97.0
7ddcbb64b5bc1ef36ca8c151f6ec77df,auto,31,29,1500.1000000000001,93.5
7ddcbb64b5bc1ef36ca8c151f6ec77df,computers_accessories,57,57,3004.4300000000003,100.0
7ddcbb64b5bc1ef36ca8c151f6ec77df,consoles_games,10,9,9636.42,90.0
7ddcbb64b5bc1ef36ca8c151f6ec77df,cool_stuff,181,168,31311.94,92.8
7ddcbb64b5bc1ef36ca8c151f6ec77df,electronics,13,13,2707.75,100.0
7ddcbb64b5bc1ef36ca8c151f6ec77df,health_beauty,10,8,2596.63,80.0
7ddcbb64b5bc1ef36ca8c151f6ec77df,luggage_accessories,38,38,10687.0,100.0
7ddcbb64b5bc1ef36ca8c151f6ec77df,sports_leisure,18,17,2781.39,94.4
7e1fb0a3ebfb01ffb3a7dae98bf3238d,health_beauty,147,137,30240.9,93.2
7e1fb0a3ebfb01ffb3a7dae98bf3238d,sports_leisure,25,23,3445.83,92.0
7e3f87d16fb353f408d467e74fbd8014,computers_accessories,72,68,4567.25,94.4
7e3f87d16fb353f408d467e74fbd8014,electronics,5,5,543.1700000000001,100.0
7e3f87d16fb353f408d467e74fbd8014,furniture_decor,14,13,1162.33,92.9
7e93a43ef30c4f03f38b393420bc753a,audio,9,8,2180.98,88.9
7e93a43ef30c4f03f38b393420bc753a,sports_leisure,5,5,1265.39,100.0
7e93a43ef30c4f03f38b393420bc753a,watches_gifts,307,298,166605.31,97.1
7ea5bfa6c340f58f8e71fc1f0412b0d6,baby,103,98,12892.97,95.1
7ea5bfa6c340f58f8e71fc1f0412b0d6,cool_stuff,7,7,658.7,100.0
7ecd59e5e20407131822c1a68ac59c1f,stationery,30,29,3231.68,96.7
7ecef8194babfec876ca720714327841,construction_tools_construction,7,7,853.35,100.0
7f152321c60a266edc53af1925ef96c1,sports_leisure,20,14,4756.93,70.0
7f2617c58d5d06806987308b45654351,sports_leisure,23,23,4312.69,100.0
7f5e4d5efad7e44b91115dd1decb65f3,computers_accessories,9,9,973.8000000000001,100.0
7f7b8245c336066a1f9933c359f11d77,books_general_interest,5,5,126.42999999999999,100.0
7f7b8245c336066a1f9933c359f11d77,health_beauty,27,27,1933.52,100.0
7fc87cc3e89b3d1d5cabdca32f8485aa,office_furniture,10,10,2374.73,100.0
7fdb0720c8d7c9075538b365dc8c3a22,furniture_bedroom,5,5,1857.62,100.0
7ff588a03c2aeae4fbd23f9ae64b760d,auto,18,18,2063.42,100.0
8060d731897e33b5c5ae575ce1e209e1,sports_leisure,5,5,290.95,100.0
808d4348b916efa08e766ebad39f61eb,perfumery,21,21,981.54,100.0
8090490573c6c0aa343a7231ebcb8c86,art,7,7,399.88,100.0
8090490573c6c0aa343a7231ebcb8c86,health_beauty,14,12,2972.07,85.7
809413606dbfe5deefd2db646693ef67,food_drink,5,5,450.95,100.0
80e6699fe29150b372a0c8a1ebf7dcc8,sports_leisure,97,93,12569.5,95.9
80f2cf9abf6b5a0e5c612b5eea6646e6,baby,5,5,862.32,100.0
813348c996469b40f2e028d5429d3495,housewares,197,188,18359.02,95.4
81336a0f57a33776419727a300249e90,sports_leisure,16,14,1873.68,87.5
8160255418d5aaa7dbdc9f4c64ebda44,bed_bath_table,421,382,69209.26,90.7
817245bcc3badd82bbd222e0366951a6,auto,44,43,11849.09,97.7
81783131d2a97c8d44d406a4be81b5d9,toys,9,9,1008.0699999999999,100.0
817f85dbb65aa3e70831d90fe75cdf89,toys,8,7,1333.24,87.5
8185694b58b2ba6de20fd41ae608bbea,furniture_decor,6,6,1304.92,100.0
81a1104df0f08b59c68aa5b03cfe398e,garden_tools,75,73,11115.43,97.3
81f89e42267213cb94da7ddc301651da,consoles_games,29,29,3038.86,100.0
81f89e42267213cb94da7ddc301651da,perfumery,26,26,2835.37,100.0
820cc752a266cdc6c1a1e61dd4583330,small_appliances,12,12,2794.02,100.0
821fb029fc6e495ca4f08a35d51e53a5,sports_leisure,22,16,17294.37,72.7
822166ed1e47908f7cfb49946d03c726,bed_bath_table,149,143,11055.56,96.0
822166ed1e47908f7cfb49946d03c726,furniture_decor,9,9,461.86,100.0
822b63912576852aea9a8436d72317b7,consoles_games,7,5,3918.99,71.4
822bad9bc42b51213ba522fe87b7ab5d,telephony,15,10,4360.59,66.7
827f8f69dfa529c561901c4f2e0f332f,baby,21,20,1032.28,95.2
827f8f69dfa529c561901c4f2e0f332f,fashion_shoes,82,80,5165.16,97.6
82bd0703a4aefd6b599e5bfdaed378fb,health_beauty,14,14,2243.45,100.0
82bd0703a4aefd6b599e5bfdaed378fb,perfumery,8,8,1245.7,100.0
82cb9f452fe8334df74b22d37824b431,small_appliances,14,14,1295.87,100.0
82e0a475a88cc9595229d8029273f045,furniture_decor,81,80,30308.670000000002,98.8
83353a83fd769dfafa4f21a72b15e3e5,sports_leisure,5,4,674.3299999999999,80.0
834f3294fba9f932f56edc879193f925,cool_stuff,65,63,43527.979999999996,96.9
834f8533b2ecb6598dd004ff3de7203a,baby,17,16,2501.45,94.1
834f8533b2ecb6598dd004ff3de7203a,pet_shop,22,19,2644.5,86.4
835f0f7810c76831d6c7d24c7a646d4d,fashion_male_clothing,14,8,1632.1399999999999,57.1
835f0f7810c76831d6c7d24c7a646d4d,housewares,38,34,5918.31,89.5
83645b1645cdee8953ee54c29ceed564,baby,8,8,770.76,100.0
83645b1645cdee8953ee54c29ceed564,health_beauty,5,5,366.84,100.0
8378eb36b6b70c5734e83ad7b8cdc3b7,home_construction,12,9,4422.2,75.0
83b08de96980757220871b31bf6cffca,construction_tools_construction,7,6,4612.88,85.7
83deb69e889cf80f82be1dc6d5f2d486,musical_instruments,42,41,6572.63,97.6
83e197e95a1bbabc8c75e883ed016c47,books_general_interest,51,50,9799.52,98.0
8444e55c1f13cd5c179851e5ca5ebd00,baby,7,6,2549.79,85.7
8444e55c1f13cd5c179851e5ca5ebd00,cool_stuff,22,21,5387.17,95.5
8444e55c1f13cd5c179851e5ca5ebd00,health_beauty,11,9,1253.79,81.8
8444e55c1f13cd5c179851e5ca5ebd00,perfumery,28,24,5146.4800000000005,85.7
8444e55c1f13cd5c179851e5ca5ebd00,toys,8,3,1323.72,37.5
8444e55c1f13cd5c179851e5ca5ebd00,watches_gifts,9,4,2934.37,44.4
845e8036c3f7bf62099352f5ed910240,baby,5,5,537.93,100.0
845e8036c3f7bf62099352f5ed910240,bed_bath_table,26,26,2325.81,100.0
8476243f92442881ddd5b578975cf115,health_beauty,7,7,3517.39,100.0
8476243f92442881ddd5b578975cf115,telephony,5,2,3444.62,40.0
850913d59ce317156b00f3705f1c3edb,auto,10,10,1454.8400000000001,100.0
850913d59ce317156b00f3705f1c3edb,telephony,20,19,1413.26,95.0
850f4f8af5ea87287ac68de36e29107f,cool_stuff,58,58,26001.579999999998,100.0
850f4f8af5ea87287ac68de36e29107f,toys,118,112,20571.17,94.9
850f4f8af5ea87287ac68de36e29107f,watches_gifts,17,17,1692.95,100.0
851773c885feb5e2da3b4f82bc2b17ce,health_beauty,11,9,828.14,81.8
855668e0971d4dfd7bef1b6a4133b41b,baby,288,260,33918.44,90.3
855668e0971d4dfd7bef1b6a4133b41b,cool_stuff,30,26,6186.99,86.7
8581055ce74af1daba164fdbd55a40de,auto,441,422,92737.88,95.7
85d9eb9ddc5d00ca9336a2219c97bb13,auto,23,23,804.76,100.0
85d9eb9ddc5d00ca9336a2219c97bb13,computers_accessories,497,472,22696.0,95.0
85d9eb9ddc5d00ca9336a2219c97bb13,cool_stuff,12,12,1563.35,100.0
8602a61d680a10a82cceeeda0d99ea3d,fashion_bags_accessories,22,22,1825.45,100.0
8629c241b3622ac12cd4118afdc8d394,garden_tools,5,5,578.57,100.0
8629c241b3622ac12cd4118afdc8d394,perfumery,7,6,834.59,85.7
863d2ebcd347ce4922de7a0f9a5581d6,auto,19,17,1808.88,89.5
8648b1e89e9b349e32d3741b30ec737e,construction_tools_construction,82,81,7700.82,98.8
8648b1e89e9b349e32d3741b30ec737e,home_construction,11,11,1023.0300000000001,100.0
866558b3bccef2dbc6d29a2b5995016f,furniture_decor,5,5,1068.3,100.0
86bb7c4b535e49a541baf3266b1c95b1,toys,16,14,8487.22,87.5
86ccac0b835037332a596a33b6949ee1,watches_gifts,213,209,28802.35,98.1
86ff3eaef0267069cc891a2ed9d10a17,sports_leisure,6,6,451.32,100.0
870d0118f7a9d85960f29ad89d5d989a,furniture_living_room,57,54,5853.2699999999995,94.7
870d0118f7a9d85960f29ad89d5d989a,housewares,9,9,1217.78,100.0
87142160b41353c4e5fca2360caf6f92,computers_accessories,281,274,40615.909999999996,97.5
87142160b41353c4e5fca2360caf6f92,consoles_games,15,15,703.21,100.0
87142160b41353c4e5fca2360caf6f92,electronics,20,20,1938.82,100.0
87142160b41353c4e5fca2360caf6f92,sports_leisure,17,17,2103.3,100.0
87b740daf17b5d1be335a64164ec6842,sports_leisure,12,10,13497.14,83.3
87d30a6a0cbf89356e49324971ab1d24,toys,17,16,2349.91,94.1
87d3c3aeb3ead335511b3ce315eb341e,toys,11,11,816.1700000000001,100.0
87e24fc7052259b1f7f607d61c10d8be,telephony,5,5,6814.61,100.0
88460e8ebdecbfecb5f9601833981930,computers_accessories,302,265,55055.44,87.7
888faa8bfb0b159c37de6d898b961c31,sports_leisure,9,9,1490.39,100.0
88cf19ec1fc2c58f161aee259d57142c,home_appliances,5,5,621.9399999999999,100.0
88cf19ec1fc2c58f161aee259d57142c,small_appliances_home_oven_and_coffee,8,8,902.18,100.0
891071be6ba827b591264c90c2ae8a63,bed_bath_table,17,17,568.92,100.0
891071be6ba827b591264c90c2ae8a63,cool_stuff,14,6,252.61,42.9
891071be6ba827b591264c90c2ae8a63,fashion_bags_accessories,43,35,3322.2200000000003,81.4
891071be6ba827b591264c90c2ae8a63,market_place,10,10,758.09,100.0
891071be6ba827b591264c90c2ae8a63,stationery,8,8,303.51,100.0
8931a84a914b3fe9b1ddaa4d704947ca,perfumery,32,32,5883.95,100.0
897060da8b9a21f655304d50fd935913,computers_accessories,411,388,48301.56,94.4
89a51f50b8095ea78d5768f34c13a76f,perfumery,12,12,959.16,100.0
89ad3263c0931c47f976d7c5778e60f6,baby,6,6,764.62,100.0
89bc797e2e29667aa035d4368f9b7f92,telephony,19,18,846.04,94.7
89de2d6f23e9746ff309705b23581faa,books_technical,8,8,500.08,100.0
89f69225956f951295ca4c7fb1266553,toys,7,7,1134.6399999999999,100.0
8a130737016f838139d31878787a39c9,construction_tools_construction,9,9,795.27,100.0
8a130737016f838139d31878787a39c9,home_construction,69,67,5283.8,97.1
8a2d12a90e92f012ce5226fc6592b653,housewares,17,17,1901.89,100.0
8a32e327fe2c1b3511609d81aaf9f042,bed_bath_table,34,34,2733.17,100.0
8a32e327fe2c1b3511609d81aaf9f042,furniture_decor,143,142,11187.31,99.3
8a432f4e5b471f8da497d7dc517666e2,baby,6,6,612.36,100.0
8a432f4e5b471f8da497d7dc517666e2,bed_bath_table,93,93,10621.87,100.0
8a432f4e5b471f8da497d7dc517666e2,housewares,13,13,900.64,100.0
8a87611c08849ffeeccab52aa798b6c7,garden_tools,5,5,770.26,100.0
8a9260f2b0340411d6d2a56bcf4f7378,food,5,5,423.96000000000004,100.0
8ab42aa58097fd4668d60cc648225d5f,bed_bath_table,25,25,4977.13,100.0
8ae520247981aa06bc94abddf5f46d34,sports_leisure,10,10,3324.84,100.0
8ae520247981aa06bc94abddf5f46d34,watches_gifts,57,57,13298.99,100.0
8b2492b7ff4468839593fafeed55bad9,health_beauty,46,41,8988.82,89.1
8b28d096634035667e8263d57ba3368c,consoles_games,6,6,502.34,100.0
8b28d096634035667e8263d57ba3368c,cool_stuff,8,8,2082.87,100.0
8b28d096634035667e8263d57ba3368c,furniture_decor,5,5,399.98,100.0
8b28d096634035667e8263d57ba3368c,garden_tools,5,5,303.59000000000003,100.0
8b28d096634035667e8263d57ba3368c,health_beauty,72,69,6073.93,95.8
8b28d096634035667e8263d57ba3368c,housewares,32,29,2353.04,90.6
8b28d096634035667e8263d57ba3368c,sports_leisure,6,6,629.88,100.0
8b28d096634035667e8263d57ba3368c,telephony,11,9,450.85,81.8
8b2d4ab22f42c5cfc338b846decfda60,sports_leisure,8,8,793.25,100.0
8b321bb669392f5163d04c59e235e066,air_conditioning,11,9,759.17,81.8
8b321bb669392f5163d04c59e235e066,auto,9,9,276.28000000000003,100.0
8b321bb669392f5163d04c59e235e066,computers_accessories,15,15,1968.39,100.0
8b321bb669392f5163d04c59e235e066,consoles_games,22,22,1488.06,100.0
8b321bb669392f5163d04c59e235e066,cool_stuff,5,5,752.23,100.0
8b321bb669392f5163d04c59e235e066,electronics,911,865,31366.51,95.0
8b321bb669392f5163d04c59e235e066,garden_tools,6,6,166.22,100.0
8b321bb669392f5163d04c59e235e066,musical_instruments,19,18,1619.47,94.7
8b321bb669392f5163d04c59e235e066,stationery,14,13,390.5,92.9
8b321bb669392f5163d04c59e235e066,telephony,5,5,170.87,100.0
8b655f0855926bcb49f5835d38dfddf6,stationery,5,5,1162.81,100.0
8b8cfc8305aa441e4239358c9f6f2485,cool_stuff,13,13,10283.34,100.0
8b9d6eec4a7eb7d0f9d579ce0b38324d,furniture_living_room,51,50,7133.86,98.0
8bb48dc19fccaa8613b6229bf7f452a2,costruction_tools_garden,64,64,6289.06,100.0
8bb48dc19fccaa8613b6229bf7f452a2,flowers,22,21,1025.66,95.5
8bb48dc19fccaa8613b6229bf7f452a2,garden_tools,8,8,734.43,100.0
8bd0e3abda539b9479c4b44a691be1ec,health_beauty,12,8,1793.84,66.7
8bd0f31cf0a614c658f6763bd02dea69,furniture_decor,26,26,4248.38,100.0
8bd0f31cf0a614c658f6763bd02dea69,toys,7,7,874.26,100.0
8bdd8e3fd58bafa48af76b2c5fd71974,toys,10,10,2109.6,100.0
8c0de775f52fe41590b376a3b7c50f68,sports_leisure,8,8,707.52,100.0
8c16d1f32a54d92897cc437244442e1b,art,6,6,380.03,100.0
8c16d1f32a54d92897cc437244442e1b,computers_accessories,91,89,6079.99,97.8
8c16d1f32a54d92897cc437244442e1b,housewares,8,8,475.99,100.0
8c16d1f32a54d92897cc437244442e1b,office_furniture,9,9,1595.98,100.0
8c5e007d7bd5693fa1386ffefbc99f6c,health_beauty,24,24,5284.47,100.0
8ca1551acf9832a4cf467bbbac15851f,furniture_decor,9,9,2021.86,100.0
8cbac7e12637ed9cffa18c7875207478,baby,18,16,1761.41,88.9
8cbac7e12637ed9cffa18c7875207478,cool_stuff,40,39,3000.32,97.5
8cbac7e12637ed9cffa18c7875207478,sports_leisure,7,7,460.63,100.0
8cbac7e12637ed9cffa18c7875207478,toys,20,20,1981.94,100.0
8cc6a0e5738e61a87b03c78b2ba9db4b,stationery,9,8,859.72,88.9
8cc6a0e5738e61a87b03c78b2ba9db4b,toys,6,6,4564.74,100.0
8d46553a36e68f95350a200c12f8f2e2,perfumery,11,11,372.48,100.0
8d79c8a04e42d722a75097ce5cbcf2ef,food,34,31,3819.0499999999997,91.2
8d899e15a5925f097cca50faa49b15e3,furniture_decor,9,9,2802.1,100.0
8d956fec2e4337affcb520f56fd8cbfd,auto,13,13,502.92,100.0
8d956fec2e4337affcb520f56fd8cbfd,cine_photo,12,11,1651.35,91.7
8d956fec2e4337affcb520f56fd8cbfd,computers_accessories,36,36,1776.13,100.0
8d956fec2e4337affcb520f56fd8cbfd,electronics,6,6,435.97,100.0
8d956fec2e4337affcb520f56fd8cbfd,health_beauty,17,16,881.3100000000001,94.1
8d956fec2e4337affcb520f56fd8cbfd,sports_leisure,90,89,5728.23,98.9
8d956fec2e4337affcb520f56fd8cbfd,stationery,7,7,1035.9,100.0
8d956fec2e4337affcb520f56fd8cbfd,telephony,50,50,3507.59,100.0
8daab2245ebdc277c51098d01c5ad8ef,costruction_tools_tools,11,11,1212.56,100.0
8e2b3afb420011ef0c88c9d5f11ea526,sports_leisure,10,10,1542.42,100.0
8e34331b7eedd03be4e5d965c1956225,books_general_interest,5,4,210.44,80.0
8e6cc767478edae941d9bd9eb778d77a,housewares,122,117,9112.55,95.9
8e6d7754bc7e0f22c96d255ebda59eba,computers_accessories,131,128,75515.82,97.7
8e8a7ce9f2f970dc00e2acf6f6e199f6,computers_accessories,64,62,10259.46,96.9
8ed8ea9a57c862f2c18c2fe41f601d56,cool_stuff,19,19,4285.27,100.0
8f119a0aee85c0c8fc534629734e94fd,auto,5,5,286.63,100.0
8f119a0aee85c0c8fc534629734e94fd,construction_tools_construction,6,6,628.35,100.0
8f119a0aee85c0c8fc534629734e94fd,housewares,6,6,286.64,100.0
8f119a0aee85c0c8fc534629734e94fd,small_appliances,12,12,560.92,100.0
8f119a0aee85c0c8fc534629734e94fd,toys,47,46,3322.19,97.9
8f2b51a30523cdecddc2f179f351c7d6,auto,8,8,1853.86,100.0
8f2ce03f928b567e3d56181ae20ae952,sports_leisure,173,162,36500.32,93.6
8f54d64f28a993550aa7943f12572959,health_beauty,16,15,3321.12,93.8
8f580d36c1e9d6fbce95283403c7d447,auto,7,7,4589.34,100.0
8f78f0903005064036736c7173a5c2ed,furniture_decor,18,17,3142.2200000000003,94.4
8fb791022c1fc8909664f48ab7dc636d,home_appliances_2,5,5,8483.35,100.0
8fbd63429be6d3e5e6d1a709b6464802,auto,9,9,2282.75,100.0
8fdca8e349553f99bc738833a62c8802,computers_accessories,13,13,879.52,100.0
8fdca8e349553f99bc738833a62c8802,electronics,15,14,1222.31,93.3
8fe8786ee000001ab51d030dfd4a7bf1,musical_instruments,5,4,2456.44,80.0
8fec2e460530482132c436cfb5439925,toys,5,2,1003.05,40.0
8ff1a9df749e454105c55cda13e79143,housewares,11,11,766.6,100.0
8ff38bc3969e67c36c48343a07090f66,auto,12,12,15438.24,100.0
900ba814c251a692506d7834c1218441,health_beauty,89,82,31443.25,92.1
903037660cf848a717166eb7a06d616e,furniture_decor,30,28,6351.28,93.3
903037660cf848a717166eb7a06d616e,garden_tools,25,23,2916.24,92.0
9140bd1d9de28b197dce077bdd687438,sports_leisure,26,26,1664.57,100.0
91543f9849d68d023e17194926598543,furniture_decor,6,6,2349.27,100.0
916748bc99315c2d202898ae58b1617e,sports_leisure,39,39,896.87,100.0
916c9de0b5ad957346eeeb12f332687e,health_beauty,28,28,9186.43,100.0
91f0eec23d4a61d7d7caeefa3f0ad1ca,auto,11,7,2294.0,63.6
91f848e9f4be368f4318775aac733370,housewares,63,63,9139.68,100.0
921323538c9f1c4e816f2720eac02bea,sports_leisure,14,13,1583.41,92.9
9261d76c62caaf0b24677c2ceb7f8f20,housewares,7,7,1591.4,100.0
92d14edfb62ee5ae7fdff70b0f4e7233,food_drink,6,6,565.03,100.0
92d14edfb62ee5ae7fdff70b0f4e7233,health_beauty,5,5,305.94,100.0
92eb0f42c21942b6552362b9b114707d,cool_stuff,33,33,999.96,100.0
92eb0f42c21942b6552362b9b114707d,telephony,340,330,12048.05,97.1
93b9a99027bd8bd6af682aff18dd19bf,furniture_decor,11,11,1084.66,100.0
93b9a99027bd8bd6af682aff18dd19bf,housewares,6,5,1116.48,83.3
93dc87703c046b603023e75222018b45,watches_gifts,29,27,7397.51,93.1
94144541854e298c2d976cb893b81343,health_beauty,71,68,22490.149999999998,95.8
9449f25aeaf531019b76999ea49a6949,health_beauty,9,9,2150.04,100.0
94b9108d4b637ba65bb4f1e53cfcf8d8,electronics,5,5,381.05,100.0
94e93ce877be27a515118dbfd2c2be41,garden_tools,7,6,2192.39,85.7
94e93ce877be27a515118dbfd2c2be41,home_confort,7,7,950.65,100.0
94e93ce877be27a515118dbfd2c2be41,housewares,10,10,2849.66,100.0
951e8cef368f09bb3f3d03c00ca4702c,baby,17,17,1274.83,100.0
951e8cef368f09bb3f3d03c00ca4702c,bed_bath_table,54,53,5691.35,98.1
9539213aa8e023c01937bef95dc006da,housewares,15,15,319.03999999999996,100.0
955fee9216a65b617aa5c0531780ce60,agro_industry_and_commerce,13,13,449.43,100.0
955fee9216a65b617aa5c0531780ce60,art,13,13,1067.7,100.0
955fee9216a65b617aa5c0531780ce60,auto,17,17,1432.92,100.0
955fee9216a65b617aa5c0531780ce60,computers_accessories,24,24,2628.49,100.0
955fee9216a65b617aa5c0531780ce60,construction_tools_construction,17,17,2178.83,100.0
955fee9216a65b617aa5c0531780ce60,construction_tools_lights,62,62,7031.08,100.0
955fee9216a65b617aa5c0531780ce60,cool_stuff,117,115,5926.29,98.3
955fee9216a65b617aa5c0531780ce60,costruction_tools_tools,9,9,2184.83,100.0
955fee9216a65b617aa5c0531780ce60,food,7,7,738.75,100.0
955fee9216a65b617aa5c0531780ce60,furniture_decor,537,515,64164.05,95.9
955fee9216a65b617aa5c0531780ce60,garden_tools,60,59,10020.72,98.3
955fee9216a65b617aa5c0531780ce60,health_beauty,115,109,16082.71,94.8
955fee9216a65b617aa5c0531780ce60,housewares,237,232,73578.32,97.9
955fee9216a65b617aa5c0531780ce60,industry_commerce_and_business,32,32,4659.64,100.0
955fee9216a65b617aa5c0531780ce60,kitchen_dining_laundry_garden_furniture,12,12,4510.76,100.0
955fee9216a65b617aa5c0531780ce60,musical_instruments,24,24,2757.76,100.0
955fee9216a65b617aa5c0531780ce60,sports_leisure,136,132,22275.93,97.1
955fee9216a65b617aa5c0531780ce60,stationery,49,45,3882.06,91.8
9596c870880d900012f2e8e6e30d06d7,construction_tools_construction,13,13,6591.92,100.0
9596c870880d900012f2e8e6e30d06d7,stationery,8,7,2971.06,87.5
95b293867b5862941c9cd74f756a3c68,telephony,6,4,338.53,66.7
95e03ca3d4146e4011985981aeb959b9,baby,15,14,1448.73,93.3
95e03ca3d4146e4011985981aeb959b9,furniture_decor,22,21,2738.81,95.5
95e03ca3d4146e4011985981aeb959b9,garden_tools,9,9,369.3,100.0
95e03ca3d4146e4011985981aeb959b9,home_construction,18,17,2347.5299999999997,94.4
95e03ca3d4146e4011985981aeb959b9,housewares,53,53,5070.54,100.0
95e03ca3d4146e4011985981aeb959b9,perfumery,15,15,782.62,100.0
95e03ca3d4146e4011985981aeb959b9,small_appliances,10,10,1013.63,100.0
95e03ca3d4146e4011985981aeb959b9,sports_leisure,17,17,1005.17,100.0
95e03ca3d4146e4011985981aeb959b9,toys,16,14,1088.92,87.5
95e03ca3d4146e4011985981aeb959b9,watches_gifts,19,19,896.75,100.0
95ec4458365c4d11f452ccf538377619,furniture_decor,13,13,2005.03,100.0
95ec4458365c4d11f452ccf538377619,housewares,5,5,184.67,100.0
95ec4458365c4d11f452ccf538377619,stationery,12,12,1043.5,100.0
95f83f51203c626648c875dd41874c7f,baby,9,9,405.07,100.0
95f83f51203c626648c875dd41874c7f,furniture_decor,58,57,6718.04,98.3
960945e1a9535cbc0cd6ddd35fbe7ae8,construction_tools_construction,25,25,3652.41,100.0
9616352088dcf83a7c06637f4ebf1c80,sports_leisure,98,98,8376.16,100.0
9646c3513289980f17226a2fc4720dbd,computers_accessories,75,67,4936.76,89.3
96493fab2fbb13a14d0c0e8772eef5c3,computers_accessories,68,68,20629.67,100.0
966cb4760537b1404caedd472cc610a5,watches_gifts,66,66,47025.23,100.0
9674754b5a0cb32b638cec001178f799,home_appliances,23,23,1691.98,100.0
9674754b5a0cb32b638cec001178f799,small_appliances,68,68,5380.6,100.0
96804ea39d96eb908e7c3afdb671bb9e,cool_stuff,6,6,575.43,100.0
96804ea39d96eb908e7c3afdb671bb9e,electronics,5,5,831.87,100.0
96804ea39d96eb908e7c3afdb671bb9e,sports_leisure,24,22,3087.12,91.7
968268a686aa05d1f529fb07dff08130,stationery,11,11,4716.22,100.0
972d0f9cf61b499a4812cf0bfa3ad3c4,bed_bath_table,89,81,11574.47,91.0
973f21788dfab357250f69a8dcb7ddee,sports_leisure,19,18,3204.86,94.7
974cf2cb8f4b7add98709c30df02fe10,computers_accessories,29,28,3098.51,96.6
97512d3fc193b2d1dfcdba0f9d1f0f8a,computers_accessories,13,13,1950.7,100.0
977f9f63dd360c2a32ece2f93ad6d306,baby,25,25,4911.69,100.0
97e4a63591ca439a2b8b7efd20e6e19e,furniture_living_room,5,5,428.5,100.0
9803a40e82e45418ab7fb84091af5231,computers_accessories,7,7,19503.07,100.0
980640c45d7a4635885491d077167e4d,fashion_bags_accessories,9,9,801.39,100.0
9853a239ab7b7ebbdc3a21248d5b8e1f,housewares,5,5,310.2,100.0
985c92cc412091f8529c12d7f23d3fef,health_beauty,12,12,1606.63,100.0
989becdce12ebc39863c2bceab6f3ca1,sports_leisure,11,11,6700.34,100.0
98dac6635aee4995d501a3972e047414,housewares,205,204,26444.3,99.5
99002261c568a84cce14d43fcffb43ea,baby,29,27,4090.2599999999998,93.1
99002261c568a84cce14d43fcffb43ea,cool_stuff,7,7,929.05,100.0
9906e7aa42a3c067b7c9a564d01c4320,sports_leisure,11,9,2468.62,81.8
994f04b3718c2bab35c2adfa8afecd2a,housewares,56,54,5237.2699999999995,96.4
99a25c39b28a74d1151c35c18d178292,baby,6,6,1312.1999999999998,100.0
99a54764c341d5dc80b4a8fac4eba3fb,housewares,79,75,6942.82,94.9
99eaacc9e6046db1c82b163c5f84869f,telephony,47,45,11997.49,95.7
9a1aea68d3efa00862ec88c0768037d0,home_appliances_2,6,6,1490.75,100.0
9a84ba99f5367fdbd4598363496f1ea2,sports_leisure,15,15,2638.4500000000003,100.0
9aa388272ee334b6ae07bc73706e254a,bed_bath_table,6,6,1162.57,100.0
9add47bf45ce8e8c7db6b9cf670b1e09,furniture_decor,37,36,4821.61,97.3
9b00ed88b7fdb95d6ff76e27c1b52d16,sports_leisure,48,46,2343.09,95.8
9b013e03b2ab786505a1d3b5c0756754,drinks,54,54,3159.53,100.0
9b013e03b2ab786505a1d3b5c0756754,food,27,27,2744.09,100.0
9b013e03b2ab786505a1d3b5c0756754,health_beauty,77,75,7092.08,97.4
9b013e03b2ab786505a1d3b5c0756754,sports_leisure,63,63,3668.66,100.0
9baf5cb77970f539089d09a38bcec5c3,housewares,15,14,2844.9500000000003,93.3
9baf5cb77970f539089d09a38bcec5c3,telephony,5,5,449.84000000000003,100.0
9bcdfa7b615b3abb9461d9e3ad9886ae,sports_leisure,22,21,3695.59,95.5
9c068d10aca38e85c50202e17b4a7e88,auto,17,15,3771.6,88.2
9c0e69c7bf2619675bbadf47b43f655a,computers_accessories,201,190,61656.29,94.5
9c1c0c36cd23c20897e473901a8fb149,food_drink,7,7,803.6600000000001,100.0
9c3c24eca51c52b91c1de727d2a2ae06,sports_leisure,5,5,986.83,100.0
9c690ceacd5c66731bf443ea810195cb,garden_tools,7,7,645.99,100.0
9c690ceacd5c66731bf443ea810195cb,housewares,5,5,706.85,100.0
9cad4b68bb993ee401a3c5aaa2bc26dd,health_beauty,8,6,2010.9,75.0
9d39404483343dd55c7ae254494d8388,telephony,14,12,434.28,85.7
9d4db00d65d7760644ac0c14edb5fd86,baby,26,26,3111.8700000000003,100.0
9d4db00d65d7760644ac0c14edb5fd86,toys,74,73,7569.9400000000005,98.6
9d5604a1f112324ad6b2aa552122e0fb,home_construction,17,17,1102.8600000000001,100.0
9d5a9018aee56acb367ba9c3f05d1d6a,auto,13,12,2013.75,92.3
9d5a9018aee56acb367ba9c3f05d1d6a,baby,33,32,5923.66,97.0
9d5a9018aee56acb367ba9c3f05d1d6a,cool_stuff,9,9,1057.7,100.0
9d5a9018aee56acb367ba9c3f05d1d6a,health_beauty,10,10,3943.0,100.0
9d5a9018aee56acb367ba9c3f05d1d6a,luggage_accessories,20,19,4153.5,95.0
9d681c7e12db302cb261e721040dde65,sports_leisure,14,14,1151.1200000000001,100.0
9d7a1d34a5052409006425275ba1c2b4,computers_accessories,5,5,1969.47,100.0
9d7a1d34a5052409006425275ba1c2b4,stationery,8,7,462.14,87.5
9dd59e43f0c9f0553244e8f9c2fb247e,perfumery,12,11,508.12,91.7
9dda5bbacd45e18d6485fee649205d09,furniture_decor,21,20,4030.74,95.2
9de4643a8dbde634fe55621059d92273,garden_tools,8,8,1196.5900000000001,100.0
9de4643a8dbde634fe55621059d92273,housewares,78,75,20984.42,96.2
9df5750209b83567ec144eb299d7d634,garden_tools,9,8,4676.97,88.9
9e6229250fedbe05838fef417b74e7fb,baby,41,40,8929.83,97.6
9e6229250fedbe05838fef417b74e7fb,bed_bath_table,20,20,4611.17,100.0
9e6229250fedbe05838fef417b74e7fb,furniture_decor,14,14,3287.01,100.0
9ed65337433adfbedefd23dd76eaa494,sports_leisure,6,6,1343.65,100.0
9f50216bfd01913736a55a11b55ea842,computers_accessories,9,9,823.87,100.0
9f505651f4a6abe901a56cdc21508025,computers_accessories,392,382,31610.86,97.4
9f505651f4a6abe901a56cdc21508025,consoles_games,10,10,334.73,100.0
9f505651f4a6abe901a56cdc21508025,housewares,34,33,3081.38,97.1
9f505651f4a6abe901a56cdc21508025,musical_instruments,13,13,730.91,100.0
9f505651f4a6abe901a56cdc21508025,watches_gifts,5,5,401.34999999999997,100.0
9fc70243fb26800cba56e8f014797004,garden_tools,5,5,642.13,100.0
a0415d9b25ede3c4b1e477e9916ffc03,watches_gifts,6,6,2821.46,100.0
a066df7361163e7ddc5d7452dd17448b,telephony,19,18,1695.2399999999998,94.7
a06c8ff043abea0528ee44171e2140a2,baby,6,6,539.06,100.0
a08692680c77d30a0b4280da5df01c5a,computers_accessories,17,17,8402.28,100.0
a0d7fbb07bb5ebc3b05980e750db56f3,furniture_decor,8,8,1930.98,100.0
a1043bafd471dff536d0c462352beb48,computers_accessories,345,330,67681.12,95.7
a1043bafd471dff536d0c462352beb48,garden_tools,442,422,82026.65,95.5
a13580f0e8f782b7a543885a0ef99f08,perfumery,6,4,1130.93,66.7
a1474fd46fd3430168f7ec202da39408,auto,10,9,2064.89,90.0
a1544b9ea0b2390e020537d4daa89049,fashion_bags_accessories,10,10,948.53,100.0
a17f621c590ea0fab3d5d883e1630ec6,sports_leisure,79,77,5820.14,97.5
a23266650e7c84bb93fbbba502137478,garden_tools,5,5,2164.94,100.0
a23266650e7c84bb93fbbba502137478,home_construction,5,5,873.54,100.0
a254c682cc01e119f83530446f1df9a9,pet_shop,7,6,1063.8600000000001,85.7
a2b5b6105ea5942300631d2e76f4ffe0,toys,12,12,2339.93,100.0
a2deecd5398f5df4987110c80a1972a3,home_appliances,13,13,845.8,100.0
a2e874074c877c5a05abae80ad6e488f,housewares,42,33,7892.48,78.6
a2fa0bdc798ee84cdb08281337cf4fb6,books_general_interest,11,11,1300.93,100.0
a35124e2d763d7ca3fbe3b97d143200f,garden_tools,8,8,1303.75,100.0
a369d693961cb93b61ca2cc518872a85,home_construction,14,14,4651.03,100.0
a36ac007a4d18f865c8d32c3b2402c2d,garden_tools,6,6,1135.99,100.0
a36b125ac6d5fdbc7f50de85c9157bdc,sports_leisure,17,17,1671.72,100.0
a36b125ac6d5fdbc7f50de85c9157bdc,telephony,6,6,343.09000000000003,100.0
a3a38f4affed601eb87a97788c949667,baby,24,24,4824.97,100.0
a3a38f4affed601eb87a97788c949667,bed_bath_table,18,18,1971.4799999999998,100.0
a3a38f4affed601eb87a97788c949667,fashion_male_clothing,24,23,3882.81,95.8
a3a38f4affed601eb87a97788c949667,furniture_decor,10,9,1294.12,90.0
a3a38f4affed601eb87a97788c949667,garden_tools,9,9,866.91,100.0
a3a38f4affed601eb87a97788c949667,sports_leisure,63,61,7940.75,96.8
a3a38f4affed601eb87a97788c949667,toys,111,106,13235.4,95.5
a3b42d266fa8afc874b909422ce88582,computers_accessories,6,6,5527.4400000000005,100.0
a3dd39f583bc80bd8c5901c95878921e,food_drink,41,41,6164.08,100.0
a3e9a2c700480d9bb01fba070ba80a0e,bed_bath_table,159,153,20146.7,96.2
a3f0b55de503387383c7b1de3ad7f678,fashion_bags_accessories,15,12,2444.35,80.0
a3f0b55de503387383c7b1de3ad7f678,luggage_accessories,12,12,4089.2000000000003,100.0
a416b6a846a11724393025641d4edd5e,health_beauty,181,173,30173.59,95.6
a420f60ff1aa9acc80d0e42959f2b313,air_conditioning,11,10,2356.4,90.9
a420f60ff1aa9acc80d0e42959f2b313,baby,32,28,2721.64,87.5
a420f60ff1aa9acc80d0e42959f2b313,health_beauty,10,10,423.06,100.0
a420f60ff1aa9acc80d0e42959f2b313,sports_leisure,9,9,1309.17,100.0
a425f92c199eb576938df686728acd20,furniture_decor,16,16,1259.18,100.0
a44fb5a447105f8469bdf16bf9159f25,sports_leisure,19,18,4292.71,94.7
a478c7961d6a992065b24e63b366f90b,home_construction,8,8,1636.43,100.0
a49928bcdf77c55c6d6e05e09a9b4ca5,fashion_underwear_beach,12,12,1027.26,100.0
a49928bcdf77c55c6d6e05e09a9b4ca5,toys,93,84,11213.38,90.3
a4b6b9b992b46e9ef863637af96e04bc,garden_tools,6,5,8581.32,83.3
a5259c149128e82c9d6d46e0c1c812bb,auto,8,6,1621.13,75.0
a53f60f05f822b5c621a50ff6a5cb362,furniture_decor,5,5,856.53,100.0
a5a1bfcf728ab0e19182959cf0771ee4,food,17,16,1669.07,94.1
a5a1bfcf728ab0e19182959cf0771ee4,sports_leisure,5,5,683.6,100.0
a5bff0f43eb51f0cad7c37fac7244c8a,garden_tools,5,5,768.51,100.0
a5cba26a62b8b4d0145b68b841e62e7f,cool_stuff,13,12,4466.69,92.3
a5cba26a62b8b4d0145b68b841e62e7f,health_beauty,30,30,5901.52,100.0
a5cba26a62b8b4d0145b68b841e62e7f,pet_shop,12,12,6094.96,100.0
a63bfbaa882c8f4542891b4e2246cc7f,health_beauty,6,6,5925.99,100.0
a64e44665225d19dfc0277eeeaaccc57,health_beauty,6,6,547.6800000000001,100.0
a673821011d0cec28146ea42f5ab767f,bed_bath_table,107,102,16466.2,95.3
a673821011d0cec28146ea42f5ab767f,toys,26,25,3161.46,96.2
a67780aba9dd436e7ac0aa1f889e73ec,sports_leisure,5,4,967.34,80.0
a6bd7d1ccdac48c6b33b28596b7eb122,watches_gifts,15,13,15797.61,86.7
a6fe7de3d16f6149ffe280349a8535a0,fashion_underwear_beach,63,59,3724.58,93.7
a7a9b880c49781da66651ccf4ba9ac38,bed_bath_table,5,5,544.03,100.0
a7c88262832dfc683781d6a421edefae,perfumery,5,5,1602.42,100.0
a7f13822ceb966b076af67121f87b063,office_furniture,80,71,17471.86,88.8
a806a4bb063ea7ca6d374eafa50a6058,perfumery,6,6,543.33,100.0
a8739afb32aaa45e01815ca76f76f54b,electronics,16,16,712.44,100.0
a888faf2d1baececa6baf9c3d603ee1f,perfumery,54,48,19089.75,88.9
a938325a4b357fd23a6a4d5bb126408e,auto,26,25,4353.92,96.2
aac29b1b99776be73c3049939652091d,cool_stuff,58,50,5931.35,86.2
aac29b1b99776be73c3049939652091d,electronics,11,11,1608.73,100.0
aac29b1b99776be73c3049939652091d,garden_tools,41,38,6060.58,92.7
aac29b1b99776be73c3049939652091d,housewares,16,16,2205.56,100.0
aac51c486b672a9850d59f3e84b1cf88,food,8,8,713.8,100.0
aae3bfea055532c57fb453ed3ec80b30,market_place,53,51,4322.34,96.2
aae5e7b457a3c72ee230a47d98fceda5,bed_bath_table,7,7,1511.41,100.0
aaed1309374718fdd995ee4c58c9dfcd,fashion_bags_accessories,13,12,740.38,92.3
aaed1309374718fdd995ee4c58c9dfcd,fashion_male_clothing,33,33,4961.04,100.0
aaed1309374718fdd995ee4c58c9dfcd,sports_leisure,61,61,6282.650000000001,100.0
aafe36600ce604f205b86b5084d3d767,baby,121,117,9184.81,96.7
aafe36600ce604f205b86b5084d3d767,cool_stuff,6,5,1132.47,83.3
aafe36600ce604f205b86b5084d3d767,market_place,23,23,1555.01,100.0
ab27bbbad5239bc31a34709275a70db4,construction_tools_construction,5,5,670.6099999999999,100.0
ab27bbbad5239bc31a34709275a70db4,garden_tools,6,6,1684.8000000000002,100.0
ab3e0c171fe84a7ba7de130f19cfb485,furniture_decor,5,5,725.12,100.0
aba1721a889e04decc910aa13b768ef4,stationery,86,84,18268.56,97.7
abbf6046bbdf1028606a5bc7f00c99e7,auto,7,7,1994.26,100.0
abc015ebac1d283a323ca9db35ede4b9,air_conditioning,13,13,1475.2,100.0
abcd2cb37d46c2c8fb1bf071c859fc5b,health_beauty,51,49,7658.79,96.1
abe42c5d03695b4257b5c6cbf4e6784e,fashion_bags_accessories,9,7,4132.22,77.8
abe42c5d03695b4257b5c6cbf4e6784e,health_beauty,40,37,13815.33,92.5
ac3508719a1d8f5b7614b798f70af136,stationery,14,14,2132.05,100.0
ac3508719a1d8f5b7614b798f70af136,toys,86,84,12917.37,97.7
acadd4d36859671cb635527c6c977533,garden_tools,11,11,2622.83,100.0
acb6c2ca5c82411c1fdb88d5fd5eb95e,sports_leisure,7,7,403.45,100.0
acce39e832338debb07b02385cde5967,luggage_accessories,17,17,2477.43,100.0
acce39e832338debb07b02385cde5967,stationery,27,27,3496.83,100.0
aced59e9b31ef866a94f9e7f29d8d418,books_general_interest,5,5,466.76,100.0
aced59e9b31ef866a94f9e7f29d8d418,drinks,5,4,588.13,80.0
aced59e9b31ef866a94f9e7f29d8d418,housewares,66,66,10229.18,100.0
acf974e4d5950ad143a247471b831eb9,housewares,7,7,2815.96,100.0
ad273c9eb54ecb4532de4bf75bae9e4e,housewares,11,11,1157.52,100.0
ad420dd0c4f92f8af951ac24b86d0cf5,health_beauty,46,45,6113.99,97.8
ad75519a07f039025e83795a4418470f,drinks,9,9,1419.76,100.0
ad781527c93d00d89a11eecd9dcad7c1,baby,38,25,9028.47,65.8
ad97a199236354e53fcd91a5a913e9a2,home_appliances_2,6,6,4409.46,100.0
ad97a199236354e53fcd91a5a913e9a2,small_appliances,8,8,8920.41,100.0
adbc26658d6c7b4b6219f9d934598091,baby,59,52,8977.78,88.1
adbc26658d6c7b4b6219f9d934598091,toys,34,31,6099.8,91.2
adbe70ab2c97442046d393988c8d1d27,garden_tools,5,5,354.65,100.0
adcf50477d6a1f5d91bb9d54c4903cb5,sports_leisure,26,21,2839.65,80.8
ade45994b717ccee333492330fbf037b,telephony,13,13,7479.63,100.0
ae45df84722b1d15c5f32b23a095746c,health_beauty,12,12,1625.46,100.0
ae7ab174effdead6c241e547e4ca13f0,furniture_living_room,9,9,4916.18,100.0
af3ef48d0e13835e529c29ac573c63e5,pet_shop,21,21,1758.1,100.0
af4a0e4cfe1d9c26b6712b1be25a72e5,computers_accessories,23,22,14083.41,95.7
af7cdac9d9897cddead9c6b08976c642,toys,6,5,694.01,83.3
afa6714acee029b2dfdf357e5579cc03,toys,13,12,2146.7799999999997,92.3
afe0067131b73e40875c9b6c10bd2e21,perfumery,47,43,6151.59,91.5
b080809eaacb49e5ca07290981472431,books_general_interest,11,11,567.4,100.0
b0b346d3a89f5eb4c2968af3f083cd43,drinks,5,4,280.67,80.0
b127efdabeffb5d559349c7b172eb75d,fashion_bags_accessories,12,12,708.11,100.0
b14db04aa7881970e83ffa9426897925,furniture_decor,92,84,12014.119999999999,91.3
b14db04aa7881970e83ffa9426897925,garden_tools,15,14,2097.08,93.3
b16d3dadc47d4eb18be3d88bad0775ce,sports_leisure,8,8,564.16,100.0
b17b679f4f5ce2e03ce6968c62648246,health_beauty,52,43,4476.3,82.7
b18871c324516afa228a13e8f1ef0ae9,garden_tools,23,23,4606.3,100.0
b18dc380845b24038cfc48006478f099,health_beauty,47,42,10153.83,89.4
b19f3ca2ea475913750f25a5c37c8d8f,housewares,18,14,3996.87,77.8
b1a81260566c1bac3114a6d124413f27,furniture_decor,8,8,814.08,100.0
b1a81260566c1bac3114a6d124413f27,luggage_accessories,33,33,6669.68,100.0
b1a81260566c1bac3114a6d124413f27,stationery,11,11,2615.01,100.0
b1aaae6b66ad3c40f54b389d7ea4bee0,fashion_underwear_beach,12,12,1113.19,100.0
b1ac6ea7895bc3dd6f0f6f4abbdd2821,sports_leisure,38,38,3734.36,100.0
b1b3948701c5c72445495bd161b83a4c,auto,14,10,21924.25,71.4
b1fc4f64df5a0e8b6913ab38803c57a9,watches_gifts,125,122,15140.34,97.6
b1fecf4da1fa2689bccffa0121953643,health_beauty,30,30,4479.34,100.0
b2479f944e1b90cf8a5de1bbfde284d6,bed_bath_table,129,111,9141.64,86.0
b248792ac0b60ec3f93d80af1b4fae47,sports_leisure,9,9,744.4300000000001,100.0
b274baf5bbd142410eb2958cf685d684,toys,7,7,506.84000000000003,100.0
b29d3380981c51df13fc6fbe87e1763d,bed_bath_table,6,6,584.62,100.0
b2a6d334e2833acea353624840e25a0e,small_appliances,19,18,1931.1100000000001,94.7
b2ac621f0d0322434d04a12b078b9369,health_beauty,27,25,8454.63,92.6
b2ba3715d723d245138f291a6fe42594,audio,35,34,4550.67,97.1
b2ba3715d723d245138f291a6fe42594,baby,12,11,1958.93,91.7
b2ba3715d723d245138f291a6fe42594,computers_accessories,18,18,4055.9700000000003,100.0
b2ba3715d723d245138f291a6fe42594,consoles_games,5,5,811.2,100.0
b2ba3715d723d245138f291a6fe42594,construction_tools_construction,7,6,1448.33,85.7
b2ba3715d723d245138f291a6fe42594,cool_stuff,30,30,4304.32,100.0
b2ba3715d723d245138f291a6fe42594,electronics,34,34,6159.84,100.0
b2ba3715d723d245138f291a6fe42594,furniture_decor,6,6,1119.94,100.0
b2ba3715d723d245138f291a6fe42594,health_beauty,17,17,4194.07,100.0
b2ba3715d723d245138f291a6fe42594,home_appliances_2,5,4,344.33,80.0
b2ba3715d723d245138f291a6fe42594,market_place,6,6,401.09000000000003,100.0
b2ba3715d723d245138f291a6fe42594,sports_leisure,13,12,916.47,92.3
b2ba3715d723d245138f291a6fe42594,stationery,85,80,14634.02,94.1
b2ba3715d723d245138f291a6fe42594,toys,57,56,10791.49,98.2
b2c97074649f92197d9387d9033dda5f,health_beauty,8,8,814.3,100.0
b2eecf5ea250510da76590ca79d60e5d,musical_instruments,13,13,1428.79,100.0
b32be1695eb7ec5f10f72d9610a12527,housewares,10,10,4786.23,100.0
b32be1695eb7ec5f10f72d9610a12527,kitchen_dining_laundry_garden_furniture,21,21,9517.26,100.0
b32be1695eb7ec5f10f72d9610a12527,small_appliances,14,14,15780.76,100.0
b335c59ab742f751a85db9c411a86739,furniture_decor,27,18,1306.07,66.7
b335c59ab742f751a85db9c411a86739,housewares,16,16,1143.8700000000001,100.0
b33aaadd1a8891d2dfef0c4c3bdf0371,housewares,17,16,2011.76,94.1
b33e7c55446eabf8fe1a42d037ac7d6d,audio,10,8,5894.2,80.0
b33e7c55446eabf8fe1a42d037ac7d6d,cool_stuff,9,9,1963.3899999999999,100.0
b33e7c55446eabf8fe1a42d037ac7d6d,watches_gifts,133,119,39590.53,89.5
b347677812ea483b0f528eaf8cbc09b7,housewares,20,20,7791.46,100.0
b372ee768ed69e46ca8cdbd267aa7a38,fashion_bags_accessories,72,70,16758.43,97.2
b37c4c02bda3161a7546a4e6d222d5b2,fixed_telephony,10,10,116029.12,100.0
b39d7fe263ef469605dbb32608aee0af,bed_bath_table,49,48,7311.16,98.0
b3b17aab11f273023a5f22ca52e1eb70,auto,13,11,14905.75,84.6
b3f19518fcec265b2e97af287725f981,housewares,11,11,458.5,100.0
b410bdd36d5db7a65dcd42b7ead933b8,housewares,42,42,8034.3,100.0
b44dbfbf62e52125f3c15d230569ea91,home_construction,7,7,1522.31,100.0
b494891378bd8f4560abe576c52deacd,health_beauty,18,18,3023.36,100.0
b499c00f28f4b7069ff6550af8c1348a,computers_accessories,6,5,272.58,83.3
b499c00f28f4b7069ff6550af8c1348a,electronics,7,7,707.8000000000001,100.0
b499c00f28f4b7069ff6550af8c1348a,fashio_female_clothing,16,16,2158.26,100.0
b499c00f28f4b7069ff6550af8c1348a,fashion_bags_accessories,10,8,1165.0,80.0
b499c00f28f4b7069ff6550af8c1348a,furniture_decor,69,66,6519.53,95.7
b499c00f28f4b7069ff6550af8c1348a,health_beauty,14,10,787.85,71.4
b499c00f28f4b7069ff6550af8c1348a,housewares,24,24,4670.47,100.0
b499c00f28f4b7069ff6550af8c1348a,luggage_accessories,15,15,2180.05,100.0
b499c00f28f4b7069ff6550af8c1348a,musical_instruments,14,12,1088.83,85.7
b499c00f28f4b7069ff6550af8c1348a,sports_leisure,5,4,766.22,80.0
b4a476fbd28de64b1e347abf9089366a,electronics,34,33,5759.85,97.1
b4b447d715f9ab302a188fb43d3e96b3,sports_leisure,5,5,779.6600000000001,100.0
b4f8921fcc4ff77b66bea6dda43dcd51,bed_bath_table,19,19,13145.279999999999,100.0
b4ffb71f0cb1b1c3d63fad021ecf93e1,auto,175,172,12917.24,98.3
b55638ad525e906c698fa2ce742c1742,pet_shop,13,11,1529.33,84.6
b561927807645834b59ef0d16ba55a24,art,11,11,836.9,100.0
b561927807645834b59ef0d16ba55a24,stationery,87,81,6275.9,93.1
b56906f7fd1696e043f1bcce164c487b,health_beauty,40,37,2872.17,92.5
b586cd24c010a13916af621b0325fbba,construction_tools_construction,6,6,1275.98,100.0
b5abf4f36adc043117b4fca82c22984c,bed_bath_table,6,6,398.73,100.0
b5e3e38609125694d2ea2417522a60b7,sports_leisure,15,13,1260.01,86.7
b64d51f0435e884e8de603b1655155ae,housewares,15,15,746.35,100.0
b67d6c666e8dce1d078c882825e12704,sports_leisure,6,6,234.95000000000002,100.0
b6d44737c043328708f6749c2dbe50bd,housewares,84,83,14207.26,98.8
b6dc74ed30f124f95227bed4e43a3bed,sports_leisure,10,9,649.69,90.0
b6e1504972665f739dec4facb9943775,garden_tools,5,5,1064.77,100.0
b74d1c09cb380e1d03a6f859c6f4224b,housewares,13,13,1470.0,100.0
b74d1c09cb380e1d03a6f859c6f4224b,toys,8,8,1185.65,100.0
b76dba6c951ab00dc4edf0a1aa88037e,fixed_telephony,41,41,1255.75,100.0
b76dba6c951ab00dc4edf0a1aa88037e,telephony,126,122,4065.85,96.8
b7ed9fb14c8eadb37adb9c45d67ab0fb,stationery,7,7,887.94,100.0
b8114f2f589a6804810f04f99b36b498,housewares,11,11,2549.39,100.0
b81e3a6c866a764974fe849821abeebd,housewares,8,8,1313.6399999999999,100.0
b839e41795b7f3ad94cc2014a52f6796,construction_tools_construction,18,18,24391.57,100.0
b839e41795b7f3ad94cc2014a52f6796,small_appliances,15,15,20094.41,100.0
b83cedfb587e7911540e3f576d6917ce,health_beauty,25,25,2739.44,100.0
b8555308bfdb4ca1ed54325a58da9a97,office_furniture,28,28,4092.23,100.0
b8578d2d823bd8e251f6fdd02b40902d,sports_leisure,9,9,1560.73,100.0
b8630e1121437d41cb08e3c749c2c2e2,musical_instruments,10,10,5055.139999999999,100.0
b87a7ea0c30fad2dd6781b74a0064859,auto,9,7,637.75,77.8
b8a0adc91af209270c2c725168eb00fd,bed_bath_table,7,7,433.16999999999996,100.0
b8bc237ba3788b23da09c0f1f3a3288c,housewares,46,46,16961.56,100.0
b90e891671cffd9557f33a97dc523645,health_beauty,27,27,4517.59,100.0
b90e891671cffd9557f33a97dc523645,sports_leisure,12,12,2132.12,100.0
b92e3c8f9738272ff7c59e111e108d7c,furniture_decor,63,58,10382.09,92.1
b92e3c8f9738272ff7c59e111e108d7c,furniture_living_room,5,5,264.72,100.0
b94cc9f10ddc85e4ba73a6f7974e7101,cool_stuff,16,16,10159.27,100.0
b94cc9f10ddc85e4ba73a6f7974e7101,toys,24,24,16209.220000000001,100.0
b9a03475e6447e631b6799ec8274800f,christmas_supplies,8,8,1408.07,100.0
b9ca8e8baa5d4aa038394a700f63e69f,bed_bath_table,10,10,1259.23,100.0
ba143b05f0110f0dc71ad71b4466ce92,books_technical,77,75,6776.92,97.4
ba143b05f0110f0dc71ad71b4466ce92,dvds_blu_ray,10,10,503.56,100.0
ba5daa4041e1f15cdf34b76e3e18a450,toys,15,15,959.35,100.0
ba6ce6de456f6c11d08c17701ba5c26f,sports_leisure,7,7,1018.37,100.0
ba90964cff9b9e0e6f32b23b82465f7b,small_appliances,22,20,15566.7,90.9
ba90964cff9b9e0e6f32b23b82465f7b,small_appliances_home_oven_and_coffee,16,16,25070.79,100.0
baa49d93c8c8841e27400a300f5d74b2,sports_leisure,6,6,334.42,100.0
bacb1f0ed56ad24198f5810d2b3fe9a5,cool_stuff,10,10,2038.27,100.0
bacb1f0ed56ad24198f5810d2b3fe9a5,toys,27,27,4778.69,100.0
bafc5aa11e413978be29040f51342e70,stationery,9,8,1829.47,88.9
bb135baca94c82fcb731335ad5b04a03,bed_bath_table,5,5,992.55,100.0
bb135baca94c82fcb731335ad5b04a03,cool_stuff,9,9,176.87,100.0
bb135baca94c82fcb731335ad5b04a03,furniture_decor,31,31,2870.76,100.0
bb2afe2061d53c6968aa0cffa233a8ec,sports_leisure,6,6,903.3399999999999,100.0
bb5bd94c8f59cc050072d2930c869cac,fashion_bags_accessories,15,15,2279.49,100.0
bb7a14e229b1c95156719c3d9552eeee,small_appliances,6,6,2556.7200000000003,100.0
bba3293d6f5d5af2f415e004e8b93ae3,health_beauty,16,15,11189.3,93.8
bba74270a87732727b5a3b4fd9ac1c39,auto,13,13,4728.73,100.0
bba74270a87732727b5a3b4fd9ac1c39,sports_leisure,21,21,2433.45,100.0
bbad7e518d7af88a0897397ffdca1979,baby,46,45,3198.0099999999998,97.8
bbad7e518d7af88a0897397ffdca1979,cool_stuff,14,13,1559.8899999999999,92.9
bbad7e518d7af88a0897397ffdca1979,fashion_male_clothing,6,6,1831.2600000000002,100.0
bbad7e518d7af88a0897397ffdca1979,garden_tools,14,10,3838.6,71.4
bbaff50f3b708fda865918715276cd87,food_drink,17,17,1409.71,100.0
bbf9ad41dca6603e614efcdad7aab8c4,health_beauty,14,14,8622.26,100.0
bc07d855eac23aab5ac8a120f21d16b2,health_beauty,8,8,1163.6399999999999,100.0
bc2ac6b95e1accce9858528ee566c17e,books_imported,24,24,3075.39,100.0
bc302730ea8cf49b5c74f579febb5bbf,telephony,7,7,238.02,100.0
bc47d5d1490df2b36add65d733eafaba,sports_leisure,22,21,1676.47,95.5
bc503e244f187939d10c92a5c8e378ce,computers_accessories,13,13,2393.71,100.0
bca9230d3bbb4efa51872bf605a2f1ad,books_general_interest,5,5,168.2,100.0
bccf933e006e9b94a6184af782963e77,health_beauty,46,45,5380.55,97.8
bce6a5ecf98e99fd2a8868b15c51f04b,watches_gifts,16,16,3972.7799999999997,100.0
bd0389da23d89b726abf911cccc54596,computers_accessories,79,74,9692.6,93.7
bd0389da23d89b726abf911cccc54596,electronics,6,6,733.9499999999999,100.0
bd149ed516d4c5d418d5781f8e18919f,furniture_decor,10,10,652.5799999999999,100.0
bd15ee794d5e640d9dd71b665b2ab15b,sports_leisure,11,11,610.09,100.0
bd1d49a326abfa9b1036772e40445430,health_beauty,13,12,901.78,92.3
bd23da7354813347129d751591d1a6e2,furniture_decor,88,85,11642.25,96.6
bd4431c1a8dfa744b59e1e2a8bc99b9e,health_beauty,7,7,1013.5899999999999,100.0
bd4889b5e9133b35b66e42a8665cea5c,furniture_decor,51,51,8817.86,100.0
bd697db56ff8e7c9cd1abeb7f72029b2,auto,32,32,3377.62,100.0
bdae679a9b282249bc23b9b69dae9a99,construction_tools_construction,10,10,2034.56,100.0
bdf0d02d36a1d839d0c39c4a887cdd49,home_appliances,7,7,347.85,100.0
be3b4b0f050a6aa1b2d901c4b77e979f,housewares,6,6,2092.68,100.0
be8e909810184b9b19e886129149d8e5,computers_accessories,12,10,732.1800000000001,83.3
be9a160a9011f627c3e121d076c1ec7b,garden_tools,5,5,2230.12,100.0
beadbee30901a7f61d031b6b686095ad,health_beauty,58,53,4436.01,91.4
beadbee30901a7f61d031b6b686095ad,perfumery,8,7,1175.65,87.5
bf00385a5f7fc1ef39a13c2e9ee50a5f,computers_accessories,6,6,270.37,100.0
bf00385a5f7fc1ef39a13c2e9ee50a5f,electronics,7,7,297.71,100.0
bf00385a5f7fc1ef39a13c2e9ee50a5f,housewares,6,6,366.97,100.0
bf00385a5f7fc1ef39a13c2e9ee50a5f,telephony,6,6,173.4,100.0
bf100ecb7997df312b285358fb32f92c,cool_stuff,11,11,1499.1299999999999,100.0
bf100ecb7997df312b285358fb32f92c,health_beauty,8,8,638.29,100.0
bf3c6d2a28b2b5501e6c15448982dcc9,baby,40,39,5806.5199999999995,97.5
bf84056e679dbe9c69929847a40e338f,health_beauty,38,34,2616.09,89.5
bfd27a966d91cfaafdb25d076585f0da,baby,14,13,3485.05,92.9
bfd27a966d91cfaafdb25d076585f0da,cool_stuff,19,18,4056.88,94.7
bfd27a966d91cfaafdb25d076585f0da,food,7,5,746.8199999999999,71.4
bfd27a966d91cfaafdb25d076585f0da,luggage_accessories,21,21,5782.6,100.0
bfd27a966d91cfaafdb25d076585f0da,stationery,23,21,3538.86,91.3
bfd27a966d91cfaafdb25d076585f0da,toys,38,38,4220.21,100.0
bff9deb0ec77d437f3305a79cf25529e,telephony,5,5,242.74,100.0
c003204e1ab016dfa150abc119207b24,auto,154,152,22152.09,98.7
c003204e1ab016dfa150abc119207b24,electronics,50,48,9072.86,96.0
c0098efcf800861dcae589affca31408,auto,9,9,1376.74,100.0
c013e57c075a06e5b5c48ee03c525719,pet_shop,44,44,2964.16,100.0
c03121937e54a93fcc1825c3098bbb6e,books_general_interest,7,7,1197.94,100.0
c0563dd588b775f2e37747ef6ad6c92c,cool_stuff,28,28,4182.68,100.0
c12b92bf1c350f3e6bf88d3596219c86,auto,8,8,3010.19,100.0
c1ed9e3daf6154542826a6996af0fb8c,computers_accessories,16,16,3401.45,100.0
c24173065483e421f9e5e7f599de101d,sports_leisure,5,5,270.34000000000003,100.0
c26a2be5b53b7db6b276280da212a779,office_furniture,18,18,15616.89,100.0
c273175f7c6c80fb02f051e2fc6d0d72,auto,14,14,1391.03,100.0
c2d70ce2c5d0a2eb75e78668236e6dc8,housewares,15,15,2942.36,100.0
c31eff8334d6b3047ed34bebd4d62c36,art,107,105,13010.98,98.1
c31eff8334d6b3047ed34bebd4d62c36,furniture_decor,16,16,3175.4,100.0
c33847515fa6305ce6feb1e818569f13,bed_bath_table,126,122,23273.670000000002,96.8
c33a5c3c983090c8b78a28e65052a20d,perfumery,10,10,742.3100000000001,100.0
c35672b10ad50968f567ea3f4b91e877,health_beauty,18,18,1549.02,100.0
c35affa65afd250151285c5917fc1c8a,auto,7,6,4855.6,85.7
c37b2059d4f90d4feead554e5246565e,furniture_decor,16,15,3059.6,93.8
c3867b4666c7d76867627c2f7fb22e21,sports_leisure,252,232,45402.57,92.1
c394e193cda3b4225ff2094d32184849,drinks,11,11,30479.85,100.0
c3aad7dc65449ae90a5e9c3c6c1e78e0,party_supplies,9,9,640.36,100.0
c3acdfac4e3e97ff87529454fbc03642,watches_gifts,12,12,16245.820000000002,100.0
c3cfdc648177fdbbbb35635a37472c53,sports_leisure,315,311,57622.93,98.7
c3e1abd72a42fe690fcd89cf5720fe29,pet_shop,13,13,1967.58,100.0
c3fe93ba3085f92855c97e57f38c8c05,books_general_interest,6,6,317.18,100.0
c42fd8e4d47dfb18ce5222f2dd7752f9,furniture_decor,9,5,1023.83,55.6
c447f8dd3ed213f291d65ef074a268eb,sports_leisure,6,6,774.54,100.0
c458e2045a8aa8964f8879af03fdcce6,fixed_telephony,10,10,2099.88,100.0
c4d51195486dc781531876a7d00453d8,telephony,14,11,10666.72,78.6
c4fabeea6e569d42d02993bb1f4f1cbc,baby,7,6,636.74,85.7
c4fabeea6e569d42d02993bb1f4f1cbc,furniture_bedroom,5,5,499.78000000000003,100.0
c4fb51fb1c5b7c07bc5e67be6e7e8f6e,housewares,11,9,1072.1399999999999,81.8
c500367424994318b9e779ff1ae9a330,baby,6,6,1048.45,100.0
c510bc1718f0f2961eaa42a23330681a,baby,13,13,10851.45,100.0
c53bcd3be457a342a97e39e5a9f0be22,bed_bath_table,5,5,815.69,100.0
c54679b132454625907c773d273d4126,perfumery,7,7,1162.98,100.0
c5e60e39c0f42b8e827daa13cff74afa,bed_bath_table,7,7,370.92,100.0
c5f7e746b7e6d07def6c0dae9903279b,pet_shop,11,11,1859.54,100.0
c5f7feb04a6a1fb3596322bfc3cf1917,furniture_decor,11,9,2273.58,81.8
c60b801f2d52c7f7f91de00870882a75,cool_stuff,5,5,977.24,100.0
c60b801f2d52c7f7f91de00870882a75,watches_gifts,32,31,10469.55,96.9
c6218512d16fcac0af02fe92691cf274,furniture_decor,6,6,786.12,100.0
c6381d2d013342748761e906d45aff76,housewares,28,28,8407.68,100.0
c64a2aec32cc408a8a4c6d7c46017f91,home_construction,10,9,3628.17,90.0
c66dccfb3f109511246da627dd5a2498,watches_gifts,42,40,12490.94,95.2
c679fb69a36e1d8349e8c50a217b4d58,housewares,15,15,2656.94,100.0
c68fb906c8f4b4b946d8386bfa6e5467,housewares,35,35,4210.62,100.0
c6a7539d424a8402232c2228d7a03c5e,housewares,15,14,2001.7600000000002,93.3
c6bda72e4dbf5c5866b13cb1810c6d03,baby,48,46,10467.0,95.8
c6bda72e4dbf5c5866b13cb1810c6d03,cool_stuff,8,8,3300.3500000000004,100.0
c70a353f02429c00775a46a75fb787da,health_beauty,11,11,336.94,100.0
c70c1b0d8ca86052f45a432a38b73958,health_beauty,341,337,60197.95,98.8
c72de06d72748d1a0dfb2125be43ba63,computers_accessories,17,17,13484.15,100.0
c731d18cea9bf687ffee82a241c25b11,housewares,9,9,1620.73,100.0
c731d18cea9bf687ffee82a241c25b11,la_cuisine,14,14,2766.38,100.0
c79151301b9d90985d1fa52879213105,computers_accessories,7,7,1499.8400000000001,100.0
c794dab4928dd97beb41d05514441e86,health_beauty,16,14,1544.59,87.5
c7a0a13cbcf29d5ce51c8f80afdc0b89,fashion_bags_accessories,7,7,319.7,100.0
c7fdb77fdbff3c41981bc52f787e959e,bed_bath_table,14,13,1560.1599999999999,92.9
c840d3fdbba0790404fdae73d253b253,furniture_decor,13,13,7563.53,100.0
c8417879a15366a17c30af34c798c332,garden_tools,20,20,4918.51,100.0
c8417879a15366a17c30af34c798c332,housewares,11,11,1723.8,100.0
c84592044b180dec206770c38603814b,electronics,9,9,304.45,100.0
c8467937e403e76a8ee9f0ab13f6f5ef,costruction_tools_tools,34,32,2723.7,94.1
c847e075301870dd144a116762eaff9a,auto,9,8,11149.539999999999,88.9
c847e075301870dd144a116762eaff9a,cool_stuff,30,28,3082.0499999999997,93.3
c847e075301870dd144a116762eaff9a,musical_instruments,5,4,2262.43,80.0
c864036feaab8c1659f65ea4faebe1da,sports_leisure,61,60,12299.77,98.4
c8660dcf9ba70575f45d80fe28c27713,pet_shop,6,6,1072.0800000000002,100.0
c878515173c84a492ebe50d6b493230b,sports_leisure,6,4,1001.28,66.7
c89cf7c468a48af70aada384e722f9e2,toys,15,15,974.13,100.0
c8b0e2b0a7095e5d8219575d5e7e1181,auto,89,87,13786.82,97.8
c8b3445d737de6befde0c88ede534a5e,baby,10,10,1582.45,100.0
c8b3445d737de6befde0c88ede534a5e,toys,26,26,3700.06,100.0
c8c1bea22194a4eefa2dc9a9fa89f536,pet_shop,13,13,4186.27,100.0
c8cc60ffd415254af5d9b9f34f32c369,pet_shop,9,9,1023.8299999999999,100.0
c8e135e7b21ecbc36c1153a29d2f5a06,health_beauty,7,7,1267.48,100.0
c990d6cf976a5718aaedc539f383ab88,telephony,9,7,201.07999999999998,77.8
c9a06ece156bb057372c68718ec8909b,garden_tools,10,10,4218.24,100.0
c9aafcd0621b2207c10e32c649cada4d,health_beauty,49,49,5112.46,100.0
c9c7905cffc4ef9ff9f113554423e671,auto,26,23,2731.45,88.5
c9c7905cffc4ef9ff9f113554423e671,electronics,26,26,4294.03,100.0
c9c7905cffc4ef9ff9f113554423e671,sports_leisure,30,30,3957.34,100.0
c9c7905cffc4ef9ff9f113554423e671,stationery,7,7,478.27000000000004,100.0
c9c7905cffc4ef9ff9f113554423e671,telephony,47,46,3381.94,97.9
ca3bd7cd9f149df75950150d010fe4a2,housewares,134,132,37734.590000000004,98.5
ca4b77513ac2040591b0d8fae6958380,health_beauty,15,15,2150.86,100.0
ca77545ca4d2dfd1431bf61334e2fa3c,sports_leisure,9,9,1912.57,100.0
ca7c6bd577e559472af1c699de9e764e,health_beauty,8,8,325.98,100.0
caa9bc43a9fe8cf9c564ddd8a03cc4a6,toys,10,10,1028.16,100.0
cab85505710c7cb9b720bceb52b01cee,fashion_bags_accessories,214,209,14480.65,97.7
cac4c8e7b1ca6252d8f20b2fc1a2e4af,furniture_decor,69,62,5245.64,89.9
cac4c8e7b1ca6252d8f20b2fc1a2e4af,housewares,8,4,364.15999999999997,50.0
cac4c8e7b1ca6252d8f20b2fc1a2e4af,market_place,6,6,553.25,100.0
cac4c8e7b1ca6252d8f20b2fc1a2e4af,toys,6,6,457.29,100.0
cac63f48c38cd7d002a7e846dcd99a23,toys,10,10,1085.23,100.0
cac876b37d3abcd6bd76caca30277996,housewares,23,23,3633.29,100.0
cb3dd9ce66268c7a3ca7241ac70ab58c,sports_leisure,52,48,3623.9300000000003,92.3
cb41bfbcbda0aea354a834ab222f9a59,home_construction,11,7,4650.66,63.6
cb5df0dcb9e280b1780e9d589889f2c7,furniture_bedroom,6,5,1453.71,83.3
cb5df0dcb9e280b1780e9d589889f2c7,furniture_living_room,5,4,633.43,80.0
cb6c9f5888a7a090c75beaf615925792,garden_tools,7,7,677.1600000000001,100.0
cb8bcce248bb1fb274ba762d8b971456,cool_stuff,62,60,9958.25,96.8
cbd996ad3c1b7dc71fd0e5f5df9087e2,food,98,96,8061.95,98.0
cbd996ad3c1b7dc71fd0e5f5df9087e2,health_beauty,89,80,5569.78,89.9
cbd996ad3c1b7dc71fd0e5f5df9087e2,sports_leisure,12,11,1421.45,91.7
cbf09e831b0c11f6f23ffb51004db972,housewares,8,8,658.58,100.0
cc3d14116804f7209f3884f6367f1152,small_appliances,30,29,6794.23,96.7
cc419e0650a3c5ba77189a1882b7556a,health_beauty,1070,1040,83929.23,97.2
cc419e0650a3c5ba77189a1882b7556a,perfumery,689,648,51953.04,94.0
cc419e0650a3c5ba77189a1882b7556a,telephony,28,28,949.8,100.0
cc5a78bbad32776dc4e3af205218368c,housewares,28,27,3585.33,96.4
cc5a78bbad32776dc4e3af205218368c,toys,6,6,5168.76,100.0
cc63f0dd2acba93ffed4fe9f8e0321fa,housewares,62,62,10516.78,100.0
cca3071e3e9bb7d12640c9fbe2301306,bed_bath_table,268,263,39137.79,98.1
cca3071e3e9bb7d12640c9fbe2301306,fashio_female_clothing,6,6,611.95,100.0
cca3071e3e9bb7d12640c9fbe2301306,fashion_male_clothing,14,13,1154.3799999999999,92.9
cca3071e3e9bb7d12640c9fbe2301306,furniture_decor,556,537,63092.04,96.6
cca3071e3e9bb7d12640c9fbe2301306,housewares,19,19,959.37,100.0
ccb83a794700270fde70898fe9ff368b,sports_leisure,17,16,12785.73,94.1
ccc4bbb5f32a6ab2b7066a4130f114e3,health_beauty,188,170,81734.24,90.4
ccc4bbb5f32a6ab2b7066a4130f114e3,sports_leisure,5,5,1643.4,100.0
cce6ab8d1682639fe45ab70234f1665f,bed_bath_table,69,64,3844.2000000000003,92.8
ccf8813e5a7d6c84d865cd38bfc2b130,furniture_decor,26,25,3245.09,96.2
cd06602b43d8800bd0afad514919d35c,housewares,50,49,3153.9900000000002,98.0
cd3d09fbe6e3e9ff0c0ac0c300e93ae7,auto,13,13,880.23,100.0
cd68562d3f44870c08922d380acae552,baby,8,7,1470.13,87.5
cd68562d3f44870c08922d380acae552,cool_stuff,11,9,5561.68,81.8
cd68562d3f44870c08922d380acae552,electronics,19,16,1872.09,84.2
cd68562d3f44870c08922d380acae552,perfumery,15,14,1272.1200000000001,93.3
cd68562d3f44870c08922d380acae552,signaling_and_security,11,8,1497.1100000000001,72.7
cd68562d3f44870c08922d380acae552,sports_leisure,50,46,9503.38,92.0
cd68562d3f44870c08922d380acae552,telephony,22,21,1361.2,95.5
cd6efc47efaabf134f8bdb654e10b4f1,stationery,21,20,3446.27,95.2
cd843d4cf8ef32827de0396605163ba3,kitchen_dining_laundry_garden_furniture,5,5,2612.56,100.0
cda598c48d7c614bc1cad7d8ff6f0010,auto,11,11,1455.75,100.0
ce20a2ec1514c25e16f2b5b39bc818f0,pet_shop,7,7,1050.19,100.0
ce248b21cb2adc36282ede306b7660e5,home_appliances,5,5,729.0699999999999,100.0
ce248b21cb2adc36282ede306b7660e5,home_appliances_2,7,6,4842.86,85.7
ce248b21cb2adc36282ede306b7660e5,musical_instruments,43,39,7353.41,90.7
ce27a3cc3c8cc1ea79d11e561e9bebb6,auto,22,21,45299.130000000005,95.5
ce27a3cc3c8cc1ea79d11e561e9bebb6,computers_accessories,38,38,1397.08,100.0
ce27a3cc3c8cc1ea79d11e561e9bebb6,consoles_games,33,32,2930.93,97.0
ce27a3cc3c8cc1ea79d11e561e9bebb6,cool_stuff,20,20,1141.2,100.0
ce27a3cc3c8cc1ea79d11e561e9bebb6,electronics,18,18,3578.7799999999997,100.0
ce27a3cc3c8cc1ea79d11e561e9bebb6,health_beauty,16,15,883.05,93.8
ce616e1913288884e7742faac9d981db,auto,22,22,1311.65,100.0
ce69a8021d18961dd2a40269b7c2c293,cool_stuff,15,15,3419.45,100.0
ce7d1888639e6fb06b2749cbfdac1ff7,housewares,84,71,16238.7,84.5
cea729054f157f5870bdd321a958d994,sports_leisure,27,27,3180.52,100.0
ceaec5548eefc6e23e6607c5435102e7,cool_stuff,174,168,50777.03,96.6
ceaec5548eefc6e23e6607c5435102e7,home_appliances_2,8,7,3176.2,87.5
ceaec5548eefc6e23e6607c5435102e7,housewares,8,8,1157.49,100.0
ceaec5548eefc6e23e6607c5435102e7,small_appliances_home_oven_and_coffee,6,6,4523.95,100.0
cee48807215b30a12ca2ca10ffb5f250,auto,38,26,8175.79,68.4
cf2384dd2f1dddea3f838efed0945e65,furniture_living_room,17,17,2349.08,100.0
cf8ab1616079e2793aa29d524df01bb1,sports_leisure,6,3,10031.56,50.0
cfa5ab0e4d3fc212fd0b3410e7081c62,furniture_living_room,7,7,3144.53,100.0
cfa5ab0e4d3fc212fd0b3410e7081c62,garden_tools,6,6,5773.86,100.0
cfb1a033743668a192316f3c6d1d2671,bed_bath_table,190,182,24552.08,95.8
cfd7ddab722b902f7ac5b5f3ba6d723d,housewares,6,6,2653.63,100.0
cfe94489ddd337d1e29e12f2a7205d10,construction_tools_safety,25,25,3717.21,100.0
d03698c2efd04a549382afa6623e27fb,computers_accessories,26,24,10891.48,92.3
d05ae8f7a5bd1d2a690a44cd079e4e27,sports_leisure,81,77,15657.119999999999,95.1
d06d019f72a04e5497a0b64190af170c,health_beauty,16,16,2360.84,100.0
d0d70d21e2234dd7cd3cf63fe414148a,bed_bath_table,15,15,1314.63,100.0
d101c6da914ae3d53f7bee42283f2fe2,furniture_decor,9,8,1150.19,88.9
d12c926d74ceff0a90a21184466ce161,furniture_decor,24,24,1978.39,100.0
d12c926d74ceff0a90a21184466ce161,market_place,12,11,508.59,91.7
d12c926d74ceff0a90a21184466ce161,perfumery,21,21,3588.68,100.0
d12c926d74ceff0a90a21184466ce161,sports_leisure,33,33,2208.28,100.0
d12c926d74ceff0a90a21184466ce161,stationery,11,11,523.13,100.0
d13e50eaa47b4cbe9eb81465865d8cfc,food,59,59,5829.13,100.0
d13e50eaa47b4cbe9eb81465865d8cfc,sports_leisure,11,11,2412.52,100.0
d1582f4043306e6b91afa6a8a884f898,toys,9,8,1121.92,88.9
d17f467e4bf608a510c20d82f4ba3b6b,agro_industry_and_commerce,6,6,2168.58,100.0
d1b65fc7debc3361ea86b5f14c68d2e2,luggage_accessories,30,30,10600.59,100.0
d1b65fc7debc3361ea86b5f14c68d2e2,stationery,11,11,2391.59,100.0
d1b9d4be4b6f9ebd85f8acd6745ba612,furniture_decor,11,11,1524.09,100.0
d1c281d3ae149232351cd8c8cc885f0d,baby,6,6,1995.75,100.0
d1c281d3ae149232351cd8c8cc885f0d,bed_bath_table,239,231,36619.68,96.7
d1c7fa84e48cfa21a0e595167c1c500e,garden_tools,6,6,1075.54,100.0
d1ef48b38baca7e831711c4a0aeb398f,garden_tools,6,6,486.29,100.0
d1ef48b38baca7e831711c4a0aeb398f,home_appliances,6,6,562.06,100.0
d1ef48b38baca7e831711c4a0aeb398f,home_appliances_2,5,5,226.82999999999998,100.0
d1ef48b38baca7e831711c4a0aeb398f,small_appliances,11,11,948.1600000000001,100.0
d20b021d3efdf267a402c402a48ea64b,furniture_decor,104,93,7922.24,89.4
d23019c84ffae2d5ef2270367b8605fc,musical_instruments,38,37,30035.670000000002,97.4
d2374cbcbb3ca4ab1086534108cc3ab7,auto,22,19,1032.5,86.4
d2374cbcbb3ca4ab1086534108cc3ab7,bed_bath_table,613,593,49552.19,96.7
d2374cbcbb3ca4ab1086534108cc3ab7,cool_stuff,11,11,2118.93,100.0
d25aa0aaacb370e912f8cf6efeba38b3,housewares,18,18,3881.58,100.0
d2e753bb80b7d4faa77483ed00edc8ca,fashion_bags_accessories,14,13,2178.55,92.9
d2f3e277560ed4c6361284429b00f037,pet_shop,7,7,563.59,100.0
d32e3909cfb714fb2a6cb092c85b9c5f,housewares,9,5,3310.23,55.6
d354c38a7182125a748cb10474fe963b,sports_leisure,18,18,1991.08,100.0
d3674f271c91f824f82d24d92011f669,perfumery,20,18,2039.71,90.0
d379f449f2a3b271bc01c0782020f705,furniture_decor,14,12,1593.47,85.7
d379f449f2a3b271bc01c0782020f705,garden_tools,7,7,2765.91,100.0
d379f449f2a3b271bc01c0782020f705,housewares,11,10,1429.55,90.9
d3f39f05462b79a4562d35893a28f159,health_beauty,20,17,2864.73,85.0
d3f39f05462b79a4562d35893a28f159,perfumery,18,17,1212.23,94.4
d4910f1cdcfdabd48d6b316e395d4a23,pet_shop,12,12,1542.22,100.0
d4a5e99e0dd915df64ba55a7fbd583fd,health_beauty,5,5,538.75,100.0
d4e12e7884759a14fa0f5f896c791cae,bed_bath_table,34,34,2220.75,100.0
d4e4b5192cba4e0e66eb12a9d347239d,telephony,11,10,625.4,90.9
d4f117125b59ce73c3302f88ee40c458,health_beauty,19,19,998.61,100.0
d4ffeb15b67e81ff9af2b4252d99fb7e,luggage_accessories,5,5,715.3,100.0
d4ffeb15b67e81ff9af2b4252d99fb7e,perfumery,5,5,834.7,100.0
d50d79cb34e38265a8649c383dcffd48,garden_tools,50,49,10156.789999999999,98.0
d50d79cb34e38265a8649c383dcffd48,home_appliances_2,6,5,1725.22,83.3
d50d79cb34e38265a8649c383dcffd48,housewares,14,13,2969.58,92.9
d51e0a403fe2e689ece6c73359d96e12,costruction_tools_garden,25,24,12079.23,96.0
d566c37fa119d5e66c4e9052e83ee4ea,health_beauty,11,11,915.3199999999999,100.0
d566c37fa119d5e66c4e9052e83ee4ea,sports_leisure,62,62,6280.43,100.0
d57e18d5f73c7ccb7f7339b61166898d,fashion_bags_accessories,46,46,3237.11,100.0
d57e18d5f73c7ccb7f7339b61166898d,perfumery,17,17,946.11,100.0
d594982fd877af63ace38ea1fca27c76,cool_stuff,6,6,237.32,100.0
d5b9a084373da994a6e37f732169a853,baby,7,6,2095.47,85.7
d5ba419e26d246a0719437cf37d9b46d,computers_accessories,37,32,4562.9,86.5
d624126b9206f595fb3fbb6ba03b28a8,auto,28,27,7828.87,96.4
d650b663c3b5f6fb392b6326366efa9a,watches_gifts,55,54,18155.24,98.2
d66c11a9572221d92fbb8c4897db5f9b,electronics,13,13,828.3,100.0
d66c305afaec317ebee552073a674429,consoles_games,8,8,2068.4,100.0
d66c305afaec317ebee552073a674429,small_appliances,9,9,1229.07,100.0
d673a59aac7a70d8b01e6902bf090a11,baby,85,81,6438.88,95.3
d6ab728cf30867cf3f1a2e216ae2f9b7,sports_leisure,13,13,2292.01,100.0
d6b1ce66b035a475f00c017792ff9769,construction_tools_lights,73,72,12807.49,98.6
d6b1ce66b035a475f00c017792ff9769,furniture_decor,34,33,5171.03,97.1
d6b664fa0667064c6d76394e7848d790,garden_tools,6,5,6404.34,83.3
d71d863e5ef30d94e440c11be17dcd8f,air_conditioning,9,9,1454.59,100.0
d71d863e5ef30d94e440c11be17dcd8f,construction_tools_safety,9,9,2099.75,100.0
d71d863e5ef30d94e440c11be17dcd8f,telephony,7,4,7083.19,57.1
d7485b33791774c36108f8c69602d48d,sports_leisure,10,9,828.65,90.0
d8c7ba53e7e38711eaef8c2849d6d2e1,baby,10,10,579.15,100.0
d8c7ba53e7e38711eaef8c2849d6d2e1,bed_bath_table,8,8,1013.8199999999999,100.0
d8c7ba53e7e38711eaef8c2849d6d2e1,sports_leisure,5,5,228.16,100.0
d8cf3b6a2151949f930d0252b180ec42,drinks,19,19,5211.849999999999,100.0
d91fb3b7d041e83b64a00a3edfb37e4f,air_conditioning,12,11,1119.16,91.7
d91fb3b7d041e83b64a00a3edfb37e4f,garden_tools,13,12,4540.42,92.3
d91fb3b7d041e83b64a00a3edfb37e4f,home_appliances,497,482,43045.52,97.0
d91fb3b7d041e83b64a00a3edfb37e4f,small_appliances_home_oven_and_coffee,6,6,242.03,100.0
d921b68bf747894be13a97ae52b0f386,housewares,5,5,829.93,100.0
d921b68bf747894be13a97ae52b0f386,watches_gifts,68,67,14713.17,98.5
d93844a9c55ba7ce353388bcf849ea56,furniture_decor,15,15,3956.63,100.0
d93919c944be9cff128f6c9cb899eacb,christmas_supplies,32,26,3435.67,81.2
d9442042130b7fe579d1295f9f4a248f,garden_tools,5,5,300.06,100.0
d9442042130b7fe579d1295f9f4a248f,housewares,11,11,874.23,100.0
d94a40fd42351c259927028d163af842,housewares,109,106,20050.51,97.2
d94ba08b99bedd6a5f6c875ecc4a6fac,housewares,9,9,857.76,100.0
d97df38225e5abadaff1e72cb72b823c,auto,32,30,2410.8,93.8
d98eec89afa3380e14463da2aabaea72,baby,73,72,5006.17,98.6
d98eec89afa3380e14463da2aabaea72,fashion_bags_accessories,66,66,3365.2200000000003,100.0
d98eec89afa3380e14463da2aabaea72,toys,49,47,3701.08,95.9
d9a84e1403de8da0c3aa531d6d108ba6,baby,18,17,923.1899999999999,94.4
d9a84e1403de8da0c3aa531d6d108ba6,sports_leisure,5,5,89.16,100.0
d9a84e1403de8da0c3aa531d6d108ba6,toys,26,25,1528.32,96.2
d9a84e1403de8da0c3aa531d6d108ba6,watches_gifts,14,14,211.64,100.0
d9bd94811c3338dceb4181f3dbc0c73e,baby,27,27,4100.54,100.0
d9bd94811c3338dceb4181f3dbc0c73e,health_beauty,10,9,1510.3799999999999,90.0
d9bd94811c3338dceb4181f3dbc0c73e,perfumery,20,20,2917.16,100.0
d9d43faf741ceaa8da52fdbb81d9e0e3,books_general_interest,6,6,571.12,100.0
d9e7e7778b32987280a6f2cb9a39c57d,health_beauty,13,11,1203.17,84.6
d9e8c084b68fe958861d8f2c21202e6b,agro_industry_and_commerce,10,10,660.2,100.0
da03c298e3999e9d828591fc2179d109,food,5,5,1157.68,100.0
da20530872245d6cd9d2f5725613c430,sports_leisure,5,5,666.4,100.0
da6a60cc8cc724fe51be021ff8be779c,books_general_interest,10,10,922.2,100.0
da7039f29f90ce5b4846ffc0fcc93beb,cine_photo,18,18,1873.76,100.0
da8622b14eb17ae2831f4ac5b9dab84a,bed_bath_table,1340,1283,253693.92,95.7
da8622b14eb17ae2831f4ac5b9dab84a,health_beauty,273,268,14309.09,98.2
dace965ca58120f92f8d742a9fa1864b,health_beauty,9,9,1573.77,100.0
daeb5653dd96c1b11860f72209795012,housewares,12,12,463.64,100.0
daeb5653dd96c1b11860f72209795012,toys,19,18,818.99,94.7
daf565f087a52def0fd5c5825b3661bc,bed_bath_table,9,9,1310.14,100.0
db2956745b3a8e9f3785c99f34b5d25e,health_beauty,46,45,9673.85,97.8
db4350fd57ae30082dec7acbaacc17f9,health_beauty,9,9,592.8,100.0
db4350fd57ae30082dec7acbaacc17f9,telephony,131,129,5591.11,98.5
db46ca7bce82b11f7e247539271fc390,pet_shop,16,16,1342.98,100.0
dbb9b48c841a0e39e21f98e1a6b2ec3e,cool_stuff,9,9,1302.8700000000001,100.0
dbb9b48c841a0e39e21f98e1a6b2ec3e,fashion_bags_accessories,13,13,775.82,100.0
dbb9b48c841a0e39e21f98e1a6b2ec3e,furniture_decor,25,25,1795.95,100.0
dbb9b48c841a0e39e21f98e1a6b2ec3e,housewares,47,46,3301.14,97.9
dbb9b48c841a0e39e21f98e1a6b2ec3e,party_supplies,8,8,1106.6299999999999,100.0
dbb9b48c841a0e39e21f98e1a6b2ec3e,stationery,7,5,831.49,71.4
dbb9b48c841a0e39e21f98e1a6b2ec3e,toys,10,8,1206.69,80.0
dbbcfe2c8d026742134ac3e28ccde274,sports_leisure,5,5,362.97,100.0
dbc22125167c298ef99da25668e1011f,fashion_bags_accessories,14,14,1841.2,100.0
dbc22125167c298ef99da25668e1011f,luggage_accessories,299,292,28640.51,97.7
dbc22125167c298ef99da25668e1011f,sports_leisure,57,57,10152.43,100.0
dbc22125167c298ef99da25668e1011f,stationery,89,88,7502.79,98.9
dbd66278cbfe1aa1000f90a217ca4695,electronics,105,103,7133.03,98.1
dbd66278cbfe1aa1000f90a217ca4695,health_beauty,9,9,693.18,100.0
dbd66278cbfe1aa1000f90a217ca4695,home_appliances,6,6,258.11,100.0
dbdd0ec73a4817971d962698f2fea022,health_beauty,16,16,8174.799999999999,100.0
dc317f341ab0e22f39acbd9dbf9b4a1f,cool_stuff,57,55,23700.21,96.5
dc4a0fc896dc34b0d5bfec8438291c80,bed_bath_table,233,224,31287.2,96.1
dc4a0fc896dc34b0d5bfec8438291c80,furniture_decor,6,5,492.88,83.3
dc4a0fc896dc34b0d5bfec8438291c80,housewares,12,12,1051.8799999999999,100.0
dc8798cbf453b7e0f98745e396cc5616,fashio_female_clothing,12,12,857.29,100.0
dc8798cbf453b7e0f98745e396cc5616,fashion_male_clothing,31,30,2126.09,96.8
dd2bdf855a9172734fbc3744021ae9b9,bed_bath_table,85,81,10527.02,95.3
dd2bdf855a9172734fbc3744021ae9b9,computers_accessories,10,7,575.64,70.0
dd2bdf855a9172734fbc3744021ae9b9,furniture_decor,5,4,530.23,80.0
dd2bdf855a9172734fbc3744021ae9b9,housewares,8,8,805.0,100.0
dd4d95ba2d15c071e6c695e2ef6ce169,stationery,5,5,1962.41,100.0
dd533b429f380718b70ad9922c294bae,cool_stuff,6,6,219.59,100.0
dd533b429f380718b70ad9922c294bae,toys,37,34,4739.650000000001,91.9
dd55f1bb788714a40e7954c3be6df745,cool_stuff,19,15,5846.6900000000005,78.9
dd55f1bb788714a40e7954c3be6df745,electronics,6,4,1052.36,66.7
dd55f1bb788714a40e7954c3be6df745,telephony,7,6,378.61,85.7
dd7ddc04e1b6c2c614352b383efe2d36,pet_shop,133,121,13778.51,91.0
ddd51ae8cda92f3995a51fc0f0f3eec7,housewares,25,25,4746.36,100.0
de0c78824586e9a5f5f04fd84e25df39,pet_shop,15,15,3258.51,100.0
de23c3b98a88888289c6f5cc1209054a,perfumery,7,6,1039.19,85.7
de23c3b98a88888289c6f5cc1209054a,stationery,71,65,12082.85,91.5
de23c3b98a88888289c6f5cc1209054a,toys,104,97,20195.27,93.3
de66a66f2dd06bb9ec37aa96987466a3,furniture_decor,6,6,482.78,100.0
de722cd6dad950a92b7d4f82673f8833,computers_accessories,366,355,80274.44,97.0
de722cd6dad950a92b7d4f82673f8833,cool_stuff,16,16,4716.0599999999995,100.0
de9727ca376d1be6ec121b110aa7954c,computers_accessories,11,11,1841.52,100.0
dee656f0f566ed1aa85bd137c943f08f,auto,13,12,528.25,92.3
dee656f0f566ed1aa85bd137c943f08f,construction_tools_lights,5,5,694.12,100.0
dee656f0f566ed1aa85bd137c943f08f,housewares,9,9,625.69,100.0
dee656f0f566ed1aa85bd137c943f08f,perfumery,7,6,379.14,85.7
dee656f0f566ed1aa85bd137c943f08f,sports_leisure,33,33,3457.44,100.0
dee656f0f566ed1aa85bd137c943f08f,toys,10,10,1361.46,100.0
dee656f0f566ed1aa85bd137c943f08f,watches_gifts,10,10,608.47,100.0
df0f42bc4c2142eacf0eaf2cffd0cfbb,health_beauty,16,16,2518.56,100.0
df560393f3a51e74553ab94004ba5c87,furniture_decor,9,8,981.64,88.9
df560393f3a51e74553ab94004ba5c87,garden_tools,28,26,3177.65,92.9
df56d7b40d437f88407c5f78b63bc328,sports_leisure,26,25,3983.79,96.2
df91910b6a03bb2e3358fa6a35e32f6f,housewares,13,13,2308.6,100.0
dfa0c4c6229ab200a4a1336b4d7128ff,auto,12,12,1254.27,100.0
dfa0c4c6229ab200a4a1336b4d7128ff,housewares,41,41,3676.0499999999997,100.0
dfa0c4c6229ab200a4a1336b4d7128ff,luggage_accessories,9,8,951.15,88.9
dfa0c4c6229ab200a4a1336b4d7128ff,toys,6,6,457.22,100.0
dfc475d54e1b6dbeeb7d7d9bdaa63827,housewares,19,18,2393.41,94.7
dfc5fb7259bb2b599ca565e6e9448f0f,garden_tools,34,30,7525.08,88.2
e067ad2c1c0b48758eb1b5228bcf7a68,pet_shop,63,58,7105.99,92.1
e06f09ec0a4aca210779cf1cfc63cf19,cool_stuff,5,4,1011.1600000000001,80.0
e06f09ec0a4aca210779cf1cfc63cf19,housewares,6,6,437.28,100.0
e06f09ec0a4aca210779cf1cfc63cf19,perfumery,5,5,1473.17,100.0
e06f09ec0a4aca210779cf1cfc63cf19,toys,9,9,420.43,100.0
e0878efa0e0b7e5313ac0b43bc04c081,stationery,12,12,1341.2,100.0
e0878efa0e0b7e5313ac0b43bc04c081,toys,16,13,4537.96,81.2
e0a366315b1b726b6c7832d664c0f530,construction_tools_construction,43,43,9806.89,100.0
e0a3c37054ade6478d923a6efc10f308,baby,5,5,254.98000000000002,100.0
e0eabded302882513ced4ea3eb0c7059,consoles_games,7,7,649.7,100.0
e1b12447a7563944843191754aeb5562,sports_leisure,5,3,495.99,60.0
e1dc0754bada9ee4cfe9713f22f61292,baby,8,8,704.02,100.0
e21a1e8be4715b0fcfd5385643bc49c4,auto,9,9,642.03,100.0
e21a1e8be4715b0fcfd5385643bc49c4,bed_bath_table,5,5,307.12,100.0
e21a1e8be4715b0fcfd5385643bc49c4,computers_accessories,7,7,418.08,100.0
e24d3429d294b2eb200b064ebb035879,health_beauty,22,22,2757.72,100.0
e24fc9fcd865784fb25705606fe3dfe7,health_beauty,43,41,11142.03,95.3
e24fc9fcd865784fb25705606fe3dfe7,pet_shop,15,14,5147.58,93.3
e250d617a0ad591ba9bd663e584a895d,furniture_decor,24,24,3875.73,100.0
e256a62e0ac58c0edfba09966142d561,housewares,13,13,1953.27,100.0
e26901d5ab434ce92fd9b5c256820a4e,baby,44,44,3998.25,100.0
e26901d5ab434ce92fd9b5c256820a4e,cool_stuff,16,16,735.1,100.0
e26901d5ab434ce92fd9b5c256820a4e,garden_tools,78,77,4626.52,98.7
e26901d5ab434ce92fd9b5c256820a4e,health_beauty,8,8,813.73,100.0
e26901d5ab434ce92fd9b5c256820a4e,housewares,58,58,5479.63,100.0
e2a1ac9bf33e5549a2a4f834e70df2f8,computers_accessories,5,5,15200.56,100.0
e2aee0892199b1d92530e371abd825bf,computers_accessories,8,7,440.36,87.5
e2aee0892199b1d92530e371abd825bf,furniture_living_room,5,5,4278.19,100.0
e2aee0892199b1d92530e371abd825bf,sports_leisure,26,23,6110.89,88.5
e2c92f9c1c7746d899d18f2e158bbff7,auto,13,13,1956.3,100.0
e333046ce6517bd8bb510291d44f0130,cool_stuff,5,5,1251.79,100.0
e333046ce6517bd8bb510291d44f0130,health_beauty,6,6,664.67,100.0
e333046ce6517bd8bb510291d44f0130,housewares,54,52,6286.61,96.3
e333046ce6517bd8bb510291d44f0130,perfumery,7,7,787.51,100.0
e38db885400cd35c71dfd162f2c1dbcf,bed_bath_table,31,30,2980.66,96.8
e3a386fc36e22064434e1fa256f6a9fa,health_beauty,17,16,1181.79,94.1
e3dd723429d1b23614b7fa85e2c7a853,health_beauty,6,6,638.38,100.0
e439f7176d763f92de325271111b2fd5,electronics,6,6,1547.7,100.0
e45edf75f568ed2f93f78d060e246e25,housewares,7,7,360.53999999999996,100.0
e48b04bf1aa1ef711caebeb7aede6180,baby,10,10,1360.08,100.0
e48b04bf1aa1ef711caebeb7aede6180,toys,11,11,1975.42,100.0
e48cc16ab70bfa09e1401740dce0b3d7,computers_accessories,17,17,2088.15,100.0
e49c26c3edfa46d227d5121a6b6e4d37,computers_accessories,15,15,2263.58,100.0
e49c26c3edfa46d227d5121a6b6e4d37,consoles_games,17,17,1872.23,100.0
e4ebd3f87bf70440014f07ddda7fbe03,health_beauty,6,6,432.08,100.0
e504a4e2efaa45cbff7e268a2c58c956,housewares,11,11,1732.27,100.0
e53d5b9b29d1218281f4a907ada18626,toys,5,5,2139.04,100.0
e5475dcab1e07b63d7f6e902d8f5eda8,fashion_bags_accessories,13,12,462.68,92.3
e5475dcab1e07b63d7f6e902d8f5eda8,sports_leisure,11,11,1980.54,100.0
e58a5b390e28abc0b216cfb0e07d27d7,sports_leisure,5,5,484.17,100.0
e59aa562b9f8076dd550fcddf0e73491,agro_industry_and_commerce,105,102,38357.38,97.1
e59e489e2ea74bd409b798b5daf49de3,furniture_decor,5,5,1319.93,100.0
e5a3438891c0bfdb9394643f95273d8e,fashion_bags_accessories,172,150,9471.73,87.2
e5a38146df062edaf55c38afa99e42dc,furniture_decor,25,23,3040.79,92.0
e5a38146df062edaf55c38afa99e42dc,garden_tools,8,7,819.74,87.5
e5a38146df062edaf55c38afa99e42dc,health_beauty,43,40,9997.65,93.0
e5a38146df062edaf55c38afa99e42dc,housewares,43,43,4384.26,100.0
e5e33c0d8e7e002f398f5dc4cbbb338f,auto,27,26,7469.13,96.3
e601b04acf48b4576e73ddca9481f0dc,garden_tools,5,5,269.45000000000005,100.0
e601b04acf48b4576e73ddca9481f0dc,health_beauty,5,5,304.76,100.0
e627629ba868740e287800f1a9be81c2,food_drink,8,8,409.71000000000004,100.0
e62b2d6ac10570a035a30bafcf01d263,computers_accessories,8,8,627.74,100.0
e62b2d6ac10570a035a30bafcf01d263,flowers,10,10,1140.21,100.0
e62b2d6ac10570a035a30bafcf01d263,furniture_decor,14,11,1318.7,78.6
e62b2d6ac10570a035a30bafcf01d263,tablets_printing_image,20,19,1520.1,95.0
e62b2d6ac10570a035a30bafcf01d263,telephony,11,11,588.04,100.0
e63e8bfa530fb16910dd6956e592bb81,housewares,40,40,2102.85,100.0
e644cbadf7eeb30d0d29f335ce7d52ec,sports_leisure,6,6,1468.19,100.0
e64d65bc8dbec2accda90c58de5d1246,health_beauty,12,11,1899.96,91.7
e6a69c4a27dfdd98ffe5aa757ad744bc,health_beauty,5,5,137.93,100.0
e6a69c4a27dfdd98ffe5aa757ad744bc,housewares,14,14,453.37,100.0
e70053bf73d1b5863932e53a9fa47496,telephony,5,5,3519.65,100.0
e7d5b006eb624f13074497221eb37807,computers_accessories,17,17,2330.7400000000002,100.0
e7d5b006eb624f13074497221eb37807,telephony,47,47,16706.54,100.0
e7df4cd29ab5abab70fb0783ddb53987,fashion_sport,12,12,1084.26,100.0
e7df4cd29ab5abab70fb0783ddb53987,sports_leisure,12,12,8569.64,100.0
e7f3bf1ecd8526eb7f3b18059e6716e5,toys,13,13,1353.64,100.0
e819bcfade7b5d88a27325eb6cfd62c5,furniture_decor,11,11,1252.32,100.0
e81e1f9c3e762e620f3fb60a51499e16,sports_leisure,13,11,3285.2599999999998,84.6
e83c76265fc54bf41eac728805e4da77,auto,8,7,336.49,87.5
e83e93b71371817b11d78a63ff156aee,furniture_decor,5,5,645.56,100.0
e84ad2127668df3aafc6b73531a0beb8,baby,6,6,248.82999999999998,100.0
e84ad2127668df3aafc6b73531a0beb8,cool_stuff,17,17,1200.6200000000001,100.0
e882b2a25a10b9c057cc49695f222c19,home_appliances,12,12,12740.32,100.0
e882b2a25a10b9c057cc49695f222c19,home_appliances_2,33,33,39440.44,100.0
e883aa812c37a7413226856f4579fe91,home_appliances,9,9,2829.83,100.0
e883aa812c37a7413226856f4579fe91,small_appliances,14,14,1330.06,100.0
e88c9b79e592e370d6bd852eeefbf057,toys,8,8,421.36,100.0
e89c4adbe7b1d0819dbb636e16461cf1,sports_leisure,25,23,3770.73,92.0
e8a85b5f3df47be0984c55fd4064dbb4,housewares,9,9,1027.51,100.0
e8b3a3a38279a82f0e5d006d5e5b7d2c,computers_accessories,28,26,8497.45,92.9
e8b3a3a38279a82f0e5d006d5e5b7d2c,consoles_games,51,44,5499.49,86.3
e8b3a3a38279a82f0e5d006d5e5b7d2c,stationery,7,7,508.27,100.0
e8b4225284fbb02d16f200513f1f395d,baby,29,29,6460.01,100.0
e8dba4d70f7f2b20e775d09cae01142d,sports_leisure,8,8,761.57,100.0
e8f6dc8e6a1dcde89d20e3995c8d90b3,furniture_decor,27,26,10940.7,96.3
e8f6dc8e6a1dcde89d20e3995c8d90b3,telephony,6,6,250.23,100.0
e9511df20ccd82658a30c37b7fb343af,construction_tools_construction,22,22,3792.95,100.0
e9511df20ccd82658a30c37b7fb343af,garden_tools,8,8,1564.49,100.0
e96498ed8daaa3e9c23f7a62da76591c,auto,36,32,10332.19,88.9
e9779976487b77c6d4ac45f75ec7afe9,drinks,185,177,11839.01,95.7
e9779976487b77c6d4ac45f75ec7afe9,food,26,24,2940.22,92.3
e9779976487b77c6d4ac45f75ec7afe9,food_drink,26,25,1882.87,96.2
e9779976487b77c6d4ac45f75ec7afe9,health_beauty,179,174,15252.4,97.2
e9779976487b77c6d4ac45f75ec7afe9,housewares,8,8,532.25,100.0
e9779976487b77c6d4ac45f75ec7afe9,perfumery,10,8,742.56,80.0
e9779976487b77c6d4ac45f75ec7afe9,sports_leisure,316,303,32682.77,95.9
e99e927c81e3f51739c94fcdfca9f10f,garden_tools,18,18,3070.7,100.0
e99e927c81e3f51739c94fcdfca9f10f,health_beauty,7,7,1116.17,100.0
e9bc59e7b60fc3063eb2290deda4cced,computers_accessories,218,212,58079.75,97.2
e9bc59e7b60fc3063eb2290deda4cced,cool_stuff,47,43,7724.849999999999,91.5
e9c6969d40e6a3d2d0f90013165c2b98,pet_shop,11,11,5481.98,100.0
e9d99831abad74458942f21e16f33f92,computers_accessories,98,92,6715.82,93.9
e9d99831abad74458942f21e16f33f92,electronics,55,53,2898.53,96.4
ea00f977a203ff88adf7057cb7806998,auto,18,18,558.02,100.0
ea566164622c6b439516ab18062c42cd,computers_accessories,12,10,2000.46,83.3
ea566164622c6b439516ab18062c42cd,cool_stuff,7,7,1296.49,100.0
ea566164622c6b439516ab18062c42cd,health_beauty,15,13,726.4,86.7
ea566164622c6b439516ab18062c42cd,perfumery,5,4,709.46,80.0
ea566164622c6b439516ab18062c42cd,telephony,9,9,565.1899999999999,100.0
ea65d8b58316a6f2362f2a9e4b3e86ad,construction_tools_construction,7,7,1842.25,100.0
ea67327e24487bdfac5fbfa37ea124df,bed_bath_table,35,35,8251.68,100.0
ea8482cd71df3c1969d7b9473ff13abc,auto,25,25,1026.97,100.0
ea8482cd71df3c1969d7b9473ff13abc,telephony,1198,1137,59515.18,94.9
ead2bab70821ea148476ae9bc08548ac,fashion_bags_accessories,9,9,854.21,100.0
eb3071b9f0b0ddaa2df5ea130f09f26b,furniture_bedroom,8,8,7511.58,100.0
eb4df17aed01d918c65f0f8d650900c0,auto,10,10,3726.89,100.0
eb5b6204dde3a6e03b5f1bb8479f055b,housewares,18,18,403.84,100.0
eba88037e1dca898cd02881f67ced679,stationery,6,5,931.57,83.3
ebd2d60905fb58271facef5596b620d3,health_beauty,88,84,9980.03,95.5
ec2e006556300a79a5a91e4876ab3a56,construction_tools_construction,6,6,377.19,100.0
ec4608a1f76453166bb312b2968aeaf4,furniture_decor,30,27,7917.58,90.0
ec80e49e69745ab6c14f984bf2149423,housewares,13,12,3897.31,92.3
ec8463980a4e0ea9f8517aea1ed0c419,construction_tools_lights,8,8,1762.0800000000002,100.0
ec8879960bd2221d5c32f8e12f7da711,computers_accessories,36,30,4756.26,83.3
ec933281fb017b5020d06df29c3f77e8,baby,8,8,1662.85,100.0
ecccfa2bb93b34a3bf033cc5d1dcdc69,health_beauty,15,7,1494.6,46.7
ececbfcff9804a2d6b40f589df8eef2b,health_beauty,75,69,6634.71,92.0
ececbfcff9804a2d6b40f589df8eef2b,watches_gifts,34,33,2942.46,97.1
ed4311e67debd72b8610a5347a743087,housewares,28,28,4496.15,100.0
ed4acab38528488b65a9a9c603ff024a,computers_accessories,33,33,9644.27,100.0
ed4acab38528488b65a9a9c603ff024a,consoles_games,6,6,6117.110000000001,100.0
ed859002ad59dbf8cf3602696a6c3000,air_conditioning,9,3,4230.75,33.3
ed8cb7b190ceb6067227478e48cf8dde,housewares,5,5,488.67,100.0
ed8cb7b190ceb6067227478e48cf8dde,portateis_cozinha_e_preparadores_de_alimentos,7,7,280.2,100.0
ed9eef5be0992d413d251fadba1a410d,furniture_decor,9,9,1748.3,100.0
edb1ef5e36e0c8cd84eb3c9b003e486d,health_beauty,178,170,85530.59,95.5
edd066cd02126d7800f9b66e980e9931,housewares,6,5,1173.9299999999998,83.3
ede0c03645598cdfc63ca8237acbe73d,auto,5,5,170.32,100.0
ede0c03645598cdfc63ca8237acbe73d,computers_accessories,41,34,3394.8,82.9
edf96ef93ed595084bbcbd9224bd2894,electronics,30,28,5296.84,93.3
eeb6de78f79159600292e314a77cbd18,costruction_tools_tools,7,7,4014.57,100.0
eeb6de78f79159600292e314a77cbd18,garden_tools,71,70,38506.35,98.6
eeb6de78f79159600292e314a77cbd18,industry_commerce_and_business,9,9,4711.78,100.0
eed78ac17f7f795a19a709745f00cd4e,furniture_decor,55,55,16937.81,100.0
ef0ace09169ac090589d85746e3e036f,health_beauty,21,21,2574.4300000000003,100.0
ef0ace09169ac090589d85746e3e036f,perfumery,119,115,19038.27,96.6
ef2fbc2b607d8492bcffe657a4645434,auto,14,14,1161.71,100.0
ef30892870c278497523264be1be2241,stationery,9,9,892.54,100.0
ef506c96320abeedfb894c34db06f478,agro_industry_and_commerce,15,14,690.48,93.3
ef506c96320abeedfb894c34db06f478,fixed_telephony,11,11,588.08,100.0
ef506c96320abeedfb894c34db06f478,telephony,311,296,14832.890000000001,95.2
ef990a83bbea832f36ebe81376335aa8,sports_leisure,40,34,5885.99,85.0
ef9952469137ff190bacafe117f51537,furniture_decor,5,5,1086.6,100.0
efcd8d2104f1a05d028af7bad20d974b,fashion_bags_accessories,54,53,4150.43,98.1
f00e21b1e91a79653163b7fd8f293ff1,toys,26,25,3692.71,96.2
f021c962aaba8ef6eb527a9c2c8394d1,musical_instruments,6,6,4533.87,100.0
f0837c8d71434931d9e38e7b79234797,housewares,24,23,4099.82,95.8
f08a5b9dd6767129688d001acafc21e5,agro_industry_and_commerce,9,8,38203.909999999996,88.9
f08a5b9dd6767129688d001acafc21e5,computers_accessories,8,7,9944.83,87.5
f08c008c8a8d31417763738a1788a2a8,sports_leisure,22,20,3228.59,90.9
f0b47fbbc6dee9aafe415a6e33051b3f,books_general_interest,51,51,3749.29,100.0
f0b47fbbc6dee9aafe415a6e33051b3f,housewares,35,35,4631.02,100.0
f125f3a310c2e5f822d116147de1e474,construction_tools_construction,19,19,5599.93,100.0
f12d3c2a14729ae461b920c11fe20fdc,furniture_decor,8,8,222.98,100.0
f12d3c2a14729ae461b920c11fe20fdc,stationery,5,5,438.53999999999996,100.0
f12ff17ad8bbf01ec5c33b17e506649b,auto,30,27,6728.88,90.0
f181738b150df1f37cb0bd72e705b193,cool_stuff,13,12,3490.97,92.3
f181738b150df1f37cb0bd72e705b193,furniture_bedroom,11,11,1956.82,100.0
f181738b150df1f37cb0bd72e705b193,housewares,13,13,440.43,100.0
f1c1ac3f3efc07e659c035008e615e66,auto,9,9,8480.52,100.0
f1ed6bd0a9b11b581f16c851c6a5a527,furniture_decor,9,9,1293.28,100.0
f1ed6bd0a9b11b581f16c851c6a5a527,stationery,7,6,771.48,85.7
f1fd5ab1181f827ffad998c1a5de7d74,luggage_accessories,14,14,7718.36,100.0
f205b1a3ca9a34e0f8a228bae6e4c7b3,furniture_decor,9,9,1484.9,100.0
f214d28e8d8e3ef068748498ccc2f813,fashion_bags_accessories,38,37,2208.46,97.4
f214d28e8d8e3ef068748498ccc2f813,toys,16,15,983.3100000000001,93.8
f22a247b79dd22ecd91dc8e3b2a1b07c,health_beauty,9,7,574.8399999999999,77.8
f262cbc1c910c83959f849465454ddd3,computers_accessories,105,102,8218.5,97.1
f262cbc1c910c83959f849465454ddd3,construction_tools_construction,14,14,728.73,100.0
f262cbc1c910c83959f849465454ddd3,electronics,24,23,1543.28,95.8
f262cbc1c910c83959f849465454ddd3,luggage_accessories,37,35,2421.71,94.6
f262cbc1c910c83959f849465454ddd3,stationery,18,18,271.99,100.0
f262cbc1c910c83959f849465454ddd3,telephony,13,13,1029.71,100.0
f27e33c6d29b5138fa9967bcd445b6d5,auto,12,12,901.18,100.0
f27e33c6d29b5138fa9967bcd445b6d5,consoles_games,5,5,1073.47,100.0
f27e33c6d29b5138fa9967bcd445b6d5,cool_stuff,16,14,1300.31,87.5
f27e33c6d29b5138fa9967bcd445b6d5,electronics,18,18,2943.41,100.0
f27e33c6d29b5138fa9967bcd445b6d5,pet_shop,22,22,3021.95,100.0
f27e33c6d29b5138fa9967bcd445b6d5,telephony,10,10,575.91,100.0
f326006815956455b2859abd58fe7e39,furniture_decor,25,25,21375.63,100.0
f3295428338a40977a03f555246a70f4,health_beauty,10,10,667.97,100.0
f35b3c613c4f7b2275f4185d0a3c59ec,sports_leisure,8,7,4140.19,87.5
f3b80352b986ab4d1057a4b724be19d0,health_beauty,95,95,10672.4,100.0
f3c38ab652836d21de61fb8314b69182,computers_accessories,6,6,989.2399999999999,100.0
f3c38ab652836d21de61fb8314b69182,electronics,6,6,740.67,100.0
f3da5b2ff499efb8d4a6d371d175d7dd,baby,15,14,1028.17,93.3
f3da5b2ff499efb8d4a6d371d175d7dd,construction_tools_safety,6,6,414.4,100.0
f3da5b2ff499efb8d4a6d371d175d7dd,health_beauty,5,5,107.78,100.0
f3da5b2ff499efb8d4a6d371d175d7dd,housewares,26,23,2007.43,88.5
f3da5b2ff499efb8d4a6d371d175d7dd,luggage_accessories,7,7,161.07,100.0
f3da5b2ff499efb8d4a6d371d175d7dd,stationery,7,6,614.49,85.7
f3da5b2ff499efb8d4a6d371d175d7dd,toys,5,5,423.97,100.0
f41ce2e25237f9092cd8e6e7516c7a2f,computers_accessories,5,5,343.39,100.0
f41ce2e25237f9092cd8e6e7516c7a2f,consoles_games,13,13,1288.31,100.0
f41ce2e25237f9092cd8e6e7516c7a2f,toys,6,6,571.14,100.0
f435898e493ba0356019a0b1cb8b55b1,auto,12,12,1135.08,100.0
f44b6f775a2b390380e0e30b5c9d3eee,cool_stuff,8,8,3132.55,100.0
f44bdc12aa39f5271f0b95f66cd4c289,auto,8,8,732.1,100.0
f45122a9ab94eb4f3f8953578bc0c560,baby,37,34,2811.66,91.9
f45122a9ab94eb4f3f8953578bc0c560,fashion_bags_accessories,16,15,455.69,93.8
f45122a9ab94eb4f3f8953578bc0c560,housewares,7,7,1115.25,100.0
f45122a9ab94eb4f3f8953578bc0c560,pet_shop,139,133,22124.48,95.7
f457c46070d02cadd8a68551231220dd,computers_accessories,235,225,33518.53,95.7
f46490624488d3ff7ce78613913a7711,health_beauty,88,86,8774.06,97.7
f4a04f7be452aa3bb31760bf00055dd0,perfumery,19,19,1553.9499999999998,100.0
f4aba7c0bca51484c30ab7bdc34bcdd1,health_beauty,114,112,4615.73,98.2
f4c4daa86e30c7e5a553a8d518ac03a5,watches_gifts,15,13,3718.15,86.7
f4db9b37944bcb8873e6b456ee190bbf,fashion_bags_accessories,19,18,3726.8,94.7
f52c2422904463fdd7741f99045fecb6,housewares,7,7,311.82,100.0
f593898ec748b7a8cb81fc04edafd98a,furniture_decor,10,8,1608.76,80.0
f593898ec748b7a8cb81fc04edafd98a,toys,7,5,1915.99,71.4
f5a590cf36251cf1162ea35bef76fe84,cool_stuff,11,11,9180.68,100.0
f5a590cf36251cf1162ea35bef76fe84,musical_instruments,105,98,45564.32,93.3
f5b44895715ddfe3087dc414f30268f3,auto,21,20,654.44,95.2
f5f1f2c5f923f36ad79ea1d07185ddc9,pet_shop,11,11,2020.09,100.0
f5f2ab9bdb6b30c14c61be68c5ed37da,toys,16,14,2205.8,87.5
f5f46307a4d15880ca14fab4ad9dfc9b,sports_leisure,5,5,680.84,100.0
f615fe7efbef0f4f08fd3086bc7a3e60,toys,17,16,2223.9500000000003,94.1
f61c63d13f7cd800549d5acdd390ae72,housewares,21,21,1276.77,100.0
f61c63d13f7cd800549d5acdd390ae72,toys,6,6,1342.94,100.0
f62d7bb4a613ec758a03342d46b580b2,home_appliances_2,13,13,11068.04,100.0
f62d7bb4a613ec758a03342d46b580b2,small_appliances_home_oven_and_coffee,21,20,15722.55,95.2
f63d8f293af3a6454377546bd9dd19ff,auto,16,12,4925.36,75.0
f63d8f293af3a6454377546bd9dd19ff,garden_tools,12,12,721.83,100.0
f67efa3f0b6761102a7f8c6b7b571f5d,pet_shop,17,17,2583.72,100.0
f67efa3f0b6761102a7f8c6b7b571f5d,sports_leisure,10,10,2995.53,100.0
f680f85bee2d253556ac91be391d2c82,baby,34,34,1963.01,100.0
f680f85bee2d253556ac91be391d2c82,garden_tools,21,21,7497.41,100.0
f7496d659ca9fdaf323c0aae84176632,furniture_decor,17,17,2939.14,100.0
f7496d659ca9fdaf323c0aae84176632,housewares,6,6,1406.56,100.0
f76a3b1349b6df1ee875d1f3fa4340f0,housewares,25,22,4933.75,88.0
f7720c4fa8e3aba4546301ab80ea1f1b,furniture_decor,33,32,1603.21,97.0
f7720c4fa8e3aba4546301ab80ea1f1b,garden_tools,23,20,1041.38,87.0
f7720c4fa8e3aba4546301ab80ea1f1b,home_construction,23,23,5370.21,100.0
f783a638e9c6af4a7d0dbfde811e7a81,toys,8,7,887.55,87.5
f789d2c4f2c2eb38fc4373e7a4b35264,pet_shop,48,47,7439.15,97.9
f7ba60f8c3f99e7ee4042fdef03b70c4,health_beauty,209,194,77958.53,92.8
f7ba60f8c3f99e7ee4042fdef03b70c4,sports_leisure,29,28,3570.64,96.6
f7ccf836d21b2fb1de37564105216cc1,bed_bath_table,72,69,4270.6,95.8
f805b96fa705ba7995a221f1749dc141,musical_instruments,7,7,2986.87,100.0
f80edd2c5aaa505cc4b0a3b219abf4b8,bed_bath_table,9,9,1037.94,100.0
f80edd2c5aaa505cc4b0a3b219abf4b8,costruction_tools_garden,44,40,6160.87,90.9
f80edd2c5aaa505cc4b0a3b219abf4b8,home_confort,7,7,256.49,100.0
f80edd2c5aaa505cc4b0a3b219abf4b8,kitchen_dining_laundry_garden_furniture,62,61,5563.98,98.4
f80edd2c5aaa505cc4b0a3b219abf4b8,sports_leisure,6,6,597.47,100.0
f8201cab383e484733266d1906e2fdfa,cool_stuff,10,10,1144.83,100.0
f84a00e60c73a49e7e851c9bdca3a5bb,furniture_mattress_and_upholstery,11,10,1196.0,90.9
f84a00e60c73a49e7e851c9bdca3a5bb,health_beauty,88,85,7590.41,96.6
f84fa566034f5e8e880a07ec624c56af,health_beauty,89,85,6766.84,95.5
f84fa566034f5e8e880a07ec624c56af,perfumery,8,8,579.56,100.0
f8d5c7085db9a4ad2b8c1ffbeb2798c8,fashion_bags_accessories,6,6,363.41,100.0
f8db351d8c4c4c22c6835c19a46f01b0,auto,12,12,788.21,100.0
f8db351d8c4c4c22c6835c19a46f01b0,computers_accessories,34,34,1969.96,100.0
f8db351d8c4c4c22c6835c19a46f01b0,construction_tools_construction,9,9,2106.08,100.0
f8db351d8c4c4c22c6835c19a46f01b0,cool_stuff,35,34,2711.19,97.1
f8db351d8c4c4c22c6835c19a46f01b0,garden_tools,55,50,3475.7599999999998,90.9
f8db351d8c4c4c22c6835c19a46f01b0,health_beauty,22,22,2485.3900000000003,100.0
f8db351d8c4c4c22c6835c19a46f01b0,home_appliances,36,35,1911.39,97.2
f8db351d8c4c4c22c6835c19a46f01b0,housewares,199,197,14268.45,99.0
f8db351d8c4c4c22c6835c19a46f01b0,kitchen_dining_laundry_garden_furniture,7,7,5275.23,100.0
f8db351d8c4c4c22c6835c19a46f01b0,office_furniture,19,19,4129.64,100.0
f8db351d8c4c4c22c6835c19a46f01b0,perfumery,47,40,5751.860000000001,85.1
f8db351d8c4c4c22c6835c19a46f01b0,pet_shop,93,93,5854.57,100.0
f8db351d8c4c4c22c6835c19a46f01b0,sports_leisure,85,80,9335.57,94.1
f8db351d8c4c4c22c6835c19a46f01b0,stationery,7,7,979.99,100.0
f8db351d8c4c4c22c6835c19a46f01b0,toys,53,52,5465.65,98.1
f8db351d8c4c4c22c6835c19a46f01b0,watches_gifts,30,29,8766.51,96.7
f918546be4bec7104d117789ba758b2b,garden_tools,20,18,1825.25,90.0
f9244d45189d3a3605499abddeade7d5,small_appliances,15,14,10131.06,93.3
f92d8c817434bd2d84d4e9c61322b7fa,sports_leisure,5,5,225.61,100.0
f97e2b0650c2068227e1d366140eb62f,garden_tools,7,7,993.99,100.0
f97e2b0650c2068227e1d366140eb62f,pet_shop,14,13,4974.55,92.9
f9903dd0f812c7e771fcad47b6fff231,construction_tools_lights,11,11,2728.61,100.0
f9d010e39375d9c91dce3f40b73a2f84,toys,5,5,1823.95,100.0
fa1a9dec3a9940c072684a46728bf1fc,pet_shop,63,63,9910.58,100.0
fa1c13f2614d7b5c4749cbc52fecda94,watches_gifts,593,551,200115.16,92.9
fa3a0b5aabb344b9a92e3524b0202123,musical_instruments,8,8,1953.4099999999999,100.0
fa40cc5b934574b62717c68f3d678b6d,baby,43,40,4278.25,93.0
fa40cc5b934574b62717c68f3d678b6d,toys,305,292,21937.56,95.7
fa74b2f3287d296e9fbd2cc80f2d1cf1,perfumery,5,3,1350.67,60.0
fac1a9017ade7bdc94058fc1c969f355,computers_accessories,10,10,2677.07,100.0
fad44952713764836814be105382aee5,health_beauty,34,34,5633.9,100.0
fadb07c842a2aef5d5a676b85f220e71,sports_leisure,5,5,342.73,100.0
fb3cfbc8a86f5d7fbb4d36b8df63f60d,bed_bath_table,16,16,3623.1800000000003,100.0
fb89df7f89fd1b8f03fa2acca1ba7364,health_beauty,26,25,3093.69,96.2
fbc14c0cf93505ef89f64665ffa4a7b5,fixed_telephony,11,10,7262.91,90.9
fc906263ca5083d09dce42fe02247800,computers_accessories,65,65,3744.9,100.0
fc906263ca5083d09dce42fe02247800,consoles_games,23,23,1470.8899999999999,100.0
fcb5ace8bcc92f75707dc0f01a27d269,computers_accessories,9,8,2016.5299999999997,88.9
fcb5ace8bcc92f75707dc0f01a27d269,consoles_games,5,4,971.4300000000001,80.0
fcb5ace8bcc92f75707dc0f01a27d269,construction_tools_construction,5,5,659.95,100.0
fcb5ace8bcc92f75707dc0f01a27d269,cool_stuff,16,16,2175.95,100.0
fcb5ace8bcc92f75707dc0f01a27d269,sports_leisure,12,12,2949.4,100.0
fcb5ace8bcc92f75707dc0f01a27d269,stationery,14,14,551.23,100.0
fcdd820084f17e9982427971e4e9d47f,air_conditioning,26,26,17833.42,100.0
fce62094ffe6a4009188ec44e681dfdd,furniture_decor,8,3,14502.06,37.5
fcf16b7a8697e559f0123190bb30177d,musical_instruments,7,7,4309.39,100.0
fd386aa7bed2af3c7035c65506c9b4a3,furniture_decor,6,6,335.29999999999995,100.0
fd386aa7bed2af3c7035c65506c9b4a3,health_beauty,11,11,303.05,100.0
fd386aa7bed2af3c7035c65506c9b4a3,housewares,12,12,345.34000000000003,100.0
fd386aa7bed2af3c7035c65506c9b4a3,stationery,25,24,2207.6800000000003,96.0
fd386aa7bed2af3c7035c65506c9b4a3,toys,9,9,357.64,100.0
fdaaf5bfda82b7b80535610c831b8d09,sports_leisure,15,15,4561.97,100.0
fdb9095204a334cd8872252ffec6f2db,bed_bath_table,60,58,16500.82,96.7
fde0cc9ea29c8ccfc0a2c22256a58c71,furniture_living_room,5,5,823.7800000000001,100.0
fde0cc9ea29c8ccfc0a2c22256a58c71,toys,29,28,3731.58,96.6
fe1b067411b8c5066e962aa146ccee03,perfumery,7,7,779.05,100.0
fe1bbc5feda5c8979a8a1b3b2512d5a6,sports_leisure,10,10,849.24,100.0
fe2032dab1a61af8794248c8196565c9,perfumery,301,285,73966.53,94.7
fe26f3ecb51a15e6d8335cd92da42562,auto,6,6,2629.51,100.0
fe49ee029e61e789a1f3a5525f57ba8d,toys,9,9,1796.8300000000002,100.0
fe701d88b67eaca109dffd464d1be9f9,fashion_bags_accessories,12,12,1578.02,100.0
fe87f472055fbcf1d7e691c00b1560dc,housewares,6,6,1215.96,100.0
febab0275244b9a49a623f0bd613ca2f,housewares,125,125,13447.25,100.0
febab0275244b9a49a623f0bd613ca2f,musical_instruments,6,6,108.13,100.0
fec6275253471ace26d209bbaa64cd0f,health_beauty,8,7,2600.23,87.5
ff063b022a9a0aab91bad2c9088760b7,furniture_decor,50,49,5616.62,98.0
ff063b022a9a0aab91bad2c9088760b7,garden_tools,46,45,6893.8,97.8
ff1e15b778c700abdd4d239b81ac466d,sports_leisure,6,6,457.35,100.0
ff1fb4c404b2efe68b03350a8dc24122,baby,7,7,733.1,100.0
ff1fb4c404b2efe68b03350a8dc24122,cool_stuff,5,5,1723.23,100.0
ff1fb4c404b2efe68b03350a8dc24122,toys,33,33,5122.84,100.0
ff4e2d38692ce827b1a4f4b8196e680d,books_technical,7,7,333.46,100.0
ff4ea69c2a729e83e63c7579e4ef8170,small_appliances,9,9,6527.82,100.0
ff69aa92bb6b1bf9b8b7a51c2ed9cf8b,baby,20,18,23038.2,90.0
ffa6adafb71b807dc13159e26431354c,cool_stuff,6,6,1133.65,100.0
ffad1e7127fb622cb64a900751590acd,baby,6,6,595.2,100.0
ffad1e7127fb622cb64a900751590acd,furniture_decor,9,9,1145.17,100.0
ffc470761de7d0232558ba5e786e57b7,construction_tools_construction,6,6,345.24,100.0
ffc470761de7d0232558ba5e786e57b7,garden_tools,5,5,549.37,100.0
ffc470761de7d0232558ba5e786e57b7,housewares,10,10,652.85,100.0
ffc470761de7d0232558ba5e786e57b7,watches_gifts,6,6,257.95,100.0
ffdd9f82b9a447f6f8d4b91554cc7dd3,housewares,18,18,2920.1,100.0
ffeee66ac5d5a62fe688b9d26f83f534,home_appliances,14,13,2259.55,92.9
fffd5413c0700ac820c7069d66d98c89,furniture_decor,11,9,2512.07,81.8
fffd5413c0700ac820c7069d66d98c89,housewares,47,45,9442.64,95.7
ffff564a4f9085cd26170f4732393726,auto,5,5,348.49,100.0
