order_id,list_price,actual_paid,discount_pct,leakage_type,detected
0016dfedd97fc2950e388d2971d718c7,141.1,70.55,50.0,L1_discount_abuse,True
0071ee2429bc1efdc43aa3e073a5290e,384.88,192.44,50.0,L1_discount_abuse,True
009ac365164f8e06f59d18a08045f6c4,192.0,32.0,83.33,L1_discount_abuse,True
00b4a910f64f24dbcac04fe54088a443,101.18,50.59,50.0,L1_discount_abuse,True
00bd50cdd31bd22e9081e6e2d5b3577b,257.4,85.8,66.67,L1_discount_abuse,True
00c405bd71187154a7846862f585a9d4,326.83,46.69,85.71,L1_discount_abuse,True
00c95282163553a982f38481f9488481,499.6,124.9,75.0,L1_discount_abuse,True
00e6bc6b166eb28b4502c1cad4457248,303.86,151.93,50.0,L1_discount_abuse,True
013037c3f1773cc8fdbaf8ff54d8013b,61.02,30.51,50.0,L1_discount_abuse,True
01358622f65717728b3b2ec2cf4e8812,43.54,21.77,50.0,L1_discount_abuse,True
013bc77d3ca5fba084a241fdcb307393,74.18,37.09,50.0,L1_discount_abuse,True
0216ea85f929ce4795f933573c6bb055,183.06,91.53,50.0,L1_discount_abuse,True
0218c7a4fb8d5b1bd22c82b783b8359c,100.02,50.01,50.0,L1_discount_abuse,True
02725851051698269253f0823e7824b6,53.36,26.68,50.0,L1_discount_abuse,True
028369515408fa864cfe50091d4e76c5,103.68,51.84,50.0,L1_discount_abuse,True
02950daa1214da108fb29cb5a0a3f74e,176.18,88.09,50.0,L1_discount_abuse,True
02d0cd05f04ab2e3c1acc473b0abc865,172.08,86.04,50.0,L1_discount_abuse,True
02dbd29bc7a490d582762fae9f0fd997,138.9,69.45,50.0,L1_discount_abuse,True
033a7061d514534d3459c3f1f06fe341,159.26,79.63,50.0,L1_discount_abuse,True
033ccfbdfc4d29677b7e1e6df3a82820,119.92,69.26,42.24,L1_discount_abuse,True
035678e70978296fb0e7469a611c322e,407.14,203.57,50.0,L1_discount_abuse,True
035ab6fc3b7f9d16f714a337ee63b7be,89.48,44.74,50.0,L1_discount_abuse,True
03604d9c184f9290e997c49fb585b2b5,706.2,353.1,50.0,L1_discount_abuse,True
036467185263519cd4f15dde1f8664e6,181.55,107.57,40.75,L1_discount_abuse,True
037556f936da90c5f9504956ff286860,145.8,72.9,50.0,L1_discount_abuse,True
0392bc239ce28b0377e6b3073df2c674,270.98,135.49,50.0,L1_discount_abuse,True
039f61edec89c6f0edf8dd1a0bdea1fe,948.66,316.22,66.67,L1_discount_abuse,True
03a10721769c7d8f2fefab105e64fbef,272.14,136.07,50.0,L1_discount_abuse,True
03c968d10d8c63bd2388245d02579fde,323.3,161.65,50.0,L1_discount_abuse,True
03d409e5b5b19ae88c43b41b503fdc5f,33.24,16.77,49.55,L1_discount_abuse,True
03d7f508a18d76f89489c40b7008f7e4,188.29,78.48,58.32,L1_discount_abuse,True
03dde7ab63940fbffd10162a74347e95,44.24,17.74,59.9,L1_discount_abuse,True
042649285cd08ef7c546445419b43407,156.68,78.34,50.0,L1_discount_abuse,True
0484f1d11d891ff86fcc2d225ce7094e,1371.4,685.7,50.0,L1_discount_abuse,True
04c3465b312fdf85de8e4cf4dc186600,72.96,36.48,50.0,L1_discount_abuse,True
04c35d9b971c2df38635b6c4a1983c35,1450.86,725.43,50.0,L1_discount_abuse,True
04d3e9115c05c6494aa7c1063f96db5e,286.98,143.49,50.0,L1_discount_abuse,True
04f2e760bb583d5d2f8b88e247d58d09,101.96,50.98,50.0,L1_discount_abuse,True
0516c22655fe1e1f0b3390f4ee3fc5f6,91.1,45.55,50.0,L1_discount_abuse,True
055bef2dbc886956379d21a556e11ff9,306.86,153.43,50.0,L1_discount_abuse,True
0580cfd05da4901cede805697f39a632,188.18,94.09,50.0,L1_discount_abuse,True
0581cc006c5d0b4351b5435336828add,741.36,370.68,50.0,L1_discount_abuse,True
05871d52118762aaae93a3682fc5fe2f,389.31,173.47,55.44,L1_discount_abuse,True
05aac5a18dcd77932007f57de8650622,338.22,169.11,50.0,L1_discount_abuse,True
05bd0df2a2f8b3719b66372a66b8f5ec,231.6,115.8,50.0,L1_discount_abuse,True
05bd4a1f3930d20f351ce8c406d77103,244.54,122.27,50.0,L1_discount_abuse,True
05c12734a5d14a9b9528b3eb84f30e50,109.38,54.69,50.0,L1_discount_abuse,True
05e6501cdfbd86fe9a3a788c3d411091,177.1,88.55,50.0,L1_discount_abuse,True
05e6d57ea1f64b4e9a0b37c669515cfc,172.6,86.3,50.0,L1_discount_abuse,True
05fad97db96406de1787c7a532c46a2b,212.74,106.37,50.0,L1_discount_abuse,True
061b13cf87863db16e1a03178285ecfe,130.68,65.34,50.0,L1_discount_abuse,True
062ce984a468dfa021e43bdf17ae158c,265.52,132.76,50.0,L1_discount_abuse,True
064c5d7833bce7bb4c9bff1302ac9d0a,82.12,46.27,43.66,L1_discount_abuse,True
0658b7d98d204e0beefedd5e8c0fad45,364.36,182.18,50.0,L1_discount_abuse,True
0673ea591e7c9108ba7dc1a5246111a5,316.56,158.28,50.0,L1_discount_abuse,True
06875ab72c5b9bb2eb303a70031bfeb0,143.04,47.68,66.67,L1_discount_abuse,True
06bb67936cfa5ac3f449e4f6733de4b1,450.6,90.12,80.0,L1_discount_abuse,True
06de165212eea16e848d38f4392d5c11,70.0,35.0,50.0,L1_discount_abuse,True
06e084d4ca3391eeec0a110051d0cb29,214.0,107.0,50.0,L1_discount_abuse,True
06f38dfd220e723c33a775d36f5d2756,658.08,329.04,50.0,L1_discount_abuse,True
070d6fe21e7d454b11f1cb27ca2c15c0,354.69,118.23,66.67,L1_discount_abuse,True
0710ec94ade6724b0816df78ee4e689f,42.78,21.39,50.0,L1_discount_abuse,True
0731519818400f39a85714db501f1781,235.7,117.85,50.0,L1_discount_abuse,True
0741ee0ba3cb46d86325be2879e18706,1424.28,712.14,50.0,L1_discount_abuse,True
0758aeea44cefb9c7f59333c7c691714,767.9,383.95,50.0,L1_discount_abuse,True
076d71b244e240e104ffe5bf5985faa2,266.79,88.93,66.67,L1_discount_abuse,True
077a77e315e3b317121a0af9962e122b,139.28,69.64,50.0,L1_discount_abuse,True
077d6b93c4e88d06b124cf24fb67a28e,626.22,104.37,83.33,L1_discount_abuse,True
07d60a76803db63f0ca6708011e8cf9b,369.72,184.86,50.0,L1_discount_abuse,True
07efb6b65a21feb31a7567eb0dbd2476,156.38,78.19,50.0,L1_discount_abuse,True
07f400658513d45866ee381bace93793,252.74,126.37,50.0,L1_discount_abuse,True
0814daa4d12a646aeb73c429d5852f4d,146.62,73.31,50.0,L1_discount_abuse,True
0847671e74f36253e410d74921dff936,117.24,58.62,50.0,L1_discount_abuse,True
085b1f163267ab9db88bb6b4145e0df7,532.98,266.49,50.0,L1_discount_abuse,True
086fbd1d738c8b0bf972f0757bc57e9c,120.18,60.09,50.0,L1_discount_abuse,True
0870d202dc3234340a499505dc36c7a4,46.84,25.22,46.16,L1_discount_abuse,True
0880410ce1538dfc180e260708256fcb,101.72,50.86,50.0,L1_discount_abuse,True
08a72c88fa7ee3652a339070245b9f1e,638.24,319.12,50.0,L1_discount_abuse,True
08cd96d5c09ad751d2c4ffd556f96c31,48.74,24.37,50.0,L1_discount_abuse,True
08d138a502fa05af63ac4005311484f9,140.3,70.15,50.0,L1_discount_abuse,True
08d55e35f34806d85f4d99b62297e578,497.42,248.71,50.0,L1_discount_abuse,True
08d70627d548cd883ac394cc5da92d87,109.18,54.59,50.0,L1_discount_abuse,True
08eb6a0ddc93b1cf16dd629389dc691b,313.02,156.51,50.0,L1_discount_abuse,True
08ee999a47fad7aab826e8604eff09a1,375.12,187.56,50.0,L1_discount_abuse,True
08f77a9d173ce275845e91e81500838c,158.16,79.08,50.0,L1_discount_abuse,True
08fa8b49ff198d1332df4668087150ed,201.48,67.16,66.67,L1_discount_abuse,True
09026ebcef956ddfbc9af4af7c46d377,155.14,77.57,50.0,L1_discount_abuse,True
092a7de4b983f4ee3e77af64e2f8c9e8,60.46,30.23,50.0,L1_discount_abuse,True
092ae7e7141e3d69ecd0935d97e14fd9,165.4,82.7,50.0,L1_discount_abuse,True
093a8c168710da385a8c59d3149ea380,55.13,23.33,57.68,L1_discount_abuse,True
09545768adc993877dfa9a4024b360c2,226.3,113.15,50.0,L1_discount_abuse,True
098fa8e236952567d948321ee4684854,654.5,130.9,80.0,L1_discount_abuse,True
09c530d73b3f36bbcd4d3b2268abfe12,307.22,153.61,50.0,L1_discount_abuse,True
09d048d5bfb9dd1a82f696ce9863e9b0,1159.02,772.68,33.33,L1_discount_abuse,True
09ddda124332d6c2489fba71284be7b6,176.18,88.09,50.0,L1_discount_abuse,True
09e0e42eda6d72e0bd2a2e232d1c78b2,202.36,101.18,50.0,L1_discount_abuse,True
09fd9b0402ed675bbd1ee1e81171ac7c,420.72,210.36,50.0,L1_discount_abuse,True
0a0185b8b72cbf2290c3e4218300a61c,200.52,66.84,66.67,L1_discount_abuse,True
0a0d4509c14ceb9b0f6555e07c45d167,705.44,352.72,50.0,L1_discount_abuse,True
0a558295652f98bafe12e259c4d3fa26,388.5,194.25,50.0,L1_discount_abuse,True
0a8f8c393d9dbc5901daf7d157afc427,96.18,48.09,50.0,L1_discount_abuse,True
0aaf52291c13507e7fe4f565f079ad9a,127.12,63.56,50.0,L1_discount_abuse,True
0ab3d92f71090c758d1df7ff889a9335,712.8,237.6,66.67,L1_discount_abuse,True
0ae42629f60238674d1b98c5651c8d68,171.58,85.79,50.0,L1_discount_abuse,True
0aea5ed8df108f7cb387c099ddec65c2,206.76,51.69,75.0,L1_discount_abuse,True
0b1bd7cdeb2d703ebe602a2989a86f9a,102.28,51.14,50.0,L1_discount_abuse,True
0b27e5029dd7bd0891b5da96fa33a93b,325.17,108.39,66.67,L1_discount_abuse,True
0b32bf55276b5feb681f6ed6fd670692,383.5,191.75,50.0,L1_discount_abuse,True
0b365bbd59e2f75bea276c81bb916dcb,44.58,22.29,50.0,L1_discount_abuse,True
0b382db57a557ff7703eaba5e991e7fb,2959.02,1479.51,50.0,L1_discount_abuse,True
0b446830af3811ef0d7c2e0db238af50,212.32,106.16,50.0,L1_discount_abuse,True
0b47f5e9432bd433f8c5cf64e60e6e5f,1564.78,223.54,85.71,L1_discount_abuse,True
0b50495c5cfeda8c9d7abfe80aea74e4,314.44,157.22,50.0,L1_discount_abuse,True
0b517c01a5b46fd3e16b389ea6f4ad3a,150.54,75.27,50.0,L1_discount_abuse,True
0b850781696042f7d33b6246dc49bd31,133.94,66.97,50.0,L1_discount_abuse,True
0bbb3f7791a87d0307555e57da3a1ff1,1512.28,137.48,90.91,L1_discount_abuse,True
0bcaf262925111aa4be36f35bcb92fdd,1083.25,154.75,85.71,L1_discount_abuse,True
0bd044f3b358bb88951e3ea66eadcc70,142.28,71.14,50.0,L1_discount_abuse,True
0bdfd876931ec6df01297b40e9672c12,887.04,295.68,66.67,L1_discount_abuse,True
0bf5f8d1827bd25b377ffbe375420463,164.84,82.42,50.0,L1_discount_abuse,True
0c077fbe69b84abe12774536d0904060,141.78,70.89,50.0,L1_discount_abuse,True
0c1457493ca1492c4a4417fc278605b0,313.46,156.73,50.0,L1_discount_abuse,True
0c2145845231f6707fedad2baf767b41,382.28,191.14,50.0,L1_discount_abuse,True
0c3e2dc4a3eeb282bd4df0b620dcff6d,251.04,167.36,33.33,L1_discount_abuse,True
0c4284c2b4798ef2f308a6748fa63dc3,190.4,95.2,50.0,L1_discount_abuse,True
0c4a286213e6b3657aa94773d386a229,167.13,55.71,66.67,L1_discount_abuse,True
0c54d16446b830ff65da96eb16304fe8,232.48,116.24,50.0,L1_discount_abuse,True
0c5c7803f731287953ed066d8b599372,61.58,27.73,54.96,L1_discount_abuse,True
0c65eb5a1415db7a20dfc869c9277e7a,172.8,57.6,66.67,L1_discount_abuse,True
0c6829c9d92a6bb545d7bf1734d094c6,310.64,155.32,50.0,L1_discount_abuse,True
0c6a2732270e3f0f66bd73dbde93b59e,42.76,21.38,50.0,L1_discount_abuse,True
0c80c82bdef7f227e7483cdd3c94f697,112.14,56.07,50.0,L1_discount_abuse,True
0c83ca3fc3a83bd059a1834a8ffeb917,273.22,136.61,50.0,L1_discount_abuse,True
0c8d2195cb6aab1034f95a0f87b149dd,251.22,125.61,50.0,L1_discount_abuse,True
0cabc61e5deb17c32904e1b512204efd,169.22,84.61,50.0,L1_discount_abuse,True
0cbb4eb8eb55f8386cb8c934ff936358,105.89,59.91,43.43,L1_discount_abuse,True
0ccb5b7bf95c5b642f3717b08c633361,122.25,40.75,66.67,L1_discount_abuse,True
0cd218949b04611711989a6b534d9a26,155.78,77.89,50.0,L1_discount_abuse,True
0cd93455c51655ebb590c07a06d584a1,1135.83,378.61,66.67,L1_discount_abuse,True
0ced306b608e9bc80ef960368a3414a4,65.16,21.72,66.67,L1_discount_abuse,True
0d1141bc7e92a45b00c06ed12c5c4eb2,76.26,38.13,50.0,L1_discount_abuse,True
0d454d3e9e965e807648bfd8a52e4cd9,338.74,169.37,50.0,L1_discount_abuse,True
0dd9baba59537d4782153775157d0a36,289.0,72.25,75.0,L1_discount_abuse,True
0decb14beb4de8d3b4e37103e81f119b,104.14,52.07,50.0,L1_discount_abuse,True
0e137ff5dbbd948fb108877492be365c,351.68,175.84,50.0,L1_discount_abuse,True
0e1756f57187e203c6151ebe990fa670,146.68,73.34,50.0,L1_discount_abuse,True
0e5f3862d95c44aabc9b2a0f703f9f75,450.42,225.21,50.0,L1_discount_abuse,True
0e5f95185b8be5365f07906c419286a4,176.64,88.32,50.0,L1_discount_abuse,True
0e6f7fb47bffbb13f0c144a12443e5a7,56.0,28.0,50.0,L1_discount_abuse,True
0e889057c46617878ff0aa3431936d7c,145.32,72.66,50.0,L1_discount_abuse,True
0e903df9d14796df715e2f6cc52e2c1d,345.02,172.51,50.0,L1_discount_abuse,True
0e993b4910bc84a0c2b26fb528d2e8c0,63.18,31.59,50.0,L1_discount_abuse,True
0ebf8e35b9807ee2d717922d5663ccdb,541.68,270.84,50.0,L1_discount_abuse,True
0ed4bf3a5a970c8b076ce4ccec0acc4b,637.84,318.92,50.0,L1_discount_abuse,True
0ed96e54a115b2c41364ee998ae096d4,119.2,59.6,50.0,L1_discount_abuse,True
0ee7b1f086c44cbf2dc1efbdaa69bc19,108.0,59.32,45.07,L1_discount_abuse,True
0f286dcb49da58061b9ae488027e4033,115.36,57.68,50.0,L1_discount_abuse,True
0f28dea25f498acb1ab8d7f947c2ceaf,86.0,43.0,50.0,L1_discount_abuse,True
0f47f9183ff34c4a76633181b380acbc,2076.68,1038.34,50.0,L1_discount_abuse,True
0f769c3e8665e800faa37fd711fee252,194.18,97.09,50.0,L1_discount_abuse,True
0f7f5047fb2535359f03240b1697085a,197.4,98.7,50.0,L1_discount_abuse,True
0fa927b252421189a0e0d5725fb3832d,569.32,142.33,75.0,L1_discount_abuse,True
0fb55482ffb326ed131c67051fe87192,352.29,117.43,66.67,L1_discount_abuse,True
0fb5a3160f044b869ebab3a1d50f0471,177.44,88.72,50.0,L1_discount_abuse,True
0fc3e31f16aa4bc4bff4d14fe1e169f8,252.56,126.28,50.0,L1_discount_abuse,True
0fd20e900b40f5cb8e6fd31df27aabbd,630.8,315.4,50.0,L1_discount_abuse,True
0fdc6ce12cb319cb9c173af525080d3f,547.86,273.93,50.0,L1_discount_abuse,True
0fdf3166230480d0c55e5d70a2da40c2,84.0,42.0,50.0,L1_discount_abuse,True
0fe1829613c45b423f51aa8949dd8d57,498.75,166.25,66.67,L1_discount_abuse,True
10016b700b98966403aafded9f2e168d,225.0,45.0,80.0,L1_discount_abuse,True
1017e188d93cee2c3292c71a98dbec38,330.16,165.08,50.0,L1_discount_abuse,True
102dff93d9ff9180027b57feff2f34cc,190.72,47.68,75.0,L1_discount_abuse,True
104dbb8a46362208d1b4b3cf7a7c2956,110.68,55.34,50.0,L1_discount_abuse,True
106bf10ecc74f90c8848d0f613288a15,208.74,104.37,50.0,L1_discount_abuse,True
106f6c512adbf8efc43791f75692d25c,207.0,51.75,75.0,L1_discount_abuse,True
10938b7ea022f888b8a2683a6a0fc533,494.47,247.5,49.95,L1_discount_abuse,True
1094dc9e3237f4deff27a2bab683a300,835.66,417.83,50.0,L1_discount_abuse,True
109f6898323e99a194948043ea99cdd8,66.34,33.17,50.0,L1_discount_abuse,True
10a4fba332df93580200cc555d2166ab,170.3,85.15,50.0,L1_discount_abuse,True
10cba0be7bc27288b512d87a719b97e5,48.02,24.01,50.0,L1_discount_abuse,True
110f190bf49ab04f3ead4f860570e902,284.22,142.11,50.0,L1_discount_abuse,True
1116eef143ff0ec32867729b83df8530,179.76,89.88,50.0,L1_discount_abuse,True
111dc64700f0263f8001c38215036c92,37.58,17.14,54.38,L1_discount_abuse,True
111e8cdb5890a7e3beae3e717737ca51,32.1,16.05,50.0,L1_discount_abuse,True
1135fd6920dbadb0eff2071674ab2808,142.5,71.25,50.0,L1_discount_abuse,True
11433594967d07f9ed0b30827fd35385,770.04,385.02,50.0,L1_discount_abuse,True
11483c6a164cf839a3b0c945acc5935e,68.52,22.84,66.67,L1_discount_abuse,True
1149d72adba9246665c80103bd7011c5,102.1,51.05,50.0,L1_discount_abuse,True
115a5def49198c358d372dccac79ce54,410.84,205.42,50.0,L1_discount_abuse,True
1196240b71cd166c2b75a3a0c9ded394,535.44,133.86,75.0,L1_discount_abuse,True
11978d520d85578c9f024b99ac1a87ef,100.18,50.09,50.0,L1_discount_abuse,True
11aa678fe753b76d14deeb477735998f,417.54,208.77,50.0,L1_discount_abuse,True
11f97a9967bb081adb9883460c71e845,381.6,127.2,66.67,L1_discount_abuse,True
11fa0235decc84fa20b516ab7eec74ec,244.26,122.13,50.0,L1_discount_abuse,True
121c467b693acd6f359cc3e13c73b27d,153.62,76.81,50.0,L1_discount_abuse,True
124c799bcc4126cdb5cca8c5889533b7,488.8,244.4,50.0,L1_discount_abuse,True
125f4dd03bbae6aa696e6196ac423f72,938.78,469.39,50.0,L1_discount_abuse,True
126da462f642d99483c0691ac474c783,295.8,147.9,50.0,L1_discount_abuse,True
126db85298f060d1b6fb6d032fd2dc06,151.54,75.77,50.0,L1_discount_abuse,True
127e151835ed0bf4ea8e262040fa1c3d,251.02,125.51,50.0,L1_discount_abuse,True
12bc94612964e0cd17a45a286899a3d1,47.42,23.71,50.0,L1_discount_abuse,True
12c404363fece070157a8d13afb76b71,203.86,101.93,50.0,L1_discount_abuse,True
12cdb224996beb57ba2315faff824277,200.66,100.33,50.0,L1_discount_abuse,True
12d34cd89b0be0896cfecdbd41f5e952,75.84,37.92,50.0,L1_discount_abuse,True
12f2f3174deba94de2aa43ad4adf6d3e,2744.5,1372.25,50.0,L1_discount_abuse,True
1308f542d82d3b18c50659be0f12a323,280.68,140.34,50.0,L1_discount_abuse,True
132d901a3191ebd415e9ed346435417e,282.66,141.33,50.0,L1_discount_abuse,True
135b582ac1ec8138d4f9f0ef27a7ba36,360.75,240.5,33.33,L1_discount_abuse,True
136d740adc5aa0d3ad07f279eeb5b665,207.46,103.73,50.0,L1_discount_abuse,True
138231385802e09f83a82cf35bc5f4aa,2118.5,1059.25,50.0,L1_discount_abuse,True
1389d3b1fab26d87e40c382d11a8ac3c,114.32,57.16,50.0,L1_discount_abuse,True
13915b8e35e0ca97dcbdf2cffe7233c5,222.04,111.02,50.0,L1_discount_abuse,True
139566ca96ac60204ca4fc24f52d8c83,279.96,139.98,50.0,L1_discount_abuse,True
13bc2aa1a887b018329663498f5e00ab,1059.81,353.27,66.67,L1_discount_abuse,True
13cadcf6f032e98f0fc276734a16d743,172.72,86.36,50.0,L1_discount_abuse,True
13cc20205a5d08b532f127b6fbf0f370,284.25,56.85,80.0,L1_discount_abuse,True
13d37da7780bd1fb1eca0512a3e75f00,139.5,46.5,66.67,L1_discount_abuse,True
13d5066bb747cafa23f1bb6d1838eee4,185.8,92.9,50.0,L1_discount_abuse,True
13f726430863cd4a81b6899e25010475,137.94,68.97,50.0,L1_discount_abuse,True
1405c563a488ba7869c598deec085886,219.56,109.78,50.0,L1_discount_abuse,True
140ae5224df379e09df7cdf376070834,314.6,157.3,50.0,L1_discount_abuse,True
14142e4c26cd190475c63c3dc773bf6c,224.06,112.03,50.0,L1_discount_abuse,True
1431ee47e31c27528b8ae56b66689afc,62.34,31.17,50.0,L1_discount_abuse,True
143bfc6b9cf902d763549e6764121aaf,93.92,46.96,50.0,L1_discount_abuse,True
1468556ad5a95f57ef848cf278d8c6dc,182.9,91.45,50.0,L1_discount_abuse,True
146bde81f92815f59ed9c7d44d8335cd,137.9,68.95,50.0,L1_discount_abuse,True
14727b31671d412db797863b9bba8392,189.32,94.66,50.0,L1_discount_abuse,True
147e9f4682b02a1b8ef314d880654b45,329.6,164.8,50.0,L1_discount_abuse,True
14a031b045ef8ce4a2b6e08d1fc5623b,267.28,66.82,75.0,L1_discount_abuse,True
14cccd76360744f54b4d0fad37c12ebb,166.5,83.25,50.0,L1_discount_abuse,True
14d5f7d2a3755fbd4df406ef4c4b400c,307.95,61.59,80.0,L1_discount_abuse,True
15209a5ea170d24d393e34f8bd52dbaf,214.92,107.46,50.0,L1_discount_abuse,True
15226cfb3e9f4ad163d09f493688204b,247.71,47.17,80.96,L1_discount_abuse,True
1525f8f0c2985955d93907fa19a9cc3a,177.44,88.72,50.0,L1_discount_abuse,True
154f1e943923c5957737382dcb0dc6dc,68.44,34.22,50.0,L1_discount_abuse,True
1550ad5373660bdeb5c52239b456396e,649.92,324.96,50.0,L1_discount_abuse,True
156f6f0ed73a57da184aecc81303bf9d,31.28,17.34,44.57,L1_discount_abuse,True
15764eae87fb040c4ce2bf75f6670a77,232.71,77.57,66.67,L1_discount_abuse,True
157676ef5dfcf1a927e0b60948918946,590.07,393.38,33.33,L1_discount_abuse,True
157cdf5ef06664d53e7449d529e2bad1,184.12,92.06,50.0,L1_discount_abuse,True
1590f37cad06b14cb123f6a45b2bdf4c,198.7,99.35,50.0,L1_discount_abuse,True
15ac0c27c404a6601dc7a613faddc813,59.9,29.95,50.0,L1_discount_abuse,True
15f03e32c4f15c02ef2461951758bce9,162.89,83.03,49.03,L1_discount_abuse,True
1600c77ccd20164d6da4e2285d3ced92,226.9,113.45,50.0,L1_discount_abuse,True
16587ab039631e704fecc41c056967a5,661.28,330.64,50.0,L1_discount_abuse,True
16651b7711b8c360e79e0ac07fc8a1a9,453.3,151.1,66.67,L1_discount_abuse,True
167d27116a1c2e0290a505e98f352c3c,170.91,56.97,66.67,L1_discount_abuse,True
169bbd065798362db04a47a4f8abf551,39.54,19.77,50.0,L1_discount_abuse,True
16b1ca4005cd15dce41f3431902ba314,115.06,57.53,50.0,L1_discount_abuse,True
16c9dc0ba34547f2eb228bcb2971815f,592.06,296.03,50.0,L1_discount_abuse,True
16f391bc8fc37407de41720cd92f6266,618.24,309.12,50.0,L1_discount_abuse,True
16f7bcfa3d20c4e61a2ae69c2132d25e,127.36,63.68,50.0,L1_discount_abuse,True
170dcd772ea4f51c3a859f9beef5d297,1060.35,212.07,80.0,L1_discount_abuse,True
171165c9f5a878508a44d0d428d50099,314.68,157.34,50.0,L1_discount_abuse,True
17536c16762f9a7287c3bbf5f2262008,340.78,170.39,50.0,L1_discount_abuse,True
17825f24877a9289214c301ae0c9424b,204.06,102.03,50.0,L1_discount_abuse,True
178358411049ad27f877b8964564528a,518.35,74.05,85.71,L1_discount_abuse,True
1798a9d3b896e39ea128c25cf6b84ee4,172.3,86.15,50.0,L1_discount_abuse,True
17ae98e755b32ae8ec73470952de4de2,282.66,141.33,50.0,L1_discount_abuse,True
17d22657f0987dcb5df8abd4fa057f8c,99.91,49.08,50.88,L1_discount_abuse,True
17e8b55480433d174982a3eea0454a8b,907.48,453.74,50.0,L1_discount_abuse,True
17f027e58cb5cfb188bac60e3abc5cfe,474.34,237.17,50.0,L1_discount_abuse,True
17f97d000b0ebd36b6dbdf154b0a3d7f,182.76,91.38,50.0,L1_discount_abuse,True
180fb4e6556687774c55bc255a5f7d8a,126.72,63.36,50.0,L1_discount_abuse,True
1825a3f130b2692290f29b53f5dd1c66,474.14,237.07,50.0,L1_discount_abuse,True
1826d2a2eb6ba6e3e4da3ffd1293ba5b,465.66,232.83,50.0,L1_discount_abuse,True
182e6edb8cb190cada2690d7c7d78e76,68.0,34.0,50.0,L1_discount_abuse,True
182fa9505d1a70df89f74950a4e9369c,1143.46,571.73,50.0,L1_discount_abuse,True
182fb1824c0cd548ce120c6108630e37,457.24,228.62,50.0,L1_discount_abuse,True
183d37c4e4e642bb223c42532298c6f0,294.76,147.38,50.0,L1_discount_abuse,True
186748dbc47f9d6cf119fe3ce8be3ea7,368.22,184.11,50.0,L1_discount_abuse,True
186e07e37d4253c4aaab5f2aa0cf4136,158.22,79.11,50.0,L1_discount_abuse,True
186efcd656d8ac4332156f594df02572,1678.8,839.4,50.0,L1_discount_abuse,True
1887d0f6362cc8dd05b9c7764fe627b7,177.21,59.07,66.67,L1_discount_abuse,True
189711984919a2bdda375153d796d096,87.84,43.92,50.0,L1_discount_abuse,True
189b3afbf782ff8ab44477e006153155,165.33,55.11,66.67,L1_discount_abuse,True
189c034bd0ef4966a8f86ed7b5df5797,83.68,41.84,50.0,L1_discount_abuse,True
18d436f1bd867f1869bc3a16103a4b75,434.72,217.36,50.0,L1_discount_abuse,True
18d97970f63e7ee06cc61aabb05cb6b6,128.58,64.29,50.0,L1_discount_abuse,True
18e4264c34fe91aab3b39ea012932f3d,59.68,29.84,50.0,L1_discount_abuse,True
18ed62e249d4b637b186e91f0374a476,121.72,60.86,50.0,L1_discount_abuse,True
19018a1b097164d2fadb3018902f3221,363.06,181.53,50.0,L1_discount_abuse,True
191988c24e4be4ee259d26b443408e3f,229.04,114.52,50.0,L1_discount_abuse,True
192a0f41d4f1af20d8ef537a12a2076e,130.18,65.09,50.0,L1_discount_abuse,True
192c8364fff4c42bf70f0d9a4525c340,372.54,186.27,50.0,L1_discount_abuse,True
193dce17420e5a1662145bdba0605cd6,78.2,39.1,50.0,L1_discount_abuse,True
196d07f4360358baef663fa6bbba95b0,671.1,111.85,83.33,L1_discount_abuse,True
19d7044958c12e06f37926d4801eb2da,328.36,164.18,50.0,L1_discount_abuse,True
19ee088b8cb4afa401a748f8437135d1,294.99,98.33,66.67,L1_discount_abuse,True
19ef6de262591218648e1765adedad1b,92.0,46.0,50.0,L1_discount_abuse,True
19f99e34df3950b323bd2bbc16152983,52.38,23.3,55.51,L1_discount_abuse,True
1a1cbbc80d127af8c72708f098494a0e,240.6,120.3,50.0,L1_discount_abuse,True
1a1ef8dc595adbce0e5d75d806d69286,141.9,70.95,50.0,L1_discount_abuse,True
1a292836ced1aa222199c34c883f404e,331.52,84.14,74.62,L1_discount_abuse,True
1a494062b68a8ed99ba9171cb9c9aef5,114.0,57.0,50.0,L1_discount_abuse,True
1a611328643ae11146ba09a4425d2e12,839.64,69.97,91.67,L1_discount_abuse,True
1aae876e8a8dcd3f41f6ec9aae3de9e3,187.77,62.59,66.67,L1_discount_abuse,True
1aaeb5badaa812e15594d2c5d04e474a,152.12,76.06,50.0,L1_discount_abuse,True
1ab4ba2aaa118a756ac6f15764adb2ec,405.88,202.94,50.0,L1_discount_abuse,True
1aef7a15aff34d2305b0e6994acd680b,237.78,118.89,50.0,L1_discount_abuse,True
1afc78423ebc34ed1e97cb320ac86620,55.56,27.78,50.0,L1_discount_abuse,True
1b16849c735fb603f647c0e1dbf503c7,203.28,50.82,75.0,L1_discount_abuse,True
1b2a8a35effe3c031684be53784ac90c,1855.64,927.82,50.0,L1_discount_abuse,True
1b2d35912f9c5a605c93adf4b3b74839,145.16,72.58,50.0,L1_discount_abuse,True
1b36920ded6f3aa566e53f04957af0e7,202.34,101.17,50.0,L1_discount_abuse,True
1b3d11cf9f92c0f7baf627ab059621f8,3333.55,666.71,80.0,L1_discount_abuse,True
1b4255d9c878894e1d30af0d984c9c7f,1134.0,567.0,50.0,L1_discount_abuse,True
1b5e2881604b415e9f8ac15e575dfbf2,482.3,241.15,50.0,L1_discount_abuse,True
1b639d1c43c530ad38bb59d4ea7f8d08,294.62,147.31,50.0,L1_discount_abuse,True
1b68a09aef174135ac2b4a138c3a1eda,136.5,68.25,50.0,L1_discount_abuse,True
1b83b0cc5c4f25371dc567405ff773c1,62.58,15.48,75.27,L1_discount_abuse,True
1b900d4d10e97580eee435e3474110c8,244.62,122.31,50.0,L1_discount_abuse,True
1bcee4703d916a7dead99492b946773e,389.1,194.55,50.0,L1_discount_abuse,True
1be51feefcd481bee3118900e6777057,847.77,77.07,90.91,L1_discount_abuse,True
1bf3cf4f3a842f629a7a52e336d96263,335.02,167.51,50.0,L1_discount_abuse,True
1c05b5c04855d3158e6e53760add7386,102.18,51.09,50.0,L1_discount_abuse,True
1c2fb7f84aa77300fcb6b698481c1e2e,282.46,141.23,50.0,L1_discount_abuse,True
1c6df404972aaa1832eabdde60936615,346.54,173.27,50.0,L1_discount_abuse,True
1c74ffde86fb781136c43931617a5958,62.68,31.34,50.0,L1_discount_abuse,True
1c9d3054ad510a747ec88979fc23ba1b,109.64,54.82,50.0,L1_discount_abuse,True
1ca9b19a39f0b18a4a1470eba6eb5cda,222.0,111.0,50.0,L1_discount_abuse,True
1cb38ae65fed9fa76684ac28035d4350,356.08,178.04,50.0,L1_discount_abuse,True
1cb44c843df038496648b84a904aafa6,300.32,75.08,75.0,L1_discount_abuse,True
1cb4d27eb9d959e7c803e6886b8f1552,185.56,92.78,50.0,L1_discount_abuse,True
1cce7dd1eeb53ad0f97744d159ca50a2,793.46,396.73,50.0,L1_discount_abuse,True
1ce0acf125f1bcd636276dd213363196,310.36,155.18,50.0,L1_discount_abuse,True
1ceb32dd258e3c9be6212f7dd5688ffc,251.04,125.52,50.0,L1_discount_abuse,True
1cf03b2013a9167bb623e62ac5681f07,115.36,57.68,50.0,L1_discount_abuse,True
1d251ab94983c4adb11e4b168abb1439,715.23,238.41,66.67,L1_discount_abuse,True
1d3b8d78074e0b50f10346941e67e9de,453.9,151.3,66.67,L1_discount_abuse,True
1d51e1fe1c50aa8ab4844281efd36b6d,122.1,61.05,50.0,L1_discount_abuse,True
1d5a37ac3dadde6a732db74ecb91e107,343.0,85.75,75.0,L1_discount_abuse,True
1d671f4aa75c57086215073b775c7f41,264.92,132.46,50.0,L1_discount_abuse,True
1d9a9731b9c10fc9cba74e6f74782e8b,762.96,63.58,91.67,L1_discount_abuse,True
1d9c50c894c0353c480222a9de8512a4,49.5,24.75,50.0,L1_discount_abuse,True
1dacb75a3f524523a6521835a6787057,332.7,166.35,50.0,L1_discount_abuse,True
1dfe1249fb9a3871f918c37f1e5f68a6,247.08,123.54,50.0,L1_discount_abuse,True
1e36204fd8a2e695a35dd5e41cd392d8,529.84,264.92,50.0,L1_discount_abuse,True
1e54e64066c85e4c0b929c0dde6bec3b,155.14,77.57,50.0,L1_discount_abuse,True
1e6f350c900ca357945126e20117d293,1379.9,137.99,90.0,L1_discount_abuse,True
1e90eae620cdf28010098a2159d56ebf,242.43,80.81,66.67,L1_discount_abuse,True
1ea11b975aea60ca92fa0559184d3d34,386.52,64.42,83.33,L1_discount_abuse,True
1ec5c99642df4c4c2469179b48e0343b,170.78,85.39,50.0,L1_discount_abuse,True
1ec8dd02cd90d4ce9458ede38ab15bff,170.48,85.24,50.0,L1_discount_abuse,True
1ec979be6088053a577e364179b5526b,226.86,113.43,50.0,L1_discount_abuse,True
1ecec0de52507f72af7280ffcd0a8fb8,165.14,82.57,50.0,L1_discount_abuse,True
1ed0026cd10a75c686a9caab448154d3,101.34,33.78,66.67,L1_discount_abuse,True
1ed4e96d371387280707c53f4555031b,113.2,56.6,50.0,L1_discount_abuse,True
1eed3691b23af50a487c4f8828287734,346.11,115.37,66.67,L1_discount_abuse,True
1f039c377ad805f38658f64f2102c992,1561.7,312.34,80.0,L1_discount_abuse,True
1f0caeab2e84048dd8f4d149904c0d8f,455.38,227.69,50.0,L1_discount_abuse,True
1f26d6dc18f5315e3177b291a579b492,363.1,181.55,50.0,L1_discount_abuse,True
1f66126a353c1308d1396bec7cf67f37,412.16,103.04,75.0,L1_discount_abuse,True
1fac502a34e64b8fe035b46bf6162f83,229.06,114.53,50.0,L1_discount_abuse,True
1fb40b224a9509697bacc23d3e160e4c,122.02,61.01,50.0,L1_discount_abuse,True
1fcde8f1d8b0a48e0ce8a212f1fb8dc1,150.16,75.08,50.0,L1_discount_abuse,True
1fd00a38cb5caa89ca06e82069412d5f,344.66,172.33,50.0,L1_discount_abuse,True
20109f40b1a81ce4ec90a30f1e625046,166.4,83.2,50.0,L1_discount_abuse,True
203763b580fdf4ab6596f692370d27a7,172.5,86.25,50.0,L1_discount_abuse,True
2059d0da82b7b8d60f4a609d795bc9ed,54.1,25.16,53.5,L1_discount_abuse,True
209892dc297e6b541a2251e5af9cb07b,315.62,157.81,50.0,L1_discount_abuse,True
20aa4f85b1ed8d98e5c742c1a003db9c,602.4,150.6,75.0,L1_discount_abuse,True
20b44662cba0e4e87a3d794343c1076c,153.56,76.78,50.0,L1_discount_abuse,True
20c98a39c44583471ee358e7fa0db82f,198.44,99.22,50.0,L1_discount_abuse,True
20dd46ec82721cbf25cc9ef228943bf5,116.92,58.46,50.0,L1_discount_abuse,True
20e45fb012dbdf66f09290158664ce79,253.36,126.68,50.0,L1_discount_abuse,True
20f837a22a0326636f941c343fa912ed,130.68,43.56,66.67,L1_discount_abuse,True
20f96d395d08faf685dfd963c91f0563,313.86,156.93,50.0,L1_discount_abuse,True
210815e915694747f4d7f75010d5a665,133.88,66.94,50.0,L1_discount_abuse,True
2122719f6fc72fba16b0b3001d539a7e,40.18,20.09,50.0,L1_discount_abuse,True
212399bb2189b8096965b199645d7d3d,355.36,177.68,50.0,L1_discount_abuse,True
213a17bb373d57763822d78e40e7ca38,142.1,28.42,80.0,L1_discount_abuse,True
2142bac418a228e6086f5294a8fa88db,53.5,26.75,50.0,L1_discount_abuse,True
214a2fc82c1accbd3c6e1edafe954078,237.26,118.63,50.0,L1_discount_abuse,True
21577126c19bf11a0b91592e5844ba78,1304.85,86.99,93.33,L1_discount_abuse,True
2158e65196d4219c8f22cf686e1cc8de,114.26,57.13,50.0,L1_discount_abuse,True
219170fb08f8e9140c121645abb11cd0,83.5,41.75,50.0,L1_discount_abuse,True
21953f0f5d8d20ed590fcb9683be8b6d,835.68,417.84,50.0,L1_discount_abuse,True
21a3f15754b759c91fff4535aaeb3486,3848.06,1924.03,50.0,L1_discount_abuse,True
21a8ffca665bc7a1087d31751a7b7cbc,117.24,58.62,50.0,L1_discount_abuse,True
21abec9862e40dd6706f0eaecb193f4b,281.38,140.69,50.0,L1_discount_abuse,True
21b8b46679ea6482cbf911d960490048,89.6,44.8,50.0,L1_discount_abuse,True
21ca56b276a6b8d082a1261f33786085,128.0,66.46,48.08,L1_discount_abuse,True
21cab9105bc6c133b002932a53bcfe85,252.24,126.12,50.0,L1_discount_abuse,True
21d8497f62e0a7a9a219af444cbd2b28,392.86,196.43,50.0,L1_discount_abuse,True
21e37650ff5769ef4eaa10725322d871,273.98,149.7,45.36,L1_discount_abuse,True
21eaec27338dab3006319241bff4c002,89.63,40.15,55.21,L1_discount_abuse,True
21f76c9cee317278663cbec02a2fb2f4,171.54,57.18,66.67,L1_discount_abuse,True
21fc87cfedd833f6e6749fd823dc9754,88.84,44.42,50.0,L1_discount_abuse,True
21ff4faf5460988340a9675233bd0d1b,107.2,53.6,50.0,L1_discount_abuse,True
2200d7d4069cfe22127c053c75a26c17,128.1,64.05,50.0,L1_discount_abuse,True
2208f3a59d7067fe62c900692f5fdcaf,252.02,126.01,50.0,L1_discount_abuse,True
22170faea0e48a083b8216ce465df183,444.08,222.04,50.0,L1_discount_abuse,True
2240d9349c55949c40dbfcc98ece280c,189.18,94.95,49.81,L1_discount_abuse,True
2251c2ae48921e06fee59a7779d9bd47,87.94,43.97,50.0,L1_discount_abuse,True
22557cb9c7229669e351a8460240119b,355.36,177.68,50.0,L1_discount_abuse,True
225c2d5256f969a58d04909cccbdbed0,123.58,61.79,50.0,L1_discount_abuse,True
226975521c585d7bb98996f83ccdde59,98.18,49.09,50.0,L1_discount_abuse,True
227881fdf69e55ab7906b7a818dd5e39,350.34,175.17,50.0,L1_discount_abuse,True
2297a47ed15e99116ac68cdb390cd700,465.15,93.03,80.0,L1_discount_abuse,True
22c8ca185710c015f6ae93a6d78c9b4a,295.62,147.81,50.0,L1_discount_abuse,True
22fe0bf39d80f86f5f4a106875e9adf9,654.66,109.11,83.33,L1_discount_abuse,True
232ed087a5c59841a1a56af1fe8d797d,220.08,110.04,50.0,L1_discount_abuse,True
233868ed9e2f9399d292289f27bc2993,349.08,116.36,66.67,L1_discount_abuse,True
234ea4333eec78d8e18bc801a916e1f4,376.4,188.2,50.0,L1_discount_abuse,True
236909a5eec961f916c742c7f991d3e5,273.0,136.5,50.0,L1_discount_abuse,True
23858bdc4cab9cf5b5de163b1f12ea71,213.09,71.03,66.67,L1_discount_abuse,True
23bab630b11eed4b31aaa2edd31ba773,153.98,76.99,50.0,L1_discount_abuse,True
23c4889b86a761e3cc76cecad70bff4f,345.1,172.55,50.0,L1_discount_abuse,True
23d5d28c2bf332ea0034ec9ec17437f9,137.42,68.71,50.0,L1_discount_abuse,True
23f55194f215ebf6254bc34d267f7d9e,131.85,43.95,66.67,L1_discount_abuse,True
241368f4774e5c6f4a5a15a612970316,72.78,36.39,50.0,L1_discount_abuse,True
242bcea719638feb8c102d38e67a4977,786.48,98.31,87.5,L1_discount_abuse,True
242c9821e1036401ddc1d061ffcb034c,400.94,200.47,50.0,L1_discount_abuse,True
242efbf997dcc144609030002b91446e,581.2,116.24,80.0,L1_discount_abuse,True
2468e620a816b687f5dc6878e7d847ce,183.78,91.89,50.0,L1_discount_abuse,True
24bf227d444a1df7957f78e6f03bc5b6,229.54,114.77,50.0,L1_discount_abuse,True
24ceed9729a86f5e36fd61ae94183817,2819.07,313.23,88.89,L1_discount_abuse,True
250f85876f80760c95d050486f8b8fe9,167.3,83.65,50.0,L1_discount_abuse,True
251f0a3981c4a8cb853a9cc9d6ba49ad,465.75,93.15,80.0,L1_discount_abuse,True
251fe947dc87c3ac12965b12bd34f160,62.38,36.09,42.15,L1_discount_abuse,True
252542bdcaff281720c6460e5868ce06,74.26,37.13,50.0,L1_discount_abuse,True
253bf86c38be4d6ffa40eb641a356d69,135.74,67.87,50.0,L1_discount_abuse,True
25755fc654451b06940f9b66bbc7c890,737.38,368.69,50.0,L1_discount_abuse,True
2577b7a27e96dbad77db32d34b57351d,164.85,54.95,66.67,L1_discount_abuse,True
258e4ed66ea8e2696f74f6fe835e7111,155.14,77.57,50.0,L1_discount_abuse,True
2591cfc04214495607525020ec87652a,224.1,112.05,50.0,L1_discount_abuse,True
25b5b0ea53b7d5a2d5712a0d9d0b3649,120.03,40.01,66.67,L1_discount_abuse,True
25be27a5bc17c6ccd29b5839526651a2,985.98,492.99,50.0,L1_discount_abuse,True
25d054bcaafc7ed0a9b503a55ae9f2f1,212.12,106.06,50.0,L1_discount_abuse,True
25f680bf746bec3df11d48318ff015de,111.24,55.62,50.0,L1_discount_abuse,True
260ec445d18b2120c8ab6f87ecae2a1d,441.18,220.59,50.0,L1_discount_abuse,True
2660e4e0c99dc944d9935e3b8781d81b,45.86,19.35,57.8,L1_discount_abuse,True
267968a4442f2e55c2904cac31c26660,37.37,16.25,56.51,L1_discount_abuse,True
26ba0c1bad97bbfdcc4419e3ca40d9a8,183.68,91.84,50.0,L1_discount_abuse,True
26de0ad903879b7f28b74d5f60426198,99.6,49.8,50.0,L1_discount_abuse,True
26e66858735be44e0f1875beba05fa56,162.27,54.09,66.67,L1_discount_abuse,True
27117cda67133aa93a8fc2b8916b1340,442.32,221.16,50.0,L1_discount_abuse,True
271cf6fbd3f70026fc60ccf8139f8a2a,56.34,28.17,50.0,L1_discount_abuse,True
271f637085c45e7e58268625604724a9,405.58,202.79,50.0,L1_discount_abuse,True
2739ecbc7e87995e0d2efb6f603f6c2c,238.82,119.41,50.0,L1_discount_abuse,True
2745579b0446d51b9aa8263485dbeb1d,215.56,107.78,50.0,L1_discount_abuse,True
274e474fe18a32ae7bf5cc6bb0e7a46c,72.48,37.8,47.85,L1_discount_abuse,True
27587cc5a5f975239e49460102252868,363.51,121.17,66.67,L1_discount_abuse,True
275ae19d3b5b88d41fe617cae7a1e056,261.12,130.56,50.0,L1_discount_abuse,True
276c36d0f0218b24c09343edf53cb98f,36.5,18.25,50.0,L1_discount_abuse,True
2771d3ac1d43785ed9c2fdcb077a87b0,1240.58,620.29,50.0,L1_discount_abuse,True
2798536d668b2d5071ab9b2ab4f7a7b0,485.54,242.77,50.0,L1_discount_abuse,True
279b0128499fe319bfc49512b1612eb7,62.01,36.33,41.41,L1_discount_abuse,True
27a54410628f54cb15b276a47a14c7d7,80.76,40.38,50.0,L1_discount_abuse,True
27a940efdd448db29463b53ea0cfa2f4,964.26,87.66,90.91,L1_discount_abuse,True
27dd4347486e954e77b2f577f6388819,261.38,130.69,50.0,L1_discount_abuse,True
27dfa7167b8ea894c7fdd9ed01338ce1,75.56,37.78,50.0,L1_discount_abuse,True
27e4b27a4dcfd36a9ef0fdfb2fd1d476,311.64,155.82,50.0,L1_discount_abuse,True
27e664e45fbc72051ec6482958367303,239.32,119.66,50.0,L1_discount_abuse,True
281962853c1f4b3b4ea3bed6e4647759,146.22,62.73,57.1,L1_discount_abuse,True
285c2e15bebd4ac83635ccc563dc71f4,898.7,40.85,95.45,L1_discount_abuse,True
287a3634b689a3b876e3993e081bcc6b,534.56,267.28,50.0,L1_discount_abuse,True
2882e815bbb59314e58194adf2fe61e3,293.45,58.69,80.0,L1_discount_abuse,True
288550748c3bf4d64ca22b79487eeaf2,49.75,21.11,57.56,L1_discount_abuse,True
28bfa0968ea8dceb17513700ddfc0745,503.84,251.92,50.0,L1_discount_abuse,True
28cc666d3c85564ac6854085a36582fb,84.79,39.08,53.92,L1_discount_abuse,True
28ee4942e257119c5bdc4d00b182ba6d,169.53,81.14,52.14,L1_discount_abuse,True
2909656d933b72ba8b3fcf38fad83c4d,137.2,76.89,43.96,L1_discount_abuse,True
29182856a24c6eeb1d7b81ba1fe63190,1060.65,117.85,88.89,L1_discount_abuse,True
2927b6be262c5528b8135e5d330c00f9,195.6,65.2,66.67,L1_discount_abuse,True
295458b743d8f806fbd5fb290d0b1b8d,45.95,24.35,47.01,L1_discount_abuse,True
2965ef8e9b42fd941f044c6b197246f5,262.68,131.34,50.0,L1_discount_abuse,True
297885db9322571cf7e8f87662362888,425.98,212.99,50.0,L1_discount_abuse,True
298244895a58e73db105ff38993ca7b5,141.22,70.61,50.0,L1_discount_abuse,True
29921b6b001ba493f381f3f1d396af16,316.9,158.45,50.0,L1_discount_abuse,True
29dba01f92da927e611d340bc135f679,1768.4,884.2,50.0,L1_discount_abuse,True
29fafeedea8220ed8162dcafe8a89483,174.84,58.28,66.67,L1_discount_abuse,True
2a4a59ba2f6ffd2ab64d38122a957cba,66.38,33.19,50.0,L1_discount_abuse,True
2a4cf847d8e23123b4421ef7f7dc3d9f,92.0,46.0,50.0,L1_discount_abuse,True
2a4f7453c73c4b1383b45944fd590c25,315.26,157.63,50.0,L1_discount_abuse,True
2a5e2ec255be0a5cb7bc1bb5d21deb07,232.94,116.47,50.0,L1_discount_abuse,True
2a898874fbdeadc5df2ea8a0b01b85cb,561.78,374.52,33.33,L1_discount_abuse,True
2aa83d9dae401c1373417afddd15fc5c,873.38,436.69,50.0,L1_discount_abuse,True
2ab0be5175c93d7e68f1d91459183a87,57.76,28.88,50.0,L1_discount_abuse,True
2abe97fe40841c06d48dbde9d9df1279,114.58,57.29,50.0,L1_discount_abuse,True
2ac14ce16b95643b222e92188b0ddec5,692.97,230.99,66.67,L1_discount_abuse,True
2acdbbb81136709fc5e1f32e11ebd14a,452.54,226.27,50.0,L1_discount_abuse,True
2aceefa8498a058bac3f46c6336e744c,44.0,19.21,56.33,L1_discount_abuse,True
2ae3e844eeb857e448fe36e4f0dca9ef,216.0,108.0,50.0,L1_discount_abuse,True
2af1664ed08d6f1bc9b2c0e743cafded,135.08,67.54,50.0,L1_discount_abuse,True
2b101e802b6712f2fc129966a2c518fd,525.84,87.64,83.33,L1_discount_abuse,True
2b124ad880bc7d6eb045e056c3e68449,172.3,86.15,50.0,L1_discount_abuse,True
2b20baf94a095e002981091891209751,123.16,61.58,50.0,L1_discount_abuse,True
2b6635f4dca63c44fdfa0de1c212a2ff,52.98,29.86,43.64,L1_discount_abuse,True
2b71ffffcf089d2287505f5b4441204b,93.98,46.99,50.0,L1_discount_abuse,True
2bcb4add2a785006005bcea7b61559aa,150.51,50.17,66.67,L1_discount_abuse,True
2be8f3f9bfd6f4349d7c95dfaa619b21,102.4,51.2,50.0,L1_discount_abuse,True
2c1f8fd9aa5f50ec17f4c95e52223a3a,175.08,58.36,66.67,L1_discount_abuse,True
2c453858db792dfba1340601d2814b28,333.69,111.23,66.67,L1_discount_abuse,True
2c46f84b185f4aadc82a72d14d089c4d,1907.68,953.84,50.0,L1_discount_abuse,True
2c88b5879d666444b90643a3817f9b97,269.22,134.61,50.0,L1_discount_abuse,True
2c8f8b620f20e83829e70d2e0f32e49a,592.38,296.19,50.0,L1_discount_abuse,True
2c9015a3c9e7ded7dc344a1536b2c72f,289.5,144.75,50.0,L1_discount_abuse,True
2c9ef1099d75918095356bda34b2d4c0,469.5,234.75,50.0,L1_discount_abuse,True
2ca33108764fd34547c251d1a4ad73ef,452.7,226.35,50.0,L1_discount_abuse,True
2ca9036cf880a76f0a41894ede902e55,87.24,21.81,75.0,L1_discount_abuse,True
2cb28ae28f6e5c600cb9fb13d1a2b244,116.32,58.16,50.0,L1_discount_abuse,True
2cba7b5e0e9007f221ab7acf2ca260e3,128.94,64.47,50.0,L1_discount_abuse,True
2cbcb371aee438c59b722a21d83597e0,119.96,59.98,50.0,L1_discount_abuse,True
2cd487f56c4c8e2600c902f8ac475597,51.9,25.95,50.0,L1_discount_abuse,True
2cd690a78448d2d942353c66dd6f6064,252.14,126.07,50.0,L1_discount_abuse,True
2d15f5afd65b730a72135678ea3487d2,1842.08,921.04,50.0,L1_discount_abuse,True
2d27ee9bbc377938d4a8c5a8efb16551,190.64,95.32,50.0,L1_discount_abuse,True
2d3ae8314361346376456addbeb7e5ed,218.0,109.0,50.0,L1_discount_abuse,True
2d40e4509fd3b132931c957812969adc,691.02,345.51,50.0,L1_discount_abuse,True
2d893645a0ed6af2455f026ee2bd15d1,147.51,49.17,66.67,L1_discount_abuse,True
2dabb10146331fc98c0322801df870d7,75.44,37.72,50.0,L1_discount_abuse,True
2dc89150e25e0d36a6b80cea3c8a1290,200.43,66.81,66.67,L1_discount_abuse,True
2dcb16f827ccfc7bff5be2a6deb28bce,950.84,475.42,50.0,L1_discount_abuse,True
2dd08b72f1dfc49c74883302437e6f6d,225.42,112.71,50.0,L1_discount_abuse,True
2dd3e9627a0cec07b3092f404934ce6b,656.76,328.38,50.0,L1_discount_abuse,True
2de88b97e4bbf3a783afbdd55cb955e4,42.62,21.67,49.15,L1_discount_abuse,True
2e612a3508e4bce75344e6bfb68f28e0,589.5,196.5,66.67,L1_discount_abuse,True
2e6a1087eb563f7648142859dceb5d90,192.42,64.14,66.67,L1_discount_abuse,True
2e6d2d54826e3dc0cf96b86f6d029dbf,124.94,62.47,50.0,L1_discount_abuse,True
2e9218017514abac32bb20f975e15ecd,215.62,107.81,50.0,L1_discount_abuse,True
2ec8350dfe84d1726bc5bc3921003fd0,90.02,45.01,50.0,L1_discount_abuse,True
2ec8ddbfe88a339d911208a26f6a8ad5,144.15,48.05,66.67,L1_discount_abuse,True
2f1142c1bd6a656c18928bd51215565d,354.08,177.04,50.0,L1_discount_abuse,True
2f124d00fd77d40d0847e9c97db27ce0,238.28,119.14,50.0,L1_discount_abuse,True
2f1a5157e323f52d58fca608db06ac82,188.62,94.31,50.0,L1_discount_abuse,True
2f4912b4871e8127d9932edd5a1ae62e,344.36,172.18,50.0,L1_discount_abuse,True
2f52c0a535c5748713a7639b1c798786,302.64,151.32,50.0,L1_discount_abuse,True
2f63fa144638f7ade6cb643585538161,223.46,111.73,50.0,L1_discount_abuse,True
2f731cfbee2fecc19b83992498f23c25,228.87,76.29,66.67,L1_discount_abuse,True
2f8efac9068ded7f96cea13ecf271dd7,145.56,72.78,50.0,L1_discount_abuse,True
2f90dccb2a52cf21e5f2886dbb8e7eda,315.7,157.85,50.0,L1_discount_abuse,True
2faa51e1d770110c3f415c9b0a957156,300.3,150.15,50.0,L1_discount_abuse,True
2fac55edfd9754d1a0e7ecc67d48d08d,472.4,236.2,50.0,L1_discount_abuse,True
2fb18b13a1be48e919574ffb28831cc8,762.0,381.0,50.0,L1_discount_abuse,True
2fcae632b06e40088d1800fc1cfc3e69,62.0,31.0,50.0,L1_discount_abuse,True
2fdfc76d4584de4e6c0b8b85f3041b53,225.42,112.71,50.0,L1_discount_abuse,True
3022bc9eee8087dad85d0832b67b37b9,186.54,124.36,33.33,L1_discount_abuse,True
303c1a4cb953c69bf9ad12194dc3d44d,47.96,24.12,49.72,L1_discount_abuse,True
304979f072f7041aca154907e01172c4,257.5,128.75,50.0,L1_discount_abuse,True
304bf410920449182fb3294bc7405597,656.98,328.49,50.0,L1_discount_abuse,True
305bdb8167732cc44914e064834f8e1c,239.58,119.79,50.0,L1_discount_abuse,True
3069c59ca4d7b71a93c01aa815b34ec3,446.96,223.48,50.0,L1_discount_abuse,True
30ae6774935cd2a70fa74306f407495b,113.56,56.78,50.0,L1_discount_abuse,True
30b66faf9517facb67ba9b710f0b9628,2872.59,410.37,85.71,L1_discount_abuse,True
30b971d10c8ea1517964eb4b7f720f2c,31.1,14.05,54.82,L1_discount_abuse,True
30d069e8fe27dc74e756bbb4f470a361,133.96,66.98,50.0,L1_discount_abuse,True
30e934394c047a409bb861a9ecbcff43,776.72,388.36,50.0,L1_discount_abuse,True
30f610db02d0880c9687dd1edd8b8710,3851.54,1925.77,50.0,L1_discount_abuse,True
3103711a12d2c4c5a35a9fe7b3308543,341.44,170.72,50.0,L1_discount_abuse,True
3139254607a08295dbd11e787d816506,135.93,45.31,66.67,L1_discount_abuse,True
3153bab115709bfda1319a48a1690344,804.1,402.05,50.0,L1_discount_abuse,True
317d836ac628026b3639e69c710946b3,688.12,344.06,50.0,L1_discount_abuse,True
317ec820fae6ec9ca71bd677229fcb78,103.46,51.73,50.0,L1_discount_abuse,True
31890e605bf108c3cbef0e15bd533614,285.3,142.65,50.0,L1_discount_abuse,True
31a8766241a787028fc15329259dd644,729.98,364.99,50.0,L1_discount_abuse,True
31b0dd6152d2e471443debf037ae171d,142.4,71.2,50.0,L1_discount_abuse,True
31b7099f02dfb1ef54bf9b3c44aaf417,262.59,87.53,66.67,L1_discount_abuse,True
31bc09fdbd701a7a4f9b55b5955b8687,1851.71,264.53,85.71,L1_discount_abuse,True
31db4f9c6c262ac89aab6f7e4c9014e7,483.78,241.89,50.0,L1_discount_abuse,True
31f67bef2180ffdf0dbf11db4b0a4380,360.12,120.04,66.67,L1_discount_abuse,True
31fbde650320b9ce55813e075a78aee2,201.62,100.81,50.0,L1_discount_abuse,True
3202ed2f2aeb0f12728c23faf6b61bf8,136.46,68.23,50.0,L1_discount_abuse,True
3206db48a35131540e67f96b35a30ceb,347.32,86.83,75.0,L1_discount_abuse,True
32569fba210ee051f2c62dff9d4344ed,522.32,261.16,50.0,L1_discount_abuse,True
326fa4ef13e06290f3b142da7663d4af,185.34,92.67,50.0,L1_discount_abuse,True
3275a8f39d7083740fdceb655f9220a2,143.52,35.88,75.0,L1_discount_abuse,True
32bb58472bb3798f5d511d52fc159d98,145.42,72.71,50.0,L1_discount_abuse,True
32f1eaf64e65f64c1f57ef1612431740,875.1,291.7,66.67,L1_discount_abuse,True
32fbf6c11887296b35662f212b378974,230.96,115.48,50.0,L1_discount_abuse,True
330534a2e7ad98d0c76ee20bfa001c50,252.68,63.17,75.0,L1_discount_abuse,True
3334505458e0f039b5a43c32dfef2cef,295.3,147.65,50.0,L1_discount_abuse,True
3343cf23583ffaea36e75f03d0893bde,390.6,260.4,33.33,L1_discount_abuse,True
3348fa7940562350a8d19cf788f0187b,39.09,21.92,43.93,L1_discount_abuse,True
3349d5fc8a511315de279fcce11049f6,1000.4,200.08,80.0,L1_discount_abuse,True
33677835cbfd6206b10d3ee75b6142ef,49.5,24.75,50.0,L1_discount_abuse,True
33797bbcfc4f22d40110f77692f83c78,52.7,13.52,74.34,L1_discount_abuse,True
33e70b1305003580be0b34472acce620,242.36,60.59,75.0,L1_discount_abuse,True
33eafd0ea4c37147b521b67b83b6769c,93.89,43.46,53.71,L1_discount_abuse,True
3407bfcbaa0cb49c244ededbc777014c,162.24,81.12,50.0,L1_discount_abuse,True
3418c754c6d0c412d57cca00b6ccfbe2,96.75,19.35,80.0,L1_discount_abuse,True
342dfdaa2bf160f340fa0e54781e5b09,401.22,200.61,50.0,L1_discount_abuse,True
344fa1eebc59a2edab43baf1e0a171fc,359.2,179.6,50.0,L1_discount_abuse,True
3453b206c6aec2e9dcb09d2cea15e7cb,46.34,23.17,50.0,L1_discount_abuse,True
3457d1d203987e3898c4516a101b5d36,197.13,65.71,66.67,L1_discount_abuse,True
3485750732f5130f210ecbed8073213a,208.92,104.46,50.0,L1_discount_abuse,True
349982921dd24028676e068b97e126c8,448.68,224.34,50.0,L1_discount_abuse,True
34be06fa6e60f24cfb03b4b2303d9861,518.76,172.92,66.67,L1_discount_abuse,True
34dedd5cb5e0f12df565171392540a8f,235.7,117.85,50.0,L1_discount_abuse,True
34e63d1843fa8269ed932133c6b58a3f,93.38,46.69,50.0,L1_discount_abuse,True
34f9b9c8510e491d1992dfd62ed68e46,306.44,153.22,50.0,L1_discount_abuse,True
350e81ea69628f5c056e29e198b2f5a2,153.56,76.78,50.0,L1_discount_abuse,True
350fcc9d4ae2e108916f12c7ca8ca8e3,97.18,48.59,50.0,L1_discount_abuse,True
353772de52bcff5f876d8be65bd4f4d9,174.76,87.38,50.0,L1_discount_abuse,True
3558178e8d339107c501b79be5836b47,151.92,75.96,50.0,L1_discount_abuse,True
355bd8313052b9af88c46a7be6d73003,62.25,20.75,66.67,L1_discount_abuse,True
356108ac93685d12f65fe827e25bb138,251.29,141.13,43.84,L1_discount_abuse,True
357f073c68543005a0065892f53ae4f4,1043.88,260.97,75.0,L1_discount_abuse,True
359352820ef7acbc4def738b048f2d6c,2407.78,1203.89,50.0,L1_discount_abuse,True
35ab20ce8b706d54507640a4a7b0ff35,1413.68,706.84,50.0,L1_discount_abuse,True
35bfea17ea4bd00955284e537d942995,240.12,80.04,66.67,L1_discount_abuse,True
35c369ca367805c6b6c59ce554768eef,188.8,94.4,50.0,L1_discount_abuse,True
35c4b628dd86b372a3382436139c22ac,133.44,66.72,50.0,L1_discount_abuse,True
35c59a35853cb88d8209641947d505d7,650.94,325.47,50.0,L1_discount_abuse,True
35d0b7a55813500142b572061fb539cf,75.54,37.77,50.0,L1_discount_abuse,True
35d2e9d7381058ab6ecbb845bb1dec37,292.02,146.01,50.0,L1_discount_abuse,True
362cdbf5a3b5f297257f6e67be534a27,78.2,39.1,50.0,L1_discount_abuse,True
36377e52aa9971718dd22913580b7799,398.72,199.36,50.0,L1_discount_abuse,True
363f10f9a33417de0135b77187a5222b,146.26,73.13,50.0,L1_discount_abuse,True
364f451ee38a4268d7c15d317021eb35,1542.4,308.48,80.0,L1_discount_abuse,True
3665babae79dfad7eb45a5727408c98b,249.0,124.5,50.0,L1_discount_abuse,True
36740de778429748e1ff6077c7d85e5f,734.44,104.92,85.71,L1_discount_abuse,True
36782087b0d4f8cd6daa340872006259,126.54,63.27,50.0,L1_discount_abuse,True
367d9f6d184cf1d060d92bdc71810d2e,1601.28,533.76,66.67,L1_discount_abuse,True
368b20312c68710e9d75cbb5cef5c469,860.5,344.2,60.0,L1_discount_abuse,True
369cb139024a5e7dcc497edd71a6f244,126.2,63.1,50.0,L1_discount_abuse,True
36a5fd80b9f8ee414ac234368584a876,260.0,130.0,50.0,L1_discount_abuse,True
36b036769c93a2e59324ac996fb51e2b,108.98,54.49,50.0,L1_discount_abuse,True
36c5fe2c0135722473e275b3f5accd74,85.54,42.77,50.0,L1_discount_abuse,True
370e2e6c1a9fd451eb7f0852daa3b006,1052.37,95.67,90.91,L1_discount_abuse,True
371229efe5a72afbbe5fc026b4b8d3a3,166.2,83.1,50.0,L1_discount_abuse,True
3745ac683b5ef89d47799dcd2a703d99,84.82,42.41,50.0,L1_discount_abuse,True
375e959b0c2a17fef2be1bdaa03fa1b6,149.0,74.5,50.0,L1_discount_abuse,True
378ef8f4017a5eb7204730698cfeec60,142.97,84.32,41.02,L1_discount_abuse,True
379a935fe436be68e1c1e76ef0fa2c48,74.57,43.36,41.85,L1_discount_abuse,True
37a7476e58da10721b5e55ba4be6807d,516.66,258.33,50.0,L1_discount_abuse,True
37b6a6302848e0ce3dfefef7716a70b7,1927.38,963.69,50.0,L1_discount_abuse,True
37bb906305fed075bde1eac3f0023938,60.36,30.18,50.0,L1_discount_abuse,True
37cacebebb14aa6cdc982d4eb40b9441,152.1,76.05,50.0,L1_discount_abuse,True
37d928cc42067f69b394747c5c71a260,1542.12,257.02,83.33,L1_discount_abuse,True
37fef9185066b091254533c2192edd72,1990.36,995.18,50.0,L1_discount_abuse,True
3829f15c6412e72045f01b63e798d413,403.3,201.65,50.0,L1_discount_abuse,True
3853cade3f418a7b30e358ef6a5f7e93,106.46,53.23,50.0,L1_discount_abuse,True
385949d678cba16e50726d65f1743d7c,233.7,77.9,66.67,L1_discount_abuse,True
386725597660fc7a49b706655de2ffdf,119.28,59.64,50.0,L1_discount_abuse,True
388de25316d9a1c7eb4ffe3f7d73814d,70.2,35.1,50.0,L1_discount_abuse,True
38bf87ca0f718d17d331fe70eb7431aa,105.0,35.0,66.67,L1_discount_abuse,True
38c61d1bbf5143a8c347ebaa490e234b,291.63,97.21,66.67,L1_discount_abuse,True
38ceb430670a97a62dda6e748ec94f69,825.04,412.52,50.0,L1_discount_abuse,True
38d4786d1c7b6dae14470fdfb8616bb0,1488.2,212.6,85.71,L1_discount_abuse,True
390ea954e6bcedbc2d2a76a506373769,264.06,132.03,50.0,L1_discount_abuse,True
3940a7329348b875a9384998bda9b303,227.24,113.62,50.0,L1_discount_abuse,True
394ff86ee81814bb5f88c7e8ad2812b3,153.24,76.62,50.0,L1_discount_abuse,True
3951193545025398d0fa18b7e2f836be,231.87,77.29,66.67,L1_discount_abuse,True
3955a17bc8a7cef95b535fb96e2abac0,180.56,90.28,50.0,L1_discount_abuse,True
3958b17a88c13dfb60674b04bc79168c,207.4,103.7,50.0,L1_discount_abuse,True
398abc38612b5d4dd9f77541c38d06ce,533.94,355.96,33.33,L1_discount_abuse,True
39cf5de8288d308ca4b8ed783cc56695,442.1,221.05,50.0,L1_discount_abuse,True
39d8500c0e37306e6bf2c13d7f298972,175.6,87.8,50.0,L1_discount_abuse,True
39fe0f3cac902673a46b974f5d4a8528,386.36,193.18,50.0,L1_discount_abuse,True
3a026b1e98a953d5e0e675d1593ad4af,176.62,88.31,50.0,L1_discount_abuse,True
3a096d99346df2d6c043165967ff011d,1673.18,836.59,50.0,L1_discount_abuse,True
3a0b83e4ea6805a8d9c32b4c13b4112d,959.6,479.8,50.0,L1_discount_abuse,True
3a17199c5f4688279c69a931b1950c86,148.18,74.09,50.0,L1_discount_abuse,True
3a1c434d917a8b25f7862cfa17972aae,91.9,45.95,50.0,L1_discount_abuse,True
3a3c98aede7994faf4c5a37cf27877d4,755.06,377.53,50.0,L1_discount_abuse,True
3a55ac3af25e4b295c861a2382e0afcf,66.67,38.63,42.06,L1_discount_abuse,True
3a73a24fa6a0d8ffd462fb4bb62e66fc,313.02,156.51,50.0,L1_discount_abuse,True
3a910fcc31e93133ce84280ebc47d956,88.0,44.0,50.0,L1_discount_abuse,True
3a98a62b1abeae3d84a504e048ee12b2,321.92,160.96,50.0,L1_discount_abuse,True
3ae11d2ab3c0a83cfab0b47148e5878a,56.78,30.8,45.76,L1_discount_abuse,True
3b056e92067a43aaa660bc71598dc68e,116.97,38.99,66.67,L1_discount_abuse,True
3b2124c60aeceeefe963adfc35d0310d,99.55,43.44,56.36,L1_discount_abuse,True
3b2869c5b6a037cf731d70ac76d0fea7,123.6,61.8,50.0,L1_discount_abuse,True
3b45c3fa7862deec90565c3dbf6e9e8c,295.56,147.78,50.0,L1_discount_abuse,True
3b525abce4eeb08f96537636dc59dc2f,55.0,31.99,41.83,L1_discount_abuse,True
3b9b43f842d56d4e464cf761d7c526e2,417.78,208.89,50.0,L1_discount_abuse,True
3ba1f632cf89a08caf9837999bf827ef,381.24,190.62,50.0,L1_discount_abuse,True
3ba9c7e03e16689f18c77e2f5efd2af4,131.58,65.79,50.0,L1_discount_abuse,True
3bd4ee403abd790f3250984b0eddb23a,55.2,27.6,50.0,L1_discount_abuse,True
3be2b1040cee4f1c19a48c57ca3d2640,170.32,85.16,50.0,L1_discount_abuse,True
3bfd863aeb764ee13e7a3909ca8be2a5,140.54,70.27,50.0,L1_discount_abuse,True
3c0a8fee9785ffbf4381ff1eac0d220f,202.3,101.15,50.0,L1_discount_abuse,True
3c39766b1734266956963c99f23bbb5a,102.1,51.05,50.0,L1_discount_abuse,True
3c39f4ac4b4520bfaaba2cee448cd823,52.26,13.4,74.35,L1_discount_abuse,True
3c58bffb70dcf45f12bdf66a3c215905,1407.98,100.57,92.86,L1_discount_abuse,True
3c74e538974fb013e938fbdd7d83675c,150.34,75.17,50.0,L1_discount_abuse,True
3c75044db750a89606612ed286713eb8,348.14,174.07,50.0,L1_discount_abuse,True
3c7aa341aa20519a2530c8ea5763f265,81.52,40.76,50.0,L1_discount_abuse,True
3c8c8b2ae428da4a2bd9c4547354630c,82.32,41.16,50.0,L1_discount_abuse,True
3ca618a967a369a20ac5f2c4e00e151a,197.02,98.51,50.0,L1_discount_abuse,True
3cd02e6bd648bb14fb1f20e140ee4e15,408.98,204.49,50.0,L1_discount_abuse,True
3cd82d2cfb48466fdfcb8594444e211d,117.66,58.83,50.0,L1_discount_abuse,True
3ce23ec58b30f84a32003c7bf535d14f,88.18,44.09,50.0,L1_discount_abuse,True
3d0c0f6ab268b67176fd58927a08b69b,445.92,222.96,50.0,L1_discount_abuse,True
3d24c492f9555a79d4d6fd3a22fbee1f,468.3,66.9,85.71,L1_discount_abuse,True
3d7d60b10ba4b43cf6f6d5df2e933f67,83.58,27.86,66.67,L1_discount_abuse,True
3d7fb1dd6ff6f0eedb9976eda81e4a95,124.82,62.41,50.0,L1_discount_abuse,True
3da024a05d8a0394947d8a4dbfacb15b,401.08,200.54,50.0,L1_discount_abuse,True
3dc05c1c3ad454112c2ba597457029ed,428.82,214.41,50.0,L1_discount_abuse,True
3dc3b1441a6356bd23b21ac507bd38d6,132.78,66.39,50.0,L1_discount_abuse,True
3dc8ca7de518eae32ebe7dc2dad8ae77,78.82,39.41,50.0,L1_discount_abuse,True
3dfb708634f7341447767f4ee59fce95,52.18,21.26,59.26,L1_discount_abuse,True
3e02b2b05d2244a9fb8f748eaf4ab3ed,112.26,56.13,50.0,L1_discount_abuse,True
3e1298fc81396a1e3ad660c0cd0fab65,408.7,204.35,50.0,L1_discount_abuse,True
3e9638823ecdbfaab776fd985c88ec3d,2143.59,714.53,66.67,L1_discount_abuse,True
3ea85b54f4c54ccc998b38bebf6c2c15,1042.74,521.37,50.0,L1_discount_abuse,True
3ecb32442c4d437bedbe97a717ae5c0c,737.14,368.57,50.0,L1_discount_abuse,True
3efdbf51c992266c11eb3938e67e77da,171.94,85.97,50.0,L1_discount_abuse,True
3f113daaf8b405bcc4349a2812061fa4,56.82,28.41,50.0,L1_discount_abuse,True
3f35998ab9e335d4bbce362585565265,290.7,145.35,50.0,L1_discount_abuse,True
3f4f6a378519479cb0afe338427c6713,86.44,43.22,50.0,L1_discount_abuse,True
3f515b21edaaa117bbab2833ce2cae32,277.32,69.33,75.0,L1_discount_abuse,True
3fd1a0108718230e45ed596af3c04ab7,2094.32,1047.16,50.0,L1_discount_abuse,True
3fd2bc52f78d2ba4e12276c4ad7578b9,431.67,143.89,66.67,L1_discount_abuse,True
3fd855fbfc51b1fc63f68bd33ed6d9b8,136.04,68.02,50.0,L1_discount_abuse,True
3ff0a629f4dd40fa3b97b60531307582,168.24,84.12,50.0,L1_discount_abuse,True
4017df0a0c73564d88bd596e06e42c2d,72.7,36.35,50.0,L1_discount_abuse,True
401ecf90579c9023a8f503e3a58cfa77,162.3,54.1,66.67,L1_discount_abuse,True
40397c42ea8f390af9afe9cc02cb2fdd,270.32,135.16,50.0,L1_discount_abuse,True
405be8487a7fde1db0bc31ad6b08050a,77.52,25.84,66.67,L1_discount_abuse,True
4064b7bda3dcdab5dc717705f524d3bd,94.44,47.22,50.0,L1_discount_abuse,True
40654581b4282e70a554c9eb51fc8a91,105.86,52.93,50.0,L1_discount_abuse,True
4069c489933782af79afcd3a0e4d693c,1618.65,147.15,90.91,L1_discount_abuse,True
406c8182de18b2d9a20676f34b35ca6b,203.48,101.74,50.0,L1_discount_abuse,True
406d7ae7632b47850ebdaaf719a4c715,162.68,81.34,50.0,L1_discount_abuse,True
407cc9b2c7575dbff71cb23b6cc26814,233.6,116.8,50.0,L1_discount_abuse,True
407cd3e518bb8939aa08c5727593a5e5,58.58,29.29,50.0,L1_discount_abuse,True
4086b35550b0ef9c5c94ef7b116fa47e,191.56,95.78,50.0,L1_discount_abuse,True
4097cef4d604217aad3f625bf6105066,115.26,57.63,50.0,L1_discount_abuse,True
40aa89b7cd7a1c649a752f6539c4a57b,116.44,58.22,50.0,L1_discount_abuse,True
40b9d0a196fc994938fec40d258133be,107.41,59.33,44.77,L1_discount_abuse,True
40e6624f975fba72e2ca10754a14e078,552.06,276.03,50.0,L1_discount_abuse,True
40ea731f6fa10cf721b503b64f3b178e,81.5,40.75,50.0,L1_discount_abuse,True
40edd29fcc7f120710d42d0400bc8e29,658.18,329.09,50.0,L1_discount_abuse,True
40f3b86bf26d578cbe4fc74c6c3a18f3,168.28,84.14,50.0,L1_discount_abuse,True
40fd2a55eacc12019cc034c4cc15674c,96.44,48.22,50.0,L1_discount_abuse,True
40fd7796808d1a802284c3f91ed4feb0,85.0,42.5,50.0,L1_discount_abuse,True
411b8901b201804f134429744b17b686,515.98,257.99,50.0,L1_discount_abuse,True
4122be7db111cfff4ce3ca4b4da19907,166.46,83.23,50.0,L1_discount_abuse,True
4134d857ea0e2009e02f6f90888fa583,92.02,46.01,50.0,L1_discount_abuse,True
4144366812f72111c1f9d2c065e3e374,691.16,345.58,50.0,L1_discount_abuse,True
414643c3ed26cd6d93ac777a102a3ac0,39.76,19.88,50.0,L1_discount_abuse,True
4189bed5bcc86231422a2c652cbd66c8,82.98,48.54,41.51,L1_discount_abuse,True
41a1702de429a9f03364932da1ff1986,268.89,89.63,66.67,L1_discount_abuse,True
41b0c346ca595e5a94067d231e4106af,83.92,41.96,50.0,L1_discount_abuse,True
41be6772462ac0053519d7f2e957211e,184.6,92.3,50.0,L1_discount_abuse,True
41c4b2ff8d7a24e95064ba2b122ec86a,341.56,170.78,50.0,L1_discount_abuse,True
41d85a7a138b7205e32211537623eed3,307.64,153.82,50.0,L1_discount_abuse,True
41d988f5ce84da983c265612abf2400a,113.58,56.79,50.0,L1_discount_abuse,True
41eb344f9cf7ac9c3e8decf5214f188d,66.2,33.1,50.0,L1_discount_abuse,True
41f1c1e22e7befb68bd39a783477ffb2,105.36,52.68,50.0,L1_discount_abuse,True
420011ce3780f71ff75fc9d705144a9b,640.08,320.04,50.0,L1_discount_abuse,True
42113ccffae542a6aee6b921c765d59e,414.45,138.15,66.67,L1_discount_abuse,True
4212c4acae39b267aabc4696d873cbcf,108.3,36.1,66.67,L1_discount_abuse,True
421458b47a5a081467392d21eb42aeb4,343.7,171.85,50.0,L1_discount_abuse,True
421b4ffa3b5162cfda443317c902f866,642.34,321.17,50.0,L1_discount_abuse,True
4243bef9583d689a9c8fe6f055cef332,1373.76,171.72,87.5,L1_discount_abuse,True
424fc0f988d894a7f554fecf40c910d4,43.7,21.85,50.0,L1_discount_abuse,True
4259b9850303df4a05fb8b708405b75e,126.54,63.27,50.0,L1_discount_abuse,True
4263982d4e708f50640e858a5cce3baa,107.16,53.58,50.0,L1_discount_abuse,True
4274c629dbb28e0ca783cf3a7673acb4,222.04,111.02,50.0,L1_discount_abuse,True
429ac14af69a71d769fea6b8aa217fbe,169.28,84.64,50.0,L1_discount_abuse,True
42ccc07cc09ff8b0c392b43f125ae1d7,914.9,130.7,85.71,L1_discount_abuse,True
42e9af98d600b96e51f57f1cd3d1529d,368.98,184.49,50.0,L1_discount_abuse,True
434227ef75dde10f4049fe6b219d13c0,545.37,181.79,66.67,L1_discount_abuse,True
4347279deb067c6731c1c97237921d18,492.72,246.36,50.0,L1_discount_abuse,True
43488f856ed3fa3e7d3f8228755d383b,111.24,55.62,50.0,L1_discount_abuse,True
436a9aef30267664e39faf27982b0921,479.52,239.76,50.0,L1_discount_abuse,True
437eab927fbbc0dcfef153692c06c2cb,249.88,124.94,50.0,L1_discount_abuse,True
4380a7440c4b9d8e47eed3703ea3a6d3,194.1,97.05,50.0,L1_discount_abuse,True
43d8ceec1139cb3e75a6ab9d25e2e6f6,598.94,299.47,50.0,L1_discount_abuse,True
44001fa5bde42ef2bb752eab4c9dde60,138.62,69.31,50.0,L1_discount_abuse,True
442693e8e705ad1f9c91f762f0d297bc,2501.62,1250.81,50.0,L1_discount_abuse,True
443038d9ed6b74bc4f7bfa679ce81bf1,592.82,296.41,50.0,L1_discount_abuse,True
445cd7658594f062d61dc8a61d87e602,308.68,154.34,50.0,L1_discount_abuse,True
4471fc5ecfbb3b7fec1044fc6e6f6851,122.98,61.49,50.0,L1_discount_abuse,True
44a7a7517b62c54dff21797684d6425d,128.28,64.14,50.0,L1_discount_abuse,True
44aa72f4eebc8c0ff7a3636f6369201b,213.42,71.14,66.67,L1_discount_abuse,True
44d2850802286aba47ac68220a075bb3,79.05,37.29,52.83,L1_discount_abuse,True
45030898b4361255cbd03efa424707bc,83.5,41.75,50.0,L1_discount_abuse,True
450acd2e753be51b02a7db4e9f742b52,100.3,50.15,50.0,L1_discount_abuse,True
4523eafb93144f31a954666165a59423,252.88,126.44,50.0,L1_discount_abuse,True
4527fe780d1facd3191d875fd794b233,224.01,74.67,66.67,L1_discount_abuse,True
452f45581d396d07e3a7e9f4b4daf866,35.84,20.7,42.26,L1_discount_abuse,True
455899b7472d7821875298e00590ba15,90.76,45.38,50.0,L1_discount_abuse,True
455c3e2713829a42bd8d371c9c784d17,84.88,42.44,50.0,L1_discount_abuse,True
455fee41e70f71e657081231b2b57252,308.96,154.48,50.0,L1_discount_abuse,True
458ce9ed0016410eb81b196544fd987f,632.52,158.13,75.0,L1_discount_abuse,True
458f5a6d4163d5b6de33cda5ec82ef10,493.96,246.98,50.0,L1_discount_abuse,True
45e54aacb62da6bd3c079f5148d52d27,60.44,30.22,50.0,L1_discount_abuse,True
45ed6e85398a87c253db47c2d9f48216,142.28,71.14,50.0,L1_discount_abuse,True
45fb3f449f9ca45f89ba2d2b062e495b,253.06,126.53,50.0,L1_discount_abuse,True
461873d21418f4a79f9c7d6d8a866a0a,652.2,326.1,50.0,L1_discount_abuse,True
462240cb1ec4e5db517e73fff57ebfc0,155.67,51.89,66.67,L1_discount_abuse,True
462d95e4a92c40052f2cbbb3cfc9dba0,215.8,107.9,50.0,L1_discount_abuse,True
4648e84e6a37cd3e5a3d0597fdd8ec9b,175.6,87.8,50.0,L1_discount_abuse,True
464cd296e96f72dc09a9601842cc0893,248.84,124.42,50.0,L1_discount_abuse,True
46502a9584712989d3872f32e0e2176c,70.18,35.09,50.0,L1_discount_abuse,True
465c2e1bee4561cb39e0db8c5993aafc,10553.28,1758.88,83.33,L1_discount_abuse,True
466956eafdf33e09b80a44e188ceb5b9,415.02,69.17,83.33,L1_discount_abuse,True
4689b1816de42507a7d63a4617383c59,7413.7,529.55,92.86,L1_discount_abuse,True
469abd917ae82adddc931bca94bfdf84,175.62,87.81,50.0,L1_discount_abuse,True
46b3e34b2fe9e7cb16d75fca93aaa180,346.56,86.64,75.0,L1_discount_abuse,True
46c3d7a39e516332b81a4841a2fae891,117.57,56.84,51.65,L1_discount_abuse,True
46f0668d5961419489c708d57e9e99bb,328.86,164.43,50.0,L1_discount_abuse,True
46f07e8bd34a0428dc6dc2f334903c85,229.54,114.77,50.0,L1_discount_abuse,True
471203d247e323c6eeb7ddbea92e69f4,185.52,92.76,50.0,L1_discount_abuse,True
4722880b47a0cc081c878a5a1ba8fc21,52.26,26.13,50.0,L1_discount_abuse,True
4722c098a33ec33f73433dd2c8539858,97.96,48.98,50.0,L1_discount_abuse,True
472ce7491b9e1d5409e48c3717a8072e,471.36,157.12,66.67,L1_discount_abuse,True
4792d1ecf41afb08745855d6ae845d90,370.14,185.07,50.0,L1_discount_abuse,True
47aa694d87f6ae4995bd02d6e8d9132d,132.76,33.19,75.0,L1_discount_abuse,True
47bd07d647eeb63f437e58a1ee3b3733,705.62,352.81,50.0,L1_discount_abuse,True
47cb4463bc05e404b98e743111a61378,299.3,149.65,50.0,L1_discount_abuse,True
47cb859a7f526319e3da0015c15c3b1f,925.26,462.63,50.0,L1_discount_abuse,True
47d11383b93b217d96defbb2ef1a209b,23.12,11.56,50.0,L1_discount_abuse,True
47d99e35914d6194a685f9903e8ae293,167.86,83.93,50.0,L1_discount_abuse,True
47e1801bc1f8eddb9969bf5fd8563712,675.66,337.83,50.0,L1_discount_abuse,True
4802922b16a37af8db6fb3df54b07860,142.28,71.14,50.0,L1_discount_abuse,True
480b3512a26cbc632bd11abaf0fcb43e,205.44,102.72,50.0,L1_discount_abuse,True
4821d5af4c2ac98b0f70e47c5d845520,290.14,145.07,50.0,L1_discount_abuse,True
482c3ed0fe2eb68b316507e78faa6783,371.12,185.56,50.0,L1_discount_abuse,True
485ebaf1444009348caf87a4fcb8f0f4,218.49,72.83,66.67,L1_discount_abuse,True
48614d2cd50444dc19b6585e6398bf33,97.42,48.71,50.0,L1_discount_abuse,True
486bce96008cea9cb14d0593189961da,280.66,140.33,50.0,L1_discount_abuse,True
486fed80178943ecdec90413036af979,75.78,37.89,50.0,L1_discount_abuse,True
487c1451b8fd7347d0e80e5aca887e91,67.02,33.51,50.0,L1_discount_abuse,True
4884bd0f5624b0b791920965686cf6ff,82.26,41.13,50.0,L1_discount_abuse,True
48ad3f692af89318f508cd0b50f68b41,255.96,127.98,50.0,L1_discount_abuse,True
48bc7c3a0885049a0bf2d42d42421de2,99.82,49.91,50.0,L1_discount_abuse,True
48c43415ea1c4af9afa92542183b6e55,67.04,33.52,50.0,L1_discount_abuse,True
48d4561752bbf4833c3cabba8d5a7c93,285.27,95.09,66.67,L1_discount_abuse,True
48d527b3a64c953fb16c2f9c9fad2a0a,60.36,30.18,50.0,L1_discount_abuse,True
48dcae389be2ddd6ad3ba930055ebe4f,116.24,58.12,50.0,L1_discount_abuse,True
491830ceac81983791103aca18acb421,115.78,57.89,50.0,L1_discount_abuse,True
491a1961ff53513a57fa193570a11311,180.56,90.28,50.0,L1_discount_abuse,True
49486dab194ecf651037f3afb35380e5,447.62,223.81,50.0,L1_discount_abuse,True
494984e8205ee711abf407b39548f85c,153.58,76.79,50.0,L1_discount_abuse,True
498964d3c3eddfc0d670e6be2ea2d5b2,156.02,78.01,50.0,L1_discount_abuse,True
498c950b1765883c2a104b8dd227ea90,660.72,330.36,50.0,L1_discount_abuse,True
499062ee7ee19172573b081758302721,444.8,111.2,75.0,L1_discount_abuse,True
499689fc885e9c2bb31f4a13fc67f499,116.88,29.22,75.0,L1_discount_abuse,True
499798fd04e5748ac54b4456d1b7995c,979.79,139.97,85.71,L1_discount_abuse,True
49aa82d12066e455617693a42d2b8bb2,120.0,30.0,75.0,L1_discount_abuse,True
49ccb99fe3aaec6e4926dfd025cd9d0f,249.94,124.97,50.0,L1_discount_abuse,True
49fe48be474d1436868ce63799d879ad,70.34,35.17,50.0,L1_discount_abuse,True
4a0b498204bb56ab863db1f1acd84288,316.26,158.13,50.0,L1_discount_abuse,True
4a686b47e7eecbd136617bf8ae7c9af4,169.89,56.63,66.67,L1_discount_abuse,True
4a69d6c8790e0f6d2ffdf98e6522fef7,116.4,58.2,50.0,L1_discount_abuse,True
4a778bf83b14e5f0f74e35bf9dea4a7c,75.54,37.77,50.0,L1_discount_abuse,True
4a84e6f77b93de41193b2b792ff366ca,131.64,65.82,50.0,L1_discount_abuse,True
4a95fefb52a7a5a0d882ba840d33954d,89.02,44.51,50.0,L1_discount_abuse,True
4aaae2aa1aaf68062749b93fbe24d6cc,243.02,121.51,50.0,L1_discount_abuse,True
4b06a335eb20f25b8c5ba42e29355b6a,203.44,101.72,50.0,L1_discount_abuse,True
4b09fc170c84e10e4caeff4d880db358,102.2,51.1,50.0,L1_discount_abuse,True
4b0a33a52d3bdc952ebd0a2c5df9775b,363.96,181.98,50.0,L1_discount_abuse,True
4b21c757f8c1a51d41c1653e15d8f289,549.7,274.85,50.0,L1_discount_abuse,True
4b3b2a4d7cfb8d3ffdc5d92337550ae9,390.48,97.62,75.0,L1_discount_abuse,True
4b707ea4e7c08fa1180bf92bede67da0,194.3,97.15,50.0,L1_discount_abuse,True
4b7a7eb6b477c63b872d57f9f2782269,182.42,91.21,50.0,L1_discount_abuse,True
4b8551fdf4362d88d520a66e6132b2ba,77.2,35.38,54.18,L1_discount_abuse,True
4b8e7be134dcdd11881a5e7de6c88627,509.04,254.52,50.0,L1_discount_abuse,True
4b8f5652792df716a6e936ae0c78a935,138.98,69.49,50.0,L1_discount_abuse,True
4baa890f39672eca09e8d4cf0ffdd4d5,119.46,59.73,50.0,L1_discount_abuse,True
4baefe0b13c215e6417751ad5121469d,2051.52,1025.76,50.0,L1_discount_abuse,True
4bafa54db6b060da198f23f810835969,256.83,85.61,66.67,L1_discount_abuse,True
4bc05b9413beec5d8360baac48258100,514.88,257.44,50.0,L1_discount_abuse,True
4be80534fe74f207dfb35e7b895a91c5,465.9,232.95,50.0,L1_discount_abuse,True
4bfcba9e084f46c8e3cb49b0fa6e6159,11111.4,740.76,93.33,L1_discount_abuse,True
4bfccd93522d928f8732e455310da85b,85.42,42.71,50.0,L1_discount_abuse,True
4c08f008753759d67d8ef45942f1a891,848.35,509.01,40.0,L1_discount_abuse,True
4c30ca1b003a7fb3999df965167d492d,345.84,172.92,50.0,L1_discount_abuse,True
4c33f92b62a822db77b38b88bc7ad237,155.32,77.66,50.0,L1_discount_abuse,True
4c4494279cd0e4c6ebe47ff5191d8fb6,591.4,295.7,50.0,L1_discount_abuse,True
4c48c455b847c7a5d291a519e1e42d28,118.28,59.14,50.0,L1_discount_abuse,True
4c4ac3e2dfb16b17d057cf101265b24c,215.56,107.78,50.0,L1_discount_abuse,True
4c7ef39af59d31fa247f85d10ed414f6,231.88,122.99,46.96,L1_discount_abuse,True
4c8eac76de32572cebc64aca0f263e2a,379.56,126.52,66.67,L1_discount_abuse,True
4ca7c5fc206f2f243a5cdfd1e32a614c,69.18,34.59,50.0,L1_discount_abuse,True
4cbe8de031dbae0b80286a23fdc1cf91,98.68,49.34,50.0,L1_discount_abuse,True
4cc275a83d9eace28626f30559570ba0,197.58,98.79,50.0,L1_discount_abuse,True
4cc2d69355f58ec964dfd4c0621b5a14,216.36,108.18,50.0,L1_discount_abuse,True
4cd3892b846909cad34c7070fee79f78,353.56,176.78,50.0,L1_discount_abuse,True
4cdbab26daf6a0dd8c5c0eb2acdd0e96,132.2,66.1,50.0,L1_discount_abuse,True
4ce809baf1b96894592348ee63179754,375.68,93.92,75.0,L1_discount_abuse,True
4d20a88009a1ccbe54db2c4c7e184228,931.38,310.46,66.67,L1_discount_abuse,True
4d2e2634819452adb3313ccb5abd344f,342.4,85.6,75.0,L1_discount_abuse,True
4d315c56f2d8d8d27bf1a1365d41c923,295.62,147.81,50.0,L1_discount_abuse,True
4d5f4d9f45924156c57a69d5ef886822,342.18,141.32,58.7,L1_discount_abuse,True
4d60e5659a5be3b15be731b5882ecc3e,167.64,83.82,50.0,L1_discount_abuse,True
4d6654ead4a57a151e3df6fb20052675,148.32,74.16,50.0,L1_discount_abuse,True
4d6aaa0dbe2223eac880e1aad0137929,295.04,147.52,50.0,L1_discount_abuse,True
4d81658706fc67d54b7160d156555cc1,128.12,64.06,50.0,L1_discount_abuse,True
4d91816c61cb9557eb207bcbf0929f44,192.7,96.35,50.0,L1_discount_abuse,True
4d9190887b47ff1b89c657c788c038f6,269.35,53.87,80.0,L1_discount_abuse,True
4d920656159629630f3cca4092065c72,124.88,62.44,50.0,L1_discount_abuse,True
4dd3c282d6328a8fb01d1051b830caf5,163.78,81.89,50.0,L1_discount_abuse,True
4df0b86780c89ad52e85659f63466a85,55.56,27.78,50.0,L1_discount_abuse,True
4df36fe83cf894ed979421fecd300bdf,215.19,71.73,66.67,L1_discount_abuse,True
4df92d82d79c3b52c7138679fa9b07fc,418.4,209.2,50.0,L1_discount_abuse,True
4e05179f3e0dc912276faf9da529cf6b,93.38,46.69,50.0,L1_discount_abuse,True
4e376d36ceeae3f2cbf66cb0ca84c799,847.18,423.59,50.0,L1_discount_abuse,True
4e5a9a16a51f946e82d4922064b9bd96,338.92,169.46,50.0,L1_discount_abuse,True
4e81a6ed1cdc31e84c13a74ec121798c,71.54,35.77,50.0,L1_discount_abuse,True
4ea3c6eaf3dc15ad857675322bfb6bd0,314.68,157.34,50.0,L1_discount_abuse,True
4ed418ef4e45eb8f9b22aee4366e9541,196.29,65.43,66.67,L1_discount_abuse,True
4eff3ad36f5e69d4d33d9798ecf22bf6,331.62,165.81,50.0,L1_discount_abuse,True
4f08e1d966e9e49ca0677134ce4c2c57,389.46,194.73,50.0,L1_discount_abuse,True
4f0b86c3487e56b6e9594e9dfdb5d70c,852.52,213.13,75.0,L1_discount_abuse,True
4f3428d2bdfb5f3910f874c72120c9f1,413.52,206.76,50.0,L1_discount_abuse,True
4f405b650a39270ace3d575d308884d4,87.8,36.47,58.46,L1_discount_abuse,True
4f44b2c6ae837b5f817a2d621973fc34,100.1,50.05,50.0,L1_discount_abuse,True
4f53648717b48854fb9db283e2cf5d27,370.5,61.75,83.33,L1_discount_abuse,True
4f53691b758958dca780dbbe19dad2ab,113.8,56.9,50.0,L1_discount_abuse,True
4f5c54be4162fc29637f7fc1237ba307,241.74,120.87,50.0,L1_discount_abuse,True
4f80c4f6e510fb8a22b31c912541de1a,212.12,106.06,50.0,L1_discount_abuse,True
4f8f1c7b53665748fb1e21364214cfd0,136.12,68.06,50.0,L1_discount_abuse,True
4f916177e07bacaaaf3d51df3cc133a6,222.04,111.02,50.0,L1_discount_abuse,True
4f9a5e34b38f10ef71c5753cc953be3a,120.3,40.1,66.67,L1_discount_abuse,True
4faae91a65b5f993113cb0c78ca14a61,1464.58,732.29,50.0,L1_discount_abuse,True
4fb76fa13b108a0d0478483421b0992c,1394.51,107.27,92.31,L1_discount_abuse,True
4fc320374afd63a53d0b5607ef49113c,835.08,417.54,50.0,L1_discount_abuse,True
4fd754f42b2d84fcafd63991c1680329,364.72,182.36,50.0,L1_discount_abuse,True
4fe87ba02ffa026600dce759f9fcd02e,101.5,50.75,50.0,L1_discount_abuse,True
4ff1875e3f8c120cfe6cef2ec1aca104,582.33,194.11,66.67,L1_discount_abuse,True
4ff30df8edae6cbf204b92a93c0b5e0e,44.46,22.23,50.0,L1_discount_abuse,True
4ffa6925f9e9d85f1da329843f349238,188.94,43.79,76.82,L1_discount_abuse,True
50089a9784f34a308dc31a939b4b6b1b,267.38,133.69,50.0,L1_discount_abuse,True
503ef248be94702d1a7c1d401223f843,93.38,46.69,50.0,L1_discount_abuse,True
50430e1769dcc2c6d4a7db028ed50a81,71.4,35.7,50.0,L1_discount_abuse,True
504358b70394ff9d17adc66f55192d5c,59.1,29.55,50.0,L1_discount_abuse,True
50501e525eae308e75363c0606adb973,454.8,227.4,50.0,L1_discount_abuse,True
50517e1413e46c6df586274af938d47e,142.68,71.34,50.0,L1_discount_abuse,True
5051a95bc31ec72f803d5df48c2a695b,421.96,210.98,50.0,L1_discount_abuse,True
5054fc69c589881f8e505d6362c8c061,140.82,70.41,50.0,L1_discount_abuse,True
5065ad433fb01b8ee48433c8ce6c6be9,103.68,51.84,50.0,L1_discount_abuse,True
50ab05e97b974138bdb98e5248bb4ec2,1556.92,778.46,50.0,L1_discount_abuse,True
50cbc0ce14ba62ab76c2c353dbf6bb7d,419.96,209.98,50.0,L1_discount_abuse,True
50cc103bda59bd29c59f33e00e19b4e7,641.8,320.9,50.0,L1_discount_abuse,True
50cf0f713c1a9c9c9bdfbbf31b00eb48,418.4,209.2,50.0,L1_discount_abuse,True
5112c764fa2925ae974ee7c77478a4cb,69.36,34.68,50.0,L1_discount_abuse,True
512669f049d27cb8c95c83eb6e268bfa,285.92,142.96,50.0,L1_discount_abuse,True
513d0aea6e84d49ab30dda9ab70053b1,157.2,78.6,50.0,L1_discount_abuse,True
515aaa95a8dd7d681d27df00e71a311b,79.2,39.6,50.0,L1_discount_abuse,True
516b0fe870022210bab4e170fbf10ec1,75.68,37.84,50.0,L1_discount_abuse,True
51712e0d3d1de647e512d95dccbe5a93,207.1,103.55,50.0,L1_discount_abuse,True
51c6d2f460589fa7b65f2da51e860206,399.84,199.92,50.0,L1_discount_abuse,True
51eb3e42940efb2afe2e7546e8bf2f5d,230.22,76.74,66.67,L1_discount_abuse,True
51efa345a1180ca3879442a31b0a265a,1257.12,419.04,66.67,L1_discount_abuse,True
51f5cd4115244a4860823a80bea0307e,174.64,87.32,50.0,L1_discount_abuse,True
5204d67853f827d1ee32810bf8f2d6c2,322.48,161.24,50.0,L1_discount_abuse,True
523d5e9ab692bee9c8dfd7063351f696,85.42,42.71,50.0,L1_discount_abuse,True
52463ab7b28436f48c3ae2a48bc87ef5,115.0,57.5,50.0,L1_discount_abuse,True
524b32821380cdcaa2b6d3110eebcd7e,952.8,158.8,83.33,L1_discount_abuse,True
525c4dbcaecd35a5fac2e4053589df08,1723.72,861.86,50.0,L1_discount_abuse,True
5262eaeb971616ffef822379ed91896f,96.44,48.22,50.0,L1_discount_abuse,True
5270a6da2c326132afd3b3c0a186a795,235.7,117.85,50.0,L1_discount_abuse,True
527f95bc978265984802f8ef4ed9dd51,290.72,72.68,75.0,L1_discount_abuse,True
52a637177b682c31c18672fe90f99231,205.28,102.64,50.0,L1_discount_abuse,True
52ade67b3fbf4821fbb52e5c8e3a463e,195.39,65.13,66.67,L1_discount_abuse,True
52f1efb2a407df9b385cd3960975d107,53.2,26.6,50.0,L1_discount_abuse,True
52f4d206be495fdbcc211af8b9c1d8ba,316.22,158.11,50.0,L1_discount_abuse,True
53007e0777fa3fb5e536c05a83b50198,1143.46,571.73,50.0,L1_discount_abuse,True
5308fdab519f7478ef64894128fbbee4,297.48,148.74,50.0,L1_discount_abuse,True
53177d318c723e378c2a2aa1e9b2ea8e,219.76,54.94,75.0,L1_discount_abuse,True
534d77dfe962b8d3c624d2f069723b92,275.52,137.76,50.0,L1_discount_abuse,True
5352e5739f5e5d0fb4d12c4fd4ca8bf5,131.31,43.77,66.67,L1_discount_abuse,True
5355341d3b3fe35edbd80e7c7898551f,630.34,315.17,50.0,L1_discount_abuse,True
5373c26702420c0f842871e489365e20,79.68,39.84,50.0,L1_discount_abuse,True
538bcc2ab8514680c3d5b27479b02dae,64.77,26.44,59.18,L1_discount_abuse,True
538d5b9c472ee5e0f766651adc2e016d,113.0,56.5,50.0,L1_discount_abuse,True
53b122ab361cdd253c61d8f63bdc2a75,488.91,162.97,66.67,L1_discount_abuse,True
53be71ad136b4e964acc33d8902666cc,187.11,62.37,66.67,L1_discount_abuse,True
53f5a7f622d498ff3eeb334b8efa7ae7,426.93,60.99,85.71,L1_discount_abuse,True
54066aeaaf3ac32e7bb6e45aa3bf65e4,296.12,148.06,50.0,L1_discount_abuse,True
541e5ce0b4a07554b374cbbe076259b9,90.44,45.22,50.0,L1_discount_abuse,True
54219c88839d9b1991f5550734f20c9f,595.75,119.15,80.0,L1_discount_abuse,True
54220fcc516cabe9ec84b210c0765ef2,694.62,77.18,88.89,L1_discount_abuse,True
54359cee0d9645cef070695ce5539d7c,116.14,58.07,50.0,L1_discount_abuse,True
545b9d98685b98a2203d2ba6e56b8e3a,119.48,59.74,50.0,L1_discount_abuse,True
5476cb509e6871df824b3fac5acad36d,235.88,117.94,50.0,L1_discount_abuse,True
54a51314febd38a9bfb89a9f49006289,797.5,398.75,50.0,L1_discount_abuse,True
54ac92ea720b2574ecf18f372f41ea71,88.78,44.39,50.0,L1_discount_abuse,True
54ba74414bed49a8b13864b3e8666f57,216.42,72.14,66.67,L1_discount_abuse,True
54e52a2c76449b9a634705a5ae9684a9,2205.24,735.08,66.67,L1_discount_abuse,True
551cf988ddc636bfcd08d383c5c371fd,150.16,75.08,50.0,L1_discount_abuse,True
55205d82f3b72a235f58195bd491b1a9,139.62,69.81,50.0,L1_discount_abuse,True
555e1afa0cf180760b7ea9f6d8ebc329,274.82,137.41,50.0,L1_discount_abuse,True
5570e2ad4cdbe279714e82215dbca9c0,255.84,127.92,50.0,L1_discount_abuse,True
558664b1fbd872709e44602c70ff9256,565.85,113.17,80.0,L1_discount_abuse,True
559d83199eaa46854cd06da9ce8961fa,197.13,65.71,66.67,L1_discount_abuse,True
55adc5cef9556477770f0b858669f8fc,1731.1,865.55,50.0,L1_discount_abuse,True
55b6cfcdaae4a8dc9629850dc635995d,176.52,29.42,83.33,L1_discount_abuse,True
5602c7ec0703c496d76b3e8d812b150d,129.58,64.79,50.0,L1_discount_abuse,True
56142b6c34c40cccb3e3ee8308a4ae76,355.2,88.8,75.0,L1_discount_abuse,True
563404de47cdc6763e7eced487016b66,48.7,24.35,50.0,L1_discount_abuse,True
564a38ee15a841a89a3e5c64fc8c0ce6,329.58,164.79,50.0,L1_discount_abuse,True
5658e0069bd2fa9423e4d9d94469b7c3,85.36,42.68,50.0,L1_discount_abuse,True
56740543d19104f08eee3703abfcfa59,205.48,102.74,50.0,L1_discount_abuse,True
568e71250d146ee4bf4b6f85617c6843,108.0,54.0,50.0,L1_discount_abuse,True
56a726fa0f40d3678696e62aaed9690d,121.72,60.86,50.0,L1_discount_abuse,True
56a80792281d114fba8f25d20fb087e4,945.08,472.54,50.0,L1_discount_abuse,True
5712a9cedf6170bd8cb13ef4090cd1e4,110.48,55.24,50.0,L1_discount_abuse,True
5720bc11a86749d980e65cac6e3ff08f,672.96,336.48,50.0,L1_discount_abuse,True
573131fe2b7df5e3ce4d88bf7702f6d0,190.9,95.45,50.0,L1_discount_abuse,True
5738b1361143b2ba3e59fcb5dffc7114,327.5,163.75,50.0,L1_discount_abuse,True
57426323a177f099d4842f4ac12619e5,90.62,40.55,55.25,L1_discount_abuse,True
574a92fb05e01159e32c2a4cba131e3e,174.96,58.32,66.67,L1_discount_abuse,True
575c25ea64e39b4c7bcd67d46a1fd1c9,186.88,93.44,50.0,L1_discount_abuse,True
575cf745e50a19f7d43cb7831c5c76ed,103.56,51.78,50.0,L1_discount_abuse,True
5778366745f5c8c33f8c7f0432373788,430.92,71.82,83.33,L1_discount_abuse,True
5798e78e71a22ca63000082377a15073,63.5,31.75,50.0,L1_discount_abuse,True
57cc72d3e635bf57199d76328279b875,472.98,236.49,50.0,L1_discount_abuse,True
57d86c396c1d48482e96e9e4a0e14ffb,101.18,50.59,50.0,L1_discount_abuse,True
57dd83bf1021dc5613a4e19544a99915,301.04,150.52,50.0,L1_discount_abuse,True
57eede1060c3e289d5be82560b4874b7,191.98,95.99,50.0,L1_discount_abuse,True
580e21d2e46243eca1eb813c5fe6ac7a,102.44,51.22,50.0,L1_discount_abuse,True
580e9410cdbeb1ec66a48d3d0454dd17,99.06,49.53,50.0,L1_discount_abuse,True
586b28be2b8f5afe936887ea02ab3494,237.86,118.93,50.0,L1_discount_abuse,True
587065077b677088697c8e99e2c8e273,52.14,17.38,66.67,L1_discount_abuse,True
5874c5a855871e35bc123b521d3d041a,481.2,240.6,50.0,L1_discount_abuse,True
5880ebe9056ff99c864c131e32d62828,172.5,86.25,50.0,L1_discount_abuse,True
58883d4d88a7a9be12c7343ecf8dcea5,1480.06,740.03,50.0,L1_discount_abuse,True
58a4317c14bcba43d0cf161f17e9db2b,262.0,131.0,50.0,L1_discount_abuse,True
58b3c61516dc5ed6140b6a09acbeb05f,213.68,53.42,75.0,L1_discount_abuse,True
58ee11026c2fdda6ff738c392cc5fb00,74.16,43.76,40.99,L1_discount_abuse,True
591083bc42b589c7052118aa83118e76,691.26,230.42,66.67,L1_discount_abuse,True
59229a140708a54d8e3a52865dd924eb,139.68,69.84,50.0,L1_discount_abuse,True
592f7e6106642583c61e25ecf2cb8cef,62.76,31.38,50.0,L1_discount_abuse,True
593854837f11564ca02e6406198b42c6,339.7,169.85,50.0,L1_discount_abuse,True
5939a276152174ff719ee375114e0775,202.5,101.25,50.0,L1_discount_abuse,True
593dcbc6068648f021eb48b2d55ae96c,103.7,51.85,50.0,L1_discount_abuse,True
594013e81f2c775b3fb2591f7e4bd4a9,377.88,188.94,50.0,L1_discount_abuse,True
59448c2e076491032bae1cb956f03ceb,144.76,72.38,50.0,L1_discount_abuse,True
595a99ff17a6ca3ab990cc37da29fd2a,74.16,37.08,50.0,L1_discount_abuse,True
59629349b860bb43899ea07bf4ec9633,434.25,144.75,66.67,L1_discount_abuse,True
596c6d7a66d8869a75807519b27a437d,67.44,33.72,50.0,L1_discount_abuse,True
59a19c83ff825948739dd1601cc107b6,59.76,29.88,50.0,L1_discount_abuse,True
59a7ff272ffc5a0a705f006f9b2db1b9,253.48,126.74,50.0,L1_discount_abuse,True
59c134c32edc0046c31ad8bd6f521b61,111.2,55.6,50.0,L1_discount_abuse,True
59d02be1c50fb6e6930cafd6ff6a31e5,1233.6,154.2,87.5,L1_discount_abuse,True
59d34e1064930d037d30041b73683aa7,195.74,97.87,50.0,L1_discount_abuse,True
5a37429384be05ca14780e4989543688,149.18,74.59,50.0,L1_discount_abuse,True
5a648bc4d784434ae63666bfecf66be3,99.76,49.88,50.0,L1_discount_abuse,True
5a65cedc025f607cbdb4c5219f648ae3,158.52,52.84,66.67,L1_discount_abuse,True
5a909d6376edac123359549cd82341df,162.69,54.23,66.67,L1_discount_abuse,True
5abdfb6d65a94da27f6cfb009d417f6b,203.0,101.5,50.0,L1_discount_abuse,True
5af817dcc7682f13101dbdef134be4e0,88.18,45.42,48.49,L1_discount_abuse,True
5b03dc75d71e4a3940c88c4c9cdf6c2c,264.72,66.18,75.0,L1_discount_abuse,True
5b26d9049a86fab0a83280e17de710ee,135.18,67.59,50.0,L1_discount_abuse,True
5b33495590a02d7e9ce6fbdc52f143d9,90.42,45.21,50.0,L1_discount_abuse,True
5b491297893cc6ff027713e3b2023461,155.14,77.57,50.0,L1_discount_abuse,True
5bbd189785115bc937623b13f25fcb78,425.7,212.85,50.0,L1_discount_abuse,True
5bda3e4d7080c484cd646a53165a7892,831.36,415.68,50.0,L1_discount_abuse,True
5bdb3afa1eb436b9c3de3957a486980f,128.84,64.42,50.0,L1_discount_abuse,True
5c05ba7b96e7ea5014e1eda4953778c3,316.26,158.13,50.0,L1_discount_abuse,True
5c49c7a9a71e35af48a66550203bde95,286.68,143.34,50.0,L1_discount_abuse,True
5c63162ff15f6e39ca02c3dbc82ecf65,121.26,60.63,50.0,L1_discount_abuse,True
5c893bd9b632cb0b5a09b68977c045b6,424.04,212.02,50.0,L1_discount_abuse,True
5c8cd93d3a115eb002c7d3c40ab4fe36,237.86,118.93,50.0,L1_discount_abuse,True
5c9d1c87014d033ba9f70a7fb96ba7e5,221.14,110.57,50.0,L1_discount_abuse,True
5cba8bf344b3cd25e28cc401cd3a89e7,329.3,164.65,50.0,L1_discount_abuse,True
5cfd514482e22bc992e7693f0e3e8df7,1421.16,710.58,50.0,L1_discount_abuse,True
5d05467df1b7834684fe4c0783f5db1f,135.24,67.62,50.0,L1_discount_abuse,True
5d322f251f819899cfcc89e316e4f4d2,637.77,212.59,66.67,L1_discount_abuse,True
5d4c60302689f1e23d80b19eea938bf6,96.6,48.3,50.0,L1_discount_abuse,True
5d508403951477c6ca3f8fb41f351658,2097.14,1048.57,50.0,L1_discount_abuse,True
5d6f7de589fed3156a711dfd607e7f50,789.04,394.52,50.0,L1_discount_abuse,True
5d85cc48fc6c9edcf1933e6e66de1a47,606.57,277.18,54.3,L1_discount_abuse,True
5d90613dda6344621749ba10ca8286a6,54.16,27.08,50.0,L1_discount_abuse,True
5d90c606cb92f1bd781a311d5ab61a75,1665.52,832.76,50.0,L1_discount_abuse,True
5db4ab74641ba05232ad09d752688f02,78.48,39.24,50.0,L1_discount_abuse,True
5dcaecab15d20be174a67f4f5392cd84,529.22,264.61,50.0,L1_discount_abuse,True
5dccc65b256263ec10925fa3a3d7ef48,290.74,145.37,50.0,L1_discount_abuse,True
5dd64c69f0f1a0f2cb3a5272837fb904,106.31,46.77,56.01,L1_discount_abuse,True
5ded9a59e8920225f45b1d0e11dc7d97,119.92,59.96,50.0,L1_discount_abuse,True
5df5b6ce88b311095393f226e4366bcf,271.9,135.95,50.0,L1_discount_abuse,True
5df7dfc7f38c7633632be959cc9bb879,133.74,66.87,50.0,L1_discount_abuse,True
5e021cdf9b42799cd60d771910e43008,337.44,168.72,50.0,L1_discount_abuse,True
5e235e61ce267978794f9d8f22465386,327.78,163.89,50.0,L1_discount_abuse,True
5e3b22928fa1027cbf4db7a8e5840cb0,330.6,165.3,50.0,L1_discount_abuse,True
5e5fbf8badb59c577f84c7f7448704dd,353.56,176.78,50.0,L1_discount_abuse,True
5e76d3cfcb1b71a6a78fabf6ec3ffb73,1108.7,554.35,50.0,L1_discount_abuse,True
5e8e2246d1b5e113efb8958d9b9fd9de,1361.5,680.75,50.0,L1_discount_abuse,True
5ea0678e7b34c19e5ecbcdf8a3eacea2,47.72,23.86,50.0,L1_discount_abuse,True
5eb48a486860d85108f3e9b4276445b9,166.17,55.39,66.67,L1_discount_abuse,True
5ec8127f0e7abadc5ee625f266ee0742,72.26,40.36,44.15,L1_discount_abuse,True
5f244a6504c6895a4ab7c4cafe9b9a43,3046.56,507.76,83.33,L1_discount_abuse,True
5f2b11a0394b442df7e5f4419d5f9f2c,691.92,345.96,50.0,L1_discount_abuse,True
5f32fe4a0180fa919a3a01ec75e5ba12,484.0,96.8,80.0,L1_discount_abuse,True
5f40a2492ceef8196dae8b163a97530e,247.38,123.69,50.0,L1_discount_abuse,True
5f4de9e1f0e55dc0fd443e5f4b2b362a,484.75,69.25,85.71,L1_discount_abuse,True
5f535417894495b2b12f4de92d996800,70.2,35.1,50.0,L1_discount_abuse,True
5f80e465e18f7f99372159cb3b5c88c6,1042.4,521.2,50.0,L1_discount_abuse,True
5f8e8bff26bd07b73a3ecf086de33d4a,960.93,640.62,33.33,L1_discount_abuse,True
5fd5c981a4232eaced70a8003d560243,275.86,137.93,50.0,L1_discount_abuse,True
5fe019f7d1eaebdb3da79811a3bcd58d,136.7,68.35,50.0,L1_discount_abuse,True
600d041553eb72147b8e475e08156864,324.06,162.03,50.0,L1_discount_abuse,True
6029e6bd42b7734db7fa0f091ed018d3,759.51,253.17,66.67,L1_discount_abuse,True
604cf9b703209b8e0f87284d5aa05313,252.74,126.37,50.0,L1_discount_abuse,True
6064862631581009b8eb676bc264d91f,460.08,115.02,75.0,L1_discount_abuse,True
607d8f6570c73e6a2e553908d572abc7,1237.9,618.95,50.0,L1_discount_abuse,True
60836a0b2a1b5051e61371cf04a16574,167.5,83.75,50.0,L1_discount_abuse,True
608570b95a49743971fb82089b960070,225.51,75.17,66.67,L1_discount_abuse,True
609d36dbce43c3ba5232f83d58381f00,671.16,335.58,50.0,L1_discount_abuse,True
60e2a7b97548f877f76232cd2bf807e7,204.06,102.03,50.0,L1_discount_abuse,True
610d998ea61935583bd897dd101d0e1d,170.32,85.16,50.0,L1_discount_abuse,True
610e831f41e8e6fe3214b767f41a17d5,101.56,50.78,50.0,L1_discount_abuse,True
612200d1732f963c7706d8da2517c04d,499.22,249.61,50.0,L1_discount_abuse,True
613ea91cb4b6b072a114ef3e5e9b6227,182.84,76.71,58.05,L1_discount_abuse,True
613f10bcb5cd9cfdd584832662fa9a67,154.16,77.08,50.0,L1_discount_abuse,True
617b88590cdd5883e40eedd5ecc48026,106.18,53.09,50.0,L1_discount_abuse,True
6182f426bfaf3fcacda874e7da0a7561,155.5,77.75,50.0,L1_discount_abuse,True
61b73d6deb118dad91fa0cca4365e4dd,115.0,57.5,50.0,L1_discount_abuse,True
61c7b1cf28b58654fe411aaf87fe249d,39.6,23.52,40.61,L1_discount_abuse,True
61cbfd453bec6d149c4607df0632496f,312.9,156.45,50.0,L1_discount_abuse,True
61e5e014747f2bf650ff99a3d8578caa,206.52,103.26,50.0,L1_discount_abuse,True
61ed1876bd482d2c77e3b085ce949c69,757.22,378.61,50.0,L1_discount_abuse,True
61fa17b757ab7e6e7900e8ea76786e0d,503.85,335.9,33.33,L1_discount_abuse,True
61fcbde43b57103de5c19b26489b46f6,1100.52,550.26,50.0,L1_discount_abuse,True
62059211790cf7661fe10443c75e8f17,166.3,83.15,50.0,L1_discount_abuse,True
620b5f7f730ead80c8dba1202716a29f,455.91,65.13,85.71,L1_discount_abuse,True
621b8e90f6fd06a792af8bdbbaf64a92,170.28,85.14,50.0,L1_discount_abuse,True
6224401eebe13e25d470d8d6a9ef225e,146.68,73.34,50.0,L1_discount_abuse,True
6227de9611e75b006686710c6a29df35,849.22,424.61,50.0,L1_discount_abuse,True
625b3de89355b67e8efec2e3c467d6e0,86.46,43.23,50.0,L1_discount_abuse,True
626def5d634d7a7c180f03cdd9178930,182.2,91.1,50.0,L1_discount_abuse,True
628287e102c84327f95402d4670434d2,446.04,297.36,33.33,L1_discount_abuse,True
62b2d948f0d2de4fe48b034bbdedf94c,675.04,337.52,50.0,L1_discount_abuse,True
62bb0ef3edb4e30a1481daa8f0e91f3f,156.42,52.14,66.67,L1_discount_abuse,True
62e975f28aa68109d68f92298a9327ac,248.04,62.01,75.0,L1_discount_abuse,True
634e8f4c0f6744a626f77f39770ac6aa,468.56,234.28,50.0,L1_discount_abuse,True
635b1de13b56852d3dca9d359b7ed8dd,152.36,76.18,50.0,L1_discount_abuse,True
63638a6806d67773f3adba8534553fff,608.16,86.88,85.71,L1_discount_abuse,True
6363b59d2e7f542672e0f11910c0c708,454.54,227.27,50.0,L1_discount_abuse,True
636f0241ddc83a3b9e37a8088167bd45,581.32,290.66,50.0,L1_discount_abuse,True
639081c9007c810d12b3f0b01afc7118,194.7,97.35,50.0,L1_discount_abuse,True
63a82c6ebb8ce1c3327cf686be3c4a6e,105.7,52.85,50.0,L1_discount_abuse,True
63d1268ad5a270923a280206fb76bc55,505.78,252.89,50.0,L1_discount_abuse,True
63e4ede8e88252dcabc3a251e84dd7ff,90.02,45.01,50.0,L1_discount_abuse,True
63f4e8e0d0a8785a8ba9e4e86e0cbb91,1635.85,327.17,80.0,L1_discount_abuse,True
642d9648ee8c3cd7d0a2be2b8816cc91,356.88,178.44,50.0,L1_discount_abuse,True
64544cb9a8e0aec0b80bf919d41b0c29,48.78,29.14,40.26,L1_discount_abuse,True
6496c94097bf68ceb80535be2e73c766,530.76,265.38,50.0,L1_discount_abuse,True
64b529353878328be729b0da4b3041bc,458.3,229.15,50.0,L1_discount_abuse,True
64ba7f5f2b493323d5dae1634f812cb5,66.44,33.22,50.0,L1_discount_abuse,True
64bd3e880a66ec01c58e06862dcb82fc,77.07,25.69,66.67,L1_discount_abuse,True
64dca5c8f3f8a2c183455337d46ce896,396.26,198.13,50.0,L1_discount_abuse,True
64f0da9068715955d37b40377363ecc7,311.46,155.73,50.0,L1_discount_abuse,True
6508f1528c3648c8a9f751e811520269,100.2,50.7,49.4,L1_discount_abuse,True
6525d9ab0bff6133c63e9c0cfa55bfbd,312.2,156.1,50.0,L1_discount_abuse,True
6533a0d9c1703a1ebf0115fb55e01834,116.58,58.29,50.0,L1_discount_abuse,True
654da57158d96035814657b5143bb11b,3495.8,317.8,90.91,L1_discount_abuse,True
655352dd31829855980e8ba883725b47,106.1,53.05,50.0,L1_discount_abuse,True
6553bc307b0ce8eded2609f0008ae2bd,243.8,121.9,50.0,L1_discount_abuse,True
656ada45a719393ba3e97d8d9e2ef750,273.2,136.6,50.0,L1_discount_abuse,True
657ea9232c582c9e40330a60f68dc189,94.58,47.29,50.0,L1_discount_abuse,True
658d582168e73d5670b4aad338c16d1b,214.44,107.22,50.0,L1_discount_abuse,True
65b5c34eac96c508fd60327de50a2d3c,44.76,22.38,50.0,L1_discount_abuse,True
65c863d90026e9dd4888e28d2135c983,153.72,76.86,50.0,L1_discount_abuse,True
65d304f392228e0b497f19d67ac76d90,558.66,93.11,83.33,L1_discount_abuse,True
65eeecd3949c21cbcb6671b445db5dcf,157.5,78.75,50.0,L1_discount_abuse,True
65f72c812ba4ca1ebb3c3558c69d5693,129.3,64.65,50.0,L1_discount_abuse,True
661daf8e46d57f5f1b916c80f4129049,120.15,40.05,66.67,L1_discount_abuse,True
66408ac1fd2db14486fb5d2c432aef51,145.32,72.66,50.0,L1_discount_abuse,True
6643fcf7be174c77fb72dea37c92aa19,32.74,16.37,50.0,L1_discount_abuse,True
66460ca7e4dff034a9ac0ec80c7fdea8,196.0,98.0,50.0,L1_discount_abuse,True
664ccdc7ecf83eace639850f9f6d6d6a,1630.4,815.2,50.0,L1_discount_abuse,True
66565684fb831da6924e8cb4b0e1c2ae,675.04,337.52,50.0,L1_discount_abuse,True
6657640ffd626be03509bc9226994b36,136.7,68.35,50.0,L1_discount_abuse,True
666591477c57a4ac4d43d1f05718fc91,68.0,34.0,50.0,L1_discount_abuse,True
6684a2469619cc89b92f6065a0fdccb8,43.3,21.65,50.0,L1_discount_abuse,True
6686e93efe206ed03777981a67e8c1db,796.8,265.6,66.67,L1_discount_abuse,True
668806d98daef95d0b00c461c8c4afc3,203.84,42.49,79.15,L1_discount_abuse,True
66baffa0f3497a9c772b66a607bd8c11,460.24,230.12,50.0,L1_discount_abuse,True
66d560d1c77317086f3332a6715ac1c1,416.06,208.03,50.0,L1_discount_abuse,True
66dbc9ec3eb2119ce225357587599804,211.7,105.85,50.0,L1_discount_abuse,True
66ecad7b5ce5c0df4e95f46d12076ed3,442.32,147.44,66.67,L1_discount_abuse,True
672b1bba837c3aa34b3e8ddd95ba6eab,125.26,62.63,50.0,L1_discount_abuse,True
673c33bc0fb36d9b542e2bb104c14841,117.3,58.65,50.0,L1_discount_abuse,True
674e1f5ca0441058cc7fa110cb4f49eb,65.98,31.5,52.27,L1_discount_abuse,True
676dc08d3b7a83fc6f45f5e0eb1a2d9a,243.4,140.07,42.45,L1_discount_abuse,True
67730eb2f9468b8c6eb20a45dd477bbd,84.02,42.01,50.0,L1_discount_abuse,True
678563117c6bcedcb0f9d98e8f3faf23,426.3,142.1,66.67,L1_discount_abuse,True
678c60c6679ddcf17629ba109f4d1249,230.02,115.01,50.0,L1_discount_abuse,True
67937bb4e0c9a4156fe47c89382d33e7,536.35,107.27,80.0,L1_discount_abuse,True
67ad45f6efc3483b12ad1dcc36d868b5,335.44,167.72,50.0,L1_discount_abuse,True
67d1681c8bb9f9eb28f2a9beb44b8636,222.04,111.02,50.0,L1_discount_abuse,True
67d83bd36ec2c7fb557742fb58837659,866.04,33.56,96.12,L1_discount_abuse,True
67e7cace5deab160cedd95c80e6f60a8,296.3,148.15,50.0,L1_discount_abuse,True
67fa9997945e53898352ceff7d7b37a6,78.0,39.0,50.0,L1_discount_abuse,True
681c2cfadee8433325e2fbab33593cd3,620.74,310.37,50.0,L1_discount_abuse,True
683bf306149bb869980b68d48a1bd6ab,77.16,38.58,50.0,L1_discount_abuse,True
686fb1c21e29924074b592b5c2ebf96b,554.4,277.2,50.0,L1_discount_abuse,True
687827c3a3bcdf03c6956d9bbe263ed5,196.78,98.39,50.0,L1_discount_abuse,True
68986e4324f6a21481df4e6e89abcf01,3950.64,658.44,83.33,L1_discount_abuse,True
68a6bc33c20d0ac617d2ebc6bba91b60,486.9,243.45,50.0,L1_discount_abuse,True
68b4c4f5541fdc04be458209af970adb,45.9,22.95,50.0,L1_discount_abuse,True
68b77ee56caee09a1bfcb38270c05173,3137.44,1568.72,50.0,L1_discount_abuse,True
68d8b4fcc77dcd06eecb59b08dc28d15,168.46,84.23,50.0,L1_discount_abuse,True
68e26c32708fa02057ea7c255d288929,163.26,81.63,50.0,L1_discount_abuse,True
6907ea7150759a085c8ed75a55aeb90d,4301.62,2150.81,50.0,L1_discount_abuse,True
692e004e31546b86abbd93c0661bfb67,647.49,215.83,66.67,L1_discount_abuse,True
694c72bb2f8ede1323820186544f9c09,68.78,34.39,50.0,L1_discount_abuse,True
695809f787c7cd226121bda23bd48199,134.58,67.29,50.0,L1_discount_abuse,True
6963678ab394ef16d2dbed6ee6d07c44,521.25,173.75,66.67,L1_discount_abuse,True
698718954b64ad9f11e9ef210e72d100,286.76,143.38,50.0,L1_discount_abuse,True
698f476267deedddbe4ad589590ccae6,112.44,56.22,50.0,L1_discount_abuse,True
69b00a66e2558dd57ba062f782995941,1477.14,738.57,50.0,L1_discount_abuse,True
69b03f2aed38a9b622ddad0998b00ccb,103.38,51.69,50.0,L1_discount_abuse,True
69bec49dcedcbf07e8333244796dd70a,74.46,37.23,50.0,L1_discount_abuse,True
69f54f52631eb8ea8bec66cb902cf54e,184.36,46.09,75.0,L1_discount_abuse,True
69f5eed47613a9d3cd0ae94d398cdd4e,165.15,55.05,66.67,L1_discount_abuse,True
6a0c96e8fd6d1c42bbfa1f5d49f3d3cb,814.08,203.52,75.0,L1_discount_abuse,True
6a188f1161967f21d6b80a19a283dfec,80.82,40.41,50.0,L1_discount_abuse,True
6a20f514a1f78b69741f2bddaf832c75,237.15,79.05,66.67,L1_discount_abuse,True
6a4d031d68d8f41c14ee7cd194023800,173.66,86.83,50.0,L1_discount_abuse,True
6a713ce5b2cfc769104c39775b662625,209.24,104.62,50.0,L1_discount_abuse,True
6a868efa34dccad934e939877994dafe,154.2,77.1,50.0,L1_discount_abuse,True
6aa0a6611260e7a3288dd6e2864f67eb,143.64,71.82,50.0,L1_discount_abuse,True
6aaedd714ad6929fc4df8d51bd4cfe9a,122.64,62.99,48.64,L1_discount_abuse,True
6ac559b49cbb0d6d7c3eb071891785c7,436.64,109.16,75.0,L1_discount_abuse,True
6afe12e2152d9339a25453d2d45003f9,128.2,64.1,50.0,L1_discount_abuse,True
6affe3f16752393cba3cabe7d1731a2e,466.08,233.04,50.0,L1_discount_abuse,True
6affff7ca93622555a65d2d9a169070f,291.5,145.75,50.0,L1_discount_abuse,True
6b06756efe3332c1b68920df3c2d5864,217.5,108.75,50.0,L1_discount_abuse,True
6b1506319e933481532aba2b6de29d12,123.58,61.79,50.0,L1_discount_abuse,True
6b1a5aabdde7ed25268697cef2a9d28a,426.81,142.27,66.67,L1_discount_abuse,True
6b273a63c1e26cdd0d6c8099218fd1ac,126.56,63.28,50.0,L1_discount_abuse,True
6b27933c6a46e3d66203137ad1fdb678,410.52,205.26,50.0,L1_discount_abuse,True
6b37f541eb6753f5383147a84d419d11,153.76,76.88,50.0,L1_discount_abuse,True
6b38e49992a77d12586e9cc2cc5b94a2,182.36,91.18,50.0,L1_discount_abuse,True
6b4691b98b476dcd37e1dbade28ab62c,447.9,298.6,33.33,L1_discount_abuse,True
6b65889f1f3082cc3bcdffc01cb70a78,254.88,127.44,50.0,L1_discount_abuse,True
6bc359e26c859e9a1d3d1c157f38c930,381.4,190.7,50.0,L1_discount_abuse,True
6bc3c200db7e637a78b05d8984dcf66f,280.56,140.28,50.0,L1_discount_abuse,True
6be6d87095d612a3a5176d6aff456c62,320.42,160.21,50.0,L1_discount_abuse,True
6c4e1e1b0508d7c73164b8890daa28c6,415.4,207.7,50.0,L1_discount_abuse,True
6c578cefe8f43f6e1394ded9f6f537c5,834.63,278.21,66.67,L1_discount_abuse,True
6c601e45c13b22fa58a1e290b4b14d8f,88.2,44.1,50.0,L1_discount_abuse,True
6c75d5191caa57ce66aee84045b1d143,207.1,103.55,50.0,L1_discount_abuse,True
6c7b7abbea636930355172ccc20e3ee5,79.38,39.69,50.0,L1_discount_abuse,True
6cac054c444c98466bfa9af759df2f8a,279.86,139.93,50.0,L1_discount_abuse,True
6cadbcdea4da5368c7a801ce027f23f1,595.47,198.49,66.67,L1_discount_abuse,True
6cca0cec5b4fc97f471ac73afc03ece8,77.76,38.88,50.0,L1_discount_abuse,True
6ccb433e00daae1283ccc956189c82ae,366.12,122.04,66.67,L1_discount_abuse,True
6ceabf34d230c31f161988dd2ff8fa92,168.3,84.15,50.0,L1_discount_abuse,True
6d0e0305d6f6df15685493270ac1d986,80.48,40.24,50.0,L1_discount_abuse,True
6d34c087b843ae0fdb296f15d948e45f,2213.04,1106.52,50.0,L1_discount_abuse,True
6d4616de4341417e17978fe57aec1c46,94.92,47.46,50.0,L1_discount_abuse,True
6d47bd16bfe3f754b853be0ba635ed7d,187.95,62.65,66.67,L1_discount_abuse,True
6d58638e32674bebee793a47ac4cbadc,1294.2,107.85,91.67,L1_discount_abuse,True
6d5e1e480d92f1bde5e9eb187fa388d5,272.88,136.44,50.0,L1_discount_abuse,True
6d6f16813fbb3448a034fc242a2603c6,293.13,97.71,66.67,L1_discount_abuse,True
6d8102dfb9acad707f6e15b413270621,216.7,108.35,50.0,L1_discount_abuse,True
6d84eef7bc3b079a4d45a49a3e355784,366.57,244.38,33.33,L1_discount_abuse,True
6d8a901414328a5ace8b17a2fb3f664a,198.5,114.0,42.57,L1_discount_abuse,True
6d9f6e79f1664d6ff8e74dd03f8a5b43,538.3,269.15,50.0,L1_discount_abuse,True
6dc77aee6ae4add4ed0d28454450557b,78.02,39.01,50.0,L1_discount_abuse,True
6de5437cdbba19ca175eee90e9eb42c0,133.02,66.51,50.0,L1_discount_abuse,True
6de5cb2a6bbde83681d778ff903220e2,91.28,45.64,50.0,L1_discount_abuse,True
6dedf40fe422e8f0ae38641d2ed11f22,1233.88,616.94,50.0,L1_discount_abuse,True
6dfff7cc7906e05c66834b6562dd8e9e,497.7,248.85,50.0,L1_discount_abuse,True
6e0b92bf7f849a26ecbd65716cf5d610,272.1,136.05,50.0,L1_discount_abuse,True
6e116aaaf479cdcaa8a1262489a07086,141.69,47.23,66.67,L1_discount_abuse,True
6e424a06931a556c15b962b40017f690,68.12,34.06,50.0,L1_discount_abuse,True
6e529c2d797e42723921291678213b8e,223.42,111.71,50.0,L1_discount_abuse,True
6e5471906b39845aee4480aa16d963d8,115.57,64.38,44.3,L1_discount_abuse,True
6e9b4255caf63ea821955da352e67498,103.48,51.74,50.0,L1_discount_abuse,True
6ec56173121c5972d0fd631f0f084d93,246.98,123.49,50.0,L1_discount_abuse,True
6eccf2d285566975653dcf25ec2f21ed,742.2,185.55,75.0,L1_discount_abuse,True
6f1a8d85b71101ab1e342aa9b8dfa5ff,131.4,65.7,50.0,L1_discount_abuse,True
6f4eebb5dd7d532cd45474ce133dc60a,202.26,101.13,50.0,L1_discount_abuse,True
6f8152f5fff81d90b3824cd6ab230d8d,203.46,101.73,50.0,L1_discount_abuse,True
6f845696f97dbd80eb0bc519f70127a7,92.0,46.0,50.0,L1_discount_abuse,True
6f95997d009a6c89f18029f779a6de56,268.56,134.28,50.0,L1_discount_abuse,True
6fa5088dcf950909aa3c2001eafc4106,75.8,37.9,50.0,L1_discount_abuse,True
6ff688a972f3aed0188ccd2e29734c9a,158.58,79.29,50.0,L1_discount_abuse,True
6ffd704e6933899e26c59d4756c43b7e,1742.52,871.26,50.0,L1_discount_abuse,True
70009c6d985dfa16754461cff33c10dc,976.6,244.15,75.0,L1_discount_abuse,True
700bbbd2dce29db47fd10e2ddbb1cd5e,124.62,62.31,50.0,L1_discount_abuse,True
701a4ca3334d676567d4e5016a02cac7,857.2,171.44,80.0,L1_discount_abuse,True
701ddcb0eab1d32958b3638a5e8c4e97,238.0,34.0,85.71,L1_discount_abuse,True
702c1e398b49275935f9d3a6e344083d,482.51,68.93,85.71,L1_discount_abuse,True
70623d7ff2e126f3688dba1042ec9531,2943.02,1471.51,50.0,L1_discount_abuse,True
70644768ae200b063d8fc6d47cc85ce4,104.0,52.0,50.0,L1_discount_abuse,True
706a381b79e44be10223ef1a12a71d8f,249.39,115.88,53.54,L1_discount_abuse,True
707c7403d5d131e75e3d557bdd0646c4,482.0,120.5,75.0,L1_discount_abuse,True
709b96657091eec897b90173afb0b84d,269.67,89.89,66.67,L1_discount_abuse,True
70aefd12bdd5391f02011072c16e6801,171.62,85.81,50.0,L1_discount_abuse,True
70d8acc0832b3dd2048b71a6fe492257,3169.92,1584.96,50.0,L1_discount_abuse,True
70fd326c5cd0a2e95b8f8a457d62ee8c,136.7,68.35,50.0,L1_discount_abuse,True
7110f0eeece3a706f92c964efb204e57,92.9,42.2,54.57,L1_discount_abuse,True
711446e2cbe250789dc7b3ecdfce793c,375.78,187.89,50.0,L1_discount_abuse,True
713646be0226c051688714f343a1cda5,302.36,151.18,50.0,L1_discount_abuse,True
71385d0c646fbc757cfd07df085986d7,638.22,319.11,50.0,L1_discount_abuse,True
71425ecd58b4f20236e557902a9743f7,140.07,46.69,66.67,L1_discount_abuse,True
714b93bc4ed81c32fbf579f30619f3eb,2366.72,1183.36,50.0,L1_discount_abuse,True
717190a490f69b74799309115b1ccead,434.3,217.15,50.0,L1_discount_abuse,True
71853944ebfe6bd5f5de0302cba14354,461.84,115.46,75.0,L1_discount_abuse,True
71ba7b3f5aca19e723b21de8b67fc3a3,474.96,237.48,50.0,L1_discount_abuse,True
724d164fcba4e6b5fdcffe2ef8d3bb9a,112.02,56.01,50.0,L1_discount_abuse,True
7254ba1421bac35de5d5da660715bf0e,176.85,94.51,46.56,L1_discount_abuse,True
726714fe5c6124b8501feb36c5b89896,91.6,45.8,50.0,L1_discount_abuse,True
7282f35aaea3e151109787d09a275ec9,139.08,69.54,50.0,L1_discount_abuse,True
728795566669c2f36ab5118fcde3af33,214.84,107.42,50.0,L1_discount_abuse,True
7290f24ffc8f84166426d8727c15af13,1037.6,259.4,75.0,L1_discount_abuse,True
72b02234375680d174bc9fecfb0fd9fe,88.68,44.34,50.0,L1_discount_abuse,True
72b13b37a3e90ebef702948d847e881f,267.9,133.95,50.0,L1_discount_abuse,True
72c3f657842e35f5d5279cc0fd06826b,91.06,45.53,50.0,L1_discount_abuse,True
73174cbe1a7108ca72fa9547cfd77e4e,122.1,61.05,50.0,L1_discount_abuse,True
7359dc1b2795acbc7d4410fc336236ab,78.76,39.38,50.0,L1_discount_abuse,True
7385577575de1767a08ee7b11fb6d4af,120.0,60.0,50.0,L1_discount_abuse,True
73a12daa7a024fd6a3895ffcb1fc99cb,160.56,80.28,50.0,L1_discount_abuse,True
73cfd52c2ab878481307dcd97df6155c,49.94,24.97,50.0,L1_discount_abuse,True
73df5d6adbeea12c8ae03df93f346e86,2429.96,186.92,92.31,L1_discount_abuse,True
7410535fe6a922518e4f862208c066bf,618.78,206.26,66.67,L1_discount_abuse,True
7423b4cc85c866b575901e064a27c5e1,220.0,110.0,50.0,L1_discount_abuse,True
7439e4bd093c2c4b6d428c40e9b50c30,143.06,71.53,50.0,L1_discount_abuse,True
743d702ad0112c210a46dd80145e0102,87.76,43.88,50.0,L1_discount_abuse,True
74500bfc015eccf3d38f95558177b21b,80.18,40.09,50.0,L1_discount_abuse,True
7488261a98cd6d7cf4407a8d6ed81095,72.0,36.0,50.0,L1_discount_abuse,True
7489466aa2aad065d81a6b70e516a562,180.46,90.23,50.0,L1_discount_abuse,True
748959bbfc92b5990235c6b93d114475,70.0,35.0,50.0,L1_discount_abuse,True
7491b6e69f50c3e941057224d0826186,271.32,67.83,75.0,L1_discount_abuse,True
749990ae992d496bb8ad6972705298f3,158.48,37.02,76.64,L1_discount_abuse,True
749c1e78ae991da38b61c92f926ab6e7,164.38,82.19,50.0,L1_discount_abuse,True
74aacfe89f7715e9d6655dd55c86da46,2629.98,1314.99,50.0,L1_discount_abuse,True
74b7f4373a78df8c16862d9d0875c5b4,67.5,33.75,50.0,L1_discount_abuse,True
74bd06b5f9e79f8761e2b924e65cdfde,780.0,130.0,83.33,L1_discount_abuse,True
74d882fe8bdccca5952fbe23321ecfa7,319.06,159.53,50.0,L1_discount_abuse,True
7525e8f8b1a51d44f9912ce81146ac7d,643.16,321.58,50.0,L1_discount_abuse,True
753409eb1dc2fceb6dbb2a350a35ffc8,111.38,55.69,50.0,L1_discount_abuse,True
75726379e024593ac008be5a5929a82a,110.18,55.09,50.0,L1_discount_abuse,True
7578d16f248e3eb69ec30d3fb27a7a38,132.2,66.1,50.0,L1_discount_abuse,True
757ec717d8c5faa738a6393e62ccaab8,152.16,76.08,50.0,L1_discount_abuse,True
7588fbb6c9001d45b0f2bafb4be7ef56,529.24,264.62,50.0,L1_discount_abuse,True
758c123811f3da2280246ba25f4938d1,229.04,114.52,50.0,L1_discount_abuse,True
7596db1ba623b5cb1727772fc9bf8440,79.2,39.6,50.0,L1_discount_abuse,True
75e6b640cd630f2a1b0250fadc68da12,709.74,354.87,50.0,L1_discount_abuse,True
76020f0be1e0d6421959f71f724f5048,107.2,53.6,50.0,L1_discount_abuse,True
763535b0c06295b76a722375e74ff694,128.18,64.09,50.0,L1_discount_abuse,True
765d8e5f6a9d496c895d21bb271ff1e8,261.0,87.0,66.67,L1_discount_abuse,True
768bb5189d917642e1ea949aa69c553b,294.3,147.15,50.0,L1_discount_abuse,True
771596702a2e0245fb67b093182acb03,508.36,254.18,50.0,L1_discount_abuse,True
7719f9708389131806ee9274b88c911e,110.18,55.09,50.0,L1_discount_abuse,True
77825d49024eb269c8576e8d4e2b8caa,237.76,118.88,50.0,L1_discount_abuse,True
7797659fa7b8f16a68562da5976d179e,209.9,104.95,50.0,L1_discount_abuse,True
77c885e668bc660993cbf7789930675a,563.07,187.69,66.67,L1_discount_abuse,True
77f0ae10c13cc7c78a5393b27d121044,135.0,45.0,66.67,L1_discount_abuse,True
7837962c3d0968b066e6e54738c2f307,1248.5,624.25,50.0,L1_discount_abuse,True
7842147864c0425541edd55923f3c0f1,188.6,94.3,50.0,L1_discount_abuse,True
7846a3c8592b65e93f51e381db3742c9,3460.08,1730.04,50.0,L1_discount_abuse,True
7856ac3dde097902ad5fc94c787045c5,189.48,63.16,66.67,L1_discount_abuse,True
789e059c493926a46f2365bebb807dc9,102.84,51.42,50.0,L1_discount_abuse,True
78d1ad5b65aecc8f61c0fab7b28e8281,254.3,127.15,50.0,L1_discount_abuse,True
78dd421c4700121100bb1297168a05d6,114.42,60.95,46.73,L1_discount_abuse,True
78f74e94c8a2cebb5d569f483d54e8be,133.34,66.67,50.0,L1_discount_abuse,True
7902ef4dbb5973b8426b4c66f2488d3d,428.84,214.42,50.0,L1_discount_abuse,True
790966b7cfcf6aedddb2f1d392da3306,360.74,180.37,50.0,L1_discount_abuse,True
79149e16c4017cc512c938cbd445cdc3,80.67,36.94,54.2,L1_discount_abuse,True
79172945447a2dd29abbffd445a99205,32.44,18.88,41.81,L1_discount_abuse,True
7922fc267fee367d631d58c09d8bdfdf,103.58,51.79,50.0,L1_discount_abuse,True
7999733d1c4a42be3b4e5ee369697591,202.72,101.36,50.0,L1_discount_abuse,True
79b49127db2c9bc718a161183671505c,171.15,57.05,66.67,L1_discount_abuse,True
79b63d1f9cf0257b33b04fbfb0847cba,426.12,142.04,66.67,L1_discount_abuse,True
79c697a71c6bfb37a4c83d238e695404,95.46,31.82,66.67,L1_discount_abuse,True
79eebbca25755d227de8e2255e3cb184,411.06,205.53,50.0,L1_discount_abuse,True
7ad0fb12f6d6b5d498db0bbfde6038bd,221.44,55.36,75.0,L1_discount_abuse,True
7af96e4998e17a87ca43a79b93e112c9,175.46,87.73,50.0,L1_discount_abuse,True
7af99279a8af75b4b281a28927b84b81,129.3,43.1,66.67,L1_discount_abuse,True
7b1dc739a78d04563a4fd62f5a6b454f,72.0,36.0,50.0,L1_discount_abuse,True
7b3950b933fe73d96ce4359a1caf38ea,443.76,73.96,83.33,L1_discount_abuse,True
7b42f564d505ea0c0783bb273062ca8b,98.1,49.05,50.0,L1_discount_abuse,True
7b5dc68850daf14f7b74396f30647f6e,202.74,101.37,50.0,L1_discount_abuse,True
7b95d76914bb5cec919366223c2f3190,583.44,291.72,50.0,L1_discount_abuse,True
7b9e72dad7b74f9bc089a7c543d90061,293.22,97.74,66.67,L1_discount_abuse,True
7bac1076797839872168be8c0e2b0f88,151.66,75.83,50.0,L1_discount_abuse,True
7be14973fae210892bdead0de13695e6,103.66,51.83,50.0,L1_discount_abuse,True
7c05cc46380212da89ef95678210500e,164.24,82.12,50.0,L1_discount_abuse,True
7c2a808149a46c168db73bc877f73cb8,130.1,65.05,50.0,L1_discount_abuse,True
7c6b6a9c3d77dcb56f9d216b3edbb1a9,214.72,107.36,50.0,L1_discount_abuse,True
7c7730a9be0a2cd5d43285e6e53476d8,126.84,63.42,50.0,L1_discount_abuse,True
7c9524b31589e9c6c9d84d17bc07a966,299.56,149.78,50.0,L1_discount_abuse,True
7caa2aaed7e9a56d1bc1004eb7d296e5,462.45,154.15,66.67,L1_discount_abuse,True
7cb79316d2abe37e16ec83a07afb2895,105.06,52.53,50.0,L1_discount_abuse,True
7cfbcf0f0e692bccbf7d7a4c997e80fd,222.82,111.41,50.0,L1_discount_abuse,True
7d09e4056c3bfda6715955ee27a98e5d,81.02,40.51,50.0,L1_discount_abuse,True
7d0ed38550fa692c0dff9a4d0eddb8e7,88.0,44.0,50.0,L1_discount_abuse,True
7d2aae327399272a05149f0b4782f983,284.6,142.3,50.0,L1_discount_abuse,True
7d5ba597429574dce3200b4b20686641,292.7,146.35,50.0,L1_discount_abuse,True
7d63f6eebe0dba6fbe9a8c9b5d11aa96,172.84,72.35,58.14,L1_discount_abuse,True
7d77cbd8b988f81a25289a02429fab42,216.58,108.29,50.0,L1_discount_abuse,True
7d8db373393c49a61b22e4688965988e,147.33,49.11,66.67,L1_discount_abuse,True
7daacf43d9593e9a2959cc753578ce09,234.06,117.03,50.0,L1_discount_abuse,True
7db5f2eb8f5f54db9f9e71ba4296bcbf,328.48,164.24,50.0,L1_discount_abuse,True
7dcd0f2215594d90c8a4e7cd57d06dbe,73.4,36.7,50.0,L1_discount_abuse,True
7e0887f9493193dc6b5b76f352088c90,276.78,138.39,50.0,L1_discount_abuse,True
7e232ee2936aa0eb7a2092603d163c03,129.39,43.13,66.67,L1_discount_abuse,True
7e2abfe12599364389f3fcb145141030,168.26,84.13,50.0,L1_discount_abuse,True
7e3092871b13383e2bf040db363a846b,306.02,153.01,50.0,L1_discount_abuse,True
7e41633529000f80967da24083bb6c1c,186.38,93.19,50.0,L1_discount_abuse,True
7e41bd90616fbe90fba3dd8989d91af4,367.6,183.8,50.0,L1_discount_abuse,True
7e6947a332fa36bbb61f7fc5a92fc988,71.64,35.82,50.0,L1_discount_abuse,True
7e8072dc0f35ebb0c1b2a4743e0f179a,191.48,95.74,50.0,L1_discount_abuse,True
7e81c4cc31fd46f225b4441e179f78a1,192.44,96.22,50.0,L1_discount_abuse,True
7f1026fb759eed811a6527513976db24,271.54,135.77,50.0,L1_discount_abuse,True
7f344d881ecc07068685ad394ed44715,91.38,45.69,50.0,L1_discount_abuse,True
7f3a98ba983d8671d25c8cbcae5e9ee1,485.51,231.95,52.23,L1_discount_abuse,True
7f4990a3cadc07c4c72c6a2b5026732b,407.62,203.81,50.0,L1_discount_abuse,True
7f6209da874fb56bf2fd26791d83bcb8,77.1,38.55,50.0,L1_discount_abuse,True
7f73071c538cbb2b10e41a3041db481d,425.16,212.58,50.0,L1_discount_abuse,True
7f8345ecf528aa9b47423c9cc5ab3986,1352.67,450.89,66.67,L1_discount_abuse,True
7f8f6e7d331e83effb58aa14f32cad44,422.0,211.0,50.0,L1_discount_abuse,True
7f9b0e95f333a0afb5cce5b78afa17c5,115.56,57.78,50.0,L1_discount_abuse,True
7f9e8cb77e9702ff5d15ca7dbca58cc4,293.13,97.71,66.67,L1_discount_abuse,True
7fd461d398eea64b8c3b9ff1761c6513,170.88,85.44,50.0,L1_discount_abuse,True
7fe55ddc45e39704cbd15147aba7b23f,192.64,96.32,50.0,L1_discount_abuse,True
7fee8248879e6c2eb655918584bb3ba2,410.56,102.64,75.0,L1_discount_abuse,True
8000f59ee550d96d1bea2af205da4cd9,177.44,88.72,50.0,L1_discount_abuse,True
8024bee268e76b6cff9da86da00f1490,309.3,154.65,50.0,L1_discount_abuse,True
80271f9179f6d8df256f964fc2cc1c6a,338.79,112.93,66.67,L1_discount_abuse,True
8029473fa5eb709b746a665b0597b8c1,143.64,71.82,50.0,L1_discount_abuse,True
802a16d8b5c3a74a38cf9216f429c469,55.38,27.69,50.0,L1_discount_abuse,True
802a4ce6a0333eb94effff686abc8f27,105.0,52.5,50.0,L1_discount_abuse,True
80423624a58421eb6e6d9fd07cafb406,2516.46,1258.23,50.0,L1_discount_abuse,True
807baffb5f8bb605f1218ead428cd8e4,183.54,91.77,50.0,L1_discount_abuse,True
807d1d7f9ef2a3649f918a57fe2e2141,201.64,100.82,50.0,L1_discount_abuse,True
808a117545d27f5c0ea7cad158f70600,332.3,66.46,80.0,L1_discount_abuse,True
809866afc43dd3f06fc471f5eebe53e6,173.92,86.96,50.0,L1_discount_abuse,True
80a18edfa1989bada0d72f3e0ff55aaa,130.44,65.22,50.0,L1_discount_abuse,True
80ba49127f9a97f9bbe4e60770798cc7,298.56,149.28,50.0,L1_discount_abuse,True
80de45019ba6e7e9fed689c68e1d67e8,117.22,58.61,50.0,L1_discount_abuse,True
80dfedb6d17bf23539beeef3c768f4d7,8389.52,4194.76,50.0,L1_discount_abuse,True
80e2ed9ee8878458ac2191eb469cb0fb,159.88,79.94,50.0,L1_discount_abuse,True
810a20b5d63b93c766be34093cf05187,178.38,59.46,66.67,L1_discount_abuse,True
810c5451b24e7565d14608ed85dd3624,120.02,60.01,50.0,L1_discount_abuse,True
81192041563939605a3e86ae0d6d8579,116.32,58.16,50.0,L1_discount_abuse,True
814d6a3a7c0b32b2ad929ac6328124e9,244.08,81.36,66.67,L1_discount_abuse,True
816ccd9d21435796e8ffa9802b2a782f,1424.1,284.82,80.0,L1_discount_abuse,True
816e49951eeb579e37e0e247a4957869,226.42,113.21,50.0,L1_discount_abuse,True
81789600931518629cdd008140f7defa,45.56,22.78,50.0,L1_discount_abuse,True
818877ced1be365d10d9cfcb22ad81d0,107.22,53.61,50.0,L1_discount_abuse,True
81897e3300d655ed456f166e3b362b2c,257.14,128.57,50.0,L1_discount_abuse,True
81935e523702224d87bc6b915f51649e,1344.78,224.13,83.33,L1_discount_abuse,True
81a93b2fa39e104b865b2bc471c16008,192.04,96.02,50.0,L1_discount_abuse,True
81f2057c0c9128404edf9896a9269d23,259.54,129.77,50.0,L1_discount_abuse,True
81f8f469c9ebd7916d4d35d7b379127c,110.26,55.13,50.0,L1_discount_abuse,True
820349ed7a25bbfa196bb4f9a28442f2,2959.02,1479.51,50.0,L1_discount_abuse,True
8207dc60d7f55f4ac2b9601f02eeff29,235.59,103.47,56.08,L1_discount_abuse,True
820c39d59fdb0ec31f14070eabca7a15,458.84,229.42,50.0,L1_discount_abuse,True
823e959449ab09141875541d427a1581,146.32,73.16,50.0,L1_discount_abuse,True
8261284307e7712ea0491f342df56d74,684.04,342.02,50.0,L1_discount_abuse,True
82721df8ff0f0ce187f64c59238e585b,253.9,126.95,50.0,L1_discount_abuse,True
828acc6ccec3081f5615750358c691db,234.32,117.16,50.0,L1_discount_abuse,True
8299066c13f491b4cf9bdb486d2058c2,56.26,28.13,50.0,L1_discount_abuse,True
829cd80a357f79daa5758c5f4007fe23,184.9,92.45,50.0,L1_discount_abuse,True
82f24cd9edb3455aa561fb4553ab5d1e,58.76,29.38,50.0,L1_discount_abuse,True
82ffe097d8ddbf319a523b9bbe7725d5,373.96,93.49,75.0,L1_discount_abuse,True
83018ec114eee8641c97e08f7b4e926f,278.91,92.97,66.67,L1_discount_abuse,True
832c7364e0bee77d8763a327983c1b8a,33.01,19.41,41.21,L1_discount_abuse,True
8333c49adbe3515e032c472789e8201e,296.0,148.0,50.0,L1_discount_abuse,True
8375e62ff082f229096ecda5cbc957ea,1279.26,426.42,66.67,L1_discount_abuse,True
838f02ea52c8e48b8bc5ed2671e7bfd3,42.78,21.39,50.0,L1_discount_abuse,True
839c39b7b79ea017a465dd95ba970a42,251.56,125.78,50.0,L1_discount_abuse,True
83b11638ea5fdb78656168614f8afdf2,945.88,472.94,50.0,L1_discount_abuse,True
83c7e450050581ef4de4b03199ccc1f1,498.0,166.0,66.67,L1_discount_abuse,True
83def0f84b6e767ac0851e487612e66e,96.68,48.34,50.0,L1_discount_abuse,True
8413ac0b09301d03b78adeca5840866f,136.36,34.09,75.0,L1_discount_abuse,True
84253562834802051b3ee018d7daecb4,93.2,46.6,50.0,L1_discount_abuse,True
842b6e7534c63c7956d72bb3f64bbecd,51.34,25.67,50.0,L1_discount_abuse,True
846c2255d0eedb2043aa0b3dc470f32b,816.1,163.22,80.0,L1_discount_abuse,True
847bbf8a16e79d8128e4fc5f7554d919,272.6,136.3,50.0,L1_discount_abuse,True
84c0a717575f9477b71d4ffd1615a0fe,83.62,41.81,50.0,L1_discount_abuse,True
84c6aab1664b33eb5607e118dc4bced8,116.44,58.22,50.0,L1_discount_abuse,True
84cedab09d15fbd3bb87956434d61573,216.42,72.14,66.67,L1_discount_abuse,True
84ebcff41a92fda70c984a3ef76d1237,74.92,37.46,50.0,L1_discount_abuse,True
85009f731c1559c53d150e4b3fa7f8a5,268.94,134.47,50.0,L1_discount_abuse,True
8508c8962494e9606eb5eacaa61c22e2,64.76,32.38,50.0,L1_discount_abuse,True
85485db1f11cb496d2fbd2def0d397a3,115.44,57.72,50.0,L1_discount_abuse,True
8563f78b69f236731470e13b90fde454,511.94,255.97,50.0,L1_discount_abuse,True
8576600e6c8cf9ff884eaa76c8089eeb,355.5,177.75,50.0,L1_discount_abuse,True
858d458b39082890e96fbb1fed8c2a52,8030.46,1338.41,83.33,L1_discount_abuse,True
85e192c4059abd147aed4fbb0f43b7a4,780.12,390.06,50.0,L1_discount_abuse,True
85e710051891004eca4f527adcadd0c3,859.02,429.51,50.0,L1_discount_abuse,True
85f5aa79a7370114c788fd6752d6fdb9,125.54,62.77,50.0,L1_discount_abuse,True
85ff97380814f8f14c1dea2f514b5fc8,680.24,340.12,50.0,L1_discount_abuse,True
863ed82a296435f3a4d1a4b878450a5e,193.76,96.88,50.0,L1_discount_abuse,True
866aba819ecb20582614f90f9889da26,101.48,46.52,54.16,L1_discount_abuse,True
86c25bbc1d16736365d6e747e71695f0,1572.24,524.08,66.67,L1_discount_abuse,True
86d0407492e51a6150dfa8883cbe4094,51.0,25.5,50.0,L1_discount_abuse,True
86dda1172108d1601101914c45b51699,1445.6,722.8,50.0,L1_discount_abuse,True
86e15c44520932e049ca96660a60b776,219.81,73.27,66.67,L1_discount_abuse,True
86ed94eb351cf5bd2ec4389a2ca92680,135.96,67.98,50.0,L1_discount_abuse,True
86f353da4086de44a6acd7faf109e47d,1844.29,263.47,85.71,L1_discount_abuse,True
87088bdc1540ebbba402377ce8cfbbb6,209.68,104.84,50.0,L1_discount_abuse,True
873b407aec2027c9588607f4b0b8786a,679.58,339.79,50.0,L1_discount_abuse,True
874904b7cdcd377a298d82e303930223,154.12,77.06,50.0,L1_discount_abuse,True
87a2d83c67c7bdc791e7e5869b035ae4,106.68,35.56,66.67,L1_discount_abuse,True
87a9c87504af54b4d4a686bad72a8e27,233.5,116.75,50.0,L1_discount_abuse,True
87b8791f9f3b6cbe168d5109a98766e6,426.5,213.25,50.0,L1_discount_abuse,True
87d28de656e647d923b2d821a32c79c4,205.18,102.59,50.0,L1_discount_abuse,True
87de7ee4012989d6126fe09989746eaf,95.88,47.94,50.0,L1_discount_abuse,True
87fcaa805e96b64e38168bbb1852225b,437.49,145.83,66.67,L1_discount_abuse,True
88222a046146c4aab763e90b35ab4799,120.78,60.39,50.0,L1_discount_abuse,True
884989e29f137d8ce42518666158b8ce,161.28,30.77,80.92,L1_discount_abuse,True
884dd22244240995c8a18169c32be54d,70.0,35.0,50.0,L1_discount_abuse,True
886ceeb29f5b123632b0f6149a1ed4bf,86.6,43.3,50.0,L1_discount_abuse,True
88768bc53525534c6a8016a7318be286,398.52,199.26,50.0,L1_discount_abuse,True
88821a1158691d3d5f4e35004aeb2aee,104.08,52.04,50.0,L1_discount_abuse,True
88986b613097da641340bc366a2d91d4,454.75,90.95,80.0,L1_discount_abuse,True
889cd80138da82895c4ecb01ddedcc1e,53.5,28.72,46.32,L1_discount_abuse,True
88a82da4cb2eb4723c9965285fe826c9,80.56,40.28,50.0,L1_discount_abuse,True
88afc72ed244948d6e29e7458db590b7,342.65,145.26,57.61,L1_discount_abuse,True
88c588c116fd06fb8e48dd83af88ec4a,58.98,29.49,50.0,L1_discount_abuse,True
88cd8bb48fb54b0e7a42902d1383f847,102.2,51.1,50.0,L1_discount_abuse,True
88d7e753142771dcd0b1e0ad155fc626,418.22,209.11,50.0,L1_discount_abuse,True
88e8f243cb82b7e343068eb8073f388e,544.9,272.45,50.0,L1_discount_abuse,True
8904df7b2c7b44d20e741ca675815130,110.02,55.01,50.0,L1_discount_abuse,True
8908c3c6b8591a4d779bc5a4abf4f951,266.98,133.49,50.0,L1_discount_abuse,True
891a2a73007fba5bc9bfb7ea1f486171,257.24,128.62,50.0,L1_discount_abuse,True
892bc6b7b20e6f3955f2c64cfacac80f,146.96,73.48,50.0,L1_discount_abuse,True
89331d59a40d00a147e107abe6fd9778,186.08,93.04,50.0,L1_discount_abuse,True
895ab968e7bb0d5659d16cd74cd1650c,3387.72,483.96,85.71,L1_discount_abuse,True
897ec6416d50126a9061626f0fc2d658,131.6,65.8,50.0,L1_discount_abuse,True
898ded7ecb1e4d92997856bd8b7a8aa1,161.76,53.92,66.67,L1_discount_abuse,True
89a4c233afc16481649ea535f2c9eeba,491.08,245.54,50.0,L1_discount_abuse,True
89bba6017e2a96f939c1a9551b4ed4a4,188.37,62.79,66.67,L1_discount_abuse,True
89bed55dd88d035e3b1b2489862e53cc,119.2,59.6,50.0,L1_discount_abuse,True
89d881134bb068f04011771181b2cb86,368.6,164.93,55.26,L1_discount_abuse,True
8a52017e0f9d904528367d756eb6d4f9,238.96,119.48,50.0,L1_discount_abuse,True
8a690db6867c58d3ed896a9a2127746b,128.02,64.32,49.76,L1_discount_abuse,True
8a7d789dadca6780e334906644210727,113.92,56.96,50.0,L1_discount_abuse,True
8a8bd4a338e17ace44431e99a2add1d2,612.96,102.16,83.33,L1_discount_abuse,True
8a9424899aac432d80d8e580932b5ee9,184.6,92.3,50.0,L1_discount_abuse,True
8acda261d8c76b3206d9cb5279d0a18a,213.74,106.87,50.0,L1_discount_abuse,True
8afe2929db4833bd7bc32d18fe3bf502,65.36,32.68,50.0,L1_discount_abuse,True
8b1386c62489fa3207c75cddb43f7e5d,152.76,38.19,75.0,L1_discount_abuse,True
8b2fb881ec8d04ffa5bc7a27833ad984,739.48,369.74,50.0,L1_discount_abuse,True
8b353b3ac8bd5c8a07201989bdcb8f93,712.41,237.47,66.67,L1_discount_abuse,True
8b83e402930da5b2e9bc93a69dbdf5ac,117.88,58.94,50.0,L1_discount_abuse,True
8b88af6ab4bcba779184de098d66c9e7,165.46,82.73,50.0,L1_discount_abuse,True
8b9fde773dec0dfd4be4beaa1ada46bf,55.36,27.68,50.0,L1_discount_abuse,True
8ba3f3a9292fbc22a8b7dff752bbcd37,304.32,76.08,75.0,L1_discount_abuse,True
8bacc2f32b92ef5631a9c135352efee2,135.08,67.54,50.0,L1_discount_abuse,True
8bbfd0be5d89a92d4bf214baac246fea,174.12,87.06,50.0,L1_discount_abuse,True
8bcbe01d44d147f901cd3192671144db,222.48,74.16,66.67,L1_discount_abuse,True
8c05fe795783a73c159dfddbcf910689,200.68,100.34,50.0,L1_discount_abuse,True
8c2ce0a5a34c3f1e1a56aee2283a45d4,446.16,148.72,66.67,L1_discount_abuse,True
8c7fcfaa7131076e4b646b3977ad6633,153.38,76.69,50.0,L1_discount_abuse,True
8c8005895f46f6c1bdf16697c70e645a,429.16,214.58,50.0,L1_discount_abuse,True
8ca5bdac5ebe8f2d6fc9171d5ebc906a,1701.72,189.08,88.89,L1_discount_abuse,True
8cb407154874301be08656a7fb09d9d9,261.04,130.52,50.0,L1_discount_abuse,True
8cbb4c68b07f1ffbb2a640bcede44b4b,218.98,109.49,50.0,L1_discount_abuse,True
8ccbe46ffeae4720eba99d2d2de07542,57.5,30.3,47.3,L1_discount_abuse,True
8ce09fabe89667119f813bcaa531e675,29.78,14.89,50.0,L1_discount_abuse,True
8cf06ce068a7f778b59ed42dc00d964c,59.56,29.78,50.0,L1_discount_abuse,True
8cf69b251bfcd650555347d7752a3625,109.26,54.63,50.0,L1_discount_abuse,True
8d6eaa2fc5ee20e42dffdaf355b260df,112.78,56.39,50.0,L1_discount_abuse,True
8d73d05fe1d2142179985e04712e8485,267.18,133.59,50.0,L1_discount_abuse,True
8d79387c949a14812dc166d8fe4039d1,205.48,102.74,50.0,L1_discount_abuse,True
8dc88c2e364c9253fef2d8348a638d82,471.76,235.88,50.0,L1_discount_abuse,True
8dd9758206f8d9c23baf77b965e1c6dc,200.68,100.34,50.0,L1_discount_abuse,True
8ddd550f59752f7efbbf0284aee4631b,508.44,254.22,50.0,L1_discount_abuse,True
8df2f7a8d9fb8958675f795e2f71f27d,210.28,105.14,50.0,L1_discount_abuse,True
8e075f06285446d7a9e69956e64309ec,107.19,48.56,54.7,L1_discount_abuse,True
8e149b3d8483d3f623d3e6e0c9f824b6,155.14,77.57,50.0,L1_discount_abuse,True
8e5148bee82a7e42c5f9ba76161dc51a,314.44,157.22,50.0,L1_discount_abuse,True
8e69cb6bacc0ad1b8f16f6990e9375ac,88.9,36.59,58.84,L1_discount_abuse,True
8e72aa4f22ed34fdbeb7434859ec54d8,118.86,59.43,50.0,L1_discount_abuse,True
8e7f64e866bf825d3a947aceba789a11,113.56,56.78,50.0,L1_discount_abuse,True
8ec5d698b2bb14e2cb3e4d4f90423a87,441.76,220.88,50.0,L1_discount_abuse,True
8ee8450594de505503ee786c1a401800,82.48,41.24,50.0,L1_discount_abuse,True
8ef736291230daaf8c549e5120c51cae,927.87,391.17,57.84,L1_discount_abuse,True
8f3530f8fd2a677f9f081442a10d1ca9,580.14,290.07,50.0,L1_discount_abuse,True
8f359a870a6206af39d54ab82c99619d,320.84,160.42,50.0,L1_discount_abuse,True
8f3a46cc0e9d362bf43dd339e4379615,413.74,206.87,50.0,L1_discount_abuse,True
8f4af5bc8345e13d9b92eb4d75aec7d1,2348.91,782.97,66.67,L1_discount_abuse,True
8f7c88fa60b5aa1c1c2cff8a775bc4c0,139.94,69.97,50.0,L1_discount_abuse,True
8fac65a1f16b2cad7dc493842c75a310,157.16,78.58,50.0,L1_discount_abuse,True
8fb9e44943fd93ec9a5eed36cce925c5,639.96,319.98,50.0,L1_discount_abuse,True
8fc1991bfbb78b4d939d11ffef79c398,338.56,169.28,50.0,L1_discount_abuse,True
8fc3ff1d28b1b197058c88cc2d66a07b,144.1,72.05,50.0,L1_discount_abuse,True
8febb29840d98fdfb4f00b2b26e4000c,44.24,19.08,56.88,L1_discount_abuse,True
904a8c5eecb566b06d4737b0cde3e0ab,130.18,65.09,50.0,L1_discount_abuse,True
9050348d03b76a6157c65693742a2073,564.8,282.4,50.0,L1_discount_abuse,True
908227fe95698325710fe450d4b7018c,167.58,83.79,50.0,L1_discount_abuse,True
908f072f2390700728e47735f17c16ee,119.93,54.16,54.84,L1_discount_abuse,True
9095f0efd46352f74ec4937fedfeb0be,380.66,190.33,50.0,L1_discount_abuse,True
9099fbdbf8ce8489a7546442a0881f93,707.16,353.58,50.0,L1_discount_abuse,True
90af509116dd9cda36bd46bef66e0a8a,146.3,73.15,50.0,L1_discount_abuse,True
90b1834032530ed03e7bbb0f6f2d7125,291.86,145.93,50.0,L1_discount_abuse,True
90bd4466c2905d7b5b56370149e62bcc,102.1,51.05,50.0,L1_discount_abuse,True
90dbcfe5c30e1fd81cfaf22dc879e81b,344.08,172.04,50.0,L1_discount_abuse,True
90f6194c9f26e2f8d1f955c7bf4c5f5b,267.52,133.76,50.0,L1_discount_abuse,True
910b6236c4771f905eeb252718b05b6e,353.55,117.85,66.67,L1_discount_abuse,True
911caddee9193485ecfacba64e139beb,492.6,246.3,50.0,L1_discount_abuse,True
912806f58b85a8b3b9a57757227c9a36,258.9,148.41,42.68,L1_discount_abuse,True
913908597fea142985168af1fc46a6e5,330.58,165.29,50.0,L1_discount_abuse,True
915e2d730ef38d45a41bad2a89f88950,341.36,170.68,50.0,L1_discount_abuse,True
91691e7a660914bb835e82d2f6b12a2f,113.7,56.85,50.0,L1_discount_abuse,True
91744dee3192bc28caf20eaa3c2251ef,297.2,74.3,75.0,L1_discount_abuse,True
91750e4d3d89e619cd557a6da400be06,491.68,61.46,87.5,L1_discount_abuse,True
917b7a118e4b00772ecde85cad8b27d6,118.0,59.0,50.0,L1_discount_abuse,True
91c9f456cb2e53af4edc1b33b3bd7f7c,205.72,102.86,50.0,L1_discount_abuse,True
91d3db538cfff9a4f1cd5d5ad9481b05,76.86,25.62,66.67,L1_discount_abuse,True
91d6d5752d41b6d8cbd20d30b7750459,81.72,40.86,50.0,L1_discount_abuse,True
91ebb37f25ceaa8a3fbac92d2e1711ac,142.28,71.14,50.0,L1_discount_abuse,True
91fb22794b4915b6dddd8e74705905f6,381.51,127.17,66.67,L1_discount_abuse,True
91fbaf43eacf41ac78b17d7b7ff38156,98.18,49.09,50.0,L1_discount_abuse,True
91fbb4bf79cbb5c19eb018248c0fe683,218.58,111.19,49.13,L1_discount_abuse,True
920756b1d71382fbb42a0e9fd5b7e31b,186.66,93.33,50.0,L1_discount_abuse,True
922587c6bf637f545a82eb3f9136ae30,90.0,45.0,50.0,L1_discount_abuse,True
923765fdb94682f0fa2229c76ba718fe,111.9,55.95,50.0,L1_discount_abuse,True
9260fe164cbc9a78f0fbea132c3072d7,103.5,51.75,50.0,L1_discount_abuse,True
92719f3b4fbd484515110bfc47e8a808,71.68,35.84,50.0,L1_discount_abuse,True
927eda1d91913116e94535f4120dc578,113.2,56.6,50.0,L1_discount_abuse,True
9287e4565306ec8435df6a40c6f481ac,123.56,61.78,50.0,L1_discount_abuse,True
928c456c589166bf1f6a77a4ec6a8165,143.02,71.51,50.0,L1_discount_abuse,True
92907309dff7adcd19bbbb29d5fda792,431.04,107.76,75.0,L1_discount_abuse,True
92a9ef7f0a0d392c9ad0d5f44e86b4ba,231.12,173.34,25.0,L1_discount_abuse,True
92b56c79ee136de9db64ceafdf002f72,71.56,35.78,50.0,L1_discount_abuse,True
92be217451e443e50d816ab21286d00d,299.3,149.65,50.0,L1_discount_abuse,True
92c10d3fad01ec9df6ccf1fc0461ac60,115.36,53.65,53.49,L1_discount_abuse,True
92e6240b5c4b9797688616b3a9c52608,102.7,51.35,50.0,L1_discount_abuse,True
92f53cdbef0f16b315c62faa337c4672,178.03,79.12,55.56,L1_discount_abuse,True
93185bd1aed7a10299305299fcbebf3d,119.02,59.51,50.0,L1_discount_abuse,True
9322ed60e16ee4ff1efe8145cb66060f,2501.62,1250.81,50.0,L1_discount_abuse,True
9327c73b786466a6815c3d5a7785bbe0,638.28,106.38,83.33,L1_discount_abuse,True
93422fb579e58ced14dc90678d1ee09a,211.3,105.65,50.0,L1_discount_abuse,True
934b7f6dbf65d976b415011a2e286581,56.2,28.1,50.0,L1_discount_abuse,True
935560928e5f091092de5aecfbf28876,96.44,48.22,50.0,L1_discount_abuse,True
936b4373e24da12fc2004771e195d067,248.32,124.16,50.0,L1_discount_abuse,True
9380357951a13ec61acdce81018dcdaa,213.42,71.14,66.67,L1_discount_abuse,True
93a26c907f3cb027c20d10eb353ba175,128.0,64.0,50.0,L1_discount_abuse,True
93d3f82c12e9b949a4aaa4ebe4602fd0,345.1,172.55,50.0,L1_discount_abuse,True
93dceeb33abaa33342dc05f8a495f2a7,179.7,89.85,50.0,L1_discount_abuse,True
93de8241002c099c87029b0362e5c0c9,53.38,26.69,50.0,L1_discount_abuse,True
93fd94c99b582fd7ccdf72b3721e34ea,130.0,65.0,50.0,L1_discount_abuse,True
94111a59e0311e2720ce96b0b8327eee,74.22,37.11,50.0,L1_discount_abuse,True
94578264250da91b85c8e37ad48468b8,222.62,111.31,50.0,L1_discount_abuse,True
946531fd5600174d45682f9a6c493e05,224.6,112.3,50.0,L1_discount_abuse,True
9472d3c8a0ad463cbfc89897334431da,178.04,89.02,50.0,L1_discount_abuse,True
94a71ff8bd4a687bc057ea5d81c81dc9,381.54,190.77,50.0,L1_discount_abuse,True
94aa11237bc16075072bb3569a0bf5c5,262.12,65.53,75.0,L1_discount_abuse,True
94d865ff58ce43bdb66ba4bb0fcebf12,378.74,189.37,50.0,L1_discount_abuse,True
94dccbc39bc2673b3639fc98286c99b0,64.18,32.09,50.0,L1_discount_abuse,True
94e51ec4177923b1a9f4deb3c5187035,200.68,100.34,50.0,L1_discount_abuse,True
94edaa9af5c54b9d05b8f3ae40bef478,241.82,125.64,48.04,L1_discount_abuse,True
94fade3ce4aef6f9a24bb31e0ff03edf,103.92,51.96,50.0,L1_discount_abuse,True
9519371e37eebc065ffca4a20134aed7,308.61,102.87,66.67,L1_discount_abuse,True
956057c9959fe111349c59bf929f5c7b,147.68,73.84,50.0,L1_discount_abuse,True
95789d8c645027ebad06866c20ca409d,254.5,127.25,50.0,L1_discount_abuse,True
958c6a70e60365b576dd696ad29bbca2,775.74,332.46,57.14,L1_discount_abuse,True
958e6c2772ed5d52cfea3f7356502973,2455.2,818.4,66.67,L1_discount_abuse,True
959505aeccc35d003ab580410022f433,247.08,123.54,50.0,L1_discount_abuse,True
95d01aa47c6ad56612e6c8e9057647bf,223.64,111.82,50.0,L1_discount_abuse,True
95fbd229320a05e8835ea19d93ba9f1e,288.94,144.47,50.0,L1_discount_abuse,True
96087ef44ca9abdbc4c372a3dd3c859f,538.16,269.08,50.0,L1_discount_abuse,True
9636f1dc90e0234e96025c75e8d5920f,72.46,36.23,50.0,L1_discount_abuse,True
966a9df285b6bbab1516a5776a4eba6b,199.68,99.84,50.0,L1_discount_abuse,True
96c9598c25e152e093aedcc8cf89ab0d,228.92,57.23,75.0,L1_discount_abuse,True
96c9a85ac467d3065eb7f6d184672511,268.8,134.4,50.0,L1_discount_abuse,True
96d3715ccba9f1142b73c862c1c9c322,308.08,154.04,50.0,L1_discount_abuse,True
96dd4c9c90277943c551ab185303685e,270.34,135.17,50.0,L1_discount_abuse,True
96e84b24d3eb91311bd0c42171eb301c,584.94,292.47,50.0,L1_discount_abuse,True
96ed110f6c91b349ff7ab376c8fa9400,278.14,139.07,50.0,L1_discount_abuse,True
96fbb3c21966b51cc6e5176010070f2b,73.5,36.75,50.0,L1_discount_abuse,True
96fbdd47df43d3aa6c7f44abdc978f8d,633.7,316.85,50.0,L1_discount_abuse,True
9706023383737a509d67fdd3eaf88e54,233.88,116.94,50.0,L1_discount_abuse,True
97291e812341c4a06c5614415aa9354a,177.13,82.38,53.49,L1_discount_abuse,True
9761e698e3d390c91d88364fb6a5ef11,165.8,82.9,50.0,L1_discount_abuse,True
97a2cf1bcffc778d8661d305a6d344f9,82.28,41.14,50.0,L1_discount_abuse,True
97c8513f2504aa8ec05534307a703dea,55.36,27.68,50.0,L1_discount_abuse,True
980496fd521b7f8fe2d75593d11ee1fb,2455.96,1227.98,50.0,L1_discount_abuse,True
980bc014d29830d87b56bbc7720a6b6b,266.7,133.35,50.0,L1_discount_abuse,True
9843c2a66fe0afda6509bc4274f743de,359.8,179.9,50.0,L1_discount_abuse,True
9855d762d535fda66aa7f273116aa77d,477.38,238.69,50.0,L1_discount_abuse,True
98576d430a6b6a1f2354a144cacc5940,1653.82,826.91,50.0,L1_discount_abuse,True
985dbac2172bbf6b32bcca35da50d7a0,7179.97,1025.71,85.71,L1_discount_abuse,True
988c4ae9761f28359668d76b84b977fc,215.56,107.78,50.0,L1_discount_abuse,True
98a82341c3a895d022fd7ba18f16e7a2,564.08,282.04,50.0,L1_discount_abuse,True
98c809bf2e8392fc389fdf8e2bfbb856,2077.8,1038.9,50.0,L1_discount_abuse,True
98cdb0b0199939368746cb2beba58efe,279.22,139.61,50.0,L1_discount_abuse,True
98e94d121fb6444de93e426ceeb1e0e0,483.86,241.93,50.0,L1_discount_abuse,True
98f0e2b0d85754ca3b4e06d70f0f63a2,224.4,112.2,50.0,L1_discount_abuse,True
99228ba067d1079de42bfe817f1fa907,66.0,33.0,50.0,L1_discount_abuse,True
994c03114fc5a6345ad5e3b7aeac3e30,90.58,45.29,50.0,L1_discount_abuse,True
9960ee97c2f8d801a200a01893b3942f,413.98,206.99,50.0,L1_discount_abuse,True
999f2c3acec30e9b25d21ef56a233e45,194.02,97.01,50.0,L1_discount_abuse,True
99a3d4b1228bc02abf9eec5d9a7a742d,519.44,129.86,75.0,L1_discount_abuse,True
99c254ee6e59f7fa7bfa6675933cbc04,259.28,129.64,50.0,L1_discount_abuse,True
99d4cf1fbaf4104549feed3c138f63f7,95.74,47.87,50.0,L1_discount_abuse,True
99e1d586758dee362e01030739d3d87a,159.94,79.97,50.0,L1_discount_abuse,True
99e4a1f9377bf28f08f54a2eecccbf0d,210.22,105.11,50.0,L1_discount_abuse,True
99e4c7eebc4e218f0ef4729921038c19,135.66,67.83,50.0,L1_discount_abuse,True
99eae747b45fb42516e46311533b3064,307.52,76.88,75.0,L1_discount_abuse,True
99f7ab7ea1001d0e2b6ac00be98444c8,113.88,56.94,50.0,L1_discount_abuse,True
9a07b32ac6acb2734d3da27111fafd4f,342.4,171.2,50.0,L1_discount_abuse,True
9a19e859f5bd7a0bb22d64d35fa8b979,59.5,29.75,50.0,L1_discount_abuse,True
9a2e51589ecc5ce80f0403a55a8f789c,252.04,63.01,75.0,L1_discount_abuse,True
9a43b717c408493ff788aeb5d11d0684,212.32,106.16,50.0,L1_discount_abuse,True
9a5463c5be32caedf26ee1c5af6b5459,332.12,166.06,50.0,L1_discount_abuse,True
9a79820753183f9ae199a37da007e914,243.76,121.88,50.0,L1_discount_abuse,True
9a8ed77611006df4a507b6649200b71a,187.24,93.62,50.0,L1_discount_abuse,True
9a9005e225c09281c29a530f65db93bc,385.32,192.66,50.0,L1_discount_abuse,True
9abcdeded6b253b59272fb76b83b1f6a,61.72,30.86,50.0,L1_discount_abuse,True
9ac562006aa17a79364b32560651dd5b,333.8,166.9,50.0,L1_discount_abuse,True
9ada0db3646e21d9c02c794e3ff4f202,127.4,63.7,50.0,L1_discount_abuse,True
9af977c382c0327169fc10939881b472,156.56,78.28,50.0,L1_discount_abuse,True
9b36be8204e21a5c4bb5be20c404cc1e,159.5,79.75,50.0,L1_discount_abuse,True
9b42f8813f6bfa620e0c91a4e132f2c0,252.74,126.37,50.0,L1_discount_abuse,True
9b692faed4adf2e5efb7c98de308aad0,117.22,58.61,50.0,L1_discount_abuse,True
9b75fa68354ea9cd02695d002b82b109,78.2,39.1,50.0,L1_discount_abuse,True
9b81934297f0b5aab6474d8eb7fb2b4e,71.54,35.77,50.0,L1_discount_abuse,True
9ba78cdb7ebed668566d399629fc74a6,207.1,103.55,50.0,L1_discount_abuse,True
9baa5b4e68d86c9f1694e1598b543a93,571.46,285.73,50.0,L1_discount_abuse,True
9bcb423a861c6d643c7ce87c0cf4c7c1,75.16,37.58,50.0,L1_discount_abuse,True
9bd2751f058566408b3584868d9e0c2d,260.49,86.83,66.67,L1_discount_abuse,True
9bd2f19fdebcf5928f0971caeac464d9,369.0,148.82,59.67,L1_discount_abuse,True
9be8071edcd41670cec46c3c32f8d27a,228.34,114.17,50.0,L1_discount_abuse,True
9c0dd0fc76f974318be91a7fb9dc337a,727.56,363.78,50.0,L1_discount_abuse,True
9c14756d0113f66be55ca07456df3393,299.4,99.8,66.67,L1_discount_abuse,True
9c282d27e99fdd862f146b2a7a097b58,120.1,60.05,50.0,L1_discount_abuse,True
9c38f00a080665ace303d703e03718cb,282.93,94.31,66.67,L1_discount_abuse,True
9c54a1816e487456bb7eb5082b9823ff,688.96,86.12,87.5,L1_discount_abuse,True
9c77966338b7a4afae520a5723c937a3,152.16,76.08,50.0,L1_discount_abuse,True
9c9353e8fd52f68f8442e580b5f2bba6,441.45,147.15,66.67,L1_discount_abuse,True
9c984f2c226fb999a439fcc64c73caa2,136.86,68.43,50.0,L1_discount_abuse,True
9cb1a5b9af2fa27ca6a510f64245f869,388.64,194.32,50.0,L1_discount_abuse,True
9ccf81055013ee5c95099ed3baf8ae4f,280.16,140.08,50.0,L1_discount_abuse,True
9cd3b076bc5d4205fc15c0b23dfc78bb,135.06,67.53,50.0,L1_discount_abuse,True
9cd6015fc7c3321b8cfc4459af284790,40.76,20.38,50.0,L1_discount_abuse,True
9cd69a292cbec7756bbef4d854c773ca,559.45,111.89,80.0,L1_discount_abuse,True
9ce40c402845819d3d1c88eb10a41e4a,310.85,62.17,80.0,L1_discount_abuse,True
9cefab6270eb935eb96a97c56b8e7984,700.38,350.19,50.0,L1_discount_abuse,True
9d18163cf9d35e24677b08a21030866d,118.92,59.46,50.0,L1_discount_abuse,True
9d4ef6bf8501238d56e2c970ebae7d77,494.72,247.36,50.0,L1_discount_abuse,True
9d6fce663840af4f0e35863644f6c031,65.52,32.76,50.0,L1_discount_abuse,True
9d8032cab9a441c8df1b47087eae5b41,273.2,136.6,50.0,L1_discount_abuse,True
9d8b5a8e3231c5bed9d2c45e1fbb116d,266.98,133.49,50.0,L1_discount_abuse,True
9d9866633100cc4ffb5fc63ee78fb52f,54.39,25.55,53.02,L1_discount_abuse,True
9dad14cb70926812afb5ca62be79f298,213.9,106.95,50.0,L1_discount_abuse,True
9dddf1bd736b9571dbdb39f097768961,212.42,106.21,50.0,L1_discount_abuse,True
9de73f3e6157169ad6c32b9f313c7dcb,8068.88,4034.44,50.0,L1_discount_abuse,True
9deec776b35252a1660b2439abeb9e38,962.85,641.9,33.33,L1_discount_abuse,True
9e0e163a301e9e91fa697e0973e4a53d,228.0,114.0,50.0,L1_discount_abuse,True
9e3a542f51363bda001167b7f5bd8dbd,466.85,93.37,80.0,L1_discount_abuse,True
9e4f46493d96c5842aa031c7407d2552,58.18,29.09,50.0,L1_discount_abuse,True
9e7b9ace0373fca44197f8f406bb0169,759.34,379.67,50.0,L1_discount_abuse,True
9e8d7ab8137bcd3cfeac577dddf35592,322.96,161.48,50.0,L1_discount_abuse,True
9ea3e77998212b1f268aa1753f3d421d,296.3,148.15,50.0,L1_discount_abuse,True
9edb4a65f2f453139e9dba567889dc0e,84.22,42.11,50.0,L1_discount_abuse,True
9ee894e843daa29faa726a8b6a85df35,273.62,111.92,59.1,L1_discount_abuse,True
9ef5ae9f2a3b5c7cd4858cf4ffdc1b9c,722.14,361.07,50.0,L1_discount_abuse,True
9eff67e8c9f0810c3ee0038f915a84de,103.38,51.69,50.0,L1_discount_abuse,True
9f372562f0d05458a142227656ddfc85,171.8,42.95,75.0,L1_discount_abuse,True
9f3c417d0037cf7d6125ed337ada23dd,190.62,95.31,50.0,L1_discount_abuse,True
9f59586295a7d2e6c788a21e6cf5d8a9,126.2,63.1,50.0,L1_discount_abuse,True
9f6f347729af61a4a18eda64c6609dda,62.78,34.0,45.84,L1_discount_abuse,True
9f6f7bafe618544760073fbd384bc007,240.06,120.03,50.0,L1_discount_abuse,True
9f9993914a8e2fda5081619a7a994853,135.0,67.5,50.0,L1_discount_abuse,True
9fa4a4aa87aaf6ac40f2e59527d91436,113.0,56.5,50.0,L1_discount_abuse,True
a01f943f4a95572159f0603bd160d67a,111.42,47.1,57.73,L1_discount_abuse,True
a03ad7057fae696dd18f8967826c209f,156.18,78.09,50.0,L1_discount_abuse,True
a079628ac8002126e75f86b0f87332e4,305.64,152.82,50.0,L1_discount_abuse,True
a0b1ffd30c671f95ed8065ce07d10470,276.82,138.41,50.0,L1_discount_abuse,True
a0ddb810bd79dc15910dcc56a1c7f3cb,367.9,183.95,50.0,L1_discount_abuse,True
a0f2abd22194d771e11728852ff988bd,419.85,139.95,66.67,L1_discount_abuse,True
a0fd703a1c6a122520246bd8d481e528,253.66,126.83,50.0,L1_discount_abuse,True
a111e0cee7dde2bb68cfb7cd18a8a914,98.37,32.79,66.67,L1_discount_abuse,True
a11f0312591acf976fd9bf40d6b539db,86.26,43.13,50.0,L1_discount_abuse,True
a13dad9bac2076b14880117ef9c12002,262.04,131.02,50.0,L1_discount_abuse,True
a150844c1dfa605f925885746f98fe55,318.48,106.16,66.67,L1_discount_abuse,True
a1ad04708ac63bf780235612020e647e,320.5,160.25,50.0,L1_discount_abuse,True
a1b0796198555011b19eb375a001b2c4,74.49,30.56,58.97,L1_discount_abuse,True
a1e28dc56f8cf4e569b82f93dfe131f3,143.5,71.75,50.0,L1_discount_abuse,True
a1fa82769a203e30b8faf81cd32e5193,2646.3,882.1,66.67,L1_discount_abuse,True
a20d81c1358e489ce9123db03486eeb7,784.9,392.45,50.0,L1_discount_abuse,True
a212cde404c8177ad20508a28c282082,294.1,147.05,50.0,L1_discount_abuse,True
a23f721497b1d681e6408ab48c1cf387,68.0,34.0,50.0,L1_discount_abuse,True
a267e89993dbe4178c877361a582f06e,167.64,83.82,50.0,L1_discount_abuse,True
a28d2fd8b59565ab9973b930eac2596e,214.2,107.1,50.0,L1_discount_abuse,True
a2d72ff17d07bd4f05cfaa40c6c8e2a2,310.21,135.66,56.27,L1_discount_abuse,True
a3021cb38ee69a87a0cb9cda57f7d72e,329.38,190.85,42.06,L1_discount_abuse,True
a336de4bbd836a89f9cb2a5b58ed2578,517.04,258.52,50.0,L1_discount_abuse,True
a338e253d44a1df47d96f51106cf74dc,219.78,109.89,50.0,L1_discount_abuse,True
a34ed5f2bd7e75fc794ebabd8d4f1041,209.4,104.7,50.0,L1_discount_abuse,True
a3629884bf8956b0f572069b8a20cc55,182.96,91.48,50.0,L1_discount_abuse,True
a37e63f75db3f7601cd0e95a5b63c083,155.36,77.68,50.0,L1_discount_abuse,True
a37f8312a0547362c60345cc4cb0f8f2,208.56,104.28,50.0,L1_discount_abuse,True
a38dda1569202dafdff4060bf32c811e,185.88,61.96,66.67,L1_discount_abuse,True
a3a97bc6e236d5351537c8f466c34dad,172.15,34.43,80.0,L1_discount_abuse,True
a3b45c3744c4a07892d51bc29f6b1281,285.32,142.66,50.0,L1_discount_abuse,True
a3b8577da20bded7d651b76f6de4e2be,342.24,171.12,50.0,L1_discount_abuse,True
a3d6f1c32e941d70a3261b7080854aa2,327.36,163.68,50.0,L1_discount_abuse,True
a3e4fb1d4c4c04deb731bae74f190339,205.18,102.59,50.0,L1_discount_abuse,True
a3e9c86c68a63188c0f9e47c68d6ceac,115.7,57.85,50.0,L1_discount_abuse,True
a4277113bcf10ed364a0182042fc8155,136.36,68.18,50.0,L1_discount_abuse,True
a427db09dd194740f13a3a2c7bcf38bc,278.08,139.04,50.0,L1_discount_abuse,True
a4291e3f3a5a6350fb7624dc6a892bce,121.7,60.85,50.0,L1_discount_abuse,True
a43b47899fae27435d67c19684c2a5d3,397.64,198.82,50.0,L1_discount_abuse,True
a43bf41cb94b07041262735892521605,282.86,141.43,50.0,L1_discount_abuse,True
a43da589ba6d3c9eb959a36699088162,137.78,68.89,50.0,L1_discount_abuse,True
a4431cbd79dbddaae7988ce6091cbc3c,92.4,46.2,50.0,L1_discount_abuse,True
a4521fa62b4f3bbe260aecf4dbc78935,151.54,75.77,50.0,L1_discount_abuse,True
a4569e83b396f45f5bad001bce729da0,138.06,69.03,50.0,L1_discount_abuse,True
a46e7e8e02915adecb392ad065121a51,3797.22,1898.61,50.0,L1_discount_abuse,True
a48666b91822bf899e34f73323d5dc37,78.56,39.28,50.0,L1_discount_abuse,True
a4874f847a49e622356b40b62c61b115,262.68,131.34,50.0,L1_discount_abuse,True
a49146f414b54879adb68c422428a68e,250.08,83.36,66.67,L1_discount_abuse,True
a4ab908db8226d51e477fc3f81c3e27b,334.58,167.29,50.0,L1_discount_abuse,True
a4c100660bd4f8af58cf90ef7641d5e6,38.58,19.29,50.0,L1_discount_abuse,True
a4cc6870ef62de14130af4692815c82c,1487.64,743.82,50.0,L1_discount_abuse,True
a4e60f26b5298171b4a850402c2ae5e9,110.46,55.23,50.0,L1_discount_abuse,True
a5538348a48a05d585b5f6e40ba5205b,271.7,135.85,50.0,L1_discount_abuse,True
a56a8219728fdbdc71a20c07b77f1328,76.94,38.47,50.0,L1_discount_abuse,True
a5a83c95ed669b7ba0ddce1d761c191f,255.04,127.52,50.0,L1_discount_abuse,True
a5ee139d1586d2d22c21ce7048e1d36d,113.2,56.6,50.0,L1_discount_abuse,True
a61379db8a77b3c23fd2f0f60a5bd564,186.02,93.01,50.0,L1_discount_abuse,True
a65ee79ac9ef387d53a86a7195403fcd,260.5,52.1,80.0,L1_discount_abuse,True
a6917b5d71e0e9bc434e9228db8daeb2,1619.4,809.7,50.0,L1_discount_abuse,True
a6c6868f13ca88d37426218824397a4d,248.84,124.42,50.0,L1_discount_abuse,True
a6cd7cac7ee11538a78649066487e0ca,630.04,315.02,50.0,L1_discount_abuse,True
a6ea59851ffee8cb73761179fc7bcb6c,205.74,102.87,50.0,L1_discount_abuse,True
a6f21373862ef61c2aba41794c9caf3b,136.78,68.39,50.0,L1_discount_abuse,True
a70ff61f0d853a260f33d7a6cda42e8e,558.48,279.24,50.0,L1_discount_abuse,True
a72128c306bd3fde78eb4f32b6360d86,195.98,97.99,50.0,L1_discount_abuse,True
a7235101fb090a610fcbf53095fc12f7,565.2,282.6,50.0,L1_discount_abuse,True
a739bf4717343c5f9c84196b61a9c53f,3180.5,1590.25,50.0,L1_discount_abuse,True
a769cc9f5becd92358f5d4604e17e806,79.38,39.69,50.0,L1_discount_abuse,True
a7b1bca7ec838a8ddb2a1a1403c5d1d2,74.1,37.05,50.0,L1_discount_abuse,True
a7b5335df0e4011b78171b889fc52a2f,288.4,144.2,50.0,L1_discount_abuse,True
a7b5e82b294d8eac1109824b0194abb9,542.37,180.79,66.67,L1_discount_abuse,True
a7d73128b7dc2644c342e7495ebe8e3f,4976.64,622.08,87.5,L1_discount_abuse,True
a7e3060436ba43bda8a76ac20cb33c5b,254.04,127.02,50.0,L1_discount_abuse,True
a7e3fbb3111b4a3c0907fbfad7690ffd,2000.04,666.68,66.67,L1_discount_abuse,True
a7f3396e13dbf329c0ee67624aea5a93,73.34,38.63,47.33,L1_discount_abuse,True
a8026b902d1c542d5a42d1010f8f752d,692.76,346.38,50.0,L1_discount_abuse,True
a81be81673bee4a384c6b5468a606478,1422.14,711.07,50.0,L1_discount_abuse,True
a831481fe241b8d8bc08c53fc98012b9,318.42,159.21,50.0,L1_discount_abuse,True
a8347ba04591f966205182a1c99c310e,124.22,62.11,50.0,L1_discount_abuse,True
a854d06f865577c1a097985385896d42,253.68,107.55,57.6,L1_discount_abuse,True
a856b544fe56eea444788271f63512d8,477.62,238.81,50.0,L1_discount_abuse,True
a863fef6caa86aa29cabfbf7e0b6f911,4646.5,2323.25,50.0,L1_discount_abuse,True
a8666b29dbc635b3a029b1ed84fa8df5,581.52,193.84,66.67,L1_discount_abuse,True
a8832e9194f467aeec913376c1c473c1,129.24,64.62,50.0,L1_discount_abuse,True
a89c7ca4e54f3cad7dbdb78b5e33c4f7,105.86,52.93,50.0,L1_discount_abuse,True
a8c7e8c088aabc1cd41eb0161f0c7757,64.02,32.01,50.0,L1_discount_abuse,True
a8d0c1cbe2efd70a2ec22befd3a5390e,117.16,58.58,50.0,L1_discount_abuse,True
a8f2de0bd364d148696276ada61777f7,615.18,410.12,33.33,L1_discount_abuse,True
a9016dde97a6a447890dd748aa844b85,85.56,42.78,50.0,L1_discount_abuse,True
a9119eb77d6200811953803a7b6539e1,91.46,45.73,50.0,L1_discount_abuse,True
a917fd220ca94e02920dba0ceb656a74,228.72,114.36,50.0,L1_discount_abuse,True
a91929c58be362dc4929f9b9c542a4ae,242.78,121.39,50.0,L1_discount_abuse,True
a9342834aa696e06f0b243493288351a,233.6,116.8,50.0,L1_discount_abuse,True
a9456d47156dc580a5421d6b0a12074b,334.4,167.2,50.0,L1_discount_abuse,True
a951e33707c482b3162485996e1d0393,74.2,37.1,50.0,L1_discount_abuse,True
a95c742fa7426798396959c1bd1d6ab8,216.0,108.0,50.0,L1_discount_abuse,True
a967b2911a10315ea9e93191515fad0c,79.5,39.75,50.0,L1_discount_abuse,True
a9726615eb24e9b1fa84fe7f8c9a5b54,195.03,65.01,66.67,L1_discount_abuse,True
a985d695ba083a66246dd48086ad4cab,154.58,77.29,50.0,L1_discount_abuse,True
a9b67aa415d798b812b40a140b942486,296.12,148.06,50.0,L1_discount_abuse,True
a9b929204be626d61a1d60d47e6b52bc,83.5,21.43,74.34,L1_discount_abuse,True
a9db19260d4597e49840ec0146f0d3da,142.59,47.53,66.67,L1_discount_abuse,True
a9e5c8ee36309e5b4e9dfa5bb219f6f5,231.62,115.81,50.0,L1_discount_abuse,True
aa04ef5214580b06b10e2a378300db44,778.86,389.43,50.0,L1_discount_abuse,True
aa0596266302830741057cd61bdc2194,81.7,40.85,50.0,L1_discount_abuse,True
aa390c2a8b1889cbd84765ef2268fbcc,273.69,91.23,66.67,L1_discount_abuse,True
aa447b34c5c14dc2b2dfe8fc943b0687,233.8,116.9,50.0,L1_discount_abuse,True
aa4634ff761133d98df37cc039021823,111.6,22.32,80.0,L1_discount_abuse,True
aa5ec03eb12e2017cc575a2fcd0ceba3,39.78,19.89,50.0,L1_discount_abuse,True
aa60b99fd9b56eaff400d62b362e3bd3,86.18,43.09,50.0,L1_discount_abuse,True
aa67be2025a314e506fb322c51d01d65,259.72,129.86,50.0,L1_discount_abuse,True
aa6bd33ba1853d846d3085a88ae37083,35.14,25.14,28.46,L1_discount_abuse,True
aa9113495d5498b01ea4a235c64f2849,942.06,134.58,85.71,L1_discount_abuse,True
aac01d5ce6fab5aa0e191d71aedbaa3c,107.0,53.5,50.0,L1_discount_abuse,True
aad86d958ecbedd8da621bf570b1ab1a,275.26,137.63,50.0,L1_discount_abuse,True
aaff827d79b2aca52ee986179a052077,103.38,51.69,50.0,L1_discount_abuse,True
ab1565bce2736095e4b347db4cfc071f,739.32,492.88,33.33,L1_discount_abuse,True
ab19eec70d9d0fa0b30f290905c806e5,56.34,28.17,50.0,L1_discount_abuse,True
ab27a99818cdb3007d7a107f62ab4aea,138.2,69.1,50.0,L1_discount_abuse,True
ab42eac47de85e36ba4622c26f9c9dcd,158.64,79.32,50.0,L1_discount_abuse,True
ab5f88ecd8bbfe5386a0b5687ee8beba,324.3,162.15,50.0,L1_discount_abuse,True
ab85b219b698a7d569995ee1ea9b76fe,613.98,204.66,66.67,L1_discount_abuse,True
ab8f85575996e2f61235b8943be55eb9,1778.1,889.05,50.0,L1_discount_abuse,True
ab9dddcfaf2bfc259fdeb299d2ed6d7a,255.76,127.88,50.0,L1_discount_abuse,True
abcf5984d3741238d9c49184b7fa5941,145.01,79.15,45.42,L1_discount_abuse,True
ac149cc1646470fa003284a354a2b4f3,131.42,65.71,50.0,L1_discount_abuse,True
ac14a1a3d8c2b071a150eb2990b5ecd8,888.9,148.15,83.33,L1_discount_abuse,True
ac244956f757aeeb76242334254bf9a5,180.56,90.28,50.0,L1_discount_abuse,True
ac3b0c224349e4ca9a0b0f2e8fbc4c75,126.87,42.29,66.67,L1_discount_abuse,True
ac40627fa08c6c47cdb3648f3e14901a,225.66,112.83,50.0,L1_discount_abuse,True
ac49c1eb805c27f524f4798a3142d439,107.22,52.15,51.36,L1_discount_abuse,True
ac4c31fcb560d160001849fc155285c3,190.46,95.23,50.0,L1_discount_abuse,True
ac6ee8b3f24f43e8a7b12154ec508b18,204.58,102.29,50.0,L1_discount_abuse,True
acab0597bcff87a5fa4b143f2d4aff80,135.0,67.5,50.0,L1_discount_abuse,True
accd8ec914c1ab328cfbafe6a5339c85,43.54,21.77,50.0,L1_discount_abuse,True
aceb6154fb83d13825344189f5682606,177.26,88.63,50.0,L1_discount_abuse,True
acfd4e73993d49708599a826d48978dd,70.46,35.23,50.0,L1_discount_abuse,True
ad15d9b5c97ecfcbdffbd8148ef3e0a1,177.5,88.75,50.0,L1_discount_abuse,True
ad1c49d96d60ad32cea5220dbe6aafda,76.18,38.09,50.0,L1_discount_abuse,True
ad2bc4bc90fede8f8810766afd32db7a,247.78,123.89,50.0,L1_discount_abuse,True
ad56333a7f58e14fd80c621db8f6e89a,260.88,86.96,66.67,L1_discount_abuse,True
adb1748adc3299b13377d760724388f8,88.18,44.09,50.0,L1_discount_abuse,True
adb8748f912cfee84bd47f072681ba5e,389.9,194.95,50.0,L1_discount_abuse,True
adc12f10b0d49b969eeff04bfef21427,271.72,135.86,50.0,L1_discount_abuse,True
adc2f0c9fd838d820339f8220c1adf08,61.38,30.69,50.0,L1_discount_abuse,True
add940502d0460714892c63cc13c07eb,175.83,58.61,66.67,L1_discount_abuse,True
ae103e0dfaa3fc6e8b8c9cf179c7a94d,136.06,76.42,43.83,L1_discount_abuse,True
ae42d30816d69c777f832bcbf37fbd46,239.02,119.51,50.0,L1_discount_abuse,True
ae938042ee33a2f3048cb2e4d25f9bb8,534.64,133.66,75.0,L1_discount_abuse,True
ae940b7edae45de05e43817ff84efbfc,316.64,158.32,50.0,L1_discount_abuse,True
ae9e63d9e351f66eb5f9032397bcddfd,405.0,81.0,80.0,L1_discount_abuse,True
aebdaf13ebfa0d478e200577c665ffb8,1563.58,781.79,50.0,L1_discount_abuse,True
aec77276e0dacfea29f58e0908b46e21,62.28,31.14,50.0,L1_discount_abuse,True
aef44b8c84ba0725db5b3c5bd7b29200,105.26,52.63,50.0,L1_discount_abuse,True
af29f3d2878958723720a759676814e7,743.76,247.92,66.67,L1_discount_abuse,True
af4e2e186d1553f35c402a9e153f9444,574.12,287.06,50.0,L1_discount_abuse,True
af5135a5de31b24d91e4e3b75b44b896,1042.74,521.37,50.0,L1_discount_abuse,True
af9b17f2f1dfb02d55825bd0d7870d0a,110.54,55.27,50.0,L1_discount_abuse,True
af9f47d85cb6d0717a873ddb331a1b6b,94.06,47.4,49.61,L1_discount_abuse,True
afc091f97bfa9985b6ab413ad1a9891b,1036.05,621.63,40.0,L1_discount_abuse,True
afd71840756746edd2c71bd69b2e904e,85.0,42.5,50.0,L1_discount_abuse,True
afdc19847d2b39afa2d82a35ec730571,110.26,55.13,50.0,L1_discount_abuse,True
afdf5d11a1c37549e30f85db6b752347,49.68,24.84,50.0,L1_discount_abuse,True
aff48f2bfd2432bf92264b9308c424c3,1094.34,364.78,66.67,L1_discount_abuse,True
b0087bdf94b7aaab2e0fb914d1d99d9d,80.7,26.9,66.67,L1_discount_abuse,True
b03d24bc2c3c00492bf0488341fac11d,130.44,65.22,50.0,L1_discount_abuse,True
b05df0dfca38d85d9cc0bcdbd8bc643a,281.46,140.73,50.0,L1_discount_abuse,True
b07d994d95462ff6a6f0d93b00c5dbbb,1242.7,621.35,50.0,L1_discount_abuse,True
b094b88a36a6a907eb40730b9382cbb8,485.88,242.94,50.0,L1_discount_abuse,True
b0980803dc397415a4aee2d3a7c2604d,108.1,54.05,50.0,L1_discount_abuse,True
b0b54e4c452d66681d67e588398ecf7c,318.52,159.26,50.0,L1_discount_abuse,True
b0ea6041ac66a83e6a8508f3954edf91,111.1,61.6,44.56,L1_discount_abuse,True
b0f445cca9b6a54ff47e8834c16ba6c1,240.72,160.48,33.33,L1_discount_abuse,True
b0f913cb83681e8a8563b96b641b3e1b,2506.9,227.9,90.91,L1_discount_abuse,True
b116018d4629bdd3363848a36c42861e,252.69,84.23,66.67,L1_discount_abuse,True
b1290930402d6e29a52dbd6efcab1c3e,105.72,52.86,50.0,L1_discount_abuse,True
b157079a62d77688a0f66043aa1f0306,269.82,134.91,50.0,L1_discount_abuse,True
b17ba1dc20f88334dd3f083464221a18,178.72,89.36,50.0,L1_discount_abuse,True
b183c7bc4664d0f263a7baf78c494ab5,81.48,40.74,50.0,L1_discount_abuse,True
b18478bbf9b2283e3d12452f69fd9ce2,327.84,163.92,50.0,L1_discount_abuse,True
b191545cfb775e72c067683831bf4b0f,292.04,146.02,50.0,L1_discount_abuse,True
b1a7bd6a9d10076c91e88bc510406b46,1545.96,1030.64,33.33,L1_discount_abuse,True
b1ce906877fd32ecc3216688454fe6cc,73.56,36.78,50.0,L1_discount_abuse,True
b1df036dc7d09224799cc86971761374,39.59,19.75,50.12,L1_discount_abuse,True
b1e602c4c179bc28b8b7acda8ea946d1,159.22,79.61,50.0,L1_discount_abuse,True
b20687804070fdfcbb7a183e9dd0cc1b,404.96,101.24,75.0,L1_discount_abuse,True
b20c46715ec04f46dc345b698d989f9a,296.0,148.0,50.0,L1_discount_abuse,True
b21b913f441070fd0013003e71bfb5df,110.1,55.05,50.0,L1_discount_abuse,True
b22aa0e891fc84287cb67d41744f0600,173.34,86.67,50.0,L1_discount_abuse,True
b22d306e18b3b665d49f2ce7d060742e,194.4,97.2,50.0,L1_discount_abuse,True
b23878b3e8eb4d25a158f57d96331b18,514.71,171.57,66.67,L1_discount_abuse,True
b24ca23650d6ea6cf647d35ee3e754d3,63.36,31.68,50.0,L1_discount_abuse,True
b25816accd207ba3b12d0f4f5ab66793,66.1,31.25,52.73,L1_discount_abuse,True
b293f468141dc24b16033560c8d008a6,140.34,46.78,66.67,L1_discount_abuse,True
b2a3423735119b088bc62dd62cf053a8,158.21,65.3,58.73,L1_discount_abuse,True
b2bb080b6bc860118a246fd9b6fad6da,395.84,197.92,50.0,L1_discount_abuse,True
b2bd1f09c1b8a4a36940f6f6e49d5dec,645.42,215.14,66.67,L1_discount_abuse,True
b2ca53045aaa7b6e0557028b4c4e70d9,248.84,124.42,50.0,L1_discount_abuse,True
b2d3d1cd87d22775690fcff44e275cac,70.18,35.09,50.0,L1_discount_abuse,True
b2dc8106ee4d388e5f4adb1db500ab77,147.66,73.83,50.0,L1_discount_abuse,True
b2e7423926537e79e712ccf08ce1a53f,227.58,113.79,50.0,L1_discount_abuse,True
b2f92b2f7047cd8b35580d629d7b3bfb,213.63,71.21,66.67,L1_discount_abuse,True
b306e43825024d6a7727ed3bb863b650,307.26,102.42,66.67,L1_discount_abuse,True
b30af538bad5d47134c88fefbad8e35b,498.5,99.7,80.0,L1_discount_abuse,True
b3199c2b795211713ca16c887287db5b,111.56,55.78,50.0,L1_discount_abuse,True
b34f46c28be69a2d65c7f3f3c01c3673,314.26,157.13,50.0,L1_discount_abuse,True
b3656ff96573b07910d0f54a4505454b,406.77,135.59,66.67,L1_discount_abuse,True
b37ae92c72d3335c241ea5be05dbc077,171.0,57.0,66.67,L1_discount_abuse,True
b37db6912ff47596467cd81b36818a5c,136.88,68.44,50.0,L1_discount_abuse,True
b37e66984bc386101154f129feee1830,147.55,86.22,41.56,L1_discount_abuse,True
b38b3526b8b8fdc807e8a0a42ab78573,60.12,30.19,49.78,L1_discount_abuse,True
b3a5258257c3654b78826a31b7bef55f,537.3,179.1,66.67,L1_discount_abuse,True
b3eb711b3ee8bcf03282d08691df711c,151.0,75.5,50.0,L1_discount_abuse,True
b3f8cce18de7b670b4bf149957000470,221.34,73.78,66.67,L1_discount_abuse,True
b40d597f0eb58c117cb5d9e424f10426,408.4,204.2,50.0,L1_discount_abuse,True
b414a769783b3ab82e49f4113c0edaae,174.3,58.1,66.67,L1_discount_abuse,True
b41be8fdec5c4d3a935dc4319b3dc5af,309.16,154.58,50.0,L1_discount_abuse,True
b41c58f1cdb089998bf02e8fae313c90,424.24,212.12,50.0,L1_discount_abuse,True
b4546ff451b39382f5c1dd81355a0c58,522.92,261.46,50.0,L1_discount_abuse,True
b465b096e042571f13c2e9e8e15122a5,329.58,164.79,50.0,L1_discount_abuse,True
b485e99d1c3896c44eb56886216fcd01,142.86,47.62,66.67,L1_discount_abuse,True
b488cfda1bfd6a90c85b2d21c47231c3,67.24,33.62,50.0,L1_discount_abuse,True
b4fc77bdadd28d0ee631208831bc0d49,188.04,62.68,66.67,L1_discount_abuse,True
b50ba114699ad96c55931d8d58b6dbda,78.18,39.09,50.0,L1_discount_abuse,True
b5247833e91b546f44ba90190eaee96f,210.56,105.28,50.0,L1_discount_abuse,True
b5256081b888baa655b51fd3a8446242,347.72,173.86,50.0,L1_discount_abuse,True
b52d0fe87048b38e93f47e65fcf63fdd,226.62,113.31,50.0,L1_discount_abuse,True
b552bf4c093b6c4804fa08eaee94a786,151.92,37.98,75.0,L1_discount_abuse,True
b55d769ec9ecc14f35096c6a4c5d83d7,164.0,82.0,50.0,L1_discount_abuse,True
b5729b91377f445769c8fc2d063e6235,784.54,392.27,50.0,L1_discount_abuse,True
b574a73b303733045a8adad4c30d7add,145.2,72.6,50.0,L1_discount_abuse,True
b579612f258cd7fd3094cef8207e6f07,113.2,56.6,50.0,L1_discount_abuse,True
b58c726e8f5ba3196c593b1837d25744,99.04,49.52,50.0,L1_discount_abuse,True
b5a1d012931f59ed905df201cf2aba80,274.88,137.44,50.0,L1_discount_abuse,True
b5b143bb15757cfbb8c5f447e4586940,269.18,134.59,50.0,L1_discount_abuse,True
b5eeec1b045b05d3e3010ef57120a8dc,73.24,36.62,50.0,L1_discount_abuse,True
b5f45148cb552bb72d183e82cf6a36d1,816.26,408.13,50.0,L1_discount_abuse,True
b607cddb1d5540b72adbffe3ffa05328,249.94,124.97,50.0,L1_discount_abuse,True
b60cab8c479e1e80420cbe584d7aa9ac,94.58,47.29,50.0,L1_discount_abuse,True
b60e330e00299aeeafa976b885447190,639.96,159.99,75.0,L1_discount_abuse,True
b63188e48794609460e6d33e5cb7b480,133.38,66.69,50.0,L1_discount_abuse,True
b643582fcd5b151f498b5383a0195f33,80.87,38.27,52.67,L1_discount_abuse,True
b64392414f07fbd78e933c2681f23c24,284.2,142.1,50.0,L1_discount_abuse,True
b64e487c58e0790f34911fc9b7939827,122.96,61.48,50.0,L1_discount_abuse,True
b65162879a74ce2aeca593f3ca44cc82,182.18,91.09,50.0,L1_discount_abuse,True
b66836a7408ecc382cdd4be702060220,6511.8,1085.3,83.33,L1_discount_abuse,True
b67babff39aeeae3f39e5575b7886f32,165.4,82.7,50.0,L1_discount_abuse,True
b6a89d6b9a0f7e821a59bdb3e44d8420,125.48,62.74,50.0,L1_discount_abuse,True
b6b73b9c0cab8ac7a2b02a49623d4cfe,277.84,138.92,50.0,L1_discount_abuse,True
b6d3f75a92e19fb13f1c33049cfb9a29,219.46,109.73,50.0,L1_discount_abuse,True
b6d9ea292226815b57dc2034dcc70a91,220.6,110.3,50.0,L1_discount_abuse,True
b6e796ad8c9c44fcd24f94d0068f4868,30.04,17.94,40.29,L1_discount_abuse,True
b708bcdd3889b8e6df7323fcb64bec79,41.85,16.82,59.82,L1_discount_abuse,True
b71ba668b12da5320995cd74acecb2fb,589.8,117.96,80.0,L1_discount_abuse,True
b72528954592dd3225bff1b524a08dda,133.82,66.91,50.0,L1_discount_abuse,True
b72cc1f71e3b599e3d2e7c4a41f6ea07,131.06,65.53,50.0,L1_discount_abuse,True
b74b01e1553f1129b7aa5c0b73016c62,186.74,93.37,50.0,L1_discount_abuse,True
b77b82b683e9956ecdf55514de3d1f1d,119.3,59.65,50.0,L1_discount_abuse,True
b7db45f8be850ed08d9790e874772966,350.64,175.32,50.0,L1_discount_abuse,True
b7f12e29e55ecae289d444db518400ed,177.99,59.33,66.67,L1_discount_abuse,True
b80ba0f0c3d2a63feac0116f533cc6a9,99.27,33.09,66.67,L1_discount_abuse,True
b8226aa72dca6aad3bd514885b7b02e8,150.22,75.11,50.0,L1_discount_abuse,True
b8376096f4d2956da3ab2e311c30c504,106.0,53.0,50.0,L1_discount_abuse,True
b8615aa7e6248212cab23e120279acf2,209.96,104.98,50.0,L1_discount_abuse,True
b8667450c5709608993ae7ff3880e3c0,269.18,134.59,50.0,L1_discount_abuse,True
b8684227da189137e8ecfd39564f85e1,323.34,161.67,50.0,L1_discount_abuse,True
b87ca4e0ff52f4243bebeb16504f48e5,139.56,46.52,66.67,L1_discount_abuse,True
b8871d60cf4ec81490da7658b25c1c04,105.5,52.75,50.0,L1_discount_abuse,True
b8cd3107b41b1232ec5ccc2958000acf,735.12,367.56,50.0,L1_discount_abuse,True
b8d5cd6eb84d7b61c5c77ac4cb0b90b4,443.6,88.72,80.0,L1_discount_abuse,True
b8dc2885c69be5975d9afdfd36b03297,114.68,57.34,50.0,L1_discount_abuse,True
b8f1d12f21b83fdb91d157f357617d90,214.46,107.23,50.0,L1_discount_abuse,True
b8fbd8a0c07410289ec91234a8ad69c9,283.8,141.9,50.0,L1_discount_abuse,True
b91ca0418b6f2ae549bb6f356eee80cb,126.98,63.49,50.0,L1_discount_abuse,True
b921acf09054fd397896f271b0456f01,64.0,32.0,50.0,L1_discount_abuse,True
b93b079468bdf6a20fd54cf45d1e03b6,144.28,72.14,50.0,L1_discount_abuse,True
b94117844529c52fab97f521c434520a,448.12,224.06,50.0,L1_discount_abuse,True
b956b417947842f743b0ca3d0c3fb1fa,1421.96,710.98,50.0,L1_discount_abuse,True
b96cb3fd98ba13f5a573fc64dfe1ee10,450.42,225.21,50.0,L1_discount_abuse,True
b9c9ae9ec1ae133cb9d76c6a4d38c316,91.92,45.96,50.0,L1_discount_abuse,True
b9d1db9d3e9608b2d37f962aaef45e03,308.55,102.85,66.67,L1_discount_abuse,True
b9fa782d4918580e25b6e3b516a55710,408.12,102.03,75.0,L1_discount_abuse,True
ba1415261e29b897a230549d83bde015,120.22,60.11,50.0,L1_discount_abuse,True
ba1f4cf892df702e9b730cb54d9fb063,112.09,51.81,53.78,L1_discount_abuse,True
ba45595538a13176b4850483d5f787e3,238.92,119.46,50.0,L1_discount_abuse,True
ba70922d044f56d4b4cce2010e3f4cd6,730.74,365.37,50.0,L1_discount_abuse,True
ba7ba0ff040d6808492c4456eeb13730,75.38,37.69,50.0,L1_discount_abuse,True
baa7b830de0ad8d2e0b18ebe21372cf6,207.1,103.55,50.0,L1_discount_abuse,True
bab0f0b79b3da1f56810300638d94112,98.66,49.33,50.0,L1_discount_abuse,True
baba7caf6a8e4b9d6079db11ac925a4e,488.36,244.18,50.0,L1_discount_abuse,True
bac5252be9b1269976695ebd118ef43d,89.36,44.68,50.0,L1_discount_abuse,True
bacacd90ea03f7aceb09acaab257d094,30.36,15.18,50.0,L1_discount_abuse,True
bafd325431534dcd8f9bbd75c67db66f,1861.14,930.57,50.0,L1_discount_abuse,True
bb01789fc0271409b394c7b283e9dd29,395.7,197.85,50.0,L1_discount_abuse,True
bb18a7304967722c7cef28dff0a916ed,465.94,232.97,50.0,L1_discount_abuse,True
bb1d699eccd1fe0e0b22aea230eab2d0,114.8,28.7,75.0,L1_discount_abuse,True
bb1e19124a79d7567645189d83030101,80.34,40.17,50.0,L1_discount_abuse,True
bb26b9f1f2801c2bd60622b82bbb533b,738.15,147.63,80.0,L1_discount_abuse,True
bb2c15f3d9da7de7eef8b4c479efacd2,344.31,114.77,66.67,L1_discount_abuse,True
bb4f0c21ae6014e40ef007ff6fbcbeb9,91.9,45.95,50.0,L1_discount_abuse,True
bb6366371ed9745cc3f7efea6940cf6e,65.26,32.63,50.0,L1_discount_abuse,True
bb8a1765f503bbd115a1c138cc3b75d4,696.14,348.07,50.0,L1_discount_abuse,True
bbabc62c81566b606962e10a6f96e9c0,700.18,350.09,50.0,L1_discount_abuse,True
bbc78f387d75afb81df8da1498337e8e,139.61,67.77,51.46,L1_discount_abuse,True
bbc7d177c97f61d86a7486d86ed7a8b2,305.91,33.99,88.89,L1_discount_abuse,True
bbc82e918e96057462aa6983e7035fe5,65.46,32.73,50.0,L1_discount_abuse,True
bbe5ef975154a7473c4c595fa3385edc,366.7,73.34,80.0,L1_discount_abuse,True
bbeb3a35e986d6a0f87217b567c99cd0,371.36,185.68,50.0,L1_discount_abuse,True
bbeeae69169758cd2d24b78df914a56a,155.32,77.66,50.0,L1_discount_abuse,True
bbf0608a4772666602f2fe57fe81742e,246.96,123.48,50.0,L1_discount_abuse,True
bc8d5236efa331461a16b701994814ff,88.67,38.75,56.3,L1_discount_abuse,True
bd095c62d90e92cb239dcbef7421f1ec,100.02,50.01,50.0,L1_discount_abuse,True
bd33d6543dab80671198f9df40e3411d,319.05,128.06,59.86,L1_discount_abuse,True
bd59d6b6646e18c7a1a97a639ff49e0f,292.04,41.72,85.71,L1_discount_abuse,True
bd64d101b15234bb5f46c6b01ec42aa1,66.09,28.9,56.27,L1_discount_abuse,True
bd67f781813f153083d633f8c81d0820,212.16,106.08,50.0,L1_discount_abuse,True
bd894349358da79873bd34c1a65386d4,92.3,46.15,50.0,L1_discount_abuse,True
bdb1554633e5b5bf1a3b47940263c00b,70.0,35.0,50.0,L1_discount_abuse,True
bdc19e734eab622dbbd2162a226278de,170.48,85.24,50.0,L1_discount_abuse,True
bdcf9c2f3ef0c55dc1273dd2c507b0f8,425.78,212.89,50.0,L1_discount_abuse,True
bde485bef13be8b3bd38071e027e954f,755.96,377.98,50.0,L1_discount_abuse,True
be39a554924306abfee91a4f38ac55bb,78.64,39.32,50.0,L1_discount_abuse,True
be3c8bb29cd71c677715c8c0a8cf44bf,66.3,22.1,66.67,L1_discount_abuse,True
be47c07fc0095b7f75dafce1451bc891,502.8,115.85,76.96,L1_discount_abuse,True
be7a9c3e520e513bf7de720ea2d85463,168.86,84.43,50.0,L1_discount_abuse,True
be7ef653148b80c79b5d9b8500c47949,310.28,77.57,75.0,L1_discount_abuse,True
be8b6bb87fabe5bece6e7a3ecc1f1f8d,2862.66,1431.33,50.0,L1_discount_abuse,True
bec70b7a1c8969ad58a048aa111bec9b,383.16,191.58,50.0,L1_discount_abuse,True
bed5dfd1b6d819c52dbcf83071564974,57.21,19.07,66.67,L1_discount_abuse,True
bedff73fa5a137527ba9314cac93b7b3,76.72,38.36,50.0,L1_discount_abuse,True
bee9e2345c4d8f186d2aa7d57e1589f3,179.26,89.63,50.0,L1_discount_abuse,True
bef626fc782c8b4f824510ddf2e335ac,147.86,73.93,50.0,L1_discount_abuse,True
bef79681fbe33b2789095e966c159563,141.5,70.75,50.0,L1_discount_abuse,True
bef797897a2dddfbb08f9dff9c5ef7b7,437.64,145.88,66.67,L1_discount_abuse,True
befe8fab6c34f5861b73a3645ce38e24,194.38,97.19,50.0,L1_discount_abuse,True
bf321eacd8e3dad568b84111dc820e55,187.4,93.7,50.0,L1_discount_abuse,True
bf593abe2928b23b60cee1ff3471a4dd,162.0,54.0,66.67,L1_discount_abuse,True
bf60ac45ad533aad56e08608c2fa1f26,83.72,41.86,50.0,L1_discount_abuse,True
bfc0058e93f705f5dd29ca7c2499fe0a,432.32,216.16,50.0,L1_discount_abuse,True
c0101e90b905c8518103661781b2c6f2,139.27,70.19,49.6,L1_discount_abuse,True
c0452c14e00c9d8c3f5f30c189382329,92.58,46.29,50.0,L1_discount_abuse,True
c05002c71f007c6a4056ca538113e991,217.72,108.86,50.0,L1_discount_abuse,True
c05b9a60de6b80604843d2f4d40c8a67,118.0,59.0,50.0,L1_discount_abuse,True
c063af469224d02e7e9bcb0b1e46583c,175.96,87.98,50.0,L1_discount_abuse,True
c063c67e34bfcffe2492295dc03b8afa,323.08,161.54,50.0,L1_discount_abuse,True
c07db2ecf8530bd60659764d866467cf,191.65,38.33,80.0,L1_discount_abuse,True
c087855fe6f303205c09558f7f8103c8,58.0,29.0,50.0,L1_discount_abuse,True
c09bf2814fb67faaa01616fa08f0d482,182.14,91.07,50.0,L1_discount_abuse,True
c0a15de26f8add28b3ebed18a13e6831,57.87,25.95,55.16,L1_discount_abuse,True
c0ad22fb83f1019e8abbdf1d38ffe6aa,563.12,140.78,75.0,L1_discount_abuse,True
c0bc6e5c9ad833c1a7a566871b33c938,128.86,64.43,50.0,L1_discount_abuse,True
c0c1739aaf78cfa636a69c10519b9876,359.7,179.85,50.0,L1_discount_abuse,True
c0cbad6a3c8fdde69b705b0016769afe,369.56,184.78,50.0,L1_discount_abuse,True
c0d98bbbc820c00ab877fbb053b1e517,260.02,130.01,50.0,L1_discount_abuse,True
c131acb8c30ee5b5d6063dac2470d95d,43.38,21.69,50.0,L1_discount_abuse,True
c144b68c70e421786c9b664b23a13210,149.02,74.51,50.0,L1_discount_abuse,True
c1547b9ad031612f2446bf9ad43a0716,138.86,69.43,50.0,L1_discount_abuse,True
c15b6194f063aa18a0fd47136445c6ec,197.36,98.68,50.0,L1_discount_abuse,True
c1742783834afde8109d74422e9a4bca,435.1,217.55,50.0,L1_discount_abuse,True
c177bd75cb8bbff3f8ce6842201c7b6f,66.26,33.13,50.0,L1_discount_abuse,True
c17bc584fe68bdf389241631455fc2a5,133.56,66.78,50.0,L1_discount_abuse,True
c1b946b2592023776151752222cd31e7,176.74,88.37,50.0,L1_discount_abuse,True
c1bc9f391d11c8c81bc4dbe49a6a892e,494.38,247.19,50.0,L1_discount_abuse,True
c1d5e085a762461d171190ab5fe8cdc9,127.92,69.74,45.48,L1_discount_abuse,True
c1deab56eafcb4bec7703bbe7bd25137,220.47,73.49,66.67,L1_discount_abuse,True
c1e9df16ff9d33f95cd4e24e6e064c38,116.7,58.35,50.0,L1_discount_abuse,True
c1f9d94c449d29a907aaf5963c2fc4f1,120.78,60.39,50.0,L1_discount_abuse,True
c1fad8c885084c5b05f3bd5e2dd56218,347.76,173.88,50.0,L1_discount_abuse,True
c1fbc7155ea9f5c6249e998ab25708a6,227.12,113.56,50.0,L1_discount_abuse,True
c228fb80043a1ebf0ab361c676972a34,72.7,36.35,50.0,L1_discount_abuse,True
c22f2d718da2e903bc885bb2fb0c7ae2,330.6,165.3,50.0,L1_discount_abuse,True
c2444bc9b1b352c434dfa9a4baf7236f,173.27,77.76,55.12,L1_discount_abuse,True
c24e1ca06df82199a5041274b7c33643,412.56,103.14,75.0,L1_discount_abuse,True
c2646971872aa9667e99e3b4545dc747,430.22,215.11,50.0,L1_discount_abuse,True
c264a164325d23f657477ec6c1f0907a,1166.3,583.15,50.0,L1_discount_abuse,True
c26f9883d70cd30a8ed31f950604f053,108.86,54.43,50.0,L1_discount_abuse,True
c274a2e17f75d6af15fc30bbdb0aa44c,198.88,99.44,50.0,L1_discount_abuse,True
c277b80337c0ca11cae04fe7280ed4eb,89.27,37.52,57.97,L1_discount_abuse,True
c27a26005da9b758c804674cc9aa2da1,1907.55,381.51,80.0,L1_discount_abuse,True
c2ee895532a4463f765efa0c39d2f878,70.48,35.24,50.0,L1_discount_abuse,True
c30a8d6054a170a67ee0986a7f1843bf,1075.6,537.8,50.0,L1_discount_abuse,True
c32cfe30ac8d846c41d6695f9967bd04,472.58,236.29,50.0,L1_discount_abuse,True
c3641f55c10bcfacf7fa7b8f677e1d5c,289.32,144.66,50.0,L1_discount_abuse,True
c3a026aa647c5f58bfd25a10d326ec42,177.82,88.91,50.0,L1_discount_abuse,True
c3d1e51f7136b5a8d3f075ddacc80b7a,202.5,101.25,50.0,L1_discount_abuse,True
c3dc9e818772dba4ee8082d999b9982b,173.66,86.83,50.0,L1_discount_abuse,True
c3e2a651c8f9d7a02054e2e37e977c1e,41.56,20.78,50.0,L1_discount_abuse,True
c3e4094adfa71210e702f8e3f90b5569,421.36,210.68,50.0,L1_discount_abuse,True
c4ce02b0d68f5bf60e5d6bac4701350d,384.45,221.99,42.26,L1_discount_abuse,True
c4d5588c1ee36814fc302422334e67f5,941.34,313.78,66.67,L1_discount_abuse,True
c4e3b2e6f29f2e5ba28bd079aee75750,36.08,18.04,50.0,L1_discount_abuse,True
c4fef2621519c7ab7541140d3cbda9e1,117.22,58.61,50.0,L1_discount_abuse,True
c502117a7895e7931e1362f69676ec36,415.15,83.03,80.0,L1_discount_abuse,True
c5222412ad9d123721c453c7c21a6cfa,152.37,50.79,66.67,L1_discount_abuse,True
c545d2c13c923518251d50c8efeaaef5,199.2,99.6,50.0,L1_discount_abuse,True
c54ebaa4a93a3de78a932ba2ce323f68,210.74,105.37,50.0,L1_discount_abuse,True
c55e1514675dc10976509a057394e27f,146.76,36.69,75.0,L1_discount_abuse,True
c5816c6d12ac8e0bebace202a2774edf,147.54,73.77,50.0,L1_discount_abuse,True
c5d16e3d5c24cc5fa2200d448d8cb4d7,353.07,117.69,66.67,L1_discount_abuse,True
c5d3fae065a8090bae39f4f34b14cd06,156.84,78.42,50.0,L1_discount_abuse,True
c5f5087eaff455f93653900411e34432,141.88,71.96,49.28,L1_discount_abuse,True
c5fd5386640ddd76adc482b72d24a02b,89.16,22.29,75.0,L1_discount_abuse,True
c603557da211df150d679fa72fdf25a3,471.96,157.32,66.67,L1_discount_abuse,True
c61e3efc183db6b89f5556efb5aa8797,863.0,431.5,50.0,L1_discount_abuse,True
c62449227473f63a96e42cec192ec143,111.38,55.69,50.0,L1_discount_abuse,True
c6492b842ac190db807c15aff21a7dd6,5104.8,850.8,83.33,L1_discount_abuse,True
c659935fdc19ef6b13aa33fb990a2f81,169.16,84.58,50.0,L1_discount_abuse,True
c66a6afc1a7328bd219214cbf7cf80d5,54.0,27.0,50.0,L1_discount_abuse,True
c6a73b421eb3e92ce86dbfbbd3530a8f,61.5,30.75,50.0,L1_discount_abuse,True
c6ad7089d27e68a395de452a632cb54e,133.86,66.93,50.0,L1_discount_abuse,True
c6b349edc99be6b983f26587f770f23d,137.86,68.93,50.0,L1_discount_abuse,True
c6c0dc0b58d87603f5b07c6283355d5c,201.27,67.09,66.67,L1_discount_abuse,True
c6c96aae858cf470816e5080de363e47,168.12,84.06,50.0,L1_discount_abuse,True
c6c99f96854560866a50760e74aca378,258.6,43.1,83.33,L1_discount_abuse,True
c6d3ba7aef0216cb6c540497c845f0ba,1141.26,570.63,50.0,L1_discount_abuse,True
c6d756e17863979439aee2e5e7a74ed6,126.2,63.1,50.0,L1_discount_abuse,True
c6dc29188afdf102454edab964438d2d,228.9,114.45,50.0,L1_discount_abuse,True
c719df673fd4a8bbb45e7ecc78269d89,147.72,73.86,50.0,L1_discount_abuse,True
c72888e51a36defb7b5d49201fcbccf7,294.3,147.15,50.0,L1_discount_abuse,True
c729815f323f20bb9e5588021a97bf54,1421.52,710.76,50.0,L1_discount_abuse,True
c73f087113a67a6ef3ce597eb3ae028e,74.96,37.48,50.0,L1_discount_abuse,True
c763b2c3f5df44712f4c646f9c28c0ef,111.9,55.95,50.0,L1_discount_abuse,True
c765801ff1022b82d664e0a1b114d4b2,176.08,88.04,50.0,L1_discount_abuse,True
c76d2d304f60e2fd258910e47c8dc5f8,639.94,319.97,50.0,L1_discount_abuse,True
c7765f73aa21565b6f703032dca277dd,72.58,36.29,50.0,L1_discount_abuse,True
c78b50d1c5ddfed2a5394dd0e90c4e99,128.4,64.2,50.0,L1_discount_abuse,True
c7993b9c3400e607391a4927068193a3,168.26,84.13,50.0,L1_discount_abuse,True
c7da3693b9936c359eb9d60640dbb967,110.25,36.75,66.67,L1_discount_abuse,True
c8020c10d5a223f0ec75df2818b966de,121.0,60.5,50.0,L1_discount_abuse,True
c854a1f42d7cddb25891587ddd91caa6,157.9,78.95,50.0,L1_discount_abuse,True
c867dd64bd728f7a87d1c868c7c2c33f,121.17,40.39,66.67,L1_discount_abuse,True
c8760b2b21e61235273701a644b5fd95,134.14,67.07,50.0,L1_discount_abuse,True
c8b1f5c6c2a11855f32ba79cd9e19d1e,270.1,135.05,50.0,L1_discount_abuse,True
c8b709b4de5c0e1cb70a49d194ebfdb5,1402.48,701.24,50.0,L1_discount_abuse,True
c8d355d9b0027d16b4f22804df2bbc2d,238.34,119.17,50.0,L1_discount_abuse,True
c8f48cead5aa6153ed4e86436420bf34,72.44,36.22,50.0,L1_discount_abuse,True
c8fa48f1b2af19f06cd1ca3b5533bd0e,267.12,133.56,50.0,L1_discount_abuse,True
c91ab67852b71357615925883e88cb8f,126.15,42.05,66.67,L1_discount_abuse,True
c93147c4c4e627feb6483c04a7111bff,380.96,190.48,50.0,L1_discount_abuse,True
c96a303a722b89bc14a23b7a2f0e68e4,71.7,35.85,50.0,L1_discount_abuse,True
c991b8532e7abe41bcfae9b0ae4e8f45,119.5,59.75,50.0,L1_discount_abuse,True
c9b01bef18eb84888f0fd071b8413b38,733.2,366.6,50.0,L1_discount_abuse,True
ca03bab92d64981b404602a7450b784c,437.28,218.64,50.0,L1_discount_abuse,True
ca2d0999ad1d0d4425ca9403c264cc3e,113.55,61.96,45.44,L1_discount_abuse,True
ca2e903694060ebba7122c9c4c7087db,129.24,64.62,50.0,L1_discount_abuse,True
ca4b9f3ce6fc19e8533501cf8c6b832e,106.48,53.24,50.0,L1_discount_abuse,True
ca4d9163f73c29c767a726571e8baf23,236.34,118.17,50.0,L1_discount_abuse,True
ca4eb4e29e846ee17d6d1b96b28acabc,90.48,45.24,50.0,L1_discount_abuse,True
ca67b029ed798e97aaf9397c40fef499,347.2,173.6,50.0,L1_discount_abuse,True
ca757dbebcac3d3bbaa4eb7ea0f699c8,578.6,289.3,50.0,L1_discount_abuse,True
ca786c07fdbcd2a6beb42eab64c23a3e,36.72,18.36,50.0,L1_discount_abuse,True
ca7af64c0e6b1a6fc563832581a7c544,232.98,77.66,66.67,L1_discount_abuse,True
ca8446e47a754f1f72ae3acf393d0eb0,707.98,101.14,85.71,L1_discount_abuse,True
ca860fbc7c3132b89e9e134a00652215,195.0,107.47,44.89,L1_discount_abuse,True
ca929fa6d3db41b0d698c716875ccd26,166.46,83.23,50.0,L1_discount_abuse,True
caa9ea8230c1a21750f938c306e730c7,97.56,48.78,50.0,L1_discount_abuse,True
cac1850fae99ea24a8186fad4db365bb,315.48,78.87,75.0,L1_discount_abuse,True
cace1a92b9984790083116a9f2e7ae5c,267.92,133.96,50.0,L1_discount_abuse,True
cafe15573de0adda53dee071a1aa450f,246.2,123.1,50.0,L1_discount_abuse,True
cafe257a6af47e3a0f99d202c0bbdbf4,274.2,45.7,83.33,L1_discount_abuse,True
cb07791e2924a69295203fa188d338e2,68.0,34.0,50.0,L1_discount_abuse,True
cb372bf76b5f494176aacb5496bf47af,385.78,192.89,50.0,L1_discount_abuse,True
cb53cd98c09562828a48a0da5d0b92ce,90.18,45.09,50.0,L1_discount_abuse,True
cb59450fc63a9e7303fb29fbd71748a0,107.36,53.68,50.0,L1_discount_abuse,True
cb6dff9394d43eeebcff3c8caea9375a,228.9,114.45,50.0,L1_discount_abuse,True
cb7e54b683ab7303fa52e2c3975801a6,447.08,223.54,50.0,L1_discount_abuse,True
cb8ac0a66ab9381703d4a2c473bba526,76.9,38.45,50.0,L1_discount_abuse,True
cba655bc3c72fc26b4fe864f2ea5fe38,55.37,24.91,55.01,L1_discount_abuse,True
cba96e186e4dd8d172b398e01df4027d,104.28,46.76,55.16,L1_discount_abuse,True
cc204c830046f86bf426b21e59e1e1da,673.84,336.92,50.0,L1_discount_abuse,True
cc33143e956d12c68737d2ea49910386,114.18,57.09,50.0,L1_discount_abuse,True
cc779b75630b5b63955c7167fcadee93,129.18,64.59,50.0,L1_discount_abuse,True
cc812bc2c7f8350a08add17abe7bcc84,116.44,58.22,50.0,L1_discount_abuse,True
ccb3dbd615aa85a6ee4e6002b025fd31,67.42,33.71,50.0,L1_discount_abuse,True
ccb6252838b1f9b4df467fe221e1f722,680.94,340.47,50.0,L1_discount_abuse,True
ccc1762fa4bea334f80983e3f3a933b6,906.6,90.66,90.0,L1_discount_abuse,True
cce2ceb2a8ee779a15975a90e6063cab,303.48,151.74,50.0,L1_discount_abuse,True
ccec592b58e122dc2bfc2305152d9603,846.32,423.16,50.0,L1_discount_abuse,True
ccf804e764ed5650cd8759557269dc13,1629.68,62.68,96.15,L1_discount_abuse,True
cd05a1fc2781f43f5e459c285751e26a,159.24,79.62,50.0,L1_discount_abuse,True
cd068e0974cffc5007e3b5dcb416da26,544.66,272.33,50.0,L1_discount_abuse,True
cd1ddd0a998b40f3335a4b6d9af53e7f,294.54,147.27,50.0,L1_discount_abuse,True
cd2c2d1c98e51894f2266c5140d14c29,137.68,68.84,50.0,L1_discount_abuse,True
cd4f0f2193950898c8300a435c222056,113.2,56.6,50.0,L1_discount_abuse,True
cd553d196341933ae98c30c57be9f7e6,115.44,57.72,50.0,L1_discount_abuse,True
cd68632e7dc6d980f29dc6826a936d03,477.32,238.66,50.0,L1_discount_abuse,True
cd725c256dd60e25a721e1fe8cccdaa6,216.42,72.14,66.67,L1_discount_abuse,True
cda0a53768d83bf2269db3cee554cb99,314.9,157.45,50.0,L1_discount_abuse,True
cda286fbc87f2e1358e2804b1d77ca0f,274.14,137.07,50.0,L1_discount_abuse,True
cda39e972551602661cd5e8908ee82b5,96.82,48.41,50.0,L1_discount_abuse,True
cdb1faa859205ebd457e594dfab53801,68.14,34.07,50.0,L1_discount_abuse,True
cdbbf42ba3892a989ca5b644ee43db7f,146.58,73.29,50.0,L1_discount_abuse,True
cdbd981121b82988cdb4bc8229598984,151.7,77.27,49.07,L1_discount_abuse,True
cdd9601c7f7685708434a68d814fb53f,143.64,71.82,50.0,L1_discount_abuse,True
cde3f389a60c48bf85f49e8daf2144f9,101.14,44.48,56.03,L1_discount_abuse,True
cde7b249a25f9dc499c58e5ff1ca7dcc,201.5,100.75,50.0,L1_discount_abuse,True
cdfc8d98469b5469527223fa4d487882,74.84,37.42,50.0,L1_discount_abuse,True
ce22c7595bc4d3ca9b15ea08412a6b94,68.2,34.1,50.0,L1_discount_abuse,True
ce3306b493edca02b65cedf9da8f0f7d,110.44,55.22,50.0,L1_discount_abuse,True
ce59496beb223906ab55f6bce7fa86f5,291.32,145.66,50.0,L1_discount_abuse,True
ce699ae4abc92356538ece036da1045d,128.0,64.0,50.0,L1_discount_abuse,True
ce79ae0eb1e344fbf19835147efc64e4,386.12,193.06,50.0,L1_discount_abuse,True
ce890faac8e2e4bece041845501ac3a6,40.2,20.1,50.0,L1_discount_abuse,True
cea661692913da073bd99bb510849bdc,140.76,70.38,50.0,L1_discount_abuse,True
cec3185bcfe3a9c60e73df2ae9bfa4ac,348.75,116.25,66.67,L1_discount_abuse,True
ced791864a1478d28bc041d61f8ce2f4,115.24,28.81,75.0,L1_discount_abuse,True
ceff6079b4931d865da8fad5286b30a6,618.56,309.28,50.0,L1_discount_abuse,True
cf014dc8804713618176fc95af41b221,526.64,263.32,50.0,L1_discount_abuse,True
cf0fcb02e2f9b6dcfd6aac8d664b663a,38.58,19.29,50.0,L1_discount_abuse,True
cf101c3abd3c061ca9f78c1bbb1125af,1328.86,102.22,92.31,L1_discount_abuse,True
cf2025217f63100bdc2328402c3e2b1c,175.52,87.76,50.0,L1_discount_abuse,True
cf229e9a3df6543d25bd826262a12a8a,141.5,70.75,50.0,L1_discount_abuse,True
cf287f639abd10b1630574c4a065d4f1,213.24,71.08,66.67,L1_discount_abuse,True
cf290442e580bf03533aabf4c492b6b5,273.95,54.79,80.0,L1_discount_abuse,True
cf3b05f002f2f6318d2b1dada8adec0f,524.14,262.07,50.0,L1_discount_abuse,True
cf3c1e2bc533171445481ee9622691be,75.62,37.81,50.0,L1_discount_abuse,True
cf4f44bd66792364407443876b27d1d2,328.12,164.06,50.0,L1_discount_abuse,True
cf5bae440125a8f7eccfde72d25e1913,582.38,291.19,50.0,L1_discount_abuse,True
cf60237e0bdc9a72ab4563e4b11783bf,76.58,38.29,50.0,L1_discount_abuse,True
cf6216ebb7cf47589938fa83341bba0e,436.6,218.3,50.0,L1_discount_abuse,True
cf650037c918409bca8e5e67ee7dcfbe,172.82,86.41,50.0,L1_discount_abuse,True
cf6d45bae6017043952a20f3457379fd,90.08,45.04,50.0,L1_discount_abuse,True
cf7b757fbc81196ad9916c519c092321,205.96,51.49,75.0,L1_discount_abuse,True
cf8c5625d28a00a4d93cb05f30a0eead,883.24,441.62,50.0,L1_discount_abuse,True
cf9d149b8f8e534901d64f8b10320133,360.68,90.17,75.0,L1_discount_abuse,True
cfde948cbe426f37ac61e0f04215a5f3,424.92,106.23,75.0,L1_discount_abuse,True
cffaffa29cba49c69e3ec0dcb839ab16,172.3,86.15,50.0,L1_discount_abuse,True
d0083f5db0e3fade5d9a7dc768e8df46,175.16,87.58,50.0,L1_discount_abuse,True
d03665e5fcb519e311e5609b2d0d2282,141.5,70.75,50.0,L1_discount_abuse,True
d037a5a034750ef70889cb051fa83b59,475.18,237.59,50.0,L1_discount_abuse,True
d052020616d502036aa7b1303965ada6,144.28,72.14,50.0,L1_discount_abuse,True
d054cc37dea401636693e25d78222470,761.4,253.8,66.67,L1_discount_abuse,True
d0953216646b79a1457c04739e8414e5,639.6,127.92,80.0,L1_discount_abuse,True
d0bff47153ef056bb4f884a2ec2f0691,109.22,54.61,50.0,L1_discount_abuse,True
d0fcb0e64631dcf3a108b1837a69d9a5,74.72,37.36,50.0,L1_discount_abuse,True
d14da316939ad2245cd4bb898bc45a62,100.68,50.34,50.0,L1_discount_abuse,True
d16112398f9c83cdef02abee328caadb,68.26,34.13,50.0,L1_discount_abuse,True
d167a1099cf2b9ccd885c665394f5fd9,341.64,170.82,50.0,L1_discount_abuse,True
d16d1d91feaf7e5d293ea1ebb0a60b7f,53.54,26.77,50.0,L1_discount_abuse,True
d16f8ec8edbb1c3652f142cc60042a86,2546.32,1273.16,50.0,L1_discount_abuse,True
d17e55847c962eeaa8966bcc0c758492,169.6,84.8,50.0,L1_discount_abuse,True
d1846813d43b3ddbf1b6394b223a4d6c,202.52,101.26,50.0,L1_discount_abuse,True
d192eacb35dd2f0aa30709fe7560ee4a,268.26,89.42,66.67,L1_discount_abuse,True
d1d85d0d469cb9c26d7f8ee944c92cf1,55.36,27.68,50.0,L1_discount_abuse,True
d1de4ee2cdca15e0ccf424096264d3c8,195.27,65.09,66.67,L1_discount_abuse,True
d1de8ecf1530723150f71b04ab779c2a,475.88,237.94,50.0,L1_discount_abuse,True
d1f7b8ef7a59b18de8df95b7b8073a5f,249.74,124.87,50.0,L1_discount_abuse,True
d21d7411b251f35ead1b210dc946ca70,1938.3,276.9,85.71,L1_discount_abuse,True
d245b7d86b7965f8007179df464f76df,94.26,47.13,50.0,L1_discount_abuse,True
d289934bddf878e1cac62c95c8ee5402,177.16,88.58,50.0,L1_discount_abuse,True
d295fdedde1742dab056f335be894679,67.28,39.91,40.69,L1_discount_abuse,True
d29cafb654e73fca65371aec22d88ca8,333.8,166.9,50.0,L1_discount_abuse,True
d2aefa1e404936eb9c5660ac2bde4ecb,36.5,17.81,51.2,L1_discount_abuse,True
d2dcde253b72954806e86ee9f7995770,311.61,103.87,66.67,L1_discount_abuse,True
d2e18fcf7ecfd667af457a9e7034c86a,2314.29,210.39,90.91,L1_discount_abuse,True
d2f636c21b8c69ea8ceb90f373babd4f,172.04,86.02,50.0,L1_discount_abuse,True
d3085edb0a0b0d550bd72f712de90c09,228.5,114.25,50.0,L1_discount_abuse,True
d31e1e13960863c7dcb2f6faadee5486,106.3,53.15,50.0,L1_discount_abuse,True
d326e75b3255dce0b8d809c02280d012,116.34,38.78,66.67,L1_discount_abuse,True
d3320c7579b87d355511ba06b4d18aa4,76.26,38.13,50.0,L1_discount_abuse,True
d33ed17c28104a5821b0aed3fd7323d0,63.58,31.79,50.0,L1_discount_abuse,True
d346a1af31b9f42d7244edcba34fe990,118.46,59.23,50.0,L1_discount_abuse,True
d3660059f5d2ec500340d1bb2131bab3,120.84,60.42,50.0,L1_discount_abuse,True
d367a93b215e8828942054fc3799c834,327.38,163.69,50.0,L1_discount_abuse,True
d385135903a04968ff911a2a1c7c9188,169.3,84.65,50.0,L1_discount_abuse,True
d3a5c7e2fbe9a935e6a4a7454d4b8869,528.96,87.69,83.42,L1_discount_abuse,True
d3ba6df689ba5bceee30291f5a28e7bc,81.24,40.62,50.0,L1_discount_abuse,True
d3f44296d90a42d3ec4b52b18654e87a,280.0,35.0,87.5,L1_discount_abuse,True
d3f9832594bb9037370cdf8bdcd052cd,304.0,152.0,50.0,L1_discount_abuse,True
d3f99233d90971004bf98c118aa4387e,338.14,169.07,50.0,L1_discount_abuse,True
d40dbedba7f8e8c83567c4096c8ab8c1,64.26,32.13,50.0,L1_discount_abuse,True
d41f1036712e18ee525939d08b7a1c98,535.62,89.27,83.33,L1_discount_abuse,True
d42ba61a59ac7b2af476d42dbe16f68e,1938.02,969.01,50.0,L1_discount_abuse,True
d44d3aabe5fd82754ca3b4696cdc90e7,1524.28,762.14,50.0,L1_discount_abuse,True
d4618e481090308279190e070dfc3c4b,197.44,98.72,50.0,L1_discount_abuse,True
d49132be94be94057aadb0fdd665943b,3055.02,1527.51,50.0,L1_discount_abuse,True
d4b074982e39f354c254a6b1b4ffaf55,256.54,128.27,50.0,L1_discount_abuse,True
d4b4050ad0885ce84603e34ee06201ca,553.38,297.82,46.18,L1_discount_abuse,True
d4c0ebae1ec07474b7d092a62b469f6d,156.64,78.32,50.0,L1_discount_abuse,True
d4c73de44c6a4b71eb3d06d3b362d57b,154.64,77.32,50.0,L1_discount_abuse,True
d4e42f9170131eed76bf87f17541bc48,69.72,34.86,50.0,L1_discount_abuse,True
d4f63c1e71dd7a25aaf45fd89286d760,199.46,99.73,50.0,L1_discount_abuse,True
d51eb6c998198af68efed5deb04cad17,325.2,162.6,50.0,L1_discount_abuse,True
d5440e126957d8548489716a186fa787,152.86,76.43,50.0,L1_discount_abuse,True
d56564f21e612a588607e9ffb39b9d21,139.0,34.75,75.0,L1_discount_abuse,True
d56ddc412e7725060f044aa15d7073d3,63.54,31.77,50.0,L1_discount_abuse,True
d5881d54a4846fd1b09414dc09de1b38,680.14,340.07,50.0,L1_discount_abuse,True
d5902cac4c3d618b3565811476e06ea4,316.95,105.65,66.67,L1_discount_abuse,True
d591a97fad2791ee9d973b748fd1c4d9,71.72,35.86,50.0,L1_discount_abuse,True
d5b20c4d4aa379d9215dba07d60c7e24,176.34,88.17,50.0,L1_discount_abuse,True
d5cbbe1602100752cd72f9630321613d,498.58,249.29,50.0,L1_discount_abuse,True
d5d287f2402efa84433646638d83ffef,219.26,109.63,50.0,L1_discount_abuse,True
d60ecff4cf9ca74d078b9a105d138eed,197.53,116.02,41.27,L1_discount_abuse,True
d61195546c8c9629c764caa807cda4b3,117.66,58.83,50.0,L1_discount_abuse,True
d6b77bc6a9aaaf549d60d3f5ae45fef7,220.8,110.4,50.0,L1_discount_abuse,True
d6de1a325f87726ee52e1ffe80c35a1a,45.13,18.1,59.89,L1_discount_abuse,True
d6e320ab3eb91f810c2a3296998bdcc8,277.3,138.65,50.0,L1_discount_abuse,True
d6e86df5b1614d493da54c4c87ce7f2d,376.74,188.37,50.0,L1_discount_abuse,True
d744783ed2ace06cac647a9e64dcbcfd,250.2,20.85,91.67,L1_discount_abuse,True
d74c7ba612504db83fd0437803bc9b49,599.52,299.76,50.0,L1_discount_abuse,True
d74e29bbba41049b6c17603fd9fabc58,251.14,125.57,50.0,L1_discount_abuse,True
d79b5d99bedf3d553349fb878a6da83b,131.42,65.71,50.0,L1_discount_abuse,True
d7b1b205f635a07e904e5c4069b6859d,281.46,93.82,66.67,L1_discount_abuse,True
d7c320185a2f9b32f5e2370ff3f8bd64,114.0,19.0,83.33,L1_discount_abuse,True
d7c3bde68818e4f4c44f0641f25c0092,86.22,43.11,50.0,L1_discount_abuse,True
d7d4afc3fb829c97bf4669cec420064e,383.58,191.79,50.0,L1_discount_abuse,True
d7eec17ae2e61fc4dc36f1e1ac4d0ed1,87.5,43.75,50.0,L1_discount_abuse,True
d7f4e2f755cf2f40aa7c39804cfe01c4,363.52,90.88,75.0,L1_discount_abuse,True
d80faf302bbccea1f0b613d440de4d33,110.46,36.82,66.67,L1_discount_abuse,True
d813a46a477d66e2ec086449ba297297,335.6,167.8,50.0,L1_discount_abuse,True
d876b34afec9a37354e30d656829878d,400.36,238.05,40.54,L1_discount_abuse,True
d878a5313be350f1299ab46a1bed9254,88.89,41.21,53.64,L1_discount_abuse,True
d885635e019669c17658a0f898cf7dd6,143.26,71.63,50.0,L1_discount_abuse,True
d8ab6e868995a618b7abea3119b56789,269.91,89.97,66.67,L1_discount_abuse,True
d8c03aab0fec0814864f1ddfb5135698,746.64,373.32,50.0,L1_discount_abuse,True
d8c4293616878e2f015351d8f1445880,390.16,195.08,50.0,L1_discount_abuse,True
d8d126f05b944cb1a5d78542e4a34f9a,256.08,128.04,50.0,L1_discount_abuse,True
d8d875126ddbeec8b736ffd7f0b1a4c0,94.26,47.13,50.0,L1_discount_abuse,True
d8f7f9be7fb1c9734fecec3ba39cba52,72.98,36.49,50.0,L1_discount_abuse,True
d904c8fc4955920c3cdb9a2681648f3d,338.43,112.81,66.67,L1_discount_abuse,True
d9824f21d1f1d7e95d054b0becab9790,418.42,209.21,50.0,L1_discount_abuse,True
d9ce395d10fd1a877b78763718f29b5a,689.34,344.67,50.0,L1_discount_abuse,True
d9e61dcd00568330306bd1733a413ae7,238.36,119.18,50.0,L1_discount_abuse,True
d9ed7b8cfe99da8442618eabb0f9997c,571.26,285.63,50.0,L1_discount_abuse,True
d9f732bbd3289880267ad9b54d466ec3,195.14,97.57,50.0,L1_discount_abuse,True
da0b8ba8e2730558871c2f9eb672e787,116.92,58.46,50.0,L1_discount_abuse,True
da19f73a444dea9507b737d32d8eef61,1034.48,517.24,50.0,L1_discount_abuse,True
da1bae15304a82479da9efcbc567e7b0,144.28,72.14,50.0,L1_discount_abuse,True
da21a2894f0f303a180cfff4becfd050,411.94,205.97,50.0,L1_discount_abuse,True
da335e512c5172e253ee80cb42acf8aa,228.3,117.12,48.7,L1_discount_abuse,True
da3dc62f13188f2866f5775585107a7f,195.38,97.69,50.0,L1_discount_abuse,True
da708bf3b3d18eabce89e0b1d84588d6,272.6,136.3,50.0,L1_discount_abuse,True
da97ba90124c049efe564e689b626042,77.0,38.5,50.0,L1_discount_abuse,True
dabb5a87a6d9cc1388abf76cdcf76e5b,754.54,377.27,50.0,L1_discount_abuse,True
dacd9ea86285f197d0b7495e8af14781,385.86,64.31,83.33,L1_discount_abuse,True
dad151e92378667093156fc66f981742,482.92,241.46,50.0,L1_discount_abuse,True
dad3424b01751c6e21da6a7351174ca0,236.04,59.01,75.0,L1_discount_abuse,True
dadcb1104ce71e829a38e9157aef966c,155.14,77.57,50.0,L1_discount_abuse,True
dadeb032c1f01467182f4f0716bdd141,186.38,93.19,50.0,L1_discount_abuse,True
dadfdcd24f54c8c6e8aff011390e5a08,150.28,75.14,50.0,L1_discount_abuse,True
db0bd04c3beff2d041d364ce8d96b2f0,964.44,482.22,50.0,L1_discount_abuse,True
db17aa0220e5208b5fc2c08c8f704797,524.36,262.18,50.0,L1_discount_abuse,True
db267aa9141e401f3dfd53da809cc8f2,225.42,112.71,50.0,L1_discount_abuse,True
db30bf3b1cc383459bf7f3a938528cea,115.38,57.69,50.0,L1_discount_abuse,True
db34c05a3a62253b75d21d5383f7f094,273.58,136.79,50.0,L1_discount_abuse,True
db398b78388fa1c67b3a505ea123c001,413.74,206.87,50.0,L1_discount_abuse,True
db3a01453250325c27f1b54a5dabf495,75.0,37.5,50.0,L1_discount_abuse,True
db4f107fcd5c5dac40c23f70a64f2031,33.09,16.95,48.77,L1_discount_abuse,True
db66dca329373cf37340222e240340b6,4029.98,2014.99,50.0,L1_discount_abuse,True
db79668a5504403f129b4cf78d3b03c0,124.56,62.28,50.0,L1_discount_abuse,True
db7d019ce87ceb1539bd37353ab408ba,303.4,151.7,50.0,L1_discount_abuse,True
db97652cf517d2cd03db63dec489ca62,83.04,27.68,66.67,L1_discount_abuse,True
dbb0da1abcce904dc52dd60ae31d5c12,316.16,39.52,87.5,L1_discount_abuse,True
dbbb8658d9a27d2be4cefb9a9a5d9e33,172.28,86.14,50.0,L1_discount_abuse,True
dbc097913df341f30b9f9e92f459cee2,770.64,192.66,75.0,L1_discount_abuse,True
dbcf58228a08ba02230fb4a888fb988d,202.92,101.46,50.0,L1_discount_abuse,True
dbd4175cab44d4d8c6d185418c00e0f1,167.92,67.86,59.59,L1_discount_abuse,True
dc0026d5ff685eb725a42925ff3aa5eb,425.62,212.81,50.0,L1_discount_abuse,True
dc12fa02210be1acbcc15ed310547ba0,80.26,40.13,50.0,L1_discount_abuse,True
dc32c5b96c5aa06641f7c32f3f1bce98,146.3,73.15,50.0,L1_discount_abuse,True
dc400373e624e9b0435847a79813c658,98.48,49.24,50.0,L1_discount_abuse,True
dc5f7bc4c5617c381a1943ba3d5cabcd,133.82,66.91,50.0,L1_discount_abuse,True
dc8fb3af3f4e0969fc7dbc3128a836e0,184.12,92.06,50.0,L1_discount_abuse,True
dc939566a9c408333e76222972bcc0a3,114.79,57.59,49.83,L1_discount_abuse,True
dc952dba5b4ae9cc2ea0eb4757f0cdd0,249.86,124.93,50.0,L1_discount_abuse,True
dc96a12713fb7cbfd8feac4ab0b8f2a2,5090.22,565.58,88.89,L1_discount_abuse,True
dcaa8a5fd8f675e791daccbbbc9caf11,65.24,32.62,50.0,L1_discount_abuse,True
dcb8f406a37e7da18d02d9a19cdfe8eb,200.11,109.24,45.41,L1_discount_abuse,True
dcc74da4fd99c9e96c775807b658336d,340.46,170.23,50.0,L1_discount_abuse,True
dceb62e8fa94b46006c9554fed743df0,1320.28,990.18,25.0,L1_discount_abuse,True
dced94fca9ee52e79241961c0e5a3d0d,306.18,153.09,50.0,L1_discount_abuse,True
dcfd7c52a6963113ae9c4e12ceebde69,155.78,77.89,50.0,L1_discount_abuse,True
dd1bd072c709a5e654fd047560eba5aa,60.2,30.1,50.0,L1_discount_abuse,True
dd1d5e5b6e4be8779186eb9cafd2f44d,48.7,24.35,50.0,L1_discount_abuse,True
dd6ce2ca4b4f2f7b5698be76252d4c8e,175.52,87.76,50.0,L1_discount_abuse,True
dd861b5afa4b5008162b6591bbc43422,274.68,68.67,75.0,L1_discount_abuse,True
dd9934c610c4363619b6b0f850365725,140.7,46.9,66.67,L1_discount_abuse,True
dddc545a77663ef26d16778d03ef3bcd,1135.18,567.59,50.0,L1_discount_abuse,True
ddf16d77e858a32f36e10c289a28ef61,130.56,43.52,66.67,L1_discount_abuse,True
ddf732195968469df311feb9d52e542a,218.96,109.48,50.0,L1_discount_abuse,True
de06e436fbb3dd6e10bafb5f24ed5530,144.04,36.01,75.0,L1_discount_abuse,True
de2acf01121628d8ca0b8c36ef103bd5,278.02,139.01,50.0,L1_discount_abuse,True
de6ed885a8151d0cee622e51585ff6c7,133.58,66.79,50.0,L1_discount_abuse,True
de74cb2fd733e35659ccfebf498ca02b,141.82,70.91,50.0,L1_discount_abuse,True
de96144dc55ce453b7dd9b5995a87c6a,211.0,105.5,50.0,L1_discount_abuse,True
df2d910b8b5e5f461f67043489f9569d,274.83,91.61,66.67,L1_discount_abuse,True
df466fb774f8f20a2cca22211d35b778,126.54,63.27,50.0,L1_discount_abuse,True
df53ed4b08a845497e1f9aafa11fb2a4,51.1,22.03,56.88,L1_discount_abuse,True
df568f7f29522ff496adab0dcd60a3f6,168.34,84.17,50.0,L1_discount_abuse,True
df56e27fb87ba6d4beb70719ffdd707b,189.94,94.97,50.0,L1_discount_abuse,True
df5c6aca62db71fbe451c0408bde2817,760.4,380.2,50.0,L1_discount_abuse,True
df720130627bfe896e4eaafe2df5b721,742.84,371.42,50.0,L1_discount_abuse,True
dfaa4ce943a8dba10b754befb76fdb49,1239.51,413.17,66.67,L1_discount_abuse,True
dfab4854076442f7a5a0e322ea7b6a5a,630.22,315.11,50.0,L1_discount_abuse,True
dfb257681efc64103bc309ffee479b9f,137.6,68.8,50.0,L1_discount_abuse,True
dfb753bfb675436ca257d189c5377417,175.28,87.64,50.0,L1_discount_abuse,True
dfc5c1ae34c30f42aba88ae3a51f97c6,81.9,27.3,66.67,L1_discount_abuse,True
dfc6c80c73f6b324371273bd97e19c3f,138.48,69.24,50.0,L1_discount_abuse,True
dfc7b55ee482374556356b94afc9b841,81.43,35.35,56.59,L1_discount_abuse,True
dfc9bc36d5db98182f4b1dc41fe8e258,103.26,51.63,50.0,L1_discount_abuse,True
dfcdf23e1d25c70a86ce04d0659e85b0,473.48,236.74,50.0,L1_discount_abuse,True
dff0494b87d4607872757269757c7bb1,109.06,54.53,50.0,L1_discount_abuse,True
dff1e9a517d39b940f6424c3fdfdbdea,115.44,57.72,50.0,L1_discount_abuse,True
e003d94282e5f1e45760dde794a8a173,232.64,125.06,46.24,L1_discount_abuse,True
e01371016351ae4493ecbd7a8c5a33f5,300.88,150.44,50.0,L1_discount_abuse,True
e01f636edc7155ddecc78f311b1f2cd0,132.0,66.0,50.0,L1_discount_abuse,True
e020c537e96d13d9331a1badf93b50d1,135.0,67.5,50.0,L1_discount_abuse,True
e051aa19f5f2e6a98406c005cf5c656b,227.74,113.87,50.0,L1_discount_abuse,True
e0bd62e007e5e88656338ab10a5c0f42,205.92,51.48,75.0,L1_discount_abuse,True
e0db4ac24a1ec63aea6358043f528182,204.46,102.23,50.0,L1_discount_abuse,True
e0e878e7eefd915b86e8b5714374642f,213.94,106.97,50.0,L1_discount_abuse,True
e0f9660f398f606fc4326973728ad4cd,181.76,90.88,50.0,L1_discount_abuse,True
e1010fc08b7bc6c1d8c94a956ead0140,78.18,39.09,50.0,L1_discount_abuse,True
e10cdac25bec58a01b1a9dcad1b6263f,295.1,147.55,50.0,L1_discount_abuse,True
e1320973675a5fc37fab54cb22c582ab,185.46,92.73,50.0,L1_discount_abuse,True
e13c8ddd0d03ac5525c6b54d0442e9a5,163.78,81.89,50.0,L1_discount_abuse,True
e1746b01c76d5be983999db3fcd428da,100.02,50.01,50.0,L1_discount_abuse,True
e178bee213ba3b996d728678aea863a4,58.85,34.96,40.6,L1_discount_abuse,True
e1a052031a62fc3bc7f2bf2d15241785,581.44,290.72,50.0,L1_discount_abuse,True
e1d010e4693683466fcd40145f3c084f,82.06,41.03,50.0,L1_discount_abuse,True
e20048c62eafbe51818f6dd9f3be724e,116.6,58.3,50.0,L1_discount_abuse,True
e208a6bd0e030c2240ec286633bd9039,133.14,44.38,66.67,L1_discount_abuse,True
e210480a7951a7968ea2a32e38c6dd70,178.99,91.47,48.9,L1_discount_abuse,True
e2532fe843f45b7a1aa7ede9474ca960,325.7,162.85,50.0,L1_discount_abuse,True
e25c98a973e86ba5c95c06722eb8fadc,110.18,55.09,50.0,L1_discount_abuse,True
e27d61d435972fe5632bbfcdee617adf,109.54,54.77,50.0,L1_discount_abuse,True
e28a4c66f1484567d1e42b3fab64d923,78.0,39.0,50.0,L1_discount_abuse,True
e2c5cdd2687cb2f0efe991ed155c8653,363.18,181.59,50.0,L1_discount_abuse,True
e2da042c42ce790c81ef3a9f666a92b6,193.6,96.8,50.0,L1_discount_abuse,True
e2e33b37d96ba30f106c15dd7f77c8bb,190.62,95.31,50.0,L1_discount_abuse,True
e2e62108a0daf44573986d823484239a,296.12,148.06,50.0,L1_discount_abuse,True
e2ee779edcba1ef236bcfe0260dfa5d5,831.56,415.78,50.0,L1_discount_abuse,True
e32ebf133fb19cafd04315ff6d108047,274.54,137.27,50.0,L1_discount_abuse,True
e393acae9e64be5b2a7d48ef2ae87710,94.76,47.73,49.63,L1_discount_abuse,True
e3c57d0ebff7edcd11f4f15e59ccc852,176.74,88.37,50.0,L1_discount_abuse,True
e3ea7db75c57be6a3779176cfa7802c3,341.73,113.91,66.67,L1_discount_abuse,True
e3f50e1c357268aa977efcfc6043c79d,290.4,145.2,50.0,L1_discount_abuse,True
e405a05e7cb02776a17ecb51733fa00a,220.29,73.43,66.67,L1_discount_abuse,True
e42d675de97fa2ce82d7090d2e1627de,405.87,135.29,66.67,L1_discount_abuse,True
e43abf9982299e5688c4848401c0fe83,408.12,136.04,66.67,L1_discount_abuse,True
e46e94a05d2d44bd56759d2e056649ea,845.46,563.64,33.33,L1_discount_abuse,True
e4701cf302a9b3cc9efc51f06f354ecf,199.4,99.7,50.0,L1_discount_abuse,True
e47a63ad65b54953702eae37cb14632b,463.0,92.6,80.0,L1_discount_abuse,True
e47ac2609ce0ccd8dab33391118792fb,271.52,33.94,87.5,L1_discount_abuse,True
e481f51cbdc54678b7cc49136f2d6af7,116.13,38.71,66.67,L1_discount_abuse,True
e4825515f8ef501b2887a2ad0685621a,137.1,45.7,66.67,L1_discount_abuse,True
e49d0607832db7c3b1343764225d8df6,680.14,340.07,50.0,L1_discount_abuse,True
e4a4383d0ef8c742a8c2c58be61b9722,269.16,134.58,50.0,L1_discount_abuse,True
e4af24dd6ee24be6d64c1adbd58819bb,192.86,96.43,50.0,L1_discount_abuse,True
e4cbb88fcf9a02837b22b1f6f812a9ed,428.08,107.02,75.0,L1_discount_abuse,True
e4d3feeb8db71932f3211bb585169c4a,163.9,81.95,50.0,L1_discount_abuse,True
e4dfcaf56a2c7a993710bbc5d10a3d06,126.66,63.33,50.0,L1_discount_abuse,True
e4f669bb9b79875231a2cf27ab8dd229,1070.08,535.04,50.0,L1_discount_abuse,True
e52c2cb181473eb8935fbb121d21628c,213.7,106.85,50.0,L1_discount_abuse,True
e5535466d23681cc97013097a0644150,424.04,212.02,50.0,L1_discount_abuse,True
e5553d5b13eca7d505eef090ff6e7bfc,324.1,162.05,50.0,L1_discount_abuse,True
e56d88cbec1f6fa11c71a07941433b0c,2612.52,1306.26,50.0,L1_discount_abuse,True
e57050216cdcbc40e35c8f5667f7806e,136.86,68.43,50.0,L1_discount_abuse,True
e571dfc21abcbe1ae8795d4a8a6b057a,130.0,65.0,50.0,L1_discount_abuse,True
e5abf89c50ab4087ce3b700ae5dac49a,254.22,127.11,50.0,L1_discount_abuse,True
e5af3df04e781dc26254b1bec2563848,441.45,147.15,66.67,L1_discount_abuse,True
e5b57b95d37521ae98578f0d22af3a2b,47.7,23.85,50.0,L1_discount_abuse,True
e5d30ef739b1ed6f89f11ff5fd9e285a,93.5,46.23,50.56,L1_discount_abuse,True
e5d40f85d5e6270ed8680e3fbff77dbe,398.4,199.2,50.0,L1_discount_abuse,True
e5db5ce380f52125b3748bf78fdc7971,211.78,105.89,50.0,L1_discount_abuse,True
e5e1c16f3df58122b4b4c212ff8a9439,230.7,115.35,50.0,L1_discount_abuse,True
e69bfb5eb88e0ed6a785585b27e16dbf,339.52,169.76,50.0,L1_discount_abuse,True
e6a2252129858aee352dc9c99712afa9,143.08,71.54,50.0,L1_discount_abuse,True
e6a66a8350bb88497954d37688ab123e,734.8,91.85,87.5,L1_discount_abuse,True
e6b366b1ca31e3d1a57113196398f8dd,148.82,74.41,50.0,L1_discount_abuse,True
e6c31d156f3b4cbe1942da11b01e386f,756.5,378.25,50.0,L1_discount_abuse,True
e6f1079796c9aa6e372d9c759310b5c2,181.91,91.86,49.5,L1_discount_abuse,True
e71fb32bec49dd4112bcbcc19126d388,105.54,52.77,50.0,L1_discount_abuse,True
e733891de1c5b78d0d7f77863402659b,365.24,182.62,50.0,L1_discount_abuse,True
e7475420bf383cf47bda792c4efc13c8,642.16,160.54,75.0,L1_discount_abuse,True
e751df080556bc6d287bfb067be23393,67.5,37.46,44.5,L1_discount_abuse,True
e759e1b127010b3f3da189a919ae300c,100.68,50.34,50.0,L1_discount_abuse,True
e77eb7578799cc588feca0f6cf56a49e,35.56,17.78,50.0,L1_discount_abuse,True
e7b01e38e214dfdeaa5c9c98f911a7e4,354.98,177.49,50.0,L1_discount_abuse,True
e7bce5a1c5efd269eabdafea3013839b,304.71,101.57,66.67,L1_discount_abuse,True
e7fed674bb29ac98193d392f363cfcf1,84.18,17.45,79.27,L1_discount_abuse,True
e819c0a367da758c5e60ddaee6890dc0,725.92,362.96,50.0,L1_discount_abuse,True
e821c71ba6efed0813bbc0a01a95f24d,251.26,125.63,50.0,L1_discount_abuse,True
e866dc21d680405383a1dcad4821f2df,172.3,86.15,50.0,L1_discount_abuse,True
e86b1b2dd48839d7351406434afb578d,97.14,32.38,66.67,L1_discount_abuse,True
e8861a9f094841902cf93913969fbb7f,200.68,100.34,50.0,L1_discount_abuse,True
e897d96adf4da16805cd6faf2913ce48,1709.78,854.89,50.0,L1_discount_abuse,True
e89e48d863049f7ca8a49758ae99f58a,148.82,74.41,50.0,L1_discount_abuse,True
e8a6d329a01bec6edaf5e8bf65b4b9e3,251.06,125.53,50.0,L1_discount_abuse,True
e8b79ed0b3aa49f3a28b6939a3db249f,131.74,65.87,50.0,L1_discount_abuse,True
e907b2e33705c695c9086a8e3ba8be42,63.38,31.69,50.0,L1_discount_abuse,True
e90eebea41d76d0c1dbc1253391ca5d3,240.16,120.08,50.0,L1_discount_abuse,True
e92dbc16b2df28e1edb1d957392cca07,77.02,38.51,50.0,L1_discount_abuse,True
e9412fef2accbb245c4232829673c90c,305.14,152.57,50.0,L1_discount_abuse,True
e9613fa6e02ff8ae45f37ca30b0468a1,747.64,373.82,50.0,L1_discount_abuse,True
e96c4302510359c340adad478ba16cb0,51.1,25.55,50.0,L1_discount_abuse,True
e9d200068a4ce740a45a51198b50c355,115.02,57.51,50.0,L1_discount_abuse,True
e9d2ee85d4e02fd80bd039f3eb4d549d,279.22,139.61,50.0,L1_discount_abuse,True
e9d368c231d559667f6906ba8421d74e,74.18,37.09,50.0,L1_discount_abuse,True
e9d424615d8805614e254bf5c170bef8,681.81,227.27,66.67,L1_discount_abuse,True
e9d5fd7f8cef3acbe54ba2b771856038,109.48,54.74,50.0,L1_discount_abuse,True
e9dc230425f2e6480a1ff929cd2582d5,423.2,211.6,50.0,L1_discount_abuse,True
e9e55b29d529e773405084277bdf7659,204.42,68.14,66.67,L1_discount_abuse,True
ea012d24e4317506128e0c9e78719e64,103.68,51.84,50.0,L1_discount_abuse,True
ea0f64679be1b080d448187df10e8a1b,585.0,195.0,66.67,L1_discount_abuse,True
ea22618b32b3545da7c820e1ea37f0f6,68.4,34.2,50.0,L1_discount_abuse,True
ea36139bc595b9fe7aa21e2c78037185,2249.92,1124.96,50.0,L1_discount_abuse,True
ea43bc65126ad69392a37907bd400c49,292.04,146.02,50.0,L1_discount_abuse,True
ea461a2421a4be04b0d69e11e12788ca,114.4,57.2,50.0,L1_discount_abuse,True
ea7835f19dc6af291955d6e270d443f4,4132.68,2066.34,50.0,L1_discount_abuse,True
ea7dfe9f928b33cb2e9d8bc99dd7e0f3,250.66,125.33,50.0,L1_discount_abuse,True
ea9184ad433a404df1d72fa0a8764232,538.6,107.72,80.0,L1_discount_abuse,True
ea9698a810cde28c3c7a480eb46780ba,104.76,52.38,50.0,L1_discount_abuse,True
eaa0211ae0667cb758713505ee149479,46.54,23.27,50.0,L1_discount_abuse,True
eaa10b1bfc8e98b22d99dc4e96ef6a83,266.96,133.48,50.0,L1_discount_abuse,True
eaab44d4e74c7fffbef5ea53e34068a1,87.64,46.36,47.1,L1_discount_abuse,True
eac9a6eb5ffd533239d332b2171c7bcb,135.82,67.91,50.0,L1_discount_abuse,True
eac9fa296664c0f38ee19863c7346e32,166.12,83.06,50.0,L1_discount_abuse,True
eacbe7948aadfac0292211f2f352fdeb,387.92,193.96,50.0,L1_discount_abuse,True
eb09635680fadffb33358e40b05c9029,424.54,212.27,50.0,L1_discount_abuse,True
eb6b32a82d2459d0ce7f2089f9eba0f2,1095.12,121.68,88.89,L1_discount_abuse,True
eb73628992e7d5099384b8016d82e775,539.08,269.54,50.0,L1_discount_abuse,True
eb792f8381af26c29f5976437239c812,232.26,116.13,50.0,L1_discount_abuse,True
eb92f6fdb8dcd9a9ab21c341b4a3ca5f,43.54,21.77,50.0,L1_discount_abuse,True
eb999d408b8016b7bd014cf08348fe86,212.76,106.38,50.0,L1_discount_abuse,True
eba78f5ad48cd2dc7f836491fd62e335,375.52,187.76,50.0,L1_discount_abuse,True
ebb5116440ccdfdc111d58849b096401,127.94,63.97,50.0,L1_discount_abuse,True
ebddf8921a89c56e1f375877575aecbd,170.3,85.15,50.0,L1_discount_abuse,True
ec3a75fb0ac595e461765d2d854b1d08,168.64,84.32,50.0,L1_discount_abuse,True
eca3005a4f60ceb77b67a30b74095ddf,42.44,21.22,50.0,L1_discount_abuse,True
ecca17940ac000efeca3a8bbb3866591,155.22,81.74,47.34,L1_discount_abuse,True
ed0094f95927e35ebb97a275ed02d046,359.1,71.82,80.0,L1_discount_abuse,True
ed130f481df6a3d6729bee8371261e93,661.62,220.54,66.67,L1_discount_abuse,True
ed3d229ff5daade6f2f99efc36a7fd05,165.3,55.1,66.67,L1_discount_abuse,True
ed7200b041e08a9814ac30587b7e62bd,71.54,35.77,50.0,L1_discount_abuse,True
edc8ed56158af55c22d0d8153e921879,289.34,144.67,50.0,L1_discount_abuse,True
edfcc0d0ec1030a8e909f9fe588f6a02,680.14,340.07,50.0,L1_discount_abuse,True
ee02295dfa5d0519664c1dcd4a70e87f,524.58,174.86,66.67,L1_discount_abuse,True
ee08d8ee1e91201837b8d764336db291,106.54,53.27,50.0,L1_discount_abuse,True
ee12a50463df80c62439cca9feb9f971,81.44,40.72,50.0,L1_discount_abuse,True
ee1d764213dcddf5a39ca6107a6a0ca8,557.0,278.5,50.0,L1_discount_abuse,True
ee491eb103d02acce80f7c5950def51d,128.0,64.0,50.0,L1_discount_abuse,True
ee55d5ed8f8d07169b07321887d45eb9,84.47,44.49,47.33,L1_discount_abuse,True
ee567e300ec0ae4dd30d3e26ac581021,62.22,31.11,50.0,L1_discount_abuse,True
ee6ccb9e2ac9c3de0114a22625cbc859,87.8,44.23,49.62,L1_discount_abuse,True
ee6e534a07e12c5f2bf72cc7fc6873df,253.77,84.59,66.67,L1_discount_abuse,True
ee8f5d7599c575d8f8eb1a2ea7d66686,120.3,40.1,66.67,L1_discount_abuse,True
ee9ca989fc93ba09a6eddc250ce01742,1571.87,82.73,94.74,L1_discount_abuse,True
eeabc78605ac96ecbf5faa71117f660f,90.56,45.28,50.0,L1_discount_abuse,True
eedc6468311e8bd6f486d10ceef187f9,252.46,126.23,50.0,L1_discount_abuse,True
ef4bc8427056ff783a9f404b902a26c5,204.06,102.03,50.0,L1_discount_abuse,True
ef61fdf80c9616f588668f63379461bf,450.44,225.22,50.0,L1_discount_abuse,True
ef79852572532629bfd78b06d07055c5,83.95,47.27,43.69,L1_discount_abuse,True
ef82fc4c2d59e67b942de26791b617c9,515.58,257.79,50.0,L1_discount_abuse,True
ef8ad84adcf1d4c437f165f437e238f6,248.74,124.37,50.0,L1_discount_abuse,True
ef8e8348ba291917542268f900fac505,404.56,101.14,75.0,L1_discount_abuse,True
efa916a75b5d88fd21c5e217c691e81b,1107.15,221.43,80.0,L1_discount_abuse,True
efaf4d6a16d8eac0474f3f0b6e632a74,165.4,82.7,50.0,L1_discount_abuse,True
efdd2a16264f8e4d18564f8e7deb071c,175.16,47.36,72.96,L1_discount_abuse,True
eff7518af43b9c489aefc02f5957f330,112.08,37.36,66.67,L1_discount_abuse,True
f014dfdae1ca2bda29bd1c98870ccd49,209.4,104.7,50.0,L1_discount_abuse,True
f01557208e34bd6c092c907754981421,214.41,110.13,48.63,L1_discount_abuse,True
f01a2dd1fe1bb662f246971e563eb4ca,81.2,40.6,50.0,L1_discount_abuse,True
f03c75c7842d1d7b641dcfa746784c85,88.16,44.08,50.0,L1_discount_abuse,True
f0480d88b450df6f626639e82382b722,185.44,92.72,50.0,L1_discount_abuse,True
f0a3681de8bc46b204500087357b2a89,141.82,70.91,50.0,L1_discount_abuse,True
f0a5b7c94819c69d12a1c0458ec74756,165.36,82.68,50.0,L1_discount_abuse,True
f0e888236afb66e9bfac24a6100bbf53,65.16,32.58,50.0,L1_discount_abuse,True
f0eaecfa7f4a74e4227e177eb23ed299,77.8,38.9,50.0,L1_discount_abuse,True
f0fc39347a86802c8df13bde9111b01a,166.12,83.06,50.0,L1_discount_abuse,True
f12388e0e8c7694fc38c8de19261054c,1146.67,163.81,85.71,L1_discount_abuse,True
f1340835d29043d62518455ea808c84e,338.85,112.95,66.67,L1_discount_abuse,True
f1367a0a8fa445363c4e6d5a529db4a5,73.56,36.78,50.0,L1_discount_abuse,True
f1631176a5776079ef8293f9c66f1a90,143.42,71.71,50.0,L1_discount_abuse,True
f16cbac8a72057c2daba4b64662100ba,998.58,499.29,50.0,L1_discount_abuse,True
f16daf0b2c8f62c13982bba10f575145,230.74,115.37,50.0,L1_discount_abuse,True
f1708e42407809453b1cd03f25c055e5,206.66,103.33,50.0,L1_discount_abuse,True
f192cff10ef337b0ec9028f2cb9bf874,208.2,104.1,50.0,L1_discount_abuse,True
f19584f0d2c7cbccc05621c23dee5cb3,189.8,94.9,50.0,L1_discount_abuse,True
f19fff48230be5d17b1e9f75b268ebce,376.68,188.34,50.0,L1_discount_abuse,True
f1c179e3b024edd6b12fa92fb91590a6,369.86,184.93,50.0,L1_discount_abuse,True
f1cefe8e64d1771be13b8fd8360385e3,325.32,108.44,66.67,L1_discount_abuse,True
f1d5c2e6867fa93ceee9ef9b34a53cbf,19.18,9.59,50.0,L1_discount_abuse,True
f1d6313ed30c82ba1523aad41c60685e,284.56,71.14,75.0,L1_discount_abuse,True
f21047183b971c406e3fb28df8e9d5a8,415.3,207.65,50.0,L1_discount_abuse,True
f221e96b7de74d489ab306e560fb83a1,1212.22,606.11,50.0,L1_discount_abuse,True
f232d1da0838df24b1d767072fb6ad31,434.26,217.13,50.0,L1_discount_abuse,True
f237e8ddc05a21386ec9441d40f8e09e,511.0,102.2,80.0,L1_discount_abuse,True
f259ace2918014b4f1e11fc422ed703a,145.8,72.9,50.0,L1_discount_abuse,True
f25f425c1627a369f769d91d56c3da67,781.54,390.77,50.0,L1_discount_abuse,True
f26fa27bb0f1337c570d70e32fc2e413,57.88,28.94,50.0,L1_discount_abuse,True
f2b05b43011210214069c513de56b6b0,416.18,208.09,50.0,L1_discount_abuse,True
f2b150da2994a9a654a8af90977b9cc9,98.65,49.12,50.21,L1_discount_abuse,True
f2bb7508b86fc27a97223eb329244fa5,218.68,109.34,50.0,L1_discount_abuse,True
f2cf45e30b7281798c16050559433fe9,146.54,73.27,50.0,L1_discount_abuse,True
f303983d1d0592df48b9dc1cea9bb871,151.24,75.62,50.0,L1_discount_abuse,True
f30b5e94b68ee195b6ec2d817e5bef0c,325.36,162.68,50.0,L1_discount_abuse,True
f31535f21d145b2345e2bf7f09d62322,446.52,223.26,50.0,L1_discount_abuse,True
f338453ca69a4ab210fb2f6184e7f6ce,106.38,53.19,50.0,L1_discount_abuse,True
f35e931a720c89ba31489a6f86fbf985,229.38,114.69,50.0,L1_discount_abuse,True
f35eb369cd2607e2157e8b1a7376befd,376.12,188.06,50.0,L1_discount_abuse,True
f3696a8355ea6d1732f4265a3383b707,815.8,407.9,50.0,L1_discount_abuse,True
f36c1228bd06f0ffe6595b5b4bcc4bdd,207.1,103.55,50.0,L1_discount_abuse,True
f37bdf37547266e7d6760e52bc87dfe3,105.54,52.77,50.0,L1_discount_abuse,True
f398a143c0fe171d965db2096cf064cf,6594.8,3297.4,50.0,L1_discount_abuse,True
f399b1b1cbfba9dbe26183ac60e6eae8,195.42,97.71,50.0,L1_discount_abuse,True
f3ac96719aada8e7d197ff55ddea4d12,193.3,96.65,50.0,L1_discount_abuse,True
f3f9b48af7d08820e387bb0ead261105,275.3,137.65,50.0,L1_discount_abuse,True
f3fdee8d27166359de2abe05ec16b351,137.32,68.66,50.0,L1_discount_abuse,True
f40832d895b3e03277b9ef60c23d323c,373.14,186.57,50.0,L1_discount_abuse,True
f409f5ae35c08a9135d9e5d15ec6ab67,465.28,232.64,50.0,L1_discount_abuse,True
f4292190db56513f0a25ed9fa7fd2f10,420.24,280.16,33.33,L1_discount_abuse,True
f44cb69655f8e4d13e7aae7cdd3d3c25,328.64,164.32,50.0,L1_discount_abuse,True
f45cb38ce99572f3f71de38bebeee589,351.12,175.56,50.0,L1_discount_abuse,True
f4648b67b522b668ee82118f15e903d6,73.56,36.78,50.0,L1_discount_abuse,True
f464a113cdd89833ee98d4a56f41d8c5,170.48,85.24,50.0,L1_discount_abuse,True
f464bdc3b17c2085e54b66d8e5ae1695,51.54,25.77,50.0,L1_discount_abuse,True
f489949dbe23cf9313deb342913ece0c,10055.22,1436.46,85.71,L1_discount_abuse,True
f4bfb8dea9ecdb8ecff6f92691e8f45d,115.16,57.58,50.0,L1_discount_abuse,True
f4d3a6f8b3c011cb012b39fdfb4817e8,153.88,76.94,50.0,L1_discount_abuse,True
f4e88b3ce1eb899d388467aa702fdf93,175.65,58.55,66.67,L1_discount_abuse,True
f4eef947e4385f95c5a7184a689fe241,75.1,37.55,50.0,L1_discount_abuse,True
f4efba146388fcb18269422b1a903e86,289.08,144.54,50.0,L1_discount_abuse,True
f526502583165bcf37f59cb5092ba1e7,172.98,86.49,50.0,L1_discount_abuse,True
f54fc4773a70856861f06fd47df664aa,605.06,302.53,50.0,L1_discount_abuse,True
f567c242e80099599cc0202343266187,112.24,56.12,50.0,L1_discount_abuse,True
f58228001d45c09c8447ef1f2fa6a2df,126.34,63.17,50.0,L1_discount_abuse,True
f5ad4f3e25e8adb066f7c5ace4732dfc,57.56,28.78,50.0,L1_discount_abuse,True
f5fb033cb83c2cd5df7b7fea30ae0cbd,202.68,101.34,50.0,L1_discount_abuse,True
f610e3e4a9ad8742b67f429e2772ee72,166.1,83.05,50.0,L1_discount_abuse,True
f6284b20e702b2576ee9a3531fde571d,225.1,112.55,50.0,L1_discount_abuse,True
f63a31c3349b87273468ff7e66852056,92.2,46.1,50.0,L1_discount_abuse,True
f64b1037e9e9b824414ca423e452b1d0,249.69,83.23,66.67,L1_discount_abuse,True
f67ad055c8a64745e26ca8d2f7a70b7b,265.6,132.8,50.0,L1_discount_abuse,True
f694a43692e80583d2b5b561d4af4488,196.18,98.09,50.0,L1_discount_abuse,True
f6ba6de181266b918292db17ba6616b8,813.34,406.67,50.0,L1_discount_abuse,True
f6bc6adf1c408945d9032cad7c5b07ce,88.84,44.42,50.0,L1_discount_abuse,True
f6cbd0bea76d160391128a43b629ae9f,168.22,84.11,50.0,L1_discount_abuse,True
f6cc9e6914d9aa4fd5dc1d380ca571a7,527.12,313.3,40.56,L1_discount_abuse,True
f6dc27f458238a8916cdac32d9275d66,79.22,39.61,50.0,L1_discount_abuse,True
f6e680d7d727a699aa6a16bc524be196,71.8,35.9,50.0,L1_discount_abuse,True
f6efef5d403a2c70636e3903f1ebd151,52.26,27.16,48.03,L1_discount_abuse,True
f745c78fabb1f206f5e1d67d8e25dddb,495.52,247.76,50.0,L1_discount_abuse,True
f75d04d7bf218d0026ebdbd703d70fa0,1141.48,570.74,50.0,L1_discount_abuse,True
f75f6ef2200a609b9a11d7650ae623f2,2243.71,320.53,85.71,L1_discount_abuse,True
f785cc464b127c6e2ab598f33907437e,235.58,117.79,50.0,L1_discount_abuse,True
f7959f8385f34c4f645327465a1c9fc4,57.72,28.86,50.0,L1_discount_abuse,True
f7a8fae2d2d1ed95f1413db630a42dbe,2485.08,1242.54,50.0,L1_discount_abuse,True
f7abe88fbe9b7ae7a46f897236e58d31,234.94,52.43,77.68,L1_discount_abuse,True
f7adb52b8785594c7e357054489e371a,240.32,120.16,50.0,L1_discount_abuse,True
f7bb51594cfc866efaf10953ccb34f85,126.5,63.25,50.0,L1_discount_abuse,True
f7c82561ae5213f3564251a07c475d1e,505.47,168.49,66.67,L1_discount_abuse,True
f7e9f0f0c92fa9d46dc73e8f6d28ab96,336.57,112.19,66.67,L1_discount_abuse,True
f7fad682a022f51cd2cd7355ae941ba4,317.88,79.47,75.0,L1_discount_abuse,True
f8033eab5248939afe7fa7feb4ac4866,589.5,117.9,80.0,L1_discount_abuse,True
f80bb64f9bb2ac4ced01632c44a67e0d,201.28,100.64,50.0,L1_discount_abuse,True
f829a70601d740aed0868f3aee51da03,346.35,115.45,66.67,L1_discount_abuse,True
f8813be969dfa2d97ee44b025c9bcaf3,272.22,136.11,50.0,L1_discount_abuse,True
f8a9c0be5071e2ca36f561ad567b1800,164.94,54.98,66.67,L1_discount_abuse,True
f8bd3f2000c28c5342fedeb5e50f2e75,17.78,9.61,45.94,L1_discount_abuse,True
f8c9df743a18aeeedd550486dbe39689,301.28,150.64,50.0,L1_discount_abuse,True
f9281da15642bc69f27307e1dc987b30,127.66,63.83,50.0,L1_discount_abuse,True
f92af4956f690ebc9200d25029ce7c06,138.62,80.26,42.1,L1_discount_abuse,True
f94a0d648c163f130c9d36d4ba790dfe,543.84,271.92,50.0,L1_discount_abuse,True
f95d91071966bc70023eae0e1750c1fc,185.66,92.83,50.0,L1_discount_abuse,True
f967a36beb9cc4a1c8899db2d4adfacb,73.86,36.93,50.0,L1_discount_abuse,True
f967e8851f01d6b40232cae3384f06c8,283.76,141.88,50.0,L1_discount_abuse,True
f98f9045770394ee230d0feec0817fe1,55.54,27.77,50.0,L1_discount_abuse,True
f99194329617b84446bef86322b39b74,74.48,37.24,50.0,L1_discount_abuse,True
f9ae6383e4dfb7b5d309593d052000d6,197.8,98.9,50.0,L1_discount_abuse,True
f9ba4a7646e78ee867081f9a098c3290,236.7,118.35,50.0,L1_discount_abuse,True
f9e65963f3f83f99489c898626cadd7e,105.36,52.68,50.0,L1_discount_abuse,True
fa0516e60526f3547106618fe2482801,321.58,160.79,50.0,L1_discount_abuse,True
fa086b521df2d133df67f2883eadad21,705.9,235.3,66.67,L1_discount_abuse,True
fa0c6595d02f168f7557693dbffa7b69,62.36,31.18,50.0,L1_discount_abuse,True
fa4dc5d499f35cf8ea22c543c6a36c10,314.22,157.11,50.0,L1_discount_abuse,True
fa5d6b6dd3a9ed01e21e57c5918e15cf,213.42,71.14,66.67,L1_discount_abuse,True
fa80b749949aa00910e069eb9b83be29,85.24,42.54,50.1,L1_discount_abuse,True
fa9b3f5a0eef7954729a194715780e1b,48.02,24.01,50.0,L1_discount_abuse,True
fac46d930d37818d176f4c8e00fc5f4c,188.36,94.18,50.0,L1_discount_abuse,True
fac5aea2eb44617d8aab053d9172f29a,230.3,115.15,50.0,L1_discount_abuse,True
faf1a9a55f20bf03661c87c19dae1d92,115.66,57.83,50.0,L1_discount_abuse,True
fb260abf14e47c95a0b19acb1ab3ed43,105.0,35.0,66.67,L1_discount_abuse,True
fb3e580f779650bcf586bbdbec2858f0,241.6,120.8,50.0,L1_discount_abuse,True
fb4de3600d359f84927517e78ff9ba54,419.4,69.9,83.33,L1_discount_abuse,True
fb7688c98b85305cf636fb26b2804186,96.46,48.23,50.0,L1_discount_abuse,True
fb89dbec79bc8b1f0d12165058cb1cb3,308.98,154.49,50.0,L1_discount_abuse,True
fbacbe04cbdc1c9aadf3409a9aa1e9a0,1003.58,501.79,50.0,L1_discount_abuse,True
fbbc0a864330509c41ca4b4f0ff9b780,462.54,231.27,50.0,L1_discount_abuse,True
fbc32bc4a800352a5c9d8a57828b4727,448.04,224.02,50.0,L1_discount_abuse,True
fbd05af8c1751b972fc6e19b1190990e,206.22,103.11,50.0,L1_discount_abuse,True
fbe3a31675cc6b48eff1c765ae6bfb06,333.6,166.8,50.0,L1_discount_abuse,True
fbfb14bfcbaabcc1473524656c76a4cb,151.02,75.51,50.0,L1_discount_abuse,True
fbff77db5421bb7e1da292db45d07e75,111.92,55.96,50.0,L1_discount_abuse,True
fc297415452e5dc0d06afcd16e864ca8,460.6,115.15,75.0,L1_discount_abuse,True
fc2f86d56413e4c2e64ffd50117f6a6b,334.92,167.46,50.0,L1_discount_abuse,True
fc62afb57b86ee5363aee2b7c04421c0,213.8,106.9,50.0,L1_discount_abuse,True
fc6e9a6cd6985d3d454cccfdfdf66931,276.72,138.36,50.0,L1_discount_abuse,True
fc6f84b0e39444f7c25d54107317faca,745.38,372.69,50.0,L1_discount_abuse,True
fc965b1e986dea6cd20ac94c50878a75,150.32,75.16,50.0,L1_discount_abuse,True
fcab9e8b311ef84e1dce97a58af5b7c5,107.9,53.95,50.0,L1_discount_abuse,True
fccf0d3397491d555ae0d9a4689bfc29,291.14,145.57,50.0,L1_discount_abuse,True
fcf9b8fad0bf8c9ebbe6ac43a434d0d9,106.1,53.05,50.0,L1_discount_abuse,True
fd10deeb9842f5c285152824f810fc08,142.28,71.14,50.0,L1_discount_abuse,True
fd28a6dfe413804d0b89b7c9abf5b1f3,423.92,211.96,50.0,L1_discount_abuse,True
fd2b75f431649ee3de573b444d320f48,297.06,198.04,33.33,L1_discount_abuse,True
fd513fb508fefbe0ce7bfb8fd1bee4fc,222.21,74.07,66.67,L1_discount_abuse,True
fd79284ba0bd11e560e236f939640143,480.88,240.44,50.0,L1_discount_abuse,True
fd85717bc49c767347b7b46317392d7d,131.42,65.71,50.0,L1_discount_abuse,True
fd867bdd8258af11c6d8d6ff8c6c82db,71.04,35.52,50.0,L1_discount_abuse,True
fd86c80924b4be8fb7f58c4ecc680dae,497.52,331.68,33.33,L1_discount_abuse,True
fd87d98feff1673e27f7302bceb00cf6,319.5,159.75,50.0,L1_discount_abuse,True
fd9b8ed51e5ffedf7a56bea36cc5b6f9,286.64,143.32,50.0,L1_discount_abuse,True
fd9cab205c6b8e485793804e2fdab6fc,75.56,37.78,50.0,L1_discount_abuse,True
fdb64e7a41f724c8b968b87ad729c6ce,144.28,72.14,50.0,L1_discount_abuse,True
fdcafe63dae6994927f09336202f66ea,107.92,53.96,50.0,L1_discount_abuse,True
fdd4a975a3f9bbe439a0faf0fa587f83,70.0,35.0,50.0,L1_discount_abuse,True
fde8ee361a63b2ee323ac574ee41524f,259.15,112.02,56.78,L1_discount_abuse,True
fdf459030a31d8361d80f9994ad7f8c4,215.56,107.78,50.0,L1_discount_abuse,True
fdff9c6a7acb0e02d1cea8d18811e251,517.8,258.9,50.0,L1_discount_abuse,True
fe03e808df6c069fbc70b82be411d07e,288.1,144.05,50.0,L1_discount_abuse,True
fe133ae09efe51778e36c40cd00ece6f,168.6,56.2,66.67,L1_discount_abuse,True
fe3dc8be25e5bf90ae8fc3c6d7f680bf,766.62,383.31,50.0,L1_discount_abuse,True
fe4021e2697d2b86229336b10e91128c,64.66,32.33,50.0,L1_discount_abuse,True
fe51b7fac3bea42115fa1c3b8973cba7,88.76,44.38,50.0,L1_discount_abuse,True
fe583f15d230c8ef63b9c1e8053a5240,82.18,41.09,50.0,L1_discount_abuse,True
fe678293ea3bb6607a15b2e320e91722,610.68,203.56,66.67,L1_discount_abuse,True
fe716cfce373a25b4ceadf7e5d410b0c,75.84,37.92,50.0,L1_discount_abuse,True
fe98cb0615a7611265d8955be5ca9497,54.36,22.02,59.49,L1_discount_abuse,True
fec086a14f64723dead262e2bfba3284,525.2,262.6,50.0,L1_discount_abuse,True
fec5c44b191dacb759c39338c8c934a0,144.28,72.14,50.0,L1_discount_abuse,True
fedcd9f7ccdc8cba3a18defedd1a5547,3909.06,411.48,89.47,L1_discount_abuse,True
fee9afa24ed743a26803c4d03e8ba5e1,123.56,61.78,50.0,L1_discount_abuse,True
fef89b64a9e94a0533f8c0afa152f524,62.58,31.29,50.0,L1_discount_abuse,True
fefbe15ebcd87ab3fb8577e635a8b31c,169.14,28.19,83.33,L1_discount_abuse,True
ff027db47fd74b1bcf2dd6c24f0b809e,239.06,119.53,50.0,L1_discount_abuse,True
ff1f8f328e5a59ac754240b6dd31bcb4,1032.24,774.18,25.0,L1_discount_abuse,True
ff20ee702706d9e407a34de9fe2ff768,364.2,182.1,50.0,L1_discount_abuse,True
ff7400d904161b62b6e830b3988f5cbd,309.92,154.96,50.0,L1_discount_abuse,True
ff978de32e717acd3b5abe1fb069d2b6,196.56,49.14,75.0,L1_discount_abuse,True
ffa1dd97810de91a03abd7bd76d2fed1,910.62,455.31,50.0,L1_discount_abuse,True
ffa39020fe7c8a3e907320e1bec4b985,142.28,71.14,50.0,L1_discount_abuse,True
ffc730a0615d28ec19f9cad02cb41442,54.78,27.39,50.0,L1_discount_abuse,True
