year_week,category_en,orders_count,weekly_revenue,rolling_mean,rolling_std,rolling_median,upper_bound,lower_bound,z_score,is_anomaly,revenue_at_risk,cancellations,avg_order_value,cancellation_rate,revenue_vs_baseline,orders_vs_baseline,if_score,if_prediction,if_anomaly,flagged_by_zscore,flagged_by_both
2017-W04,agro_industry_and_commerce,1,122.84,,,,,,0.0,False,,0,61.42,0.0,1.0,1.0,-0.39362466801399354,1,False,False,False
2017-W05,agro_industry_and_commerce,2,82.85,,,,,,0.0,False,,0,41.42,0.0,1.0,1.0,-0.39982446143853384,1,False,False,False
2017-W06,agro_industry_and_commerce,2,153.64,,,,,,0.0,False,,0,76.82,0.0,1.0,1.0,-0.3911183269826684,1,False,False,False
2017-W07,agro_industry_and_commerce,3,104.85,,,,,,0.0,False,,0,34.95,0.0,1.0,1.0,-0.4182289226048244,1,False,False,False
2017-W08,agro_industry_and_commerce,1,36.1,116.04,29.93,113.84,175.9,56.19,-2.67,True,20.09,0,12.03,0.0,0.31109962082040676,0.5,-0.46111854164844784,1,False,True,False
2017-W11,agro_industry_and_commerce,1,74.17,100.06,44.16,104.85,188.37,11.74,-0.59,False,0.0,0,74.17,0.0,0.7412552468518888,0.5555555555555556,-0.38239885717259214,1,False,False,False
2017-W12,agro_industry_and_commerce,1,36.52,95.74,40.89,93.85,177.51,13.97,-1.45,False,0.0,0,36.52,0.0,0.38144975976603307,0.6,-0.4065051879551567,1,False,False,False
2017-W18,agro_industry_and_commerce,1,67.77,87.28,43.52,82.85,174.32,0.24,-0.45,False,0.0,0,67.77,0.0,0.7764665444546287,0.6363636363636364,-0.38301295014532827,1,False,False,False
2017-W19,agro_industry_and_commerce,1,657.61,84.84,40.88,78.51,166.6,3.09,14.01,True,0.0,0,657.61,0.0,7.751178689297501,0.6666666666666666,-0.6412671550662578,-1,True,False,False
2017-W20,agro_industry_and_commerce,1,957.15,151.69,207.9,78.51,567.5,0.0,3.87,True,0.0,0,957.15,0.0,6.309908365745929,0.6666666666666666,-0.5270544993827719,1,False,False,False
2017-W21,agro_industry_and_commerce,1,81.21,260.98,348.68,89.51,958.34,0.0,-0.52,False,0.0,0,81.21,0.0,0.3111732699823741,0.7272727272727273,-0.3855176575267676,1,False,False,False
2017-W26,agro_industry_and_commerce,1,1422.05,251.92,352.78,77.69,957.49,0.0,3.32,True,0.0,0,1422.05,0.0,5.644847570657352,0.8,-0.5757898298350741,1,False,False,False
2017-W28,agro_industry_and_commerce,1,1199.47,416.57,534.77,77.69,1486.12,0.0,1.46,False,0.0,0,1199.47,0.0,2.8793960198766113,1.0,-0.49169178056109714,1,False,False,False
2017-W35,agro_industry_and_commerce,1,898.4,561.99,573.32,369.41,1708.63,0.0,0.59,False,0.0,0,224.6,0.0,1.5986049573835832,1.0,-0.4062393048699385,1,False,False,False
2017-W36,agro_industry_and_commerce,1,418.04,665.02,546.57,778.0,1758.16,0.0,-0.45,False,0.0,0,418.04,0.0,0.6286126733030586,1.0,-0.38112964808170396,1,False,False,False
2017-W37,agro_industry_and_commerce,1,854.33,712.71,498.42,778.0,1709.55,0.0,0.28,False,0.0,0,854.33,0.0,1.1987063461997165,1.0,-0.4248013109022255,1,False,False,False
2017-W38,agro_industry_and_commerce,1,1694.64,811.03,425.22,876.36,1661.48,0.0,2.08,True,0.0,0,847.32,0.0,2.0894911408949115,1.0,-0.45188209648820665,1,False,False,False
2017-W40,agro_industry_and_commerce,1,43.72,940.66,519.41,927.78,1979.48,0.0,-1.73,False,0.0,0,43.72,0.0,0.04647800480513682,1.0,-0.4114110226626879,1,False,False,False
2017-W41,agro_industry_and_commerce,1,37.1,826.48,608.09,876.36,2042.67,0.0,-1.3,False,0.0,0,37.1,0.0,0.04488916852192431,1.0,-0.40606023096888705,1,False,False,False
2017-W42,agro_industry_and_commerce,1,948.35,820.97,615.96,876.36,2052.9,0.0,0.21,False,0.0,0,948.35,0.0,1.1551579229448092,1.0,-0.4260467228375061,1,False,False,False
2017-W43,agro_industry_and_commerce,2,2529.26,761.76,571.06,876.36,1903.88,0.0,3.1,True,0.0,0,1264.63,0.0,3.3202846040747747,2.0,-0.5363615067827258,1,False,False,False
2017-W45,agro_industry_and_commerce,2,1434.27,927.98,844.66,876.36,2617.31,0.0,0.6,False,0.0,0,717.13,0.0,1.5455828789413564,1.7777777777777777,-0.40362150033420263,1,False,False,False
2017-W46,agro_industry_and_commerce,3,2579.15,994.96,863.03,901.34,2721.03,0.0,1.84,False,0.0,0,644.79,0.0,2.5922147624025085,2.4,-0.45353761273198445,1,False,False,False
2017-W47,agro_industry_and_commerce,6,41390.12,1265.1,986.1,1191.31,3237.3,0.0,40.69,True,0.0,0,3762.74,0.0,32.71687613627382,4.0,-0.8547575567346962,-1,True,False,False
2017-W48,agro_industry_and_commerce,3,927.69,6332.08,14198.9,1564.46,34729.88,0.0,-0.38,False,0.0,0,309.23,0.0,0.14650636125885966,1.411764705882353,-0.37735860109378616,1,False,False,False
2017-W49,agro_industry_and_commerce,4,1321.02,6236.21,14237.22,1191.31,34710.65,0.0,-0.35,False,0.0,0,330.25,0.0,0.2118305829983275,1.6842105263157894,-0.3772777178239845,1,False,False,False
2017-W51,agro_industry_and_commerce,2,4045.27,6395.87,14164.83,1377.64,34725.54,0.0,-0.17,False,0.0,0,1348.42,0.0,0.6324815857733194,0.7272727272727273,-0.5358582494273392,1,False,False,False
2017-W52,agro_industry_and_commerce,2,977.06,6896.89,13977.43,1981.76,34851.76,0.0,-0.42,False,0.0,0,325.69,0.0,0.14166675124585137,0.6956521739130435,-0.37947672721860837,1,False,False,False
2018-W01,agro_industry_and_commerce,4,2497.69,6900.48,13975.69,1981.76,34851.87,0.0,-0.32,False,0.0,0,624.42,0.0,0.36195887822296424,1.3333333333333333,-0.42783858583689666,1,False,False,False
2018-W02,agro_industry_and_commerce,4,1769.25,6896.53,13977.11,1965.98,34850.75,0.0,-0.37,False,0.0,0,442.31,0.0,0.25654205810748304,1.2307692307692308,-0.39696496539297293,1,False,False,False
2018-W03,agro_industry_and_commerce,3,1502.62,6938.41,13958.9,2133.47,34856.2,0.0,-0.39,False,0.0,0,250.44,0.0,0.21656546672796792,0.8571428571428571,-0.3794326308634364,1,False,False,False
2018-W04,agro_industry_and_commerce,2,120.21,6803.84,14012.01,1635.94,34827.86,0.0,-0.48,False,0.0,0,60.11,0.0,0.017667963973285673,0.5714285714285714,-0.4019911490197807,1,False,False,False
2018-W05,agro_industry_and_commerce,6,1831.68,1645.1,1190.12,1411.82,4025.34,0.0,0.16,False,0.0,0,305.28,0.0,1.1134155978359979,2.0,-0.425293653071219,1,False,False,False
2018-W06,agro_industry_and_commerce,5,4017.79,1758.1,1154.66,1635.94,4067.42,0.0,1.96,False,0.0,0,446.42,0.0,2.285302314999147,1.4814814814814814,-0.48902715070352887,1,False,False,False
2018-W07,agro_industry_and_commerce,2,2329.44,2095.2,1380.41,1800.46,4856.02,0.0,0.17,False,0.0,0,93.18,0.0,1.1117983963344789,0.5714285714285714,-0.43514728900497823,1,False,False,False
2018-W08,agro_industry_and_commerce,4,1443.62,1880.72,1147.85,1800.46,4176.41,0.0,-0.38,False,0.0,0,360.9,0.0,0.7675890084648432,1.1428571428571428,-0.37021613255388247,1,False,False,False
2018-W09,agro_industry_and_commerce,8,2191.92,1939.04,1106.48,1800.46,4152.0,0.0,0.23,False,0.0,0,243.55,0.0,1.1304150507467614,2.1333333333333333,-0.46851358872351895,1,False,False,False
2018-W10,agro_industry_and_commerce,5,1396.22,1900.82,1089.58,1800.46,4079.97,0.0,-0.46,False,0.0,0,279.24,0.0,0.7345356214686294,1.1764705882352942,-0.38596842213803756,1,False,False,False
2018-W11,agro_industry_and_commerce,7,2931.94,1854.19,1103.9,1667.15,4061.99,0.0,0.98,False,0.0,0,127.48,0.0,1.5812511123455524,1.6,-0.4739836738253214,1,False,False,False
2018-W12,agro_industry_and_commerce,7,1622.48,2032.85,1153.43,2011.8,4339.71,0.0,-0.36,False,0.0,0,202.81,0.0,0.7981307031999411,1.435897435897436,-0.43251809863918017,1,False,False,False
2018-W13,agro_industry_and_commerce,4,1735.38,2220.64,889.69,2011.8,4000.02,441.25,-0.55,False,0.0,0,347.08,0.0,0.7814774119172851,0.7272727272727273,-0.3784226980507852,1,False,False,False
2018-W14,agro_industry_and_commerce,3,1019.65,2208.6,896.33,1963.65,4001.27,415.93,-1.33,False,0.0,0,339.88,0.0,0.4616725527483474,0.5714285714285714,-0.3965196292216239,1,False,False,False
2018-W15,agro_industry_and_commerce,2,669.61,1833.83,614.2,1678.93,3062.24,605.42,-1.9,False,0.0,0,334.81,0.0,0.36514289765136354,0.4,-0.40114139990863107,1,False,False,False
2018-W16,agro_industry_and_commerce,3,2211.9,1626.35,697.56,1533.05,3021.47,231.23,0.84,False,0.0,0,737.3,0.0,1.3600393519230178,0.6,-0.42497155245182405,1,False,False,False
2018-W17,agro_industry_and_commerce,4,882.5,1722.39,721.29,1678.93,3164.97,279.81,-1.16,False,0.0,0,220.63,0.0,0.5123694401384123,0.8205128205128205,-0.39852356701154007,1,False,False,False
2018-W18,agro_industry_and_commerce,1,52.87,1558.71,747.61,1509.35,3053.93,63.49,-2.01,True,10.62,0,52.87,0.0,0.03391907410615188,0.22857142857142856,-0.4234570364124758,1,False,True,False
2018-W19,agro_industry_and_commerce,5,2436.03,1390.79,920.25,1321.06,3231.29,0.0,1.14,False,0.0,0,487.21,0.0,1.7515440864544614,1.2903225806451613,-0.42899702346768,1,False,False,False
2018-W20,agro_industry_and_commerce,1,453.53,1328.8,811.93,1321.06,2952.67,0.0,-1.08,False,0.0,0,453.53,0.0,0.34130794701986755,0.27586206896551724,-0.3983393087608833,1,False,False,False
2018-W22,agro_industry_and_commerce,1,490.79,1182.68,855.55,951.08,2893.78,0.0,-0.81,False,0.0,0,490.79,0.0,0.41498122907295293,0.34782608695652173,-0.3933728540400306,1,False,False,False
2018-W23,agro_industry_and_commerce,2,1775.98,1027.11,853.84,776.06,2734.8,0.0,0.88,False,0.0,0,887.99,0.0,1.7291039908091637,0.8,-0.43386049416496225,1,False,False,False
2018-W24,agro_industry_and_commerce,2,329.58,1121.65,893.83,776.06,2909.32,0.0,-0.89,False,0.0,0,164.79,0.0,0.29383497525966207,0.8421052631578947,-0.38806664676589725,1,False,False,False
2018-W25,agro_industry_and_commerce,2,244.48,1079.15,925.91,686.64,2930.97,0.0,-0.9,False,0.0,0,122.24,0.0,0.22654867256637165,0.8421052631578947,-0.3984881583727745,1,False,False,False
2018-W26,agro_industry_and_commerce,4,1490.39,833.22,839.29,472.16,2511.8,0.0,0.78,False,0.0,0,372.6,0.0,1.7887112647320036,1.7777777777777777,-0.4010131127334938,1,False,False,False
2018-W27,agro_industry_and_commerce,2,658.22,909.21,871.3,472.16,2651.8,0.0,-0.29,False,0.0,0,329.11,0.0,0.7239471629216573,0.8888888888888888,-0.3667298367372714,1,False,False,False
2018-W28,agro_industry_and_commerce,1,614.63,984.88,810.47,574.5,2605.81,0.0,-0.46,False,0.0,0,614.63,0.0,0.6240658760458127,0.42105263157894735,-0.393050679665138,1,False,False,False
2018-W29,agro_industry_and_commerce,13,3695.1,757.2,562.46,552.71,1882.12,0.0,5.22,True,0.0,0,246.34,0.0,4.879952456418383,6.933333333333334,-0.66642360174988,-1,True,False,False
2018-W30,agro_industry_and_commerce,10,3145.82,1162.4,1161.29,636.42,3484.97,0.0,1.71,False,0.0,0,314.58,0.0,2.706314521679284,2.962962962962963,-0.5501496195361691,1,False,False,False
2018-W31,agro_industry_and_commerce,6,4996.0,1494.28,1311.59,1074.3,4117.45,0.0,2.67,True,0.0,0,555.11,0.0,3.343416227213106,1.3333333333333333,-0.5663293198190862,1,False,False,False
2018-W32,agro_industry_and_commerce,3,1362.64,1896.78,1809.84,1074.3,5516.45,0.0,-0.3,False,0.0,0,340.66,0.0,0.718396440283006,0.6,-0.36680974535084454,1,False,False,False
2018-W33,agro_industry_and_commerce,1,42.17,2025.91,1716.49,1426.52,5458.89,0.0,-1.16,False,0.0,0,42.17,0.0,0.02081533730521099,0.1951219512195122,-0.4017139656603546,1,False,False,False
2018-W34,agro_industry_and_commerce,6,1156.13,2000.62,1747.69,1426.52,5496.0,0.0,-0.48,False,0.0,0,192.69,0.0,0.5778858553848308,1.2,-0.4223286872711652,1,False,False,False
2016-W40,air_conditioning,5,4675.43,,,,,,0.0,False,,0,467.54,0.0,1.0,0.9523809523809523,-0.5389433823162671,1,False,False,False
2017-W04,air_conditioning,3,1103.79,,,,,,0.0,False,,0,275.95,0.0,1.0,0.5333333333333333,-0.3527987269173492,1,False,False,False
2017-W06,air_conditioning,1,124.97,,,,,,0.0,False,,0,62.48,0.0,1.0,0.1702127659574468,-0.43740133379011675,1,False,False,False
2017-W07,air_conditioning,9,2824.49,,,,,,0.0,False,,0,313.83,0.0,1.0,2.057142857142857,-0.514730840502035,1,False,False,False
2017-W08,air_conditioning,2,490.25,2182.17,2001.99,1964.14,6186.15,0.0,-0.85,False,0.0,0,245.13,0.0,0.22466168996915914,0.47058823529411764,-0.3704597469666177,1,False,False,False
2017-W09,air_conditioning,2,920.28,1843.79,1891.69,1103.79,5627.17,0.0,-0.49,False,0.0,0,460.14,0.0,0.49912408679947284,0.5333333333333333,-0.391361889723373,1,False,False,False
2017-W10,air_conditioning,5,2420.77,1689.87,1733.48,1012.04,5156.82,0.0,0.42,False,0.0,0,484.15,0.0,1.4325184777527267,1.3793103448275863,-0.44780898852745016,1,False,False,False
2017-W11,air_conditioning,4,822.92,1794.28,1606.37,1103.79,5007.03,0.0,-0.6,False,0.0,0,137.15,0.0,0.45863521858349865,0.9696969696969697,-0.35599963490741643,1,False,False,False
2017-W12,air_conditioning,3,226.59,1672.86,1526.35,1012.04,4725.56,0.0,-0.95,False,0.0,0,75.53,0.0,0.1354506653276425,0.7741935483870968,-0.3847282966754259,1,False,False,False
2017-W13,air_conditioning,4,305.38,1116.76,993.58,871.6,3103.93,0.0,-0.82,False,0.0,0,76.34,0.0,0.2734517711952434,1.103448275862069,-0.38214490700079645,1,False,False,False
2017-W14,air_conditioning,3,529.85,1016.96,1034.34,656.58,3085.63,0.0,-0.47,False,0.0,0,132.46,0.0,0.5210136091881686,0.8,-0.3465983035297442,1,False,False,False
2017-W15,air_conditioning,3,1476.71,1067.57,993.56,676.38,3054.68,0.0,0.41,False,0.0,0,492.24,0.0,1.383244190076529,0.75,-0.3881523960152808,1,False,False,False
2017-W16,air_conditioning,4,961.36,899.09,733.26,676.38,2365.6,0.0,0.08,False,0.0,0,192.27,0.0,1.0692589173497646,1.2307692307692308,-0.3645695532382322,1,False,False,False
2017-W17,air_conditioning,2,225.07,957.98,714.41,871.6,2386.79,0.0,-1.03,False,0.0,0,112.53,0.0,0.23494227436898474,0.5714285714285714,-0.3796886901488238,1,False,False,False
2017-W18,air_conditioning,2,646.02,871.08,760.45,676.38,2391.97,0.0,-0.3,False,0.0,0,215.34,0.0,0.7416310786609726,0.5714285714285714,-0.3548937613349436,1,False,False,False
2017-W19,air_conditioning,3,579.19,649.24,431.5,587.93,1512.24,0.0,-0.16,False,0.0,0,193.06,0.0,0.8921046146263324,0.96,-0.3574719700985897,1,False,False,False
2017-W20,air_conditioning,1,60.14,618.77,426.06,554.52,1470.88,0.0,-1.31,False,0.0,0,60.14,0.0,0.09719281800992291,0.3333333333333333,-0.4433573459582758,1,False,False,False
2017-W22,air_conditioning,1,115.44,597.96,451.26,554.52,1500.49,0.0,-1.07,False,0.0,0,115.44,0.0,0.1930563917318884,0.36363636363636365,-0.4132221959242843,1,False,False,False
2017-W23,air_conditioning,3,2155.57,574.22,473.31,554.52,1520.85,0.0,3.34,True,0.0,0,431.11,0.0,3.75390965135314,1.263157894736842,-0.5299743562768133,1,False,False,False
2017-W24,air_conditioning,1,38.47,777.44,730.61,612.6,2238.65,0.0,-1.01,False,0.0,0,38.47,0.0,0.049482918295945665,0.42105263157894735,-0.42456715107246606,1,False,False,False
2017-W25,air_conditioning,3,493.79,597.66,710.64,402.13,2018.93,0.0,-0.15,False,0.0,0,164.6,0.0,0.8262055349195195,1.411764705882353,-0.3512332883269232,1,False,False,False
2017-W26,air_conditioning,2,943.19,539.21,695.52,359.43,1930.24,0.0,0.58,False,0.0,0,471.6,0.0,1.7492071734574655,1.0,-0.4013758694262561,1,False,False,False
2017-W27,air_conditioning,1,26.0,628.98,695.52,536.49,2020.02,0.0,-0.87,False,0.0,0,26.0,0.0,0.04133676746478425,0.5,-0.44129496116926664,1,False,False,False
2017-W28,air_conditioning,1,144.03,551.47,727.18,304.62,2005.83,0.0,-0.56,False,0.0,0,144.03,0.0,0.2611746785863238,0.5333333333333333,-0.39976650718647555,1,False,False,False
2017-W29,air_conditioning,2,1069.77,497.08,740.95,129.74,1978.98,0.0,0.77,False,0.0,0,534.88,0.0,2.1521083125452645,1.2307692307692308,-0.43508691724093984,1,False,False,False
2017-W31,air_conditioning,4,762.05,623.28,741.88,318.91,2107.04,0.0,0.19,False,0.0,0,190.51,0.0,1.2226447182646643,2.2857142857142856,-0.36543274631890665,1,False,False,False
2017-W32,air_conditioning,3,442.92,704.11,713.32,627.92,2130.75,0.0,-0.37,False,0.0,0,110.73,0.0,0.6290494382979932,1.411764705882353,-0.3561303422907714,1,False,False,False
2017-W33,air_conditioning,2,1223.26,490.03,406.49,468.36,1303.0,0.0,1.8,False,0.0,0,407.75,0.0,2.4962961451339716,0.9411764705882353,-0.46319384754560866,1,False,False,False
2017-W34,air_conditioning,1,3235.68,638.13,433.41,627.92,1504.94,0.0,5.99,True,0.0,0,1617.84,0.0,5.070565558741949,0.4444444444444444,-0.7278153395076086,-1,True,False,False
2017-W35,air_conditioning,3,2245.11,980.86,1007.23,852.62,2995.32,0.0,1.26,False,0.0,0,561.28,0.0,2.2889199274106398,1.5,-0.4511696200717484,1,False,False,False
2017-W36,air_conditioning,4,554.84,1143.6,1101.08,915.91,3345.76,0.0,-0.53,False,0.0,1,138.71,0.25,0.4851696397341729,1.8823529411764706,-0.5470881883354872,1,False,False,False
2017-W37,air_conditioning,2,378.3,1209.71,1038.49,915.91,3286.69,0.0,-0.8,False,0.0,0,189.15,0.0,0.3127195774193815,0.8,-0.36162273125885064,1,False,False,False
2017-W39,air_conditioning,2,967.19,1238.99,1006.97,915.91,3252.94,0.0,-0.27,False,0.0,0,483.59,0.0,0.780627769392812,0.7619047619047619,-0.3920215784258967,1,False,False,False
2017-W40,air_conditioning,2,1947.0,1226.17,1010.09,864.62,3246.34,0.0,0.71,False,0.0,0,324.5,0.0,1.587871176101193,0.7619047619047619,-0.4193044774687663,1,False,False,False
2017-W41,air_conditioning,3,2130.06,1374.29,1019.14,1095.22,3412.58,0.0,0.74,False,0.0,0,532.51,0.0,1.5499348754629663,1.263157894736842,-0.4202151137702451,1,False,False,False
2017-W42,air_conditioning,4,620.56,1585.18,972.37,1585.13,3529.92,0.0,-0.99,False,0.0,0,155.14,0.0,0.39147604688426546,1.6842105263157894,-0.35611670335943396,1,False,False,False
2017-W44,air_conditioning,2,222.14,1509.84,1026.27,1457.1,3562.38,0.0,-1.25,False,0.0,0,111.07,0.0,0.1471281725215917,0.7619047619047619,-0.3990326758872107,1,False,False,False
2017-W45,air_conditioning,3,680.11,1133.15,838.12,793.88,2809.39,0.0,-0.54,False,0.0,0,226.7,0.0,0.6001941490535233,1.0909090909090908,-0.3500301545436918,1,False,False,False
2017-W46,air_conditioning,4,1737.34,937.53,715.12,650.34,2367.76,0.0,1.12,False,0.0,0,289.56,0.0,1.8531033673589112,1.4545454545454546,-0.4164750743066142,1,False,False,False
2017-W47,air_conditioning,4,3596.89,1085.34,746.25,823.65,2577.84,0.0,3.37,True,0.0,0,719.38,0.0,3.3140674811579784,1.4545454545454546,-0.5780065570420425,-1,True,False,False
2017-W48,air_conditioning,4,626.97,1487.66,1096.18,1352.26,3680.02,0.0,-0.79,False,0.0,0,156.74,0.0,0.4214471048492263,1.3333333333333333,-0.35012854090690665,1,False,False,False
2017-W49,air_conditioning,2,533.86,1445.13,1125.47,1208.72,3696.07,0.0,-0.81,False,0.0,0,266.93,0.0,0.3694200521752368,0.6153846153846154,-0.36653374955317547,1,False,False,False
2018-W01,air_conditioning,2,480.7,1268.49,1146.15,653.54,3560.8,0.0,-0.69,False,0.0,0,240.35,0.0,0.3789545049625933,0.6153846153846154,-0.36287894606150434,1,False,False,False
2018-W02,air_conditioning,3,3543.85,1062.32,1117.01,623.76,3296.33,0.0,2.22,True,0.0,0,708.77,0.0,3.335953385044055,0.96,-0.5403633526058241,1,False,False,False
2018-W03,air_conditioning,6,1644.86,1427.73,1395.33,653.54,4218.38,0.0,0.16,False,0.0,0,234.98,0.0,1.1520805754589452,2.0,-0.41185404766485334,1,False,False,False
2018-W04,air_conditioning,8,2003.56,1605.57,1307.63,1162.48,4220.83,0.0,0.3,False,0.0,0,182.14,0.0,1.2478808149130838,2.2857142857142856,-0.47608145464153145,1,False,False,False
2018-W05,air_conditioning,4,668.96,1771.0,1256.54,1691.1,4284.08,0.0,-0.88,False,0.0,0,133.79,0.0,0.3777300959909656,0.9696969696969697,-0.35514336551444087,1,False,False,False
2018-W06,air_conditioning,1,207.67,1637.46,1315.99,1156.91,4269.44,0.0,-1.09,False,0.0,0,207.67,0.0,0.12682447204817215,0.24242424242424243,-0.42726659610317724,1,False,False,False
2018-W07,air_conditioning,4,711.41,1213.8,1127.07,647.96,3467.93,0.0,-0.45,False,0.0,0,177.85,0.0,0.5861014994232987,1.0666666666666667,-0.3497804248645275,1,False,False,False
2018-W08,air_conditioning,4,1132.16,1224.36,1121.16,690.18,3466.69,0.0,-0.08,False,0.0,0,283.04,0.0,0.9246953510405438,1.0666666666666667,-0.3627550129259724,1,False,False,False
2018-W09,air_conditioning,3,1354.25,1299.15,1087.99,921.79,3475.12,0.0,0.05,False,0.0,0,338.56,0.0,1.0424123465342723,0.75,-0.3627267429843026,1,False,False,False
2018-W10,air_conditioning,3,508.98,1408.34,1036.74,1243.2,3481.82,0.0,-0.87,False,0.0,0,169.66,0.0,0.36140420637062076,0.7272727272727273,-0.35071507563881105,1,False,False,False
2018-W11,air_conditioning,6,1390.61,1028.98,611.9,921.79,2252.79,0.0,0.59,False,0.0,0,198.66,0.0,1.3514451204105036,1.4545454545454546,-0.42261567224693836,1,False,False,False
2018-W12,air_conditioning,9,1127.74,997.2,581.18,921.79,2159.55,0.0,0.22,False,0.0,0,125.3,0.0,1.1309065383072603,2.1818181818181817,-0.48537941382794775,1,False,False,False
2018-W13,air_conditioning,4,545.32,887.72,426.41,919.58,1740.54,34.91,-0.8,False,0.0,0,136.33,0.0,0.6142927950254585,0.9411764705882353,-0.3594708543844437,1,False,False,False
2018-W14,air_conditioning,6,1996.26,872.27,437.56,919.58,1747.39,0.0,2.57,True,0.0,0,285.18,0.0,2.2885803707567614,1.411764705882353,-0.5150244915237063,1,False,False,False
2018-W15,air_conditioning,4,479.25,1095.84,501.71,1129.95,2099.27,92.41,-1.23,False,0.0,0,119.81,0.0,0.43733574244415246,0.8205128205128205,-0.38636105278076455,1,False,False,False
2018-W16,air_conditioning,3,627.37,1066.82,532.87,1129.95,2132.57,1.07,-0.82,False,0.0,0,209.12,0.0,0.588074839241859,0.6153846153846154,-0.3532273303422423,1,False,False,False
2018-W17,air_conditioning,7,783.66,1003.72,553.52,877.56,2110.76,0.0,-0.4,False,0.0,0,111.95,0.0,0.7807555892081457,1.4736842105263157,-0.4447767246044164,1,False,False,False
2018-W18,air_conditioning,3,435.37,932.4,538.46,705.52,2009.31,0.0,-0.92,False,0.0,1,145.12,0.3333333333333333,0.4669347919347919,0.5714285714285714,-0.6013061889674162,-1,True,False,False
2018-W19,air_conditioning,4,1480.08,923.2,547.28,705.52,2017.76,0.0,1.02,False,0.0,0,296.02,0.0,1.6032062391681108,0.7619047619047619,-0.40518290653089833,1,False,False,False
2018-W20,air_conditioning,7,1054.77,934.38,558.99,705.52,2052.35,0.0,0.22,False,0.0,0,150.68,0.0,1.1288447954793552,1.4,-0.42215454266228336,1,False,False,False
2018-W21,air_conditioning,1,119.2,925.26,555.97,705.52,2037.2,0.0,-1.45,False,0.0,0,119.2,0.0,0.12882865356764586,0.21052631578947367,-0.44983163950019006,1,False,False,False
2018-W23,air_conditioning,3,11776.29,872.0,614.86,705.52,2101.72,0.0,17.73,True,0.0,0,1308.48,0.0,13.504919724770643,0.6857142857142857,-0.8192770851269513,-1,True,False,False
2018-W24,air_conditioning,4,2028.98,2094.5,3933.92,705.52,9962.33,0.0,-0.02,False,0.0,0,507.25,0.0,0.9687180711386966,1.0,-0.4225233356659555,1,False,False,False
2018-W25,air_conditioning,1,64.62,2288.22,3880.81,919.21,10049.84,0.0,-0.57,False,0.0,0,64.62,0.0,0.02824029158035504,0.25,-0.4162646505347416,1,False,False,False
2018-W26,air_conditioning,2,199.5,2217.87,3920.12,919.21,10058.11,0.0,-0.51,False,0.0,0,99.75,0.0,0.08995116936520176,0.5333333333333333,-0.3768105777462949,1,False,False,False
2018-W27,air_conditioning,2,416.16,2144.85,3955.93,745.07,10056.71,0.0,-0.44,False,0.0,0,208.08,0.0,0.1940275543744318,0.64,-0.36631420794723873,1,False,False,False
2018-W28,air_conditioning,1,699.98,2142.45,3957.12,735.46,10056.69,0.0,-0.36,False,0.0,0,349.99,0.0,0.3267194100212374,0.3333333333333333,-0.41323440012231616,1,False,False,False
2018-W29,air_conditioning,3,647.55,2044.94,3985.29,558.07,10015.51,0.0,-0.35,False,0.0,0,215.85,0.0,0.3166596574960634,1.1428571428571428,-0.35255444758111065,1,False,False,False
2018-W30,air_conditioning,5,820.74,1994.04,4002.3,531.86,9998.64,0.0,-0.29,False,0.0,0,136.79,0.0,0.4115965577420714,2.3529411764705883,-0.38088834044581965,1,False,False,False
2018-W31,air_conditioning,10,1919.1,2081.73,3962.85,673.76,10007.42,0.0,-0.04,False,0.0,0,174.46,0.0,0.921877476906227,3.8095238095238093,-0.5273391621495195,1,False,False,False
2018-W32,air_conditioning,3,938.36,849.58,739.26,673.76,2328.09,0.0,0.12,False,0.0,0,312.79,0.0,1.1044986934720684,0.8571428571428571,-0.3578120474616438,1,False,False,False
2018-W33,air_conditioning,2,2263.28,713.25,572.43,673.76,1858.11,0.0,2.71,True,0.0,0,565.82,0.0,3.1731931300385563,0.5925925925925926,-0.5068675213096927,1,False,False,False
2018-W34,air_conditioning,4,725.66,988.08,724.21,760.36,2436.5,0.0,-0.36,False,0.0,0,145.13,0.0,0.7344142174722694,1.1428571428571428,-0.3480236619605463,1,False,False,False
2017-W09,art,1,27.59,,,,,,0.0,False,,0,27.59,0.0,1.0,0.26666666666666666,-0.3928852130506775,1,False,False,False
2017-W11,art,1,47.05,,,,,,0.0,False,,0,47.05,0.0,1.0,0.27586206896551724,-0.37691974605862166,1,False,False,False
2017-W12,art,3,246.2,,,,,,0.0,False,,0,49.24,0.0,1.0,0.8275862068965517,-0.3695072246831173,1,False,False,False
2017-W17,art,1,147.17,,,,,,0.0,False,,0,147.17,0.0,1.0,0.27586206896551724,-0.37320742569905613,1,False,False,False
2017-W18,art,2,119.57,117.0,100.81,97.11,318.63,0.0,0.03,False,0.0,0,59.78,0.0,1.021965811965812,0.64,-0.37162470682192905,1,False,False,False
2017-W19,art,1,50.98,117.52,87.31,119.57,292.15,0.0,-0.76,False,0.0,0,50.98,0.0,0.43379850238257317,0.47058823529411764,-0.3676950799020492,1,False,False,False
2017-W20,art,2,245.89,106.43,82.69,85.28,271.8,0.0,1.69,False,0.0,0,122.94,0.0,2.3103448275862064,1.0666666666666667,-0.4055317085667175,1,False,False,False
2017-W21,art,2,6865.02,126.35,92.07,119.57,310.48,0.0,73.19,True,0.0,0,3432.51,0.0,54.33335971507717,1.0666666666666667,-0.8587832777691043,-1,True,False,False
2017-W22,art,1,84.49,968.68,2384.0,133.37,5736.69,0.0,-0.37,False,0.0,0,84.49,0.0,0.08722178634843292,0.6153846153846154,-0.3536087921516006,1,False,False,False
2017-W23,art,3,187.47,975.8,2380.88,133.37,5737.55,0.0,-0.33,False,0.0,0,37.49,0.0,0.19211928673908588,1.8461538461538463,-0.3752084892434749,1,False,False,False
2017-W24,art,1,97.88,993.35,2373.56,167.32,5740.47,0.0,-0.38,False,0.0,0,97.88,0.0,0.09853525947551214,0.5333333333333333,-0.34958905544005064,1,False,False,False
2017-W25,art,1,2078.64,974.81,2380.8,133.37,5736.4,0.0,0.46,False,0.0,0,346.44,0.0,2.132353997189196,0.6153846153846154,-0.6079698125058265,-1,True,False,False
2017-W27,art,2,301.11,1216.24,2382.81,153.52,5981.86,0.0,-0.38,False,0.0,0,150.56,0.0,0.2475744918766033,1.2307692307692308,-0.36277291220887853,1,False,False,False
2017-W28,art,1,123.79,1238.94,2371.71,216.68,5982.36,0.0,-0.47,False,0.0,0,123.79,0.0,0.09991605727476714,0.6153846153846154,-0.3524608413959091,1,False,False,False
2017-W32,art,2,186.53,1248.04,2366.64,216.68,5981.31,0.0,-0.45,False,0.0,0,93.27,0.0,0.14945835069388802,1.2307692307692308,-0.34712210211593336,1,False,False,False
2017-W34,art,1,70.53,1240.62,2370.32,187.0,5981.25,0.0,-0.49,False,0.0,0,70.53,0.0,0.05685060695458723,0.6153846153846154,-0.35694040361988855,1,False,False,False
2017-W35,art,1,60.0,391.3,685.92,155.16,1763.15,0.0,-0.48,False,0.0,0,60.0,0.0,0.1533350370559673,0.6666666666666666,-0.3551713899041782,1,False,False,False
2017-W36,art,1,317.85,388.24,687.54,155.16,1763.32,0.0,-0.1,False,0.0,0,317.85,0.0,0.8186946218833712,0.6666666666666666,-0.4620623490871809,1,False,False,False
2017-W38,art,1,66.25,404.54,683.63,155.16,1771.81,0.0,-0.49,False,0.0,0,66.25,0.0,0.16376625302813072,0.8,-0.3527797202706057,1,False,False,False
2017-W39,art,1,51.75,400.59,685.75,155.16,1772.08,0.0,-0.51,False,0.0,0,51.75,0.0,0.12918445293192543,0.8,-0.36141238448424867,1,False,False,False
2017-W40,art,2,262.04,147.23,109.58,97.16,366.38,0.0,1.05,False,0.0,0,131.02,0.0,1.7798003124363244,1.6,-0.373898424483473,1,False,False,False
2017-W41,art,1,138.41,142.34,102.37,97.16,347.09,0.0,-0.04,False,0.0,0,138.41,0.0,0.9723900519881973,0.8,-0.36523440215582303,1,False,False,False
2017-W48,art,1,92.78,144.17,102.12,104.47,348.42,0.0,-0.5,False,0.0,0,46.39,0.0,0.6435458139696193,0.8,-0.36397544092362966,1,False,False,False
2017-W49,art,1,76.79,132.45,101.95,81.66,336.35,0.0,-0.55,False,0.0,0,76.79,0.0,0.5797659494148736,0.8888888888888888,-0.353682132776123,1,False,False,False
2017-W50,art,1,47.19,133.23,101.43,84.78,336.09,0.0,-0.85,False,0.0,0,23.59,0.0,0.35419950461607747,0.8888888888888888,-0.3867109598430813,1,False,False,False
2017-W51,art,1,67.78,131.63,102.84,84.78,337.31,0.0,-0.62,False,0.0,0,67.78,0.0,0.5149282078553522,0.8888888888888888,-0.35465203492290176,1,False,False,False
2018-W01,art,3,447.07,100.37,71.33,72.28,243.03,0.0,4.86,True,0.0,0,149.02,0.0,4.454219388263425,2.6666666666666665,-0.5178803963244213,1,False,False,False
2018-W02,art,2,276.2,147.98,139.65,84.78,427.28,0.0,0.92,False,0.0,0,138.1,0.0,1.8664684416813084,1.4545454545454546,-0.3764505924655668,1,False,False,False
2018-W03,art,9,1305.98,176.03,140.11,115.6,456.24,0.0,8.06,True,0.0,0,145.11,0.0,7.419076293813554,6.0,-0.6638447913668981,-1,True,False,False
2018-W04,art,2,178.54,306.52,426.04,115.6,1158.6,0.0,-0.3,False,0.0,0,89.27,0.0,0.5824742268041238,0.8421052631578947,-0.3465797346284444,1,False,False,False
2018-W05,art,3,605.25,311.54,424.01,135.66,1159.56,0.0,0.69,False,0.0,0,201.75,0.0,1.9427681838608204,1.2,-0.42510977221372354,1,False,False,False
2018-W06,art,6,1229.29,375.6,424.95,227.37,1225.49,0.0,2.01,True,0.0,0,153.66,0.0,3.2728700745473907,2.1818181818181817,-0.4966597849816222,1,False,False,False
2018-W07,art,2,176.76,519.66,498.22,361.64,1516.09,0.0,-0.69,False,0.0,1,88.38,0.5,0.34014547973675097,0.5925925925925926,-0.5927445872488156,1,False,False,False
2018-W08,art,3,330.88,535.86,482.52,361.64,1500.9,0.0,-0.42,False,0.0,0,110.29,0.0,0.6174747135445825,0.8571428571428571,-0.35662587140700885,1,False,False,False
2018-W09,art,1,132.26,568.75,454.19,388.98,1477.13,0.0,-0.96,False,0.0,0,132.26,0.0,0.23254505494505492,0.26666666666666666,-0.364650044017006,1,False,False,False
2018-W10,art,1,140.38,529.4,479.19,303.54,1487.78,0.0,-0.81,False,0.0,0,140.38,0.0,0.2651681148469966,0.2857142857142857,-0.3618394461148183,1,False,False,False
2018-W11,art,1,113.11,512.42,491.69,254.71,1495.79,0.0,-0.81,False,0.0,0,113.11,0.0,0.22073689551539755,0.2962962962962963,-0.3556740338890234,1,False,False,False
2018-W12,art,4,346.49,363.31,386.21,177.65,1135.74,0.0,-0.04,False,0.0,0,86.62,0.0,0.9537034488453388,1.6842105263157894,-0.3700090042864509,1,False,False,False
2018-W13,art,1,19.39,384.3,379.24,253.82,1142.78,0.0,-0.96,False,0.0,0,19.39,0.0,0.05045537340619308,0.38095238095238093,-0.4093029825477331,1,False,False,False
2018-W14,art,5,549.14,311.07,386.96,158.57,1085.0,0.0,0.62,False,0.0,0,109.83,0.0,1.765326132381779,2.1052631578947367,-0.398406667429717,1,False,False,False
2018-W15,art,4,315.86,226.05,170.68,158.57,567.4,0.0,0.53,False,0.0,0,78.96,0.0,1.3973014819730147,1.7777777777777777,-0.38710315604105644,1,False,False,False
2018-W16,art,6,593.13,243.44,172.02,228.12,587.47,0.0,2.03,True,0.0,0,98.86,0.0,2.4364525139664805,2.4,-0.43028178194885763,1,False,False,False
2018-W17,art,9,993.8,276.22,211.51,228.12,699.25,0.0,3.39,True,0.0,0,110.42,0.0,3.5978567808268767,3.130434782608696,-0.5255168220263569,1,False,False,False
2018-W18,art,9,867.36,383.91,319.51,331.18,1022.92,0.0,1.51,False,0.0,0,96.37,0.0,2.2592795186371806,2.3225806451612905,-0.460282053329896,1,False,False,False
2018-W19,art,12,950.76,474.78,342.87,447.82,1160.53,0.0,1.39,False,0.0,0,73.14,0.0,2.0025274864147606,2.4615384615384617,-0.5411877940273903,1,False,False,False
2018-W20,art,11,1289.27,579.49,344.54,571.14,1268.58,0.0,2.06,True,0.0,0,107.44,0.0,2.224835631330998,1.76,-0.5217806536420266,1,False,False,False
2018-W21,art,3,191.67,697.34,408.72,730.24,1514.78,0.0,-1.24,False,0.0,0,63.89,0.0,0.27485874896033496,0.42105263157894735,-0.37906308840750547,1,False,False,False
2018-W22,art,5,584.79,718.87,370.66,730.24,1460.2,0.0,-0.36,False,0.0,0,116.96,0.0,0.8134850529302933,0.6779661016949152,-0.38541160375423705,1,False,False,False
2018-W23,art,2,234.87,723.33,368.54,730.24,1460.41,0.0,-1.33,False,0.0,0,117.44,0.0,0.3247065654680436,0.2711864406779661,-0.36956419783916944,1,False,False,False
2018-W24,art,10,1063.91,713.21,382.19,730.24,1477.59,0.0,0.92,False,0.0,0,106.39,0.0,1.4917205311198665,1.4035087719298245,-0.47851248280668945,1,False,False,False
2018-W25,art,6,638.45,772.05,397.02,909.06,1566.09,0.0,-0.34,False,0.0,0,106.41,0.0,0.8269542128100512,0.7868852459016393,-0.39778221319393103,1,False,False,False
2018-W26,art,8,851.09,727.64,388.45,752.9,1504.54,0.0,0.32,False,0.0,0,106.39,0.0,1.1696580726733001,1.103448275862069,-0.44993248141821685,1,False,False,False
2018-W27,art,5,525.98,725.6,387.66,744.77,1500.91,0.0,-0.51,False,0.0,0,105.2,0.0,0.7248897464167585,0.7017543859649122,-0.3877108201403308,1,False,False,False
2018-W28,art,8,957.29,672.5,381.45,611.62,1435.41,0.0,0.75,False,0.0,0,106.37,0.0,1.4234795539033456,1.28,-0.4484310474418204,1,False,False,False
2018-W29,art,3,389.95,631.01,317.46,611.62,1265.93,0.0,-0.76,False,0.0,0,129.98,0.0,0.6179775280898876,0.5106382978723404,-0.3728726336843229,1,False,False,False
2018-W30,art,3,250.51,655.79,284.26,611.62,1224.32,87.26,-1.43,False,0.0,0,83.5,0.0,0.38199728571646413,0.5106382978723404,-0.3895398480844998,1,False,False,False
2018-W31,art,9,1110.22,614.01,318.68,582.22,1251.36,0.0,1.56,False,0.0,0,123.36,0.0,1.8081464471262683,1.6,-0.47577640046450026,1,False,False,False
2018-W32,art,6,669.42,723.42,320.18,744.77,1363.78,83.07,-0.17,False,0.0,0,95.63,0.0,0.9253545658123912,0.9230769230769231,-0.4031317248049783,1,False,False,False
2018-W33,art,2,199.08,674.11,289.12,653.93,1252.35,95.88,-1.64,False,0.0,0,99.54,0.0,0.2953227218109804,0.3333333333333333,-0.3804252741344551,1,False,False,False
2018-W34,art,1,106.93,619.19,334.96,597.7,1289.11,0.0,-1.53,False,0.0,0,106.93,0.0,0.17269335745086323,0.18181818181818182,-0.3855891516734286,1,False,False,False
2018-W35,art,1,106.93,526.17,363.47,457.96,1253.12,0.0,-1.15,False,0.0,0,106.93,0.0,0.20322329285212007,0.21621621621621623,-0.36526674521602026,1,False,False,False
2016-W40,audio,1,147.08,,,,,,0.0,False,,0,147.08,0.0,1.0,0.36363636363636365,-0.3943681650378308,1,False,False,False
2016-W41,audio,1,35.95,,,,,,0.0,False,,0,35.95,0.0,1.0,0.36363636363636365,-0.40235781127245723,1,False,False,False
2017-W05,audio,1,44.01,,,,,,0.0,False,,0,44.01,0.0,1.0,0.36363636363636365,-0.3947287261588189,1,False,False,False
2017-W07,audio,2,105.91,,,,,,0.0,False,,0,26.48,0.0,1.0,0.7272727272727273,-0.3885956247529173,1,False,False,False
2017-W08,audio,1,36.19,83.24,52.8,74.96,188.85,0.0,-0.89,False,0.0,0,36.19,0.0,0.43476693897164825,0.38095238095238093,-0.4098647240810426,1,False,False,False
2017-W09,audio,1,61.74,73.83,50.34,44.01,174.5,0.0,-0.24,False,0.0,0,61.74,0.0,0.8362454286875255,0.5,-0.3910352609633712,1,False,False,False
2017-W10,audio,7,1058.69,71.81,45.29,52.88,162.4,0.0,21.79,True,0.0,0,132.34,0.0,14.742932739172817,4.0,-0.7239586740586765,-1,True,False,False
2017-W11,audio,2,270.36,212.8,375.29,61.74,963.37,0.0,0.15,False,0.0,0,135.18,0.0,1.2704887218045113,0.8888888888888888,-0.37074560929524075,1,False,False,False
2017-W12,audio,1,45.95,219.99,348.05,83.82,916.08,0.0,-0.5,False,0.0,0,45.95,0.0,0.2088731305968453,0.5,-0.3959051673514798,1,False,False,False
2017-W13,audio,3,239.41,207.35,352.88,53.84,913.1,0.0,0.09,False,0.0,0,79.8,0.0,1.1546177959971065,1.5,-0.36665260148014756,1,False,False,False
2017-W14,audio,2,193.25,232.78,346.02,83.82,924.83,0.0,-0.11,False,0.0,0,96.63,0.0,0.8301830054128362,0.8888888888888888,-0.3617083064270205,1,False,False,False
2017-W15,audio,1,404.56,251.44,338.33,149.58,928.1,0.0,0.45,False,0.0,0,202.28,0.0,1.6089723194400254,0.42105263157894735,-0.4312252483828694,1,False,False,False
2017-W16,audio,2,153.32,288.77,336.45,216.33,961.67,0.0,-0.4,False,0.0,0,51.11,0.0,0.5309415798039963,0.8888888888888888,-0.37870865638498646,1,False,False,False
2017-W17,audio,4,757.38,303.41,326.28,216.33,955.97,0.0,1.39,False,0.0,0,151.48,0.0,2.4962262285356447,1.6842105263157894,-0.41511383163767374,1,False,False,False
2017-W18,audio,3,626.98,390.36,344.84,254.88,1080.05,0.0,0.69,False,0.0,0,208.99,0.0,1.6061584178706834,1.0909090909090908,-0.39290900692298975,1,False,False,False
2017-W19,audio,3,302.86,336.4,244.5,254.88,825.39,0.0,-0.14,False,0.0,0,100.95,0.0,0.9002972651605233,1.3333333333333333,-0.36447396040712404,1,False,False,False
2017-W20,audio,6,667.64,340.46,243.51,271.14,827.48,0.0,1.34,False,0.0,0,111.27,0.0,1.9609939493626272,2.526315789473684,-0.38913176456592147,1,False,False,False
2017-W21,audio,3,472.13,418.17,235.15,353.71,888.48,0.0,0.23,False,0.0,0,157.38,0.0,1.1290384293469162,1.0,-0.367045733497209,1,False,False,False
2017-W22,audio,2,263.58,447.26,224.01,438.34,895.28,0.0,-0.82,False,0.0,0,131.79,0.0,0.5893216473639493,0.6666666666666666,-0.3714668562543105,1,False,False,False
2017-W23,audio,2,369.42,456.06,213.76,438.34,883.58,28.54,-0.41,False,0.0,0,184.71,0.0,0.8100249967109591,0.6666666666666666,-0.3821261921868497,1,False,False,False
2017-W24,audio,5,879.14,451.66,215.32,420.78,882.31,21.01,1.99,False,0.0,0,175.83,0.0,1.9464641544524641,1.6,-0.4213613000238365,1,False,False,False
2017-W25,audio,1,96.88,542.39,224.38,549.56,991.15,93.63,-1.99,False,0.0,0,96.88,0.0,0.17861686240528032,0.2857142857142857,-0.424369455548022,1,False,False,False
2017-W26,audio,3,472.8,459.83,253.59,420.78,967.01,0.0,0.05,False,0.0,0,157.6,0.0,1.0282060761585805,0.96,-0.3658661476053067,1,False,False,False
2017-W27,audio,1,173.36,440.56,244.78,420.78,930.11,0.0,-1.09,False,0.0,0,173.36,0.0,0.39349918285818053,0.32,-0.4054830133992345,1,False,False,False
2017-W28,audio,4,548.93,424.37,259.05,420.78,942.47,0.0,0.48,False,0.0,0,137.23,0.0,1.2935174493955746,1.391304347826087,-0.367355854374893,1,False,False,False
2017-W29,audio,1,115.94,409.53,246.21,420.78,901.94,0.0,-1.19,False,0.0,0,115.94,0.0,0.28310502283105027,0.38095238095238093,-0.38912352571625203,1,False,False,False
2017-W30,audio,1,45.0,365.01,264.78,316.5,894.56,0.0,-1.21,False,0.0,0,45.0,0.0,0.12328429358099778,0.42105263157894735,-0.40667813926359436,1,False,False,False
2017-W31,audio,2,108.0,337.68,287.08,271.39,911.83,0.0,-0.8,False,0.0,0,36.0,0.0,0.31982942430703626,0.8888888888888888,-0.3921968474037597,1,False,False,False
2017-W32,audio,2,194.25,305.01,297.63,144.65,900.27,0.0,-0.37,False,0.0,0,97.13,0.0,0.6368643651027835,0.8888888888888888,-0.3639822346252957,1,False,False,False
2017-W33,audio,2,740.82,219.4,186.74,144.65,592.87,0.0,2.79,True,0.0,0,370.41,0.0,3.3765724703737465,1.0666666666666667,-0.5658257160127084,1,False,False,False
2017-W34,audio,1,103.37,299.89,253.3,183.8,806.49,0.0,-0.78,False,0.0,0,103.37,0.0,0.34469305411984397,0.5,-0.38390344187153314,1,False,False,False
2017-W36,audio,3,447.04,253.71,250.94,144.65,755.59,0.0,0.77,False,0.0,0,111.76,0.0,1.7620117456939026,1.7142857142857142,-0.39126125930952793,1,False,False,False
2017-W37,audio,2,242.44,287.92,257.0,155.1,801.93,0.0,-0.18,False,0.0,0,121.22,0.0,0.8420394554042789,1.0,-0.3638810070501755,1,False,False,False
2017-W38,audio,2,226.36,249.61,234.39,155.1,718.38,0.0,-0.1,False,0.0,0,113.18,0.0,0.9068546933215816,1.1428571428571428,-0.3599916479578503,1,False,False,False
2017-W39,audio,3,275.95,263.41,228.57,210.3,720.55,0.0,0.05,False,0.0,0,91.98,0.0,1.0476063930754336,1.6,-0.3633424615822881,1,False,False,False
2017-W40,audio,5,307.07,292.28,210.95,234.4,714.17,0.0,0.07,False,0.0,0,51.18,0.0,1.0506021623101136,2.3529411764705883,-0.39277209663683527,1,False,False,False
2017-W41,audio,8,748.32,317.16,197.41,259.2,711.98,0.0,2.18,True,0.0,0,93.54,0.0,2.359440030268634,3.2,-0.44438582380212094,1,False,False,False
2017-W42,audio,9,846.22,386.42,240.6,291.51,867.62,0.0,1.91,False,0.0,0,94.02,0.0,2.189897003260701,2.769230769230769,-0.44831003916453327,1,False,False,False
2017-W43,audio,8,713.45,399.6,264.48,291.51,928.55,0.0,1.19,False,0.0,1,89.18,0.125,1.7854104104104105,1.9393939393939394,-0.6277783953287357,-1,True,False,False
2017-W44,audio,4,243.23,475.86,254.63,377.06,985.12,0.0,-0.91,False,0.0,0,60.81,0.0,0.5111377295843315,0.8,-0.38548337127406357,1,False,False,False
2017-W45,audio,5,1173.27,450.38,267.79,291.51,985.95,0.0,2.7,True,0.0,0,146.66,0.0,2.6050668324525956,0.975609756097561,-0.4636259096614892,1,False,False,False
2017-W46,audio,6,1069.7,566.73,353.15,510.26,1273.03,0.0,1.42,False,0.0,0,178.28,0.0,1.8874949270375665,1.0909090909090908,-0.3939531654011405,1,False,False,False
2017-W47,audio,13,1690.44,672.15,362.77,730.88,1397.69,0.0,2.81,True,0.0,0,112.7,0.0,2.5149743360856953,2.1666666666666665,-0.5845668082737879,1,False,False,False
2017-W48,audio,7,723.69,848.96,470.72,797.27,1790.4,0.0,-0.27,False,0.0,0,103.38,0.0,0.8524429890689785,0.9655172413793104,-0.39122741942623795,1,False,False,False
2017-W49,audio,1,65.0,901.04,422.81,797.27,1746.67,55.41,-1.98,False,0.0,0,65.0,0.0,0.0721388617597443,0.13333333333333333,-0.43141639624943207,1,False,False,False
2017-W50,audio,8,644.37,815.62,516.67,784.96,1848.97,0.0,-0.33,False,0.0,0,71.6,0.0,0.7900370270469091,1.2075471698113207,-0.41485601949208367,1,False,False,False
2017-W51,audio,4,791.79,790.39,519.89,718.57,1830.16,0.0,0.0,False,0.0,0,197.95,0.0,1.0017712774706158,0.6153846153846154,-0.37412546747902165,1,False,False,False
2017-W52,audio,4,1439.96,800.19,518.97,757.74,1838.12,0.0,1.23,False,0.0,0,359.99,0.0,1.7995226133793223,0.6666666666666666,-0.4818188635954452,1,False,False,False
2018-W01,audio,2,865.49,949.78,507.85,930.74,1965.47,0.0,-0.17,False,0.0,0,432.75,0.0,0.9112531323043231,0.3333333333333333,-0.4908341422062019,1,False,False,False
2018-W02,audio,5,898.03,911.3,500.1,828.64,1911.5,0.0,-0.03,False,0.0,0,149.67,0.0,0.985438384725118,0.8888888888888888,-0.37952788695110085,1,False,False,False
2018-W03,audio,6,780.22,889.85,496.0,828.64,1881.84,0.0,-0.22,False,0.0,0,111.46,0.0,0.8767994605832444,1.0909090909090908,-0.3811266673357381,1,False,False,False
2018-W04,audio,8,1516.55,776.07,375.99,786.0,1528.05,24.08,1.97,False,0.0,0,189.57,0.0,1.9541407347275372,1.7297297297297298,-0.4559666485834981,1,False,False,False
2018-W05,audio,8,1264.52,875.18,456.16,828.64,1787.5,0.0,0.85,False,0.0,0,158.06,0.0,1.4448684841975366,1.6842105263157894,-0.42013583800593957,1,False,False,False
2018-W06,audio,2,55.36,1025.12,332.08,881.76,1689.27,360.96,-2.92,True,305.6,0,27.68,0.0,0.05400343374434213,0.35555555555555557,-0.5034310164177812,1,False,True,False
2018-W07,audio,1,608.88,951.49,466.6,881.76,1884.69,18.29,-0.73,False,0.0,0,608.88,0.0,0.6399226476368642,0.20512820512820512,-0.5634482707288127,1,False,False,False
2018-W08,audio,4,880.28,928.63,479.84,881.76,1888.3,0.0,-0.1,False,0.0,0,220.07,0.0,0.9479340533904784,0.8888888888888888,-0.3896650178089446,1,False,False,False
2018-W09,audio,7,1465.7,858.67,433.17,872.88,1725.0,0.0,1.4,False,0.0,0,209.39,0.0,1.7069421314358253,1.5555555555555556,-0.441499916792408,1,False,False,False
2018-W10,audio,5,1170.62,933.69,483.57,889.16,1900.82,0.0,0.49,False,0.0,0,234.12,0.0,1.2537566001563687,0.975609756097561,-0.39888875134011514,1,False,False,False
2018-W11,audio,7,2382.08,967.77,490.25,1025.45,1948.27,0.0,2.88,True,0.0,0,340.3,0.0,2.46141128573938,1.3658536585365855,-0.5646992554339757,1,False,False,False
2018-W12,audio,9,3729.93,1168.0,689.39,1217.57,2546.77,0.0,3.72,True,0.0,0,372.99,0.0,3.193433219178082,1.7142857142857142,-0.6339182547968509,-1,True,False,False
2018-W13,audio,10,3712.54,1444.67,1143.7,1217.57,3732.08,0.0,1.98,False,0.0,0,371.25,0.0,2.5698187129240586,1.8604651162790697,-0.5962401069516228,-1,True,False,False
2018-W14,audio,5,1676.69,1750.67,1389.66,1318.16,4529.99,0.0,-0.05,False,0.0,0,279.45,0.0,0.9577418931037831,0.8888888888888888,-0.456583546010976,1,False,False,False
2018-W15,audio,10,4506.0,1953.34,1214.25,1571.2,4381.85,0.0,2.1,True,0.0,0,409.64,0.0,2.3068180654673536,1.6666666666666667,-0.6464831388901181,-1,True,False,False
2018-W16,audio,7,1374.45,2440.48,1369.62,2029.38,5179.71,0.0,-0.78,False,0.0,0,196.35,0.0,0.5631883891693438,0.9824561403508771,-0.4419648876089653,1,False,False,False
2018-W17,audio,7,1369.17,2502.25,1298.49,2029.38,5099.24,0.0,-0.87,False,0.0,0,195.6,0.0,0.5471755420121891,0.9333333333333333,-0.444837712015718,1,False,False,False
2018-W18,audio,3,707.53,2490.18,1309.9,2029.38,5109.99,0.0,-1.36,False,0.0,0,235.84,0.0,0.2841280550000402,0.4,-0.44037776366741055,1,False,False,False
2018-W19,audio,5,1080.79,2432.3,1384.64,2029.38,5201.59,0.0,-0.98,False,0.0,0,216.16,0.0,0.4443489701105949,0.6896551724137931,-0.42685267916791914,1,False,False,False
2018-W20,audio,8,533.03,2269.64,1465.46,1525.57,5200.56,0.0,-1.19,False,0.0,0,59.23,0.0,0.2348522232600765,1.1428571428571428,-0.46253222831313817,1,False,False,False
2018-W21,audio,1,128.78,1870.02,1446.12,1371.81,4762.27,0.0,-1.2,False,0.0,0,128.78,0.0,0.06886557363022855,0.14545454545454545,-0.40486560891501633,1,False,False,False
2018-W22,audio,5,1538.36,1422.06,1345.39,1224.98,4112.84,0.0,0.09,False,0.0,0,307.67,0.0,1.0817827658467294,0.8695652173913043,-0.45277041965351816,1,False,False,False
2018-W23,audio,1,30.13,1404.76,1342.54,1224.98,4089.84,0.0,-1.02,False,0.0,0,30.13,0.0,0.02144850365898801,0.17391304347826086,-0.425026152020108,1,False,False,False
2018-W24,audio,3,220.87,845.28,583.66,894.16,2012.6,0.0,-1.07,False,0.0,0,73.62,0.0,0.2612980314215408,0.6486486486486487,-0.3869517680066825,1,False,False,False
2018-W25,audio,8,964.49,701.08,576.71,620.28,1854.5,0.0,0.46,False,0.0,0,107.17,0.0,1.375720317224853,1.9393939393939394,-0.39108059856548294,1,False,False,False
2018-W26,audio,5,312.35,650.5,525.18,620.28,1700.86,0.0,-0.64,False,0.0,0,52.06,0.0,0.4801691006917756,1.1764705882352942,-0.41049297685092306,1,False,False,False
2018-W27,audio,1,621.28,601.1,537.49,422.69,1676.09,0.0,0.04,False,0.0,0,621.28,0.0,1.033571785060722,0.2222222222222222,-0.5455986802705031,1,False,False,False
2018-W28,audio,2,49.98,543.66,502.31,422.69,1548.28,0.0,-0.98,False,0.0,0,24.99,0.0,0.09193245778611632,0.5,-0.4173090935334402,1,False,False,False
2018-W29,audio,13,1044.97,483.28,531.93,266.61,1547.14,0.0,1.06,False,0.0,0,74.64,0.0,2.1622454891574243,4.0,-0.5401386553980448,1,False,False,False
2018-W30,audio,4,479.91,597.8,543.21,466.82,1684.22,0.0,-0.22,False,0.0,0,119.98,0.0,0.8027935764469724,0.8421052631578947,-0.370048198512051,1,False,False,False
2018-W31,audio,4,710.92,465.5,388.17,396.13,1241.85,0.0,0.63,False,0.0,0,177.73,0.0,1.527218045112782,0.8648648648648649,-0.3752451704028959,1,False,False,False
2018-W32,audio,6,829.99,550.6,352.04,550.6,1254.67,0.0,0.79,False,0.0,0,92.22,0.0,1.5074282600799127,1.2,-0.3797960902783773,1,False,False,False
2018-W33,audio,6,755.24,626.74,336.04,666.1,1298.82,0.0,0.38,False,0.0,0,107.89,0.0,1.205029198710789,1.1162790697674418,-0.37010940040238566,1,False,False,False
2018-W34,audio,8,654.0,600.58,313.38,666.1,1227.33,0.0,0.17,False,0.0,0,65.4,0.0,1.0889473508941356,1.5609756097560976,-0.3945774812190518,1,False,False,False
2018-W35,audio,1,22.29,643.29,290.96,682.46,1225.21,61.36,-2.13,True,39.07,0,22.29,0.0,0.03465000233176328,0.18181818181818182,-0.46336123790376005,1,False,True,False
2016-W40,auto,10,2521.85,,,,,,0.0,False,,2,229.26,0.2,1.0,1.8181818181818181,-0.5612838589426598,1,False,False,False
2016-W41,auto,1,194.85,,,,,,0.0,False,,0,194.85,0.0,1.0,0.15384615384615385,-0.4442144973211985,1,False,False,False
2017-W01,auto,2,39.24,,,,,,0.0,False,,0,19.62,0.0,1.0,0.4,-0.49041857177251547,1,False,False,False
2017-W03,auto,10,2536.25,,,,,,0.0,False,,0,230.57,0.0,1.0,2.1052631578947367,-0.38523215270464795,1,False,False,False
2017-W04,auto,12,5696.0,1323.05,1394.03,1358.35,4111.11,0.0,3.14,True,0.0,1,379.73,0.08333333333333333,4.305203884962776,2.1818181818181817,-0.5995090308292494,-1,True,False,False
2017-W05,auto,15,2566.55,2197.64,2298.27,2521.85,6794.17,0.0,0.16,False,0.0,0,150.97,0.0,1.1678664385431647,2.4,-0.3869046163086902,1,False,False,False
2017-W06,auto,33,7074.87,2259.12,2061.14,2529.05,6381.41,0.0,2.34,True,0.0,0,202.14,0.0,3.131692871560608,4.47457627118644,-0.49564972118859213,1,False,False,False
2017-W07,auto,17,5753.15,2947.09,2617.88,2536.25,8182.86,0.0,1.07,False,0.0,0,261.51,0.0,1.9521460152217949,1.619047619047619,-0.43446530067362205,1,False,False,False
2017-W08,auto,17,4034.86,3297.84,2618.88,2551.4,8535.6,0.0,0.28,False,0.0,1,212.36,0.058823529411764705,1.2234856754724304,1.36,-0.4324476147428405,1,False,False,False
2017-W09,auto,10,1922.9,3486.97,2609.45,3300.7,8705.87,0.0,-0.6,False,0.0,1,174.81,0.1,0.55145298066803,0.7476635514018691,-0.5038976252489555,1,False,False,False
2017-W10,auto,20,4942.81,3702.98,2357.34,3300.7,8417.67,0.0,0.53,False,0.0,2,224.67,0.1,1.3348195237349378,1.3793103448275863,-0.462730279124003,1,False,False,False
2017-W11,auto,15,2798.09,4315.92,1851.95,4488.84,8019.83,612.02,-0.82,False,0.0,0,174.88,0.0,0.6483183191532744,0.8955223880597015,-0.37698643956125866,1,False,False,False
2017-W12,auto,15,5035.33,4348.65,1818.01,4488.84,7984.67,712.63,0.38,False,0.0,0,251.77,0.0,1.1579064767226612,0.8633093525179856,-0.3847831587712679,1,False,False,False
2017-W13,auto,21,13402.27,4266.07,1762.21,4488.84,7790.49,741.65,5.18,True,0.0,2,496.38,0.09523809523809523,3.1415963638665096,1.1830985915492958,-0.6183563477214477,-1,True,False,False
2017-W14,auto,17,4073.1,5620.54,3538.42,4989.07,12697.38,0.0,-0.44,False,0.0,0,193.96,0.0,0.7246812583844257,0.918918918918919,-0.3668902429855136,1,False,False,False
2017-W15,auto,23,5280.26,5245.31,3521.28,4507.96,12287.88,0.0,0.01,False,0.0,0,211.21,0.0,1.006663095222208,1.393939393939394,-0.3552909519505524,1,False,False,False
2017-W16,auto,16,2545.31,5186.2,3515.5,4507.96,12217.21,0.0,-0.75,False,0.0,0,159.08,0.0,0.49078516061856464,0.927536231884058,-0.3778880443846225,1,False,False,False
2017-W17,auto,21,4965.51,5000.01,3623.0,4507.96,12246.0,0.0,-0.01,False,0.0,0,177.34,0.0,0.9931000137999724,1.2262773722627738,-0.3560703324504261,1,False,False,False
2017-W18,auto,23,3559.19,5380.34,3407.1,4954.16,12194.53,0.0,-0.53,False,0.0,0,131.82,0.0,0.6615176736042704,1.2432432432432432,-0.36572952394142105,1,False,False,False
2017-W19,auto,22,4625.56,5207.38,3467.07,4519.3,12141.52,0.0,-0.17,False,0.0,2,177.91,0.09090909090909091,0.8882701089607442,1.1655629139072847,-0.4463579613564705,1,False,False,False
2017-W20,auto,23,6995.61,5435.82,3343.66,4795.54,12123.14,0.0,0.47,False,0.0,0,233.19,0.0,1.286946587635352,1.1645569620253164,-0.38116977263850554,1,False,False,False
2017-W21,auto,23,10511.68,5680.85,3381.73,4795.54,12444.31,0.0,1.43,False,0.0,5,328.49,0.21739130434782608,1.85037098321554,1.108433734939759,-0.6051183233791357,-1,True,False,False
2017-W22,auto,22,5200.93,5319.53,2470.54,4795.54,10260.6,378.46,-0.05,False,0.0,1,216.71,0.045454545454545456,0.9777047972283267,1.0476190476190477,-0.4024589209648268,1,False,False,False
2017-W23,auto,28,7113.27,5460.51,2420.93,5083.22,10302.37,618.65,0.68,False,0.0,0,203.24,0.0,1.3026750248603152,1.2947976878612717,-0.38356018906329886,1,False,False,False
2017-W24,auto,28,18365.43,5689.63,2487.27,5083.22,10664.16,715.1,5.1,True,0.0,1,655.91,0.03571428571428571,3.227877735459072,1.2584269662921348,-0.6404619962354026,-1,True,False,False
2017-W25,auto,22,5975.07,7667.15,4822.71,6098.27,17312.58,0.0,-0.35,False,0.0,0,239.0,0.0,0.7793078262457367,0.9263157894736842,-0.36350486854370945,1,False,False,False
2017-W26,auto,20,6431.01,7793.34,4754.65,6485.34,17302.64,0.0,-0.29,False,0.0,0,238.19,0.0,0.8251930494499149,0.837696335078534,-0.3629795776287736,1,False,False,False
2017-W27,auto,20,2817.59,8152.32,4490.37,6713.31,17133.06,0.0,-1.19,False,0.0,0,140.88,0.0,0.3456181798555504,0.851063829787234,-0.3885562796961091,1,False,False,False
2017-W28,auto,29,4060.64,7926.32,4732.21,6713.31,17390.74,0.0,-0.82,False,0.0,0,116.02,0.0,0.5122982670394332,1.2473118279569892,-0.3825657804525213,1,False,False,False
2017-W29,auto,27,6692.94,7559.45,4924.53,6203.04,17408.52,0.0,-0.18,False,0.0,0,223.1,0.0,0.8853739359344925,1.125,-0.3577166245645866,1,False,False,False
2017-W30,auto,26,3500.52,7082.11,4780.46,6203.04,16643.03,0.0,-0.75,False,0.0,1,116.68,0.038461538461538464,0.4942764232693364,1.0612244897959184,-0.44842610690683155,1,False,False,False
2017-W31,auto,38,13255.38,6869.56,4912.04,6203.04,16693.64,0.0,1.3,False,0.0,0,276.15,0.0,1.9295820984167833,1.52,-0.4501516262352619,1,False,False,False
2017-W32,auto,23,11004.83,7637.32,5410.32,6203.04,18457.95,0.0,0.62,False,0.0,1,440.19,0.043478260869565216,1.440928231369119,0.8761904761904762,-0.5161050916867453,1,False,False,False
2017-W33,auto,35,5239.62,6717.25,3671.83,6203.04,14060.9,0.0,-0.4,False,0.0,0,116.44,0.0,0.7800245636235066,1.3658536585365855,-0.3735158777220647,1,False,False,False
2017-W34,auto,22,48409.8,6625.32,3702.14,5835.32,14029.6,0.0,11.29,True,0.0,0,1100.22,0.0,7.306786691057942,0.8073394495412844,-0.8103586297917384,-1,True,False,False
2017-W35,auto,23,2764.33,11872.66,15220.14,5966.28,42312.95,0.0,-0.6,False,0.0,0,120.19,0.0,0.2328315642829829,0.8363636363636363,-0.3810707319686436,1,False,False,False
2017-W36,auto,18,4274.21,11866.01,15224.68,5966.28,42315.37,0.0,-0.5,False,0.0,0,224.96,0.0,0.360206168712145,0.6457399103139013,-0.3862553605005373,1,False,False,False
2017-W37,auto,22,2339.52,11892.7,15209.22,5966.28,42311.14,0.0,-0.63,False,0.0,0,106.34,0.0,0.19671899568642948,0.8301886792452831,-0.3956259196034444,1,False,False,False
2017-W38,auto,27,3545.35,11348.53,15497.0,4756.92,42342.52,0.0,-0.5,False,0.0,0,114.37,0.0,0.3124061001733264,1.0434782608695652,-0.38212487140785983,1,False,False,False
2017-W39,auto,28,19098.69,11354.13,15493.76,4756.92,42341.66,0.0,0.5,False,0.0,0,516.18,0.0,1.6820918907921611,1.0769230769230769,-0.5351252828995946,1,False,False,False
2017-W40,auto,30,8301.13,12084.54,15732.1,4756.92,43548.74,0.0,-0.24,False,0.0,0,244.15,0.0,0.6869214715661497,1.2121212121212122,-0.38444972154756973,1,False,False,False
2017-W41,auto,35,8112.96,11746.58,15787.55,4756.92,43321.68,0.0,-0.23,False,0.0,0,193.17,0.0,0.6906657086573283,1.3658536585365855,-0.37006091694776205,1,False,False,False
2017-W42,auto,31,8798.94,12105.75,15650.46,6193.58,43406.66,0.0,-0.21,False,0.0,0,225.61,0.0,0.7268397249241063,1.2097560975609756,-0.38153441245862035,1,False,False,False
2017-W43,auto,26,3755.07,7154.39,5495.2,6193.58,18144.8,0.0,-0.62,False,0.0,0,134.11,0.0,0.5248623572380036,0.9719626168224299,-0.36782046006589764,1,False,False,False
2017-W44,auto,21,6121.63,7278.23,5392.34,6193.58,18062.9,0.0,-0.21,False,0.0,1,226.73,0.047619047619047616,0.8410877369909993,0.7741935483870968,-0.40598325966972176,1,False,False,False
2017-W45,auto,44,5550.44,7509.16,5283.77,7117.3,18076.71,0.0,-0.37,False,0.0,0,120.66,0.0,0.7391559109141368,1.6,-0.38826471733854573,1,False,False,False
2017-W46,auto,39,6800.86,7910.53,4946.15,7117.3,17802.82,0.0,-0.22,False,0.0,0,151.13,0.0,0.8597224206216271,1.2892561983471074,-0.3710406808064834,1,False,False,False
2017-W47,auto,97,17245.3,8317.46,4661.43,7456.91,17640.32,0.0,1.92,False,0.0,0,165.82,0.0,2.0733853844803583,3.0551181102362204,-0.46372842558683747,1,False,False,False
2017-W48,auto,74,15827.46,8085.79,4055.76,7456.91,16197.31,0.0,1.91,False,0.0,0,188.42,0.0,1.9574413879163322,1.8328173374613004,-0.423737370680373,1,False,False,False
2017-W49,auto,80,17612.46,9026.58,4898.26,7456.91,18823.11,0.0,1.75,False,0.0,0,191.44,0.0,1.9511775223838927,1.7438692098092643,-0.42750598521726,1,False,False,False
2017-W50,auto,73,17121.67,10214.02,5726.55,7799.9,21667.11,0.0,1.21,False,0.0,0,190.24,0.0,1.6762910195985516,1.4174757281553398,-0.40838277894640435,1,False,False,False
2017-W51,auto,46,9895.82,11254.36,6171.46,11314.16,23597.27,0.0,-0.22,False,0.0,0,201.96,0.0,0.8792876716223756,0.8105726872246696,-0.3724922108923836,1,False,False,False
2017-W52,auto,20,2887.11,12021.95,5444.53,12861.64,22911.02,1132.89,-1.68,False,0.0,0,137.48,0.0,0.24015321973556703,0.33755274261603374,-0.4114201024467534,1,False,False,False
2018-W01,auto,50,10200.08,11617.64,6033.53,12861.64,23684.7,0.0,-0.23,False,0.0,0,185.46,0.0,0.8779821030777335,0.8456659619450317,-0.36354464577020473,1,False,False,False
2018-W02,auto,46,9068.55,12198.84,5571.88,13013.77,23342.6,1055.09,-0.56,False,0.0,0,181.37,0.0,0.7433944538988952,0.7682672233820459,-0.3769286344008288,1,False,False,False
2018-W03,auto,74,14806.47,12482.31,5309.54,13013.77,23101.38,1863.23,0.44,False,0.0,0,180.57,0.0,1.1861963050108513,1.2181069958847737,-0.3795412395696745,1,False,False,False
2018-W04,auto,46,9277.62,12177.45,5061.2,12503.28,22299.86,2055.05,-0.57,False,0.0,0,171.81,0.0,0.7618688641710704,0.7948164146868251,-0.37767805407004296,1,False,False,False
2018-W05,auto,69,14125.6,11358.72,4914.04,10047.95,21186.8,1530.65,0.56,False,0.0,1,185.86,0.014492753623188406,1.2435908271354519,1.2689655172413794,-0.4231180875250971,1,False,False,False
2018-W06,auto,52,11511.49,10922.86,4408.77,10047.95,19740.41,2105.32,0.13,False,0.0,0,217.2,0.0,1.0538897321763714,0.9811320754716981,-0.37584087327333116,1,False,False,False
2018-W07,auto,88,12884.98,10221.59,3665.44,10047.95,17552.47,2890.72,0.73,False,0.0,0,131.48,0.0,1.2605651371264157,1.7468982630272953,-0.4120783247238014,1,False,False,False
2018-W08,auto,85,14119.69,10595.24,3778.11,10855.78,18151.45,3039.02,0.93,False,0.0,1,151.82,0.011764705882352941,1.3326446592998367,1.5280898876404494,-0.43164478745589807,1,False,False,False
2018-W09,auto,73,11365.98,11999.31,2303.84,12198.24,16606.99,7391.63,-0.27,False,0.0,0,143.87,0.0,0.9472194651192444,1.1450980392156862,-0.3746275032467209,1,False,False,False
2018-W10,auto,63,11525.83,12145.05,2208.68,12198.24,16562.4,7727.69,-0.28,False,0.0,0,177.32,0.0,0.949014619124664,0.9455909943714822,-0.36733668653787394,1,False,False,False
2018-W11,auto,78,16549.49,12452.21,1863.62,12205.4,16179.45,8724.96,2.2,True,0.0,0,194.7,0.0,1.3290403872083754,1.1345454545454545,-0.4126716823116947,1,False,False,False
2018-W12,auto,87,14436.62,12670.08,2241.72,12205.4,17153.52,8186.65,0.79,False,0.0,0,147.31,0.0,1.1394261125423044,1.256317689530686,-0.3931807996749529,1,False,False,False
2018-W13,auto,73,13462.43,13314.96,1830.77,13502.34,16976.49,9653.43,0.08,False,0.0,0,170.41,0.0,1.0110755120556127,0.9815126050420168,-0.3707692197461734,1,False,False,False
2018-W14,auto,86,15348.16,13232.06,1803.63,13173.7,16839.32,9624.8,1.17,False,0.0,1,170.54,0.011627906976744186,1.1599221889864466,1.1485809682804675,-0.4278332808151118,1,False,False,False
2018-W15,auto,79,20177.43,13711.65,1790.81,13791.06,17293.27,10130.02,3.61,True,0.0,0,231.92,0.0,1.471553751736662,0.9984202211690363,-0.5193287197592893,1,False,False,False
2018-W16,auto,78,14299.69,14623.2,2851.68,14278.16,20326.56,8919.84,-0.11,False,0.0,0,160.67,0.0,0.9778769352809235,1.0,-0.38382733510689376,1,False,False,False
2018-W17,auto,71,12416.13,14645.7,2847.85,14368.16,20341.4,8950.01,-0.78,False,0.0,0,161.25,0.0,0.847766238554661,0.9205834683954619,-0.39071321873076764,1,False,False,False
2018-W18,auto,72,12062.77,14776.97,2695.19,14368.16,20167.34,9386.6,-1.01,False,0.0,0,141.91,0.0,0.8163222906996496,0.9365853658536586,-0.41121899236502474,1,False,False,False
2018-W19,auto,87,14724.46,14844.09,2607.93,14368.16,20059.95,9628.23,-0.05,False,0.0,1,158.33,0.011494252873563218,0.991940900385271,1.1153846153846154,-0.43153568682146565,1,False,False,False
2018-W20,auto,92,14483.15,14615.96,2515.63,14368.16,19647.22,9584.71,-0.05,False,0.0,0,149.31,0.0,0.990913357726759,1.1627172195892574,-0.405493124747575,1,False,False,False
2018-W21,auto,35,4637.52,14621.78,2515.21,14391.42,19652.19,9591.36,-3.97,True,4953.84,0,125.34,0.0,0.3171652151790001,0.438871473354232,-0.5136750896401544,1,False,True,False
2018-W22,auto,38,11152.55,13518.66,4357.1,14391.42,22232.87,4804.46,-0.54,False,0.0,0,259.36,0.0,0.824974516705058,0.5066666666666667,-0.40457447832232235,1,False,False,False
2018-W23,auto,66,13311.09,12994.21,4357.94,13357.91,21710.09,4278.34,0.07,False,0.0,0,160.37,0.0,1.024386245874124,0.9565217391304348,-0.3752840510724946,1,False,False,False
2018-W24,auto,52,11288.25,12135.92,3285.24,12863.61,18706.41,5565.43,-0.26,False,0.0,0,194.63,0.0,0.9301519785891799,0.7717996289424861,-0.3614435737595043,1,False,False,False
2018-W25,auto,68,13896.31,11759.49,3172.49,12239.45,18104.47,5414.51,0.67,False,0.0,0,190.36,0.0,1.1817102612443227,1.060428849902534,-0.37691854966232446,1,False,False,False
2018-W26,auto,65,13389.84,11944.51,3258.26,12686.93,18461.03,5427.99,0.44,False,0.0,0,183.42,0.0,1.1210037079796493,1.0196078431372548,-0.37179190172162613,1,False,False,False
2018-W27,auto,57,7762.08,12110.4,3298.67,13350.46,18707.74,5513.05,-1.32,False,0.0,0,127.25,0.0,0.6409433214427269,0.9065606361829026,-0.427571191280421,1,False,False,False
2018-W28,auto,49,8710.51,11240.1,3426.45,12299.67,18093.0,4387.2,-0.74,False,0.0,0,158.37,0.0,0.7749495111253458,0.828752642706131,-0.3739718042001508,1,False,False,False
2018-W29,auto,91,17727.4,10518.52,3249.17,11220.4,17016.87,4020.17,2.22,True,0.0,2,182.76,0.02197802197802198,1.6853511710773,1.6930232558139535,-0.50303609356268,1,False,False,False
2018-W30,auto,90,13265.66,12154.75,3159.2,12299.67,18473.14,5836.36,0.35,False,0.0,0,136.76,0.0,1.0913971903988153,1.4814814814814814,-0.40550958721597424,1,False,False,False
2018-W31,auto,89,15561.96,12418.89,3151.76,13288.38,18722.41,6115.37,1.0,False,0.0,2,149.63,0.02247191011235955,1.2530878363525242,1.3234200743494424,-0.4688538586113684,1,False,False,False
2018-W32,auto,129,20467.16,12700.25,3337.76,13327.75,19375.78,6024.72,2.33,True,0.0,0,150.49,0.0,1.611555678037834,1.839572192513369,-0.5492003448478253,1,False,False,False
2018-W33,auto,101,20875.45,13847.62,4239.01,13643.08,22325.63,5369.6,1.66,False,0.0,1,193.29,0.009900990099009901,1.5075117601436203,1.2664576802507836,-0.5161909717483796,1,False,False,False
2018-W34,auto,55,7005.52,14720.01,4914.76,14475.9,24549.52,4890.49,-1.57,False,0.0,0,116.76,0.0,0.47591815494690565,0.6557377049180327,-0.44260054895586626,1,False,False,False
2018-W35,auto,6,524.38,13921.97,5628.15,14413.81,25178.28,2665.66,-2.38,True,2141.28,0,87.4,0.0,0.037665646456643706,0.07261724659606657,-0.5286747371788013,1,False,True,False
2016-W39,baby,1,109.34,,,,,,0.0,False,,1,109.34,1.0,1.0,0.013114754098360656,-0.6311402438896396,-1,True,False,False
2016-W40,baby,10,2235.09,,,,,,0.0,False,,0,171.93,0.0,1.0,0.1423487544483986,-0.37755847067352,1,False,False,False
2017-W01,baby,2,39.24,,,,,,0.0,False,,0,19.62,0.0,1.0,0.033264033264033266,-0.5102541247655248,1,False,False,False
2017-W02,baby,2,205.84,,,,,,0.0,False,,0,102.92,0.0,1.0,0.04071246819338423,-0.40757646471540504,1,False,False,False
2017-W03,baby,9,1678.76,647.38,1060.68,157.59,2768.73,0.0,0.97,False,0.0,0,139.9,0.0,2.5931601223392753,0.23529411764705882,-0.455817256748313,1,False,False,False
2017-W04,baby,13,5135.65,853.65,1027.87,205.84,2909.4,0.0,4.17,True,0.0,0,320.98,0.0,6.016107303930182,0.5591397849462365,-0.6604631863092267,-1,True,False,False
2017-W05,baby,10,1979.35,1567.32,1975.13,942.3,5517.58,0.0,0.21,False,0.0,0,141.38,0.0,1.2628882423499987,0.8163265306122449,-0.36985742920762443,1,False,False,False
2017-W06,baby,11,1176.06,1626.18,1809.75,1678.76,5245.68,0.0,-0.25,False,0.0,0,106.91,0.0,0.7232040733498136,1.6603773584905661,-0.36566683739333505,1,False,False,False
2017-W07,baby,11,1013.04,1569.92,1683.04,1427.41,4936.01,0.0,-0.33,False,0.0,0,92.09,0.0,0.6452812882185079,1.5172413793103448,-0.38250888282013856,1,False,False,False
2017-W08,baby,5,1228.42,1682.88,1599.25,1427.41,4881.38,0.0,-0.28,False,0.0,0,245.68,0.0,0.7299510363186917,0.5882352941176471,-0.472395320629477,1,False,False,False
2017-W09,baby,9,890.35,1557.04,1589.17,1202.24,4735.38,0.0,-0.42,False,0.0,0,80.94,0.0,0.5718221754097519,1.1428571428571428,-0.40141893000419454,1,False,False,False
2017-W10,baby,11,878.67,1663.43,1498.97,1202.24,4661.37,0.0,-0.52,False,0.0,0,67.59,0.0,0.5282278184233782,1.2571428571428571,-0.4224314657218126,1,False,False,False
2017-W11,baby,10,1599.83,1747.54,1422.42,1202.24,4592.39,0.0,-0.1,False,0.0,0,145.44,0.0,0.9154754683726839,1.0126582278481013,-0.3638802909116101,1,False,False,False
2017-W12,baby,8,784.89,1737.67,1423.24,1202.24,4584.16,0.0,-0.67,False,0.0,0,98.11,0.0,0.4516910575655907,0.8,-0.3978557028302921,1,False,False,False
2017-W13,baby,8,772.44,1193.83,409.66,1094.55,2013.14,374.51,-1.03,False,0.0,0,96.56,0.0,0.647026796109999,0.8533333333333334,-0.3963623761604409,1,False,False,False
2017-W14,baby,10,743.85,1042.96,281.11,951.7,1605.19,480.74,-1.06,False,0.0,0,74.39,0.0,0.7132104778706758,1.095890410958904,-0.4170757722252413,1,False,False,False
2017-W15,baby,5,1008.17,988.94,293.15,884.51,1575.24,402.63,0.07,False,0.0,0,168.03,0.0,1.0194450623900337,0.5555555555555556,-0.39578305311642953,1,False,False,False
2017-W16,baby,17,1869.98,988.33,293.1,884.51,1574.53,402.12,3.01,True,0.0,0,110.0,0.0,1.8920603442170125,2.0606060606060606,-0.4422212510145767,1,False,False,False
2017-W17,baby,15,1793.82,1068.52,425.87,884.51,1920.27,216.78,1.7,False,0.0,0,99.66,0.0,1.6787893534982967,1.5384615384615385,-0.3986497470039551,1,False,False,False
2017-W18,baby,23,2535.01,1181.46,487.25,943.42,2155.95,206.97,2.78,True,0.0,0,93.89,0.0,2.1456587611937774,2.1904761904761907,-0.4425857183850188,1,False,False,False
2017-W19,baby,26,2677.47,1388.5,661.1,1304.0,2710.69,66.3,1.95,False,0.0,0,99.17,0.0,1.9283183291321568,2.1666666666666665,-0.4087670871949573,1,False,False,False
2017-W20,baby,24,2364.57,1523.2,804.54,1401.0,3132.28,0.0,1.05,False,0.0,0,94.58,0.0,1.5523700105042018,1.7142857142857142,-0.3961590181439579,1,False,False,False
2017-W21,baby,19,3303.34,1720.66,791.19,1831.9,3303.04,138.29,2.0,True,0.0,0,132.13,0.0,1.9198098404100752,1.1875,-0.4074416286042736,1,False,False,False
2017-W22,baby,21,3789.27,2037.03,860.8,2117.28,3758.64,315.42,2.04,True,0.0,0,180.44,0.0,1.8601935170321497,1.20863309352518,-0.4077062767030615,1,False,False,False
2017-W23,baby,16,2119.48,2417.7,880.39,2449.79,4178.49,656.92,-0.34,False,0.0,0,132.47,0.0,0.8766513628655335,0.8533333333333334,-0.3650211536150471,1,False,False,False
2017-W24,baby,22,5148.94,2556.62,694.2,2449.79,3945.02,1168.22,3.73,True,0.0,0,183.89,0.0,2.0139637490123676,1.093167701863354,-0.45248539832707285,1,False,False,False
2017-W25,baby,14,1499.48,2966.49,1087.47,2606.24,5141.43,791.55,-1.35,False,0.0,0,99.97,0.0,0.5054727978182971,0.6746987951807228,-0.397063868241468,1,False,False,False
2017-W26,baby,14,2441.59,2929.7,1136.68,2606.24,5203.05,656.34,-0.43,False,0.0,0,162.77,0.0,0.833392497525344,0.6787878787878788,-0.3704385668740897,1,False,False,False
2017-W27,baby,22,2730.97,2918.02,1141.78,2559.53,5201.58,634.46,-0.16,False,0.0,0,94.17,0.0,0.935898314610592,1.1282051282051282,-0.37083665222864076,1,False,False,False
2017-W28,baby,32,4568.9,2924.7,1140.33,2586.28,5205.36,644.05,1.44,False,0.0,1,138.45,0.03125,1.5621773173316922,1.6842105263157894,-0.4389818682466404,1,False,False,False
2017-W29,baby,36,6419.38,3200.25,1246.98,3017.16,5694.2,706.29,2.58,True,0.0,0,164.6,0.0,2.005899539098508,1.8,-0.4308077089436128,1,False,False,False
2017-W30,baby,23,4694.78,3589.75,1691.29,3260.12,6972.32,207.18,0.65,False,0.0,0,187.79,0.0,1.3078292360192214,1.03954802259887,-0.38585898688991516,1,False,False,False
2017-W31,baby,30,5483.28,3702.94,1736.25,3649.93,7175.44,230.44,1.03,False,0.0,1,176.88,0.03333333333333333,1.4807909390916405,1.3407821229050279,-0.444782838653616,1,False,False,False
2017-W32,baby,22,4571.48,4123.42,1705.03,4631.84,7533.47,713.36,0.26,False,0.0,0,190.48,0.0,1.1086622269863364,0.9119170984455959,-0.3812913036855334,1,False,False,False
2017-W33,baby,30,6135.25,4051.23,1667.21,4570.19,7385.66,716.81,1.25,False,0.0,1,204.51,0.03333333333333333,1.5144166092766889,1.2435233160621761,-0.4654515446670225,1,False,False,False
2017-W34,baby,31,5338.01,4630.7,1444.33,4633.13,7519.36,1742.05,0.49,False,0.0,0,152.51,0.0,1.1527436456691214,1.186602870813397,-0.36929151219719986,1,False,False,False
2017-W35,baby,35,9718.02,4992.76,1150.28,5016.4,7293.31,2692.2,4.11,True,0.0,0,255.74,0.0,1.946422419663673,1.238938053097345,-0.5180743253901993,1,False,False,False
2017-W36,baby,31,4823.69,5866.14,1705.96,5410.64,9278.05,2454.22,-0.61,False,0.0,0,146.17,0.0,0.8222937059122352,1.0376569037656904,-0.357431683978039,1,False,False,False
2017-W37,baby,47,10006.7,5897.99,1680.47,5410.64,9258.92,2537.05,2.44,True,0.0,0,200.13,0.0,1.696628851523994,1.5798319327731092,-0.44564584558087095,1,False,False,False
2017-W38,baby,32,4742.82,6346.4,2228.67,5410.64,10803.75,1889.06,-0.72,False,0.0,0,118.57,0.0,0.7473244674145972,1.0281124497991967,-0.36595632295462843,1,False,False,False
2017-W39,baby,40,6452.62,6352.41,2223.65,5410.64,10799.7,1905.12,0.05,False,0.0,0,153.63,0.0,1.015775115271212,1.2403100775193798,-0.3678537620240131,1,False,False,False
2017-W40,baby,32,4490.9,6473.57,2195.76,5736.63,10865.09,2082.06,-0.9,False,0.0,0,140.34,0.0,0.6937284991125453,0.9552238805970149,-0.37067623930861543,1,False,False,False
2017-W41,baby,36,5016.46,6463.5,2205.89,5736.63,10875.28,2051.72,-0.66,False,0.0,0,125.41,0.0,0.7761212965111781,1.0359712230215827,-0.36172582615608345,1,False,False,False
2017-W42,baby,34,6074.19,6323.65,2264.36,5177.24,10852.38,1794.93,-0.11,False,0.0,0,173.55,0.0,0.9605512639061301,0.9577464788732394,-0.3694234540924437,1,False,False,False
2017-W43,baby,20,3043.48,6415.68,2233.33,5545.32,10882.34,1949.01,-1.51,False,0.0,0,144.93,0.0,0.4743815152875455,0.5574912891986062,-0.4096479483444784,1,False,False,False
2017-W44,baby,30,4848.02,5581.36,2063.7,4920.08,9708.75,1453.97,-0.36,False,0.0,0,156.39,0.0,0.8686090845242022,0.8823529411764706,-0.35507663944134893,1,False,False,False
2017-W45,baby,35,5016.42,5584.4,2062.44,4932.24,9709.27,1459.52,-0.28,False,0.0,0,135.58,0.0,0.8982916696511712,1.033210332103321,-0.3544605083934133,1,False,False,False
2017-W46,baby,42,8006.35,4960.61,1030.15,4932.22,7020.92,2900.31,2.96,True,0.0,0,148.27,0.0,1.6139849736221958,1.2972972972972974,-0.44815429421226294,1,False,False,False
2017-W47,baby,67,10742.18,5368.55,1479.68,5016.44,8327.92,2409.19,3.63,True,0.0,1,149.2,0.014925373134328358,2.0009462517812073,1.9925650557620818,-0.5544647613607969,1,False,False,False
2017-W48,baby,42,5867.71,5904.75,2412.08,5016.44,10728.91,1080.59,-0.02,False,0.0,0,136.46,0.0,0.9937270841271858,1.135135135135135,-0.3660059515826058,1,False,False,False
2017-W49,baby,48,6072.41,6076.85,2344.97,5442.08,10766.8,1386.9,-0.0,False,0.0,0,112.45,0.0,0.9992693583024099,1.2549019607843137,-0.390724833434016,1,False,False,False
2017-W50,baby,33,6597.11,6208.84,2306.16,5970.06,10821.16,1596.53,0.17,False,0.0,0,194.03,0.0,1.0625350306981658,0.8301886792452831,-0.38622920017868284,1,False,False,False
2017-W51,baby,28,5889.54,6274.21,2309.2,5970.06,10892.62,1655.8,-0.17,False,0.0,0,196.32,0.0,0.9386902892953853,0.7066246056782335,-0.37744391122129056,1,False,False,False
2017-W52,baby,14,1666.12,6629.97,1928.17,5980.98,10486.3,2773.63,-2.57,True,1107.51,0,104.13,0.0,0.25130128793946277,0.3446153846153846,-0.5003521610309958,1,False,True,False
2018-W01,baby,43,8368.09,6232.23,2569.71,5980.98,11371.64,1092.82,0.83,False,0.0,0,170.78,0.0,1.34271199875486,1.1132686084142396,-0.39656512390882825,1,False,False,False
2018-W02,baby,61,10883.8,6651.19,2615.97,6334.76,11883.13,1419.24,1.62,False,0.0,0,162.44,0.0,1.6363688302394008,1.5394321766561514,-0.4462285213234797,1,False,False,False
2018-W03,baby,44,8005.47,7010.87,2998.73,6334.76,13008.33,1013.41,0.33,False,0.0,0,170.33,0.0,1.141865417558734,1.0476190476190477,-0.38545431642343275,1,False,False,False
2018-W04,baby,54,8596.14,6668.78,2647.83,6334.76,11964.45,1373.12,0.73,False,0.0,0,145.7,0.0,1.2890123830745652,1.3801916932907348,-0.4079893963708521,1,False,False,False
2018-W05,baby,22,3178.22,7009.84,2705.01,7301.29,12419.86,1599.81,-1.42,False,0.0,1,132.43,0.045454545454545456,0.4533940860276411,0.5415384615384615,-0.48777452397224885,1,False,False,False
2018-W06,baby,41,5293.89,6648.06,3023.13,7301.29,12694.31,601.81,-0.45,False,0.0,2,126.05,0.04878048780487805,0.7963059900181406,1.0969899665551839,-0.45891158085545725,1,False,False,False
2018-W07,baby,42,7452.53,6485.16,3061.14,6947.5,12607.43,362.88,0.32,False,0.0,1,165.61,0.023809523809523808,1.1491667129261267,1.0944625407166124,-0.42776165768391594,1,False,False,False
2018-W08,baby,49,7260.25,6680.53,3067.56,7729.0,12815.66,545.41,0.19,False,0.0,0,139.62,0.0,1.0867775460929,1.2211838006230529,-0.3839951835370989,1,False,False,False
2018-W09,baby,51,16261.8,7379.8,2303.71,7729.0,11987.22,2772.38,3.86,True,0.0,1,318.86,0.0196078431372549,2.203555651914686,1.146067415730337,-0.6136158292489218,-1,True,False,False
2018-W10,baby,36,6193.29,8366.51,3914.7,7729.0,16195.91,537.12,-0.56,False,0.0,0,158.8,0.0,0.7402477257542273,0.7912087912087912,-0.3651609533043706,1,False,False,False
2018-W11,baby,57,10281.8,7780.2,3834.24,7356.39,15448.69,111.71,0.65,False,0.0,0,168.55,0.0,1.3215341507930387,1.345132743362832,-0.4116794894201239,1,False,False,False
2018-W12,baby,56,15954.52,8064.74,3936.45,7356.39,15937.64,191.84,2.0,True,0.0,0,261.55,0.0,1.9783055622375925,1.2727272727272727,-0.5293924237776213,1,False,False,False
2018-W13,baby,46,12676.32,8984.54,4835.4,7356.39,18655.34,0.0,0.76,False,0.0,1,239.18,0.021739130434782608,1.4109036188831034,1.03954802259887,-0.4984002131317669,1,False,False,False
2018-W14,baby,44,10382.53,10171.8,4347.52,8867.16,18866.85,1476.75,0.05,False,0.0,0,235.97,0.0,1.0207170805560473,0.9312169312169312,-0.4257571152532507,1,False,False,False
2018-W15,baby,64,15304.06,10807.88,3878.89,10332.17,18565.66,3050.1,1.16,False,0.0,0,218.63,0.0,1.4160094301565156,1.3438320209973753,-0.48932861090176677,1,False,False,False
2018-W16,baby,58,31838.71,11789.32,3901.86,11529.42,19593.05,3985.59,5.14,True,0.0,1,413.49,0.017241379310344827,2.7006400708437805,1.15136476426799,-0.723670891153506,-1,True,False,False
2018-W17,baby,42,11908.78,14861.63,7676.73,13990.19,30215.08,0.0,-0.38,False,0.0,0,264.64,0.0,0.8013104888225586,0.8155339805825242,-0.46146709560071064,1,False,False,False
2018-W18,baby,60,8025.91,14317.5,7717.47,12292.55,29752.43,0.0,-0.82,False,0.0,0,131.57,0.0,0.5605664396717304,1.1910669975186103,-0.44156147496500464,1,False,False,False
2018-W19,baby,56,13208.77,14546.58,7464.93,12292.55,29476.44,0.0,-0.18,False,0.0,0,183.46,0.0,0.9080326784715033,1.0491803278688525,-0.431763713672531,1,False,False,False
2018-W20,baby,60,12242.7,14912.45,7295.86,12942.54,29504.17,320.73,-0.37,False,0.0,1,182.73,0.016666666666666666,0.8209717383796761,1.1267605633802817,-0.4765012895199443,1,False,False,False
2018-W21,baby,26,3538.55,14448.47,7338.03,12459.51,29124.53,0.0,-1.49,False,0.0,0,104.08,0.0,0.24490828440658424,0.48372093023255813,-0.42929413179560444,1,False,False,False
2018-W22,baby,44,11606.91,13306.25,8301.25,12075.74,29908.75,0.0,-0.2,False,0.0,0,227.59,0.0,0.8722900892437764,0.8585365853658536,-0.4294648433798519,1,False,False,False
2018-W23,baby,55,13529.01,13459.3,8250.78,12075.74,29960.85,0.0,0.01,False,0.0,0,218.21,0.0,1.005179318389515,1.0731707317073171,-0.4455352925498018,1,False,False,False
2018-W24,baby,46,9295.84,13237.42,8217.88,12075.74,29673.18,0.0,-0.48,False,0.0,0,175.39,0.0,0.7022395602768515,0.9177057356608479,-0.3962182000024139,1,False,False,False
2018-W25,baby,50,8813.77,10419.56,3353.9,11757.84,17127.35,3711.76,-0.48,False,0.0,0,146.9,0.0,0.8458869664362028,1.0282776349614395,-0.3976874273131218,1,False,False,False
2018-W26,baby,41,7692.94,10032.68,3336.03,10451.38,16704.75,3360.62,-0.7,False,0.0,0,167.24,0.0,0.7667881363703417,0.8261964735516373,-0.3895234218635417,1,False,False,False
2018-W27,baby,38,5841.71,9991.06,3366.58,10451.38,16724.23,3257.89,-1.23,False,0.0,0,146.04,0.0,0.584693716182267,0.8042328042328042,-0.4015597009577643,1,False,False,False
2018-W28,baby,32,4116.14,9070.18,3368.26,9054.8,15806.71,2333.65,-1.47,False,0.0,0,114.34,0.0,0.4538101779678022,0.7111111111111111,-0.4161790231912206,1,False,False,False
2018-W29,baby,47,5782.47,8054.36,3497.73,8253.36,15049.82,1058.89,-0.65,False,0.0,1,96.37,0.02127659574468085,0.7179304128447201,1.1325301204819278,-0.42848409157124684,1,False,False,False
2018-W30,baby,64,9921.39,8334.85,3157.27,8253.36,14649.39,2020.31,0.5,False,0.0,5,135.91,0.078125,1.1903501562715584,1.4504249291784703,-0.5580702502060986,1,False,False,False
2018-W31,baby,86,13561.08,8124.16,2957.66,8253.36,14039.47,2208.85,1.84,False,0.0,0,142.75,0.0,1.6692285725539626,1.844504021447721,-0.5685834480566941,-1,True,False,False
2018-W32,baby,62,7313.26,8128.17,2966.04,8253.36,14060.24,2196.09,-0.27,False,0.0,0,110.81,0.0,0.8997425004644342,1.2277227722772277,-0.432120292346475,1,False,False,False
2018-W33,baby,46,7342.75,7880.34,2937.22,7503.1,13754.79,2005.9,-0.18,False,0.0,0,146.85,0.0,0.9317808622470604,0.8761904761904762,-0.37270337382175184,1,False,False,False
2018-W34,baby,32,3463.81,7696.47,2916.41,7328.0,13529.29,1863.64,-1.45,False,0.0,1,101.88,0.03125,0.4500517769834742,0.6153846153846154,-0.46478507922178747,1,False,False,False
2018-W35,baby,3,387.78,7167.83,3278.02,6577.48,13723.87,611.79,-2.07,True,224.01,0,129.26,0.0,0.05410005538635821,0.05896805896805897,-0.5286331210349072,1,False,True,False
2016-W40,bed_bath_table,5,2291.71,,,,,,0.0,False,,0,286.46,0.0,1.0,0.10752688172043011,-0.5744069120671215,-1,True,False,False
2017-W01,bed_bath_table,1,84.59,,,,,,0.0,False,,0,84.59,0.0,1.0,0.02318840579710145,-0.5091716937956734,1,False,False,False
2017-W02,bed_bath_table,5,380.56,,,,,,0.0,False,,0,76.11,0.0,1.0,0.13377926421404682,-0.49566985807115066,1,False,False,False
2017-W03,bed_bath_table,10,1993.09,,,,,,0.0,False,,0,181.19,0.0,1.0,0.3333333333333333,-0.44214957281489287,1,False,False,False
2017-W04,bed_bath_table,16,2128.97,1187.49,1115.92,1186.82,3419.32,0.0,0.84,False,0.0,0,106.45,0.0,1.7928319396373862,0.7804878048780488,-0.47004678187841353,1,False,False,False
2017-W05,bed_bath_table,34,3813.78,1375.78,1054.15,1993.09,3484.08,0.0,2.31,True,0.0,1,108.97,0.029411764705882353,2.772085653229441,2.305084745762712,-0.5439144941072374,1,False,False,False
2017-W06,bed_bath_table,43,6597.57,1782.12,1370.99,2061.03,4524.1,0.0,3.51,True,0.0,1,131.95,0.023255813953488372,3.702090768298431,3.2452830188679247,-0.5724129145460882,-1,True,False,False
2017-W07,bed_bath_table,39,9945.1,2470.04,2208.85,2128.97,6887.73,0.0,3.38,True,0.0,0,187.64,0.0,4.026291072209357,2.6666666666666665,-0.5894513504539192,-1,True,False,False
2017-W08,bed_bath_table,32,5166.62,3404.42,3341.64,2210.34,10087.71,0.0,0.53,False,0.0,0,126.02,0.0,1.5176212100739626,1.673202614379085,-0.415358092879582,1,False,False,False
2017-W09,bed_bath_table,48,8597.53,3763.78,3359.42,2971.38,10482.63,0.0,1.44,False,0.0,0,148.23,0.0,2.284280696533804,2.1333333333333333,-0.45250923809852966,1,False,False,False
2017-W10,bed_bath_table,59,12417.29,4827.9,3375.75,4490.2,11579.41,0.0,2.25,True,0.0,0,167.8,0.0,2.5719857494977116,2.079295154185022,-0.4701723880409848,1,False,False,False
2017-W11,bed_bath_table,52,7816.98,6332.49,3769.8,5882.09,13872.09,0.0,0.39,False,0.0,0,128.15,0.0,1.2344243733507672,1.480427046263345,-0.37664951647918016,1,False,False,False
2017-W12,bed_bath_table,60,10389.46,7060.48,3351.19,7207.28,13762.85,358.11,0.99,False,0.0,0,123.68,0.0,1.4714948558738217,1.4860681114551084,-0.3819908793436514,1,False,False,False
2017-W13,bed_bath_table,68,8942.84,8093.04,2849.71,8207.26,13792.46,2393.62,0.3,False,0.0,0,109.06,0.0,1.1050038057392526,1.4822888283378746,-0.37642381554916315,1,False,False,False
2017-W14,bed_bath_table,63,9115.36,8734.17,2266.77,8770.19,13267.71,4200.64,0.17,False,0.0,0,113.94,0.0,1.0436435288069732,1.256857855361596,-0.37479593205767103,1,False,False,False
2017-W15,bed_bath_table,31,3457.16,9048.9,2096.1,9029.1,13241.1,4856.7,-2.67,True,1399.54,0,76.83,0.0,0.38205306722364046,0.5890736342042755,-0.56632869998904,1,False,True,False
2017-W16,bed_bath_table,64,9873.77,8237.91,2827.37,8770.19,13892.64,2583.17,0.58,False,0.0,0,109.71,0.0,1.1985770662704498,1.2397094430992737,-0.3717584656346699,1,False,False,False
2017-W17,bed_bath_table,49,9862.5,8826.3,2575.48,9029.1,13977.26,3675.34,0.4,False,0.0,0,161.68,0.0,1.1173991366710854,0.8808988764044944,-0.3838934533300016,1,False,False,False
2017-W18,bed_bath_table,60,8020.33,8984.42,2598.16,9488.93,14180.74,3788.1,-0.37,False,0.0,0,94.36,0.0,0.8926931287718072,1.0762331838565022,-0.41189012944156617,1,False,False,False
2017-W19,bed_bath_table,77,10561.46,8434.8,2203.29,9029.1,12841.37,4028.23,0.97,False,0.0,1,102.54,0.012987012987012988,1.2521292739602599,1.378076062639821,-0.43369474929089036,1,False,False,False
2017-W20,bed_bath_table,71,10061.84,8777.86,2304.68,9488.93,13387.22,4168.5,0.56,False,0.0,0,110.57,0.0,1.1462748323623297,1.2033898305084745,-0.37371319765492333,1,False,False,False
2017-W21,bed_bath_table,89,13883.61,8736.91,2274.66,9488.93,13286.24,4187.58,2.26,True,0.0,0,134.79,0.0,1.5890755427262042,1.474120082815735,-0.4064704038667863,1,False,False,False
2017-W22,bed_bath_table,69,8911.36,9354.5,2918.25,9868.14,15191.01,3518.0,-0.15,False,0.0,0,115.73,0.0,0.9526281468811802,1.0952380952380953,-0.3759168014512728,1,False,False,False
2017-W23,bed_bath_table,87,13141.19,9329.0,2921.53,9868.14,15172.07,3485.94,1.3,False,0.0,0,100.31,0.0,1.4086386536606281,1.3647058823529412,-0.41697279632587847,1,False,False,False
2017-W24,bed_bath_table,75,15163.85,10539.51,2002.82,9967.8,14545.15,6533.86,2.31,True,0.0,0,147.22,0.0,1.4387623333532584,1.0600706713780919,-0.4115696753440613,1,False,False,False
2017-W25,bed_bath_table,72,8496.93,11200.77,2550.13,10311.65,16301.04,6100.5,-1.06,False,0.0,0,108.94,0.0,0.7586023103768759,0.9982668977469671,-0.40465555668626185,1,False,False,False
2017-W26,bed_bath_table,86,12725.65,11030.07,2694.15,10311.65,16418.36,5641.78,0.63,False,0.0,0,136.83,0.0,1.1537234124534115,1.1466666666666667,-0.36970720221889464,1,False,False,False
2017-W27,bed_bath_table,115,18248.86,11618.24,2445.34,11643.56,16508.92,6727.55,2.71,True,0.0,1,127.61,0.008695652173913044,1.5707077836229928,1.4696485623003195,-0.4381879054444663,1,False,False,False
2017-W28,bed_bath_table,126,23173.77,12579.16,3323.49,12933.42,19226.15,5932.17,3.19,True,0.0,0,166.72,0.0,1.8422350935992546,1.5180722891566265,-0.46978819721129017,1,False,False,False
2017-W29,bed_bath_table,135,33798.07,14218.15,4806.81,13512.4,23831.77,4604.54,4.07,True,0.0,0,185.7,0.0,2.3771074295882375,1.502086230876217,-0.5625538519475635,1,False,False,False
2017-W30,bed_bath_table,104,20567.44,16707.46,8412.79,14152.52,33533.05,0.0,0.46,False,0.0,16,169.98,0.15384615384615385,1.2310333228390191,1.0875816993464051,-0.4627997160447314,1,False,False,False
2017-W31,bed_bath_table,82,16080.72,18164.47,7860.96,16706.36,33886.39,2442.55,-0.27,False,0.0,19,169.27,0.23170731707317074,0.8852842940091287,0.82,-0.5306515199213607,1,False,False,False
2017-W32,bed_bath_table,115,23281.24,18531.91,7658.72,17164.79,33849.35,3214.48,0.62,False,0.0,13,123.84,0.11304347826086956,1.2562784947692927,1.1572327044025157,-0.44457522563025814,1,False,False,False
2017-W33,bed_bath_table,125,24703.73,19546.58,7686.42,19408.15,34919.43,4173.74,0.67,False,0.0,18,166.92,0.144,1.2638389938290995,1.1976047904191616,-0.4401521870308754,1,False,False,False
2017-W34,bed_bath_table,91,13811.46,21572.44,6383.42,21870.6,34339.27,8805.6,-1.22,False,0.0,15,130.3,0.16483516483516483,0.6402363385875682,0.8198198198198198,-0.47562886626743245,1,False,False,False
2017-W35,bed_bath_table,80,14640.12,21708.16,6176.64,21870.6,34061.44,9354.89,-1.14,False,0.0,10,150.93,0.125,0.6744063062000649,0.7166853303471444,-0.4610798102834536,1,False,False,False
2017-W36,bed_bath_table,86,14066.45,21257.07,6583.73,21870.6,34424.53,8089.61,-1.09,False,0.0,0,130.24,0.0,0.6617304266298225,0.8018648018648019,-0.3807524034775215,1,False,False,False
2017-W37,bed_bath_table,147,24698.3,20118.65,6980.4,18324.08,34079.45,6157.86,0.66,False,0.0,0,145.28,0.0,1.227632072728538,1.4376528117359413,-0.36456224455093,1,False,False,False
2017-W38,bed_bath_table,127,23266.99,18981.18,4848.83,18324.08,28678.84,9283.53,0.88,False,0.0,0,145.42,0.0,1.2257926008815048,1.2240963855421687,-0.3718419758718948,1,False,False,False
2017-W39,bed_bath_table,83,18962.42,19318.63,5064.14,19673.86,29446.91,9190.34,-0.07,False,0.0,0,182.33,0.0,0.9815613218949789,0.7784290738569754,-0.3958251543264883,1,False,False,False
2017-W40,bed_bath_table,82,14200.49,19678.84,4900.78,21114.7,29480.4,9877.28,-1.12,False,0.0,0,136.54,0.0,0.7216121478705045,0.7681498829039812,-0.3814097998581047,1,False,False,False
2017-W41,bed_bath_table,102,16146.51,18543.74,4997.87,16801.27,28539.49,8548.0,-0.48,False,0.0,0,117.86,0.0,0.8707256464984948,0.9939098660170523,-0.3715664656439486,1,False,False,False
2017-W42,bed_bath_table,104,29657.16,17474.09,4367.07,15393.32,26208.24,8739.95,2.79,True,0.0,0,185.36,0.0,1.6972076943634833,1.0426065162907268,-0.4933411461958867,1,False,False,False
2017-W43,bed_bath_table,112,18078.3,19454.8,5820.23,17554.46,31095.27,7814.34,-0.24,False,0.0,0,133.91,0.0,0.9292462528527664,1.1048088779284833,-0.3591925528760419,1,False,False,False
2017-W44,bed_bath_table,104,19368.39,19884.58,5533.81,18520.36,30952.2,8816.95,-0.09,False,0.0,0,145.63,0.0,0.9740406888151522,0.9869513641755635,-0.36669035430121955,1,False,False,False
2017-W45,bed_bath_table,131,26805.48,20547.32,5032.23,19165.4,30611.79,10482.85,1.24,False,0.0,1,166.49,0.007633587786259542,1.3045730538094507,1.2171893147502904,-0.40457003604379466,1,False,False,False
2017-W46,bed_bath_table,121,20130.7,20810.72,5327.05,19165.4,31464.83,10156.61,-0.13,False,0.0,1,129.88,0.008264462809917356,0.9673235716976635,1.1455621301775147,-0.38504175765209464,1,False,False,False
2017-W47,bed_bath_table,363,67088.26,20418.68,5235.08,19165.4,30888.83,9948.53,8.91,True,0.0,0,149.42,0.0,3.2856315883299017,3.461263408820024,-0.7731051833903301,-1,True,False,False
2017-W48,bed_bath_table,198,39050.94,26434.41,17230.62,19749.54,60895.64,0.0,0.73,False,0.0,0,150.78,0.0,1.4772767767466723,1.415549597855228,-0.4883692512097319,1,False,False,False
2017-W49,bed_bath_table,113,22567.13,29540.72,16947.71,23468.09,63436.14,0.0,-0.41,False,0.0,0,163.53,0.0,0.7639329711665795,0.7319838056680162,-0.38655758320928246,1,False,False,False
2017-W50,bed_bath_table,114,15845.95,30343.3,16364.8,24686.3,63072.9,0.0,-0.89,False,0.0,0,123.8,0.0,0.5222223686942422,0.7319422150882825,-0.3926674357459908,1,False,False,False
2017-W51,bed_bath_table,96,14259.45,28616.89,17156.86,21348.92,62930.62,0.0,-0.84,False,0.0,0,129.63,0.0,0.4982878992091734,0.6114649681528662,-0.38706276308465615,1,False,False,False
2017-W52,bed_bath_table,87,12252.94,28139.54,17540.8,21348.92,63221.13,0.0,-0.91,False,0.0,0,121.32,0.0,0.43543497868124353,0.5612903225806452,-0.39817766922597925,1,False,False,False
2018-W01,bed_bath_table,137,23198.62,27250.11,18216.47,21348.92,63683.05,0.0,-0.22,False,0.0,0,127.46,0.0,0.8513220680577068,0.8961569910057237,-0.3720393254518822,1,False,False,False
2018-W02,bed_bath_table,171,30232.41,26799.25,18273.59,21348.92,63346.44,0.0,0.19,False,0.0,0,150.41,0.0,1.1281065701465527,1.113100081366965,-0.3993208400712862,1,False,False,False
2018-W03,bed_bath_table,152,24611.87,28061.96,18095.11,22882.88,64252.18,0.0,-0.19,False,0.0,0,132.32,0.0,0.8770545606935509,0.9507427677873339,-0.3771770947684569,1,False,False,False
2018-W04,bed_bath_table,156,34093.96,22752.41,8907.08,22882.88,40566.56,4938.26,1.27,False,0.0,1,153.58,0.00641025641025641,1.498476864648624,1.1685393258426966,-0.43630690126271016,1,False,False,False
2018-W05,bed_bath_table,162,38396.52,22132.79,7702.22,22882.88,37537.23,6728.35,2.11,True,0.0,1,173.74,0.006172839506172839,1.7348251169418765,1.263157894736842,-0.4835037207017687,1,False,False,False
2018-W06,bed_bath_table,174,25485.71,24111.46,9623.4,23905.24,43358.26,4864.67,0.14,False,0.0,0,117.99,0.0,1.0569957190481207,1.2948837209302326,-0.41422916515807406,1,False,False,False
2018-W07,bed_bath_table,150,25798.99,25316.44,9025.54,25048.79,43367.51,7265.36,0.05,False,0.0,1,137.23,0.006666666666666667,1.019060736817657,1.0572687224669604,-0.3767880955611648,1,False,False,False
2018-W08,bed_bath_table,124,21258.75,26758.88,7851.78,25642.35,42462.44,11055.32,-0.7,False,0.0,0,140.79,0.0,0.7944558965098688,0.8343145500420521,-0.37139731150088456,1,False,False,False
2018-W09,bed_bath_table,154,21589.78,27884.6,5870.56,25642.35,39625.72,16143.48,-1.07,False,0.0,2,122.67,0.012987012987012988,0.7742546064853001,1.0048939641109298,-0.4332510501314625,1,False,False,False
2018-W10,bed_bath_table,148,18885.15,27683.5,6077.91,25642.35,39839.32,15527.67,-1.45,False,0.0,0,113.08,0.0,0.6821807213683242,0.9525341914722446,-0.4279116225403508,1,False,False,False
2018-W11,bed_bath_table,137,34208.72,26265.09,6691.21,25048.79,39647.51,12882.67,1.19,False,0.0,0,187.96,0.0,1.3024406160420543,0.898360655737705,-0.4503736776030755,1,False,False,False
2018-W12,bed_bath_table,168,33070.93,27464.7,7193.86,25642.35,41852.43,13076.97,0.78,False,0.0,0,146.98,0.0,1.204124931275419,1.1153526970954357,-0.4164621430888217,1,False,False,False
2018-W13,bed_bath_table,142,23570.71,27336.82,7067.16,25642.35,41471.15,13202.49,-0.53,False,0.0,0,135.46,0.0,0.8622330614899612,0.9334428923582581,-0.37019830165463546,1,False,False,False
2018-W14,bed_bath_table,150,28894.1,25483.59,5529.2,24528.21,36542.0,14425.19,0.62,False,0.0,0,157.89,0.0,1.133831614776411,1.0025062656641603,-0.37981895264288157,1,False,False,False
2018-W15,bed_bath_table,144,32313.26,25909.64,5659.18,24684.85,37228.0,14591.29,1.13,False,0.0,0,172.8,0.0,1.247152025269359,0.9820971867007673,-0.40539048820420615,1,False,False,False
2018-W16,bed_bath_table,147,28696.44,26723.92,6093.01,26232.4,38909.95,14537.9,0.32,False,0.0,1,152.64,0.006802721088435374,1.0738110277234778,1.0077120822622108,-0.3867733375983289,1,False,False,False
2018-W17,bed_bath_table,134,25165.69,27653.64,5694.38,28795.27,39042.39,16264.88,-0.44,False,0.0,0,149.8,0.0,0.9100317354243419,0.9008403361344538,-0.37405216317189105,1,False,False,False
2018-W18,bed_bath_table,142,32144.7,28100.62,5275.31,28795.27,38651.25,17550.0,0.77,False,0.0,0,170.08,0.0,1.1439142623899403,0.9709401709401709,-0.39897193109989526,1,False,False,False
2018-W19,bed_bath_table,132,23813.42,29758.07,3859.22,30519.4,37476.51,22039.62,-1.54,False,0.0,0,140.08,0.0,0.8002340205530801,0.9072164948453608,-0.3967141946454386,1,False,False,False
2018-W20,bed_bath_table,173,38852.62,28458.66,3896.48,28795.27,36251.62,20665.69,2.67,True,0.0,1,171.91,0.005780346820809248,1.3652301267874174,1.1941328731665228,-0.4944091795257111,1,False,False,False
2018-W21,bed_bath_table,113,20214.94,29181.37,5194.24,28795.27,39569.85,18792.89,-1.73,False,0.0,0,138.46,0.0,0.6927344398155398,0.7766323024054983,-0.4050387283321136,1,False,False,False
2018-W22,bed_bath_table,114,20275.63,28761.9,5810.96,28795.27,40383.81,17139.98,-1.46,False,0.0,0,148.0,0.0,0.7049475173754168,0.8035242290748899,-0.3900514542325013,1,False,False,False
2018-W23,bed_bath_table,161,29432.76,27684.59,6536.55,26931.06,40757.68,14611.49,0.27,False,0.0,1,131.4,0.006211180124223602,1.0631459595392236,1.1719745222929936,-0.3965072747489765,1,False,False,False
2018-W24,bed_bath_table,158,25346.23,27324.52,6320.93,26931.06,39966.39,14682.66,-0.31,False,0.0,0,131.33,0.0,0.9276001920619282,1.1326164874551972,-0.3915044386363217,1,False,False,False
2018-W25,bed_bath_table,171,29177.9,26905.75,6328.03,25255.96,39561.81,14249.68,0.36,False,0.0,0,143.03,0.0,1.084448491493454,1.2138420585625556,-0.3919248502744028,1,False,False,False
2018-W26,bed_bath_table,130,25826.75,27407.28,6329.42,27262.06,40066.11,14748.44,-0.25,False,0.0,0,159.42,0.0,0.9423317454340598,0.8934707903780069,-0.3753928900370986,1,False,False,False
2018-W27,bed_bath_table,104,21920.77,26617.53,6041.47,25586.49,38700.48,14534.58,-0.78,False,0.0,0,171.26,0.0,0.8235463621154931,0.7222222222222222,-0.39852210424943046,1,False,False,False
2018-W28,bed_bath_table,68,11521.29,26380.95,6201.9,25586.49,38784.74,13977.16,-2.4,True,2455.87,1,137.16,0.014705882352941176,0.43672763869383024,0.48398576512455516,-0.5148019721356021,1,False,True,False
2018-W29,bed_bath_table,152,28736.31,22964.53,5869.25,23633.5,34703.03,11226.04,0.98,False,0.0,0,155.33,0.0,1.2513345581207194,1.1933267909715408,-0.3929269717493176,1,False,False,False
2018-W30,bed_bath_table,125,23182.12,24029.7,6068.81,25586.49,36167.32,11892.09,-0.14,False,0.0,14,150.53,0.112,0.9647278159943735,0.945179584120983,-0.4297742922841237,1,False,False,False
2018-W31,bed_bath_table,165,31704.36,24393.02,5896.51,25586.49,36186.04,12599.99,1.24,False,0.0,27,157.73,0.16363636363636364,1.2997308246375399,1.234798877455566,-0.5033532394533775,1,False,False,False
2018-W32,bed_bath_table,159,28795.3,24676.97,6219.71,25586.49,37116.39,12237.54,0.66,False,0.0,23,146.91,0.14465408805031446,1.1668896140814693,1.1854613233923579,-0.4460394415409757,1,False,False,False
2018-W33,bed_bath_table,177,28512.02,25108.1,6389.94,27281.53,37887.99,12328.21,0.53,False,0.0,18,135.77,0.1016949152542373,1.135570592756919,1.318435754189944,-0.4645675871466308,1,False,False,False
2018-W34,bed_bath_table,88,15040.96,25024.86,6333.44,27169.38,37691.75,12357.98,-1.58,False,0.0,8,136.74,0.09090909090909091,0.6010407251029576,0.6518518518518519,-0.45943421062213413,1,False,False,False
2018-W35,bed_bath_table,12,1227.17,23676.64,7223.78,25847.07,38124.21,9229.08,-3.11,True,8001.91,2,102.26,0.16666666666666666,0.05183041174761284,0.09248554913294797,-0.6680145625434901,-1,True,True,True
2016-W40,books_general_interest,1,144.54,,,,,,0.0,False,,0,144.54,0.0,1.0,0.008456659619450317,-0.4038444237814734,1,False,False,False
2017-W04,books_general_interest,1,144.14,,,,,,0.0,False,,0,144.14,0.0,1.0,0.009101251422070534,-0.4038444237814734,1,False,False,False
2017-W05,books_general_interest,2,192.87,,,,,,0.0,False,,0,96.44,0.0,1.0,0.02197802197802198,-0.4002961124966722,1,False,False,False
2017-W06,books_general_interest,3,381.86,,,,,,0.0,False,,0,127.29,0.0,1.0,0.03966942148760331,-0.37587840843605114,1,False,False,False
2017-W07,books_general_interest,1,166.0,215.85,113.01,168.7,441.88,0.0,-0.44,False,0.0,0,166.0,0.0,0.7690525828121381,0.01805869074492099,-0.4168855936583628,1,False,False,False
2017-W08,books_general_interest,3,336.7,205.88,100.38,166.0,406.64,5.13,1.3,False,0.0,0,112.23,0.0,1.63541869049932,0.08421052631578947,-0.4302503700051845,1,False,False,False
2017-W09,books_general_interest,4,861.09,227.68,104.46,179.44,436.61,18.76,6.06,True,0.0,0,172.22,0.0,3.78201862262825,0.2882882882882883,-0.584251364379901,-1,True,False,False
2017-W10,books_general_interest,7,725.15,318.17,257.7,192.87,833.57,0.0,1.58,False,0.0,1,103.59,0.14285714285714285,2.279127510450388,2.074074074074074,-0.5209097942309641,1,False,False,False
2017-W11,books_general_interest,4,3087.74,369.04,278.61,264.78,926.27,0.0,9.76,True,0.0,0,385.97,0.0,8.366952091914154,1.4545454545454546,-0.7861450425816998,-1,True,False,False
2017-W12,books_general_interest,2,250.42,736.94,985.72,359.28,2708.38,0.0,-0.49,False,0.0,0,125.21,0.0,0.33981056802453385,0.64,-0.38397884719035225,1,False,False,False
2017-W13,books_general_interest,3,433.04,750.23,977.27,359.28,2704.76,0.0,-0.32,False,0.0,0,144.35,0.0,0.5772096557055836,0.9230769230769231,-0.3749045703242542,1,False,False,False
2017-W14,books_general_interest,1,129.98,780.25,961.26,407.45,2702.76,0.0,-0.68,False,0.0,0,129.98,0.0,0.16658763216917652,0.2962962962962963,-0.40936400428643405,1,False,False,False
2017-W15,books_general_interest,2,177.03,748.76,980.11,384.87,2708.99,0.0,-0.58,False,0.0,0,88.52,0.0,0.23643089908648968,0.64,-0.39705463937326374,1,False,False,False
2017-W16,books_general_interest,7,699.31,750.14,979.18,384.87,2708.51,0.0,-0.05,False,0.0,0,99.9,0.0,0.9322393153278055,2.1538461538461537,-0.3681777298505843,1,False,False,False
2017-W17,books_general_interest,2,138.65,795.47,965.61,566.17,2726.68,0.0,-0.68,False,0.0,0,69.33,0.0,0.17429947075313965,0.5333333333333333,-0.40147178017167817,1,False,False,False
2017-W18,books_general_interest,4,460.94,705.16,992.01,341.73,2689.19,0.0,-0.25,False,0.0,0,115.23,0.0,0.6536672528220546,1.1428571428571428,-0.36701897651926385,1,False,False,False
2017-W19,books_general_interest,7,806.45,672.14,995.65,341.73,2663.43,0.0,0.13,False,0.0,0,115.21,0.0,1.1998244413366264,2.24,-0.3748250905345348,1,False,False,False
2017-W20,books_general_interest,3,345.84,386.98,259.54,341.73,906.07,0.0,-0.16,False,0.0,0,115.28,0.0,0.893689596361569,0.8571428571428571,-0.373286667444033,1,False,False,False
2017-W21,books_general_interest,4,277.56,398.9,254.52,389.44,907.94,0.0,-0.48,False,0.0,0,69.39,0.0,0.6958134870894962,1.103448275862069,-0.37948737965087465,1,False,False,False
2017-W22,books_general_interest,4,913.79,379.47,257.46,311.7,894.38,0.0,2.08,True,0.0,0,182.76,0.0,2.408069149076343,1.0666666666666667,-0.45996730516089607,1,False,False,False
2017-W23,books_general_interest,7,751.72,477.45,295.31,403.39,1068.06,0.0,0.93,False,0.0,0,107.39,0.0,1.5744475861346738,1.696969696969697,-0.3928988959058309,1,False,False,False
2017-W24,books_general_interest,3,425.36,549.28,281.36,580.12,1112.0,0.0,-0.44,False,0.0,0,141.79,0.0,0.7743955723856686,0.631578947368421,-0.3752329939152734,1,False,False,False
2017-W25,books_general_interest,4,1012.48,515.04,277.13,443.15,1069.3,0.0,1.79,False,0.0,0,202.5,0.0,1.9658278968623797,0.9411764705882353,-0.4606573254714053,1,False,False,False
2017-W26,books_general_interest,4,283.55,624.27,279.78,606.33,1183.83,64.71,-1.22,False,0.0,0,70.89,0.0,0.4542105178848896,0.8888888888888888,-0.39073140028119413,1,False,False,False
2017-W27,books_general_interest,1,140.61,602.09,300.81,588.54,1203.72,0.47,-1.53,False,0.0,0,140.61,0.0,0.2335365144745802,0.2222222222222222,-0.43713714741905374,1,False,False,False
2017-W28,books_general_interest,1,157.84,518.86,327.15,385.6,1173.17,0.0,-1.1,False,0.0,0,157.84,0.0,0.30420537331842884,0.26666666666666666,-0.4234258216465574,1,False,False,False
2017-W29,books_general_interest,5,716.45,495.36,347.48,354.46,1190.32,0.0,0.64,False,0.0,0,119.41,0.0,1.4463218669250646,1.4285714285714286,-0.39014163295970267,1,False,False,False
2017-W30,books_general_interest,3,447.43,550.22,342.79,570.9,1235.81,0.0,-0.3,False,0.0,0,149.14,0.0,0.8131838173821381,0.8275862068965517,-0.3741615426537196,1,False,False,False
2017-W31,books_general_interest,5,527.29,491.93,310.24,436.4,1112.41,0.0,0.11,False,0.0,0,105.46,0.0,1.0718801455491633,1.4285714285714286,-0.36439351794166464,1,False,False,False
2017-W32,books_general_interest,10,1868.27,463.88,293.07,436.4,1050.01,0.0,4.79,True,0.0,1,186.83,0.1,4.027485556609468,3.076923076923077,-0.643738521514138,-1,True,False,False
2017-W33,books_general_interest,2,227.81,644.24,574.68,487.36,1793.6,0.0,-0.72,False,0.0,0,113.91,0.0,0.35361045573078353,0.48484848484848486,-0.3817639871003289,1,False,False,False
2017-W34,books_general_interest,6,478.2,546.16,569.79,365.49,1685.74,0.0,-0.12,False,0.0,0,68.31,0.0,0.8755675992383185,1.5483870967741935,-0.37995994329779786,1,False,False,False
2017-W35,books_general_interest,10,994.96,570.49,561.07,462.82,1692.62,0.0,0.76,False,0.0,0,99.5,0.0,1.744044593244404,2.4242424242424243,-0.40798237534953996,1,False,False,False
2017-W36,books_general_interest,4,189.88,677.28,548.73,502.74,1774.74,0.0,-0.89,False,0.0,0,47.47,0.0,0.28035672100165365,0.7619047619047619,-0.4045025348858309,1,False,False,False
2017-W37,books_general_interest,5,526.77,681.29,544.5,502.74,1770.28,0.0,-0.28,False,0.0,0,87.8,0.0,0.7731949683688297,0.8888888888888888,-0.3671660338721833,1,False,False,False
2017-W39,books_general_interest,4,1151.91,657.58,546.87,502.48,1751.32,0.0,0.9,False,0.0,0,164.56,0.0,1.75174123300587,0.7111111111111111,-0.4305640055679202,1,False,False,False
2017-W40,books_general_interest,1,132.53,745.64,564.63,527.03,1874.89,0.0,-1.09,False,0.0,0,132.53,0.0,0.17773992811544445,0.17391304347826086,-0.4138005761391385,1,False,False,False
2017-W41,books_general_interest,2,86.02,696.29,602.42,502.48,1901.13,0.0,-1.01,False,0.0,0,43.01,0.0,0.12354047882347872,0.38095238095238093,-0.4402684154445983,1,False,False,False
2017-W42,books_general_interest,2,266.38,473.51,403.95,353.0,1281.41,0.0,-0.51,False,0.0,0,133.19,0.0,0.5625646765643809,0.47058823529411764,-0.3799101892921195,1,False,False,False
2017-W44,books_general_interest,5,418.7,478.33,400.82,372.29,1279.96,0.0,-0.15,False,0.0,0,83.74,0.0,0.8753371103631384,1.1764705882352942,-0.3659309902842418,1,False,False,False
2017-W45,books_general_interest,4,290.8,470.89,401.37,342.54,1273.63,0.0,-0.45,False,0.0,0,72.7,0.0,0.6175539935016671,0.9696969696969697,-0.37487734760572355,1,False,False,False
2017-W46,books_general_interest,7,867.03,382.87,342.99,278.59,1068.85,0.0,1.41,False,0.0,1,108.38,0.14285714285714285,2.2645545485412804,2.074074074074074,-0.5163469707273597,1,False,False,False
2017-W47,books_general_interest,13,1008.05,467.52,370.97,354.75,1209.46,0.0,1.46,False,0.0,0,77.54,0.0,2.1561644421629023,3.466666666666667,-0.4664272848940428,1,False,False,False
2017-W48,books_general_interest,13,1017.79,527.68,418.0,354.75,1363.67,0.0,1.17,False,0.0,0,67.85,0.0,1.9288015463917527,2.736842105263158,-0.4731083082901196,1,False,False,False
2017-W49,books_general_interest,8,1362.96,510.91,391.22,354.75,1293.34,0.0,2.18,True,0.0,0,113.58,0.0,2.6677105556751677,1.3617021276595744,-0.47362625355339627,1,False,False,False
2017-W50,books_general_interest,10,710.56,664.72,457.46,642.86,1579.64,0.0,0.1,False,0.0,0,64.6,0.0,1.0689613671922011,1.4814814814814814,-0.40517527773419554,1,False,False,False
2017-W51,books_general_interest,9,638.66,742.78,393.4,788.8,1529.59,0.0,-0.26,False,0.0,0,70.96,0.0,0.8598239047901128,1.1612903225806452,-0.3876446080511336,1,False,False,False
2017-W52,books_general_interest,9,811.13,789.32,348.45,788.8,1486.22,92.42,0.06,False,0.0,1,90.13,0.1111111111111111,1.0276313789084275,1.0434782608695652,-0.5081893089234246,1,False,False,False
2018-W01,books_general_interest,9,525.77,838.37,314.82,839.08,1468.02,208.73,-0.99,False,0.0,0,58.42,0.0,0.6271336044944356,0.9863013698630136,-0.4158760690589676,1,False,False,False
2018-W02,books_general_interest,14,1137.84,867.74,263.16,839.08,1394.07,341.42,1.03,False,0.0,0,75.86,0.0,1.3112683522714177,1.435897435897436,-0.4624269697509954,1,False,False,False
2018-W03,books_general_interest,8,462.92,901.6,279.94,909.59,1461.47,341.72,-1.57,False,0.0,0,57.87,0.0,0.5134427684117125,0.7529411764705882,-0.4327612072612798,1,False,False,False
2018-W04,books_general_interest,8,1153.62,833.45,314.53,760.84,1462.52,204.39,1.02,False,0.0,0,104.87,0.0,1.384150218969344,0.8,-0.39966795670970706,1,False,False,False
2018-W05,books_general_interest,6,229.81,850.43,329.23,760.84,1508.89,191.98,-1.89,False,0.0,0,38.3,0.0,0.27022800230471644,0.64,-0.4614440416515293,1,False,False,False
2018-W06,books_general_interest,7,400.18,708.79,320.87,674.61,1350.54,67.04,-0.96,False,0.0,1,57.17,0.14285714285714285,0.564596001636592,0.7671232876712328,-0.5817969840047762,1,False,False,False
2018-W07,books_general_interest,9,922.73,669.99,338.89,582.21,1347.77,0.0,0.75,False,0.0,0,102.53,0.0,1.3772295108882222,1.0285714285714285,-0.3871304354436635,1,False,False,False
2018-W08,books_general_interest,6,746.81,705.5,349.84,668.45,1405.18,5.82,0.12,False,0.0,0,124.47,0.0,1.0585542168674698,0.6857142857142857,-0.367738488025248,1,False,False,False
2018-W09,books_general_interest,11,705.08,697.46,347.8,636.29,1393.06,1.86,0.02,False,0.0,0,58.76,0.0,1.010925357726608,1.3134328358208955,-0.4255305814485037,1,False,False,False
2018-W10,books_general_interest,3,226.87,719.87,340.86,725.94,1401.6,38.15,-1.45,False,0.0,0,75.62,0.0,0.31515412505035634,0.34782608695652173,-0.4041996347276681,1,False,False,False
2018-W11,books_general_interest,12,1828.44,606.0,333.37,584.0,1272.74,0.0,3.67,True,0.0,0,114.28,0.0,3.0172277227722772,1.6551724137931034,-0.5482746569340664,1,False,False,False
2018-W12,books_general_interest,5,286.4,776.69,537.02,725.94,1850.73,0.0,-0.91,False,0.0,0,40.91,0.0,0.3687442866523323,0.6451612903225806,-0.41314547317057265,1,False,False,False
2018-W13,books_general_interest,7,456.91,668.29,537.59,552.63,1743.48,0.0,-0.39,False,0.0,0,65.27,0.0,0.6837001900372593,0.9491525423728814,-0.377670813770154,1,False,False,False
2018-W14,books_general_interest,8,1695.31,696.68,516.72,581.0,1730.12,0.0,1.93,False,0.0,0,188.37,0.0,2.4334127576505713,1.0666666666666667,-0.48980850807835413,1,False,False,False
2018-W15,books_general_interest,5,956.01,858.57,605.77,725.94,2070.11,0.0,0.16,False,0.0,0,159.34,0.0,1.1134910374226912,0.6557377049180327,-0.3929946972106958,1,False,False,False
2018-W16,books_general_interest,17,3405.31,862.73,606.39,725.94,2075.5,0.0,4.19,True,0.0,0,170.27,0.0,3.9471329384627865,2.3859649122807016,-0.6622801773282618,-1,True,False,False
2018-W17,books_general_interest,11,1961.6,1195.04,1078.48,830.54,3351.99,0.0,0.71,False,0.0,0,150.89,0.0,1.6414513321729816,1.2941176470588236,-0.4745920894001046,1,False,False,False
2018-W18,books_general_interest,16,2583.14,1352.11,1088.38,1325.66,3528.86,0.0,1.13,False,0.0,0,135.95,0.0,1.9104510727677482,1.8823529411764706,-0.538670264803408,1,False,False,False
2018-W19,books_general_interest,14,1258.48,1646.64,1058.79,1761.88,3764.22,0.0,-0.37,False,0.0,0,83.9,0.0,0.7642714861779137,1.382716049382716,-0.4788431904028244,1,False,False,False
2018-W20,books_general_interest,17,2923.28,1575.4,1063.97,1476.9,3703.34,0.0,1.27,False,0.0,1,162.4,0.058823529411764705,1.8555795353561,1.6385542168674698,-0.6263335903325337,-1,True,False,False
2018-W21,books_general_interest,2,220.6,1905.0,1014.92,1828.46,3934.84,0.0,-1.66,False,0.0,0,110.3,0.0,0.1158005249343832,0.16842105263157894,-0.434147606476596,1,False,False,False
2018-W22,books_general_interest,4,258.7,1875.47,1065.27,1828.46,4006.02,0.0,-1.52,False,0.0,0,51.74,0.0,0.13793875668499095,0.35555555555555557,-0.4124079754218823,1,False,False,False
2018-W23,books_general_interest,9,1055.55,1695.89,1211.09,1610.04,4118.07,0.0,-0.53,False,0.0,0,105.55,0.0,0.6224165482431053,0.8372093023255814,-0.39583183160426827,1,False,False,False
2018-W24,books_general_interest,7,1140.53,1708.33,1202.89,1610.04,4114.1,0.0,-0.47,False,0.0,0,126.73,0.0,0.6676286197631606,0.6222222222222222,-0.40004266357472945,1,False,False,False
2018-W25,books_general_interest,10,1302.75,1425.24,994.99,1199.51,3415.22,0.0,-0.12,False,0.0,1,118.43,0.1,0.9140565799444305,1.0,-0.5251265295311753,1,False,False,False
2018-W26,books_general_interest,6,1814.76,1342.88,971.24,1199.51,3285.35,0.0,0.49,False,0.0,0,259.25,0.0,1.3513940188252114,0.6075949367088608,-0.540185751167164,1,False,False,False
2018-W27,books_general_interest,6,1320.94,1246.83,863.03,1199.51,2972.89,0.0,0.09,False,0.0,0,220.16,0.0,1.0594387366361093,0.6956521739130435,-0.45499366503538025,1,False,False,False
2018-W28,books_general_interest,2,676.1,1254.64,863.43,1221.64,2981.5,0.0,-0.67,False,0.0,0,338.05,0.0,0.5388796786329146,0.26229508196721313,-0.5532326255388649,1,False,False,False
2018-W29,books_general_interest,5,209.57,973.74,552.62,1098.04,2078.98,0.0,-1.38,False,0.0,0,34.93,0.0,0.21522172243103907,0.8695652173913043,-0.4274104162123699,1,False,False,False
2018-W30,books_general_interest,8,1681.76,972.36,554.78,1098.04,2081.91,0.0,1.28,False,0.0,0,210.22,0.0,1.7295651816199762,1.3061224489795917,-0.4923760590202297,1,False,False,False
2018-W31,books_general_interest,11,751.66,1150.24,520.33,1221.64,2190.91,109.58,-0.77,False,0.0,0,68.33,0.0,0.6534810126582278,1.6603773584905661,-0.43502846800370304,1,False,False,False
2018-W32,books_general_interest,11,1011.97,1112.26,538.99,1221.64,2190.24,34.27,-0.19,False,0.0,0,77.84,0.0,0.9098322334705914,1.6,-0.4009717958054057,1,False,False,False
2018-W33,books_general_interest,7,350.84,1096.19,539.94,1157.36,2176.08,16.3,-1.38,False,0.0,0,50.12,0.0,0.3200540052363185,0.9491525423728814,-0.4209040370994965,1,False,False,False
2018-W34,books_general_interest,7,454.9,977.2,590.45,881.82,2158.09,0.0,-0.88,False,0.0,0,64.99,0.0,0.4655137126483831,1.0,-0.38933486923656274,1,False,False,False
2018-W35,books_general_interest,1,33.34,807.22,504.34,713.88,1815.9,0.0,-1.53,False,0.0,0,33.34,0.0,0.04130224721884988,0.14035087719298245,-0.5097205062906562,1,False,False,False
2017-W07,books_imported,1,114.9,,,,,,0.0,False,,0,114.9,0.0,1.0,0.15384615384615385,-0.390688924769628,1,False,False,False
2017-W16,books_imported,1,65.14,,,,,,0.0,False,,0,65.14,0.0,1.0,0.1568627450980392,-0.39756307602514585,1,False,False,False
2017-W24,books_imported,1,258.4,,,,,,0.0,False,,0,129.2,0.0,1.0,0.1702127659574468,-0.44048090569410486,1,False,False,False
2017-W34,books_imported,1,70.34,,,,,,0.0,False,,0,70.34,0.0,1.0,0.2,-0.3920470755107661,1,False,False,False
2017-W35,books_imported,1,70.34,127.2,90.28,92.62,307.75,0.0,-0.63,False,0.0,0,70.34,0.0,0.5529874213836478,0.26666666666666666,-0.37058214893316876,1,False,False,False
2017-W37,books_imported,1,72.34,115.82,82.21,70.34,280.25,0.0,-0.53,False,0.0,0,72.34,0.0,0.6245898808495942,0.4,-0.3684279231951042,1,False,False,False
2017-W38,books_imported,1,369.76,108.58,75.65,71.34,259.87,0.0,3.45,True,0.0,0,184.88,0.0,3.4054153619451095,0.5714285714285714,-0.579309701238536,1,False,False,False
2017-W44,books_imported,1,377.84,145.89,120.47,72.34,386.83,0.0,1.93,False,0.0,0,188.92,0.0,2.5898964973610257,1.0,-0.5396548983860208,1,False,False,False
2017-W46,books_imported,1,91.29,174.88,138.44,93.62,451.76,0.0,-0.6,False,0.0,0,91.29,0.0,0.5220150960658738,1.0,-0.36340600963231595,1,False,False,False
2017-W47,books_imported,1,92.29,171.93,140.14,81.82,452.22,0.0,-0.57,False,0.0,0,92.29,0.0,0.5367882277671145,1.0,-0.35952308868104543,1,False,False,False
2017-W49,books_imported,1,84.79,175.32,137.49,91.79,450.31,0.0,-0.66,False,0.0,0,84.79,0.0,0.4836299338352727,1.0,-0.37803239985751147,1,False,False,False
2017-W50,books_imported,1,92.29,153.62,136.2,88.04,426.02,0.0,-0.45,False,0.0,0,92.29,0.0,0.6007681291498503,1.0,-0.35932002583216044,1,False,False,False
2017-W51,books_imported,1,93.98,156.37,134.49,91.79,425.35,0.0,-0.46,False,0.0,0,93.98,0.0,0.6010104239943723,1.0,-0.35820152978337333,1,False,False,False
2018-W02,books_imported,2,253.27,159.32,132.58,92.29,424.48,0.0,0.71,False,0.0,0,126.63,0.0,1.5896936982174241,2.0,-0.4979139443979832,1,False,False,False
2018-W03,books_imported,2,175.52,181.94,131.04,93.14,444.03,0.0,-0.05,False,0.0,0,87.76,0.0,0.9647136418599539,1.7777777777777777,-0.4171625651956462,1,False,False,False
2018-W05,books_imported,3,311.66,157.66,107.08,93.14,371.81,0.0,1.44,False,0.0,0,103.89,0.0,1.9767854877584679,2.4,-0.5275753301762379,1,False,False,False
2018-W07,books_imported,1,174.97,149.39,88.6,93.14,326.58,0.0,0.29,False,0.0,0,174.97,0.0,1.1712296673137426,0.6666666666666666,-0.47499893001433086,1,False,False,False
2018-W08,books_imported,1,39.08,159.85,85.65,134.48,331.14,0.0,-1.41,False,0.0,0,39.08,0.0,0.2444791992492962,0.6666666666666666,-0.4972969639630377,1,False,False,False
2018-W11,books_imported,1,341.2,153.2,93.36,134.48,339.92,0.0,2.01,True,0.0,0,170.6,0.0,2.227154046997389,0.6666666666666666,-0.5223797995655655,1,False,False,False
2018-W12,books_imported,1,114.09,185.25,109.19,175.24,403.64,0.0,-0.65,False,0.0,0,114.09,0.0,0.6158704453441296,0.6666666666666666,-0.3894605351767189,1,False,False,False
2018-W14,books_imported,2,191.38,187.97,106.79,175.24,401.55,0.0,0.03,False,0.0,0,95.69,0.0,1.0181411927435229,1.3333333333333333,-0.4226467912072933,1,False,False,False
2018-W15,books_imported,1,134.61,200.15,99.87,183.45,399.89,0.41,-0.66,False,0.0,0,134.61,0.0,0.6725455908068949,0.6153846153846154,-0.436320336389557,1,False,False,False
2018-W17,books_imported,1,26.38,185.31,99.66,175.24,384.64,0.0,-1.59,False,0.0,0,26.38,0.0,0.14235605202093787,0.6666666666666666,-0.5397668031161147,1,False,False,False
2018-W19,books_imported,3,92.98,166.67,114.59,154.79,395.85,0.0,-0.64,False,0.0,0,30.99,0.0,0.5578688426231476,2.1818181818181817,-0.5018601097448808,1,False,False,False
2018-W20,books_imported,3,124.54,139.34,100.25,124.35,339.83,0.0,-0.15,False,0.0,0,41.51,0.0,0.8937849863642888,2.1818181818181817,-0.4816080880852856,1,False,False,False
2018-W21,books_imported,3,559.62,133.03,99.27,119.32,331.57,0.0,4.3,True,0.0,0,93.27,0.0,4.206720288656694,1.8461538461538463,-0.6292640421062435,1,False,False,False
2018-W23,books_imported,2,116.46,198.1,172.48,129.58,543.07,0.0,-0.47,False,0.0,0,58.23,0.0,0.5878849066128218,1.0666666666666667,-0.43153607959245616,1,False,False,False
2018-W24,books_imported,4,264.64,170.01,163.94,120.5,497.88,0.0,0.58,False,0.0,0,66.16,0.0,1.5566143168048938,2.0,-0.5869106981020294,1,False,False,False
2018-W25,books_imported,1,69.06,188.83,165.24,129.58,519.3,0.0,-0.72,False,0.0,0,69.06,0.0,0.3657257850977069,0.42105263157894735,-0.39190618232424995,1,False,False,False
2018-W26,books_imported,2,156.0,173.54,170.54,120.5,514.62,0.0,-0.1,False,0.0,0,78.0,0.0,0.898928200991126,0.8888888888888888,-0.41398785217491973,1,False,False,False
2018-W27,books_imported,3,734.31,176.21,170.01,120.5,516.23,0.0,3.28,True,0.0,0,146.86,0.0,4.167243629759945,1.263157894736842,-0.6470814634440066,-1,True,False,False
2018-W28,books_imported,2,79.96,264.7,247.48,140.27,759.65,0.0,-0.75,False,0.0,0,39.98,0.0,0.30207782395164334,0.7619047619047619,-0.46610899920817156,1,False,False,False
2018-W31,books_imported,1,37.79,263.07,248.81,140.27,760.69,0.0,-0.91,False,0.0,0,37.79,0.0,0.14364997909301708,0.4,-0.47415269823908057,1,False,False,False
2018-W32,books_imported,1,804.96,252.23,257.45,136.23,767.12,0.0,2.15,True,0.0,0,804.96,0.0,3.1913729532569484,0.4444444444444444,-0.719941379898105,-1,True,False,False
2016-W40,books_technical,1,299.84,,,,,,0.0,False,,0,299.84,0.0,1.0,0.5,-0.4973512176233086,1,False,False,False
2017-W07,books_technical,1,182.4,,,,,,0.0,False,,0,182.4,0.0,1.0,0.5333333333333333,-0.45060513376779315,1,False,False,False
2017-W10,books_technical,1,47.78,,,,,,0.0,False,,0,47.78,0.0,1.0,0.6666666666666666,-0.45258393263158087,1,False,False,False
2017-W11,books_technical,1,55.96,,,,,,0.0,False,,0,27.98,0.0,1.0,0.6666666666666666,-0.4705716677967752,1,False,False,False
2017-W14,books_technical,1,86.92,146.5,119.37,119.18,385.23,0.0,-0.5,False,0.0,0,86.92,0.0,0.5933105802047781,0.7272727272727273,-0.41134184118518025,1,False,False,False
2017-W18,books_technical,2,140.28,134.58,106.75,86.92,348.09,0.0,0.05,False,0.0,0,70.14,0.0,1.0423539901917074,1.7777777777777777,-0.4095146220008452,1,False,False,False
2017-W19,books_technical,1,176.18,135.53,95.51,113.6,326.55,0.0,0.43,False,0.0,0,176.18,0.0,1.2999335940382204,0.8888888888888888,-0.475152613817734,1,False,False,False
2017-W22,books_technical,1,93.21,141.34,88.53,140.28,318.4,0.0,-0.54,False,0.0,0,93.21,0.0,0.6594736097353898,0.8888888888888888,-0.4093000644721504,1,False,False,False
2017-W23,books_technical,1,95.32,135.32,83.71,116.74,302.75,0.0,-0.48,False,0.0,0,95.32,0.0,0.7044043748152528,0.8888888888888888,-0.4060488613717457,1,False,False,False
2017-W30,books_technical,1,223.26,109.76,51.21,94.26,212.18,7.33,2.22,True,0.0,0,223.26,0.0,2.0340743440233235,0.8888888888888888,-0.5686446919491368,1,False,False,False
2017-W31,books_technical,2,525.26,114.86,60.66,94.26,236.18,0.0,6.77,True,0.0,0,262.63,0.0,4.5730454466306805,1.7777777777777777,-0.6883956159508203,-1,True,False,False
2017-W32,books_technical,2,209.07,174.55,151.74,117.8,478.04,0.0,0.23,False,0.0,0,104.53,0.0,1.1977656831853336,1.6,-0.418293872860974,1,False,False,False
2017-W34,books_technical,3,706.1,193.69,144.11,158.23,481.92,0.0,3.56,True,0.0,0,235.37,0.0,3.6455160307708194,2.1818181818181817,-0.5907867193573658,1,False,False,False
2017-W35,books_technical,3,242.17,271.08,223.17,192.62,717.42,0.0,-0.13,False,0.0,0,80.72,0.0,0.893352515862476,1.8461538461538463,-0.4015983649374341,1,False,False,False
2017-W37,books_technical,6,728.08,283.82,217.47,216.16,718.76,0.0,2.04,True,0.0,0,121.35,0.0,2.5652878585018675,3.4285714285714284,-0.5465286491567196,1,False,False,False
2017-W38,books_technical,1,283.44,352.81,261.52,232.71,875.85,0.0,-0.27,False,0.0,0,283.44,0.0,0.8033785890422607,0.42105263157894735,-0.47401520844382217,1,False,False,False
2017-W39,books_technical,2,175.49,376.59,242.5,262.8,861.59,0.0,-0.83,False,0.0,0,87.75,0.0,0.46599750391672645,0.8421052631578947,-0.41396399368434195,1,False,False,False
2017-W40,books_technical,1,65.6,386.61,230.58,262.8,847.78,0.0,-1.39,False,0.0,0,65.6,0.0,0.16968003931610665,0.4,-0.45615712818200155,1,False,False,False
2017-W42,books_technical,1,84.24,366.9,252.26,262.8,871.42,0.0,-1.12,False,0.0,0,84.24,0.0,0.2295993458708095,0.4,-0.44360639273206703,1,False,False,False
2017-W43,books_technical,2,496.94,311.77,260.75,225.62,833.28,0.0,0.71,False,0.0,0,248.47,0.0,1.593931423806011,0.8421052631578947,-0.5252487280324774,1,False,False,False
2017-W44,books_technical,1,291.37,347.76,264.39,262.8,876.54,0.0,-0.21,False,0.0,0,291.37,0.0,0.8378479411088107,0.42105263157894735,-0.456649956470254,1,False,False,False
2017-W47,books_technical,3,1052.07,295.92,221.23,262.8,738.37,0.0,3.42,True,0.0,0,263.02,0.0,3.5552514193025138,1.411764705882353,-0.6174281523448762,1,False,False,False
2017-W48,books_technical,3,344.73,397.15,344.23,287.4,1085.62,0.0,-0.15,False,0.0,0,114.91,0.0,0.8680095681732344,1.411764705882353,-0.4091105732703092,1,False,False,False
2017-W49,books_technical,2,289.11,349.23,317.21,287.4,983.65,0.0,-0.19,False,0.0,0,144.56,0.0,0.8278498410789451,1.1428571428571428,-0.41755341862983747,1,False,False,False
2017-W50,books_technical,1,292.5,349.94,317.05,290.24,984.04,0.0,-0.18,False,0.0,0,292.5,0.0,0.8358575755843859,0.5333333333333333,-0.46074528437996276,1,False,False,False
2018-W01,books_technical,1,296.36,364.57,310.48,291.94,985.53,0.0,-0.22,False,0.0,0,296.36,0.0,0.8129028718764573,0.5714285714285714,-0.4716715045517722,1,False,False,False
2018-W02,books_technical,1,67.89,393.42,288.69,294.43,970.8,0.0,-1.13,False,0.0,0,67.89,0.0,0.17256367241116363,0.5714285714285714,-0.43983828509098694,1,False,False,False
2018-W03,books_technical,3,176.09,391.37,291.24,294.43,973.85,0.0,-0.74,False,0.0,0,58.7,0.0,0.4499322891381557,1.7142857142857142,-0.4254139874871631,1,False,False,False
2018-W04,books_technical,5,637.55,351.26,296.67,291.94,944.6,0.0,0.97,False,0.0,0,106.26,0.0,1.8150372943119055,2.6666666666666665,-0.4726688449308599,1,False,False,False
2018-W05,books_technical,10,1156.71,394.54,311.56,294.43,1017.65,0.0,2.45,True,0.0,0,105.16,0.0,2.931793987935317,4.2105263157894735,-0.583936759708515,1,False,False,False
2018-W06,books_technical,3,236.32,407.62,343.65,294.43,1094.91,0.0,-0.5,False,0.0,0,78.77,0.0,0.5797556547765075,0.9230769230769231,-0.40476092317780177,1,False,False,False
2018-W07,books_technical,6,524.49,394.07,348.58,290.8,1091.23,0.0,0.37,False,0.0,0,74.93,0.0,1.330956429060827,1.8461538461538463,-0.41676614251747585,1,False,False,False
2018-W08,books_technical,5,309.69,423.49,348.39,294.43,1120.28,0.0,-0.33,False,0.0,0,61.94,0.0,0.731280549717821,1.3333333333333333,-0.41394188121074693,1,False,False,False
2018-W09,books_technical,7,622.08,425.64,347.52,303.02,1120.68,0.0,0.57,False,0.0,0,77.76,0.0,1.4615167747392164,1.6470588235294117,-0.4154346034185341,1,False,False,False
2018-W10,books_technical,5,513.45,466.35,349.29,417.09,1164.93,0.0,0.13,False,0.0,0,102.69,0.0,1.1009971051785141,1.0,-0.4146921414518715,1,False,False,False
2018-W11,books_technical,2,129.31,522.05,309.99,518.97,1142.02,0.0,-1.27,False,0.0,0,64.66,0.0,0.24769658078728093,0.36363636363636365,-0.4374162253877333,1,False,False,False
2018-W12,books_technical,7,543.18,516.2,317.79,518.97,1151.78,0.0,0.08,False,0.0,0,77.6,0.0,1.0522665633475394,1.302325581395349,-0.40682068580174024,1,False,False,False
2018-W13,books_technical,2,75.93,504.4,314.37,518.97,1133.15,0.0,-1.36,False,0.0,0,37.97,0.0,0.15053528945281525,0.35555555555555557,-0.4866479338665374,1,False,False,False
2018-W14,books_technical,4,491.18,369.31,208.36,411.57,786.02,0.0,0.58,False,0.0,0,122.8,0.0,1.329993772169722,0.8648648648648649,-0.44217206247027474,1,False,False,False
2018-W15,books_technical,3,135.41,401.16,204.57,502.32,810.3,0.0,-1.3,False,0.0,0,45.14,0.0,0.33754611626283776,0.631578947368421,-0.45660362410137195,1,False,False,False
2018-W16,books_technical,3,123.15,352.53,216.94,400.44,786.4,0.0,-1.06,False,0.0,0,30.79,0.0,0.3493319717470854,0.6857142857142857,-0.47806102396104133,1,False,False,False
2018-W17,books_technical,10,677.62,329.21,231.72,313.3,792.65,0.0,1.5,False,0.0,0,67.76,0.0,2.058321436165366,2.4242424242424243,-0.5025593901726922,1,False,False,False
2018-W18,books_technical,16,987.16,336.15,242.34,313.3,820.83,0.0,2.69,True,0.0,0,61.7,0.0,2.9366651792354603,3.5555555555555554,-0.6227629694429098,-1,True,False,False
2018-W19,books_technical,14,1232.24,395.37,332.83,313.3,1061.02,0.0,2.51,True,0.0,0,82.15,0.0,3.1166755191339757,2.382978723404255,-0.6174860473406272,-1,True,False,False
2018-W20,books_technical,14,895.65,533.23,423.07,517.18,1379.38,0.0,0.86,False,0.0,0,63.98,0.0,1.679669185904769,1.8983050847457628,-0.5508013915013933,1,False,False,False
2018-W21,books_technical,10,853.82,577.29,442.18,584.4,1461.65,0.0,0.63,False,0.0,0,85.38,0.0,1.4790140137539194,1.2121212121212122,-0.4706057329467369,1,False,False,False
2018-W22,books_technical,5,462.53,674.53,399.66,765.72,1473.85,0.0,-0.53,False,0.0,0,92.51,0.0,0.6857070849332128,0.5405405405405406,-0.42239283602021427,1,False,False,False
2018-W23,books_technical,6,565.83,670.95,401.66,765.72,1474.28,0.0,-0.26,False,0.0,0,94.31,0.0,0.8433266264252179,0.64,-0.414380625272212,1,False,False,False
2018-W24,books_technical,6,360.41,724.75,344.43,765.72,1413.61,35.89,-1.06,False,0.0,0,60.07,0.0,0.4972887202483615,0.6153846153846154,-0.4648641557707164,1,False,False,False
2018-W25,books_technical,11,1069.16,754.41,291.36,765.72,1337.12,171.7,1.08,False,0.0,0,97.2,0.0,1.4172134515714268,1.0864197530864197,-0.5479729047371158,1,False,False,False
2018-W26,books_technical,1,51.44,803.35,308.97,874.74,1421.28,185.42,-2.43,True,133.98,0,51.44,0.0,0.06403186655878508,0.0975609756097561,-0.547108836933722,1,False,True,False
2018-W27,books_technical,8,695.79,686.38,394.67,709.82,1475.73,0.0,0.02,False,0.0,0,86.97,0.0,1.0137096069232785,0.9552238805970149,-0.43405315535534006,1,False,False,False
2018-W28,books_technical,4,575.86,619.33,328.75,630.81,1276.82,0.0,-0.13,False,0.0,0,143.97,0.0,0.9298112476385771,0.5245901639344263,-0.4464060963460165,1,False,False,False
2018-W29,books_technical,6,383.23,579.36,309.21,570.84,1197.77,0.0,-0.63,False,0.0,0,63.87,0.0,0.661471278652306,0.9411764705882353,-0.43231395196834776,1,False,False,False
2018-W30,books_technical,7,717.25,520.53,293.92,514.18,1108.37,0.0,0.67,False,0.0,0,102.46,0.0,1.3779225020652028,1.1914893617021276,-0.4344951207712843,1,False,False,False
2018-W31,books_technical,8,728.42,552.37,300.46,570.84,1153.3,0.0,0.59,False,0.0,0,91.05,0.0,1.31871752629578,1.3061224489795917,-0.4388685975723093,1,False,False,False
2018-W32,books_technical,11,643.39,572.7,306.93,635.83,1186.56,0.0,0.23,False,0.0,0,58.49,0.0,1.1234328618823117,1.7254901960784315,-0.5059392474802022,1,False,False,False
2018-W33,books_technical,8,567.22,608.07,295.05,669.59,1198.17,17.97,-0.14,False,0.0,0,63.02,0.0,0.9328202345124739,1.1428571428571428,-0.4411224356149916,1,False,False,False
2018-W34,books_technical,4,222.31,545.33,228.96,609.62,1003.24,87.41,-1.41,False,0.0,0,44.46,0.0,0.4076614160233253,0.6037735849056604,-0.4838828054689259,1,False,False,False
2017-W17,christmas_supplies,1,93.97,,,,,,0.0,False,,0,93.97,0.0,1.0,0.8888888888888888,-0.3778113320933239,1,False,False,False
2017-W25,christmas_supplies,2,341.89,,,,,,0.0,False,,0,113.96,0.0,1.0,1.7777777777777777,-0.3876182019687751,1,False,False,False
2017-W28,christmas_supplies,1,75.07,,,,,,0.0,False,,0,75.07,0.0,1.0,0.8,-0.3739136076979123,1,False,False,False
2017-W29,christmas_supplies,1,22.98,,,,,,0.0,False,,0,22.98,0.0,1.0,0.8,-0.4431610923620591,1,False,False,False
2017-W34,christmas_supplies,1,76.88,133.48,142.15,84.52,417.77,0.0,-0.4,False,0.0,0,76.88,0.0,0.5759664369193886,0.8,-0.3681021122493452,1,False,False,False
2017-W36,christmas_supplies,1,71.27,122.16,125.68,76.88,373.52,0.0,-0.4,False,0.0,0,71.27,0.0,0.5834151931892599,0.8888888888888888,-0.3678051076235975,1,False,False,False
2017-W37,christmas_supplies,2,397.15,113.68,114.31,75.97,342.3,0.0,2.48,True,0.0,0,132.38,0.0,3.493578465869106,1.7777777777777777,-0.4840289497804492,1,False,False,False
2017-W40,christmas_supplies,2,175.8,154.17,149.56,76.88,453.3,0.0,0.14,False,0.0,0,87.9,0.0,1.1402996691963418,1.6,-0.3742971719358845,1,False,False,False
2017-W41,christmas_supplies,2,128.63,156.88,138.68,85.42,434.24,0.0,-0.2,False,0.0,0,64.31,0.0,0.8199260581336053,1.4545454545454546,-0.3645955241253175,1,False,False,False
2017-W42,christmas_supplies,1,74.05,161.21,136.96,102.76,435.14,0.0,-0.64,False,0.0,0,74.05,0.0,0.45933875069784746,0.6666666666666666,-0.3709960869901431,1,False,False,False
2017-W43,christmas_supplies,1,71.04,127.73,117.9,75.97,363.52,0.0,-0.48,False,0.0,0,71.04,0.0,0.5561731777969154,0.7272727272727273,-0.3681727688426396,1,False,False,False
2017-W44,christmas_supplies,2,566.7,127.22,118.16,75.46,363.55,0.0,3.72,True,0.0,0,80.96,0.0,4.454488288005031,1.4545454545454546,-0.5356451013995177,1,False,False,False
2017-W45,christmas_supplies,6,447.65,195.19,186.34,102.76,567.87,0.0,1.35,False,0.0,1,74.61,0.16666666666666666,2.293406424509452,4.0,-0.657897120322496,-1,True,False,False
2017-W46,christmas_supplies,5,691.96,241.54,198.43,152.22,638.39,0.0,2.27,True,0.0,0,115.33,0.0,2.8647843007369382,2.3529411764705883,-0.510908439978062,1,False,False,False
2017-W47,christmas_supplies,4,521.78,319.12,239.45,286.48,798.02,0.0,0.85,False,0.0,0,104.36,0.0,1.635058912008022,1.5238095238095237,-0.43623435807068556,1,False,False,False
2017-W48,christmas_supplies,4,324.92,334.7,249.11,311.73,832.92,0.0,-0.04,False,0.0,0,54.15,0.0,0.9707798028084853,1.391304347826087,-0.40185214980147227,1,False,False,False
2017-W49,christmas_supplies,4,199.07,353.34,240.97,386.28,835.27,0.0,-0.64,False,0.0,0,49.77,0.0,0.5633950302824475,1.28,-0.3972476272600983,1,False,False,False
2017-W50,christmas_supplies,3,149.38,362.15,232.73,386.28,827.6,0.0,-0.91,False,0.0,0,49.79,0.0,0.41248101615352756,0.8888888888888888,-0.3989597465931241,1,False,False,False
2017-W51,christmas_supplies,3,426.85,371.56,220.61,386.28,812.79,0.0,0.25,False,0.0,0,85.37,0.0,1.1488050382172463,0.8275862068965517,-0.40593107330976824,1,False,False,False
2017-W52,christmas_supplies,4,186.53,416.04,184.24,437.25,784.52,47.56,-1.25,False,0.0,0,37.31,0.0,0.4483463128545332,1.032258064516129,-0.4320394485099518,1,False,False,False
2018-W01,christmas_supplies,2,208.33,368.52,188.8,375.88,746.12,0.0,-0.85,False,0.0,0,104.16,0.0,0.5653153153153154,0.48484848484848486,-0.38223442801203983,1,False,False,False
2018-W02,christmas_supplies,2,240.01,338.6,193.38,266.62,725.36,0.0,-0.51,False,0.0,0,120.0,0.0,0.7088304784406378,0.5517241379310345,-0.3914236422231627,1,False,False,False
2018-W03,christmas_supplies,1,106.78,282.11,131.52,224.17,545.16,19.06,-1.33,False,0.0,0,106.78,0.0,0.37850483853815886,0.3076923076923077,-0.4345828595201868,1,False,False,False
2018-W04,christmas_supplies,2,219.0,230.23,102.02,203.7,434.28,26.19,-0.11,False,0.0,0,109.5,0.0,0.9512226903531252,0.6956521739130435,-0.3642868309353391,1,False,False,False
2018-W05,christmas_supplies,5,863.09,216.99,94.58,203.7,406.15,27.84,6.83,True,0.0,0,143.85,0.0,3.9775565694271626,1.9047619047619047,-0.5822026988058042,1,False,False,False
2018-W06,christmas_supplies,8,1777.11,300.0,246.29,213.67,792.58,0.0,6.0,True,0.0,0,177.71,0.0,5.923699999999999,2.909090909090909,-0.7033750246717705,-1,True,False,False
2018-W07,christmas_supplies,4,5748.41,503.46,567.28,229.5,1638.01,0.0,9.25,True,0.0,0,638.71,0.0,11.417808763357566,1.1851851851851851,-0.8164258121097036,-1,True,False,False
2018-W08,christmas_supplies,2,154.54,1168.66,1935.25,229.5,5039.16,0.0,-0.52,False,0.0,0,77.27,0.0,0.13223692091797443,0.5714285714285714,-0.371288029137527,1,False,False,False
2018-W09,christmas_supplies,5,359.51,1164.66,1937.6,229.5,5039.86,0.0,-0.42,False,0.0,0,59.92,0.0,0.3086823622344718,1.5384615384615385,-0.4526044282168026,1,False,False,False
2018-W10,christmas_supplies,1,109.5,1183.56,1927.65,299.76,5038.86,0.0,-0.56,False,0.0,0,109.5,0.0,0.09251748960762446,0.27586206896551724,-0.41685261230493537,1,False,False,False
2018-W12,christmas_supplies,4,585.28,1167.24,1937.31,289.26,5041.86,0.0,-0.3,False,0.0,0,146.32,0.0,0.5014221582536582,1.1428571428571428,-0.47371653501804195,1,False,False,False
2018-W13,christmas_supplies,3,260.53,1227.06,1907.04,472.4,5041.13,0.0,-0.51,False,0.0,0,86.84,0.0,0.21232050592473065,0.7741935483870968,-0.4009242966161523,1,False,False,False
2018-W14,christmas_supplies,1,25.31,1232.25,1903.96,472.4,5040.16,0.0,-0.63,False,0.0,0,25.31,0.0,0.020539663217691215,0.25,-0.42728027587702416,1,False,False,False
2018-W15,christmas_supplies,1,24.23,1127.52,1949.65,310.02,5026.83,0.0,-0.57,False,0.0,0,24.23,0.0,0.02148964098197815,0.2857142857142857,-0.4279894183744705,1,False,False,False
2018-W16,christmas_supplies,2,134.65,908.41,1964.66,207.53,4837.74,0.0,-0.39,False,0.0,0,67.33,0.0,0.1482260212899462,0.7619047619047619,-0.3739033137314327,1,False,False,False
2018-W17,christmas_supplies,3,417.31,206.69,190.16,144.6,587.02,0.0,1.11,False,0.0,0,69.55,0.0,2.019013982292322,1.263157894736842,-0.43257311391595055,1,False,False,False
2018-W18,christmas_supplies,3,233.61,239.54,202.18,197.59,643.9,0.0,-0.03,False,0.0,0,77.87,0.0,0.9752442180846623,1.2,-0.37259933806307904,1,False,False,False
2018-W19,christmas_supplies,2,153.65,223.8,196.32,184.13,616.45,0.0,-0.36,False,0.0,0,76.83,0.0,0.686550491510277,0.8888888888888888,-0.35501668382696244,1,False,False,False
2018-W20,christmas_supplies,1,259.03,229.32,193.25,193.63,615.82,0.0,0.15,False,0.0,0,259.03,0.0,1.1295569509855223,0.42105263157894735,-0.5240893220243741,1,False,False,False
2018-W21,christmas_supplies,1,54.22,188.54,132.17,193.63,452.88,0.0,-1.02,False,0.0,0,54.22,0.0,0.287578232735759,0.5,-0.4062979333470969,1,False,False,False
2018-W23,christmas_supplies,2,301.3,162.75,136.18,144.15,435.12,0.0,1.02,False,0.0,0,100.43,0.0,1.8513056835637483,1.1428571428571428,-0.42342532012752426,1,False,False,False
2018-W25,christmas_supplies,2,89.9,197.25,131.26,193.63,459.77,0.0,-0.82,False,0.0,0,44.95,0.0,0.455766793409379,1.0666666666666667,-0.39388640619312343,1,False,False,False
2018-W26,christmas_supplies,2,185.53,205.46,120.51,193.63,446.47,0.0,-0.17,False,0.0,0,92.77,0.0,0.9029981504915798,1.0,-0.357166595926494,1,False,False,False
2018-W27,christmas_supplies,1,40.17,211.82,117.54,209.57,446.9,0.0,-1.46,False,0.0,0,40.17,0.0,0.18964214899442924,0.5,-0.4575341125123047,1,False,False,False
2018-W29,christmas_supplies,1,50.1,164.68,97.23,169.59,359.13,0.0,-1.18,False,0.0,0,50.1,0.0,0.3042263784308963,0.5714285714285714,-0.40834941858022433,1,False,False,False
2018-W30,christmas_supplies,5,527.98,141.74,100.24,121.78,342.22,0.0,3.85,True,0.0,0,105.6,0.0,3.724989417242839,3.3333333333333335,-0.4943027084337474,1,False,False,False
2018-W31,christmas_supplies,4,162.02,188.53,169.82,137.72,528.16,0.0,-0.16,False,0.0,0,40.5,0.0,0.8593857741473506,2.1333333333333333,-0.4016101915000366,1,False,False,False
2018-W32,christmas_supplies,3,444.7,176.4,167.51,125.96,511.42,0.0,1.6,False,0.0,0,148.23,0.0,2.520975056689342,1.3333333333333333,-0.47160259210163585,1,False,False,False
2018-W33,christmas_supplies,5,215.4,225.21,183.0,173.78,591.21,0.0,-0.05,False,0.0,0,43.08,0.0,0.9564406553883043,2.0,-0.4338109451352335,1,False,False,False
2017-W07,cine_photo,1,95.24,,,,,,0.0,False,,0,95.24,0.0,1.0,0.34782608695652173,-0.34253825254943626,1,False,False,False
2017-W14,cine_photo,1,78.71,,,,,,0.0,False,,0,78.71,0.0,1.0,0.36363636363636365,-0.35733711579429106,1,False,False,False
2017-W17,cine_photo,1,87.6,,,,,,0.0,False,,0,87.6,0.0,1.0,0.38095238095238093,-0.34585759563361457,1,False,False,False
2017-W18,cine_photo,1,91.71,,,,,,0.0,False,,0,91.71,0.0,1.0,0.38095238095238093,-0.3409239391819304,1,False,False,False
2017-W22,cine_photo,1,112.91,88.32,7.12,89.66,102.56,74.07,3.45,True,0.0,0,112.91,0.0,1.2784193840579712,0.38095238095238093,-0.4715810856776183,1,False,False,False
2017-W37,cine_photo,1,102.84,93.23,12.61,91.71,118.46,68.01,0.76,False,0.0,0,102.84,0.0,1.1030784082376917,0.47058823529411764,-0.3773205940514387,1,False,False,False
2017-W42,cine_photo,1,107.0,94.84,11.94,93.48,118.72,70.95,1.02,False,0.0,0,107.0,0.0,1.128215942640236,0.5714285714285714,-0.3922048804304502,1,False,False,False
2017-W47,cine_photo,1,259.94,96.57,11.83,95.24,120.24,72.91,13.81,True,0.0,0,259.94,0.0,2.6917262089675886,0.6666666666666666,-0.6802987284026952,-1,True,False,False
2018-W01,cine_photo,1,111.89,116.99,58.79,99.04,234.57,0.0,-0.09,False,0.0,0,111.89,0.0,0.95640653047269,1.0,-0.3381642480462527,1,False,False,False
2018-W03,cine_photo,1,111.89,119.08,58.2,104.92,235.48,2.67,-0.12,False,0.0,0,111.89,0.0,0.9396204232448774,1.0,-0.33769264821418904,1,False,False,False
2018-W07,cine_photo,1,115.93,123.22,56.06,109.44,235.33,11.11,-0.13,False,0.0,0,115.93,0.0,0.9408375263755885,1.0,-0.34035729092063804,1,False,False,False
2018-W08,cine_photo,1,156.19,126.76,54.35,111.89,235.47,18.06,0.54,False,0.0,0,156.19,0.0,1.2321710318712527,1.0,-0.41127872578342034,1,False,False,False
2018-W11,cine_photo,4,886.02,134.82,53.18,112.4,241.18,28.46,14.13,True,0.0,0,177.2,0.0,6.571873609256787,4.0,-0.6962012973570103,-1,True,False,False
2018-W12,cine_photo,1,192.76,231.46,269.63,113.91,770.72,0.0,-0.14,False,0.0,0,192.76,0.0,0.8328004838849045,0.7272727272727273,-0.440194089959353,1,False,False,False
2018-W13,cine_photo,1,108.59,242.7,265.34,136.06,773.39,0.0,-0.51,False,0.0,0,108.59,0.0,0.4474248042851257,0.7272727272727273,-0.36936267803870726,1,False,False,False
2018-W14,cine_photo,1,70.34,242.9,265.23,136.06,773.35,0.0,-0.65,False,0.0,0,70.34,0.0,0.28958419102511324,0.7272727272727273,-0.4118295350192654,1,False,False,False
2018-W15,cine_photo,1,120.38,219.2,271.87,113.91,762.95,0.0,-0.36,False,0.0,0,120.38,0.0,0.5491788321167883,0.7272727272727273,-0.361859239945841,1,False,False,False
2018-W16,cine_photo,2,247.72,220.26,271.41,118.16,763.09,0.0,0.1,False,0.0,0,123.86,0.0,1.1246708435485335,1.4545454545454546,-0.3999361184764142,1,False,False,False
2018-W17,cine_photo,1,182.69,237.24,267.89,138.28,773.02,0.0,-0.2,False,0.0,0,182.69,0.0,0.7700640701399426,0.6666666666666666,-0.42664668058164135,1,False,False,False
2018-W18,cine_photo,2,328.23,245.59,264.59,169.44,774.77,0.0,0.31,False,0.0,0,164.12,0.0,1.3364957856590252,1.3333333333333333,-0.4517883395700541,1,False,False,False
2018-W19,cine_photo,4,1186.27,267.09,263.27,187.72,793.64,0.0,3.49,True,0.0,0,296.57,0.0,4.441461679583662,2.4615384615384617,-0.6767851083610023,1,False,False,False
2018-W20,cine_photo,8,885.78,304.62,365.62,187.72,1035.86,0.0,1.59,False,0.0,0,98.42,0.0,2.907819578491235,4.923076923076923,-0.6531081447011936,1,False,False,False
2018-W21,cine_photo,2,194.74,391.25,414.2,215.2,1219.65,0.0,-0.47,False,0.0,0,97.37,0.0,0.4977380191693291,0.8,-0.4144973693349557,1,False,False,False
2018-W22,cine_photo,1,90.24,402.02,406.86,221.23,1215.73,0.0,-0.77,False,0.0,0,90.24,0.0,0.22446644445549974,0.38095238095238093,-0.3923366356840795,1,False,False,False
2018-W23,cine_photo,1,127.64,404.51,404.59,221.23,1213.69,0.0,-0.68,False,0.0,0,127.64,0.0,0.31554226100714444,0.38095238095238093,-0.38941915513228836,1,False,False,False
2018-W24,cine_photo,4,881.84,405.41,403.87,221.23,1213.16,0.0,1.18,False,0.0,0,176.37,0.0,2.175180681285612,1.5238095238095237,-0.55307275727555,1,False,False,False
2018-W25,cine_photo,2,37.58,484.68,429.89,261.48,1344.46,0.0,-1.04,False,0.0,0,18.79,0.0,0.0775356936535446,0.6956521739130435,-0.5352413490036639,1,False,False,False
2018-W26,cine_photo,2,422.97,466.54,447.17,261.48,1360.88,0.0,-0.1,False,0.0,0,70.5,0.0,0.9066103656706821,0.6666666666666666,-0.4802410823303583,1,False,False,False
2018-W27,cine_photo,1,120.95,478.38,444.23,308.86,1366.84,0.0,-0.8,False,0.0,0,120.95,0.0,0.2528324762740917,0.3333333333333333,-0.38435559402966524,1,False,False,False
2018-W28,cine_photo,3,909.3,345.22,351.76,161.19,1048.74,0.0,1.6,False,0.0,0,303.1,0.0,2.633972539250333,1.1428571428571428,-0.591191275691716,1,False,False,False
2018-W29,cine_photo,1,23.29,348.16,356.98,161.19,1062.13,0.0,-0.91,False,0.0,0,23.29,0.0,0.06689453124999999,0.5,-0.47641052873714623,1,False,False,False
2018-W30,cine_photo,2,238.07,326.73,372.33,124.3,1071.38,0.0,-0.24,False,0.0,0,119.03,0.0,0.7286444464848651,1.0666666666666667,-0.40293958571040145,1,False,False,False
2018-W31,cine_photo,1,23.29,345.2,362.45,182.86,1070.11,0.0,-0.89,False,0.0,0,23.29,0.0,0.06746813441483199,0.5,-0.4758883674233281,1,False,False,False
2018-W32,cine_photo,2,129.01,332.16,373.12,179.51,1078.4,0.0,-0.54,False,0.0,0,64.5,0.0,0.3883971579961464,1.0,-0.4354511543674828,1,False,False,False
2018-W33,cine_photo,3,356.1,238.06,303.03,124.98,844.12,0.0,0.39,False,0.0,0,118.7,0.0,1.4958413845249097,1.7142857142857142,-0.474584604272452,1,False,False,False
2018-W34,cine_photo,3,334.67,277.87,293.71,183.54,865.3,0.0,0.19,False,0.0,0,83.67,0.0,1.2044121351711232,1.6,-0.4702888039846776,1,False,False,False
2017-W05,computers,1,2217.99,,,,,,0.0,False,,0,2217.99,0.0,1.0,0.5,-0.4471941317858623,1,False,False,False
2017-W08,computers,1,3602.47,,,,,,0.0,False,,0,3602.47,0.0,1.0,0.5,-0.5200925215102672,1,False,False,False
2017-W35,computers,43,55443.23,,,,,,0.0,False,,0,1155.07,0.0,1.0,24.571428571428573,-0.7313461332870942,-1,True,False,False
2017-W36,computers,15,19258.36,,,,,,0.0,False,,0,917.06,0.0,1.0,2.142857142857143,-0.5498978017532967,1,False,False,False
2017-W37,computers,6,8551.36,20130.51,24777.57,11430.42,69685.64,0.0,-0.47,False,0.0,0,1425.23,0.0,0.4247959937428312,0.6956521739130435,-0.40207883738380534,1,False,False,False
2017-W38,computers,1,1391.89,17814.68,22073.99,8551.36,61962.67,0.0,-0.74,False,0.0,0,1391.89,0.0,0.0781316307674345,0.10810810810810811,-0.41614249111515494,1,False,False,False
2017-W39,computers,5,8237.04,15077.55,20850.91,6076.92,56779.36,0.0,-0.33,False,0.0,0,1647.41,0.0,0.5463115691873017,0.547945205479452,-0.3969422087197758,1,False,False,False
2017-W40,computers,6,11322.86,14100.33,19208.98,8237.04,52518.29,0.0,-0.14,False,0.0,0,1887.14,0.0,0.8030209222053669,0.64,-0.4297681206127685,1,False,False,False
2017-W41,computers,6,9019.47,13753.15,17811.15,8394.2,49375.45,0.0,-0.27,False,0.0,0,1288.5,0.0,0.655811214158211,0.6153846153846154,-0.39363744234264225,1,False,False,False
2017-W42,computers,3,3761.15,14603.34,17337.92,8785.42,49279.18,0.0,-0.63,False,0.0,0,1253.72,0.0,0.25755409378950295,0.2891566265060241,-0.39380397184849925,1,False,False,False
2017-W43,computers,6,8652.61,14623.17,17323.62,8785.42,49270.42,0.0,-0.34,False,0.0,0,1236.09,0.0,0.5917054920376362,0.5647058823529412,-0.3917195708950229,1,False,False,False
2017-W44,computers,9,17471.58,8774.34,5297.65,8601.98,19369.64,0.0,1.64,False,0.0,0,1455.96,0.0,1.9912130143121878,1.5,-0.549108245270287,1,False,False,False
2017-W45,computers,2,2776.53,8551.0,4807.49,8601.98,18165.98,0.0,-1.2,False,0.0,0,1388.26,0.0,0.32470237399134605,0.38095238095238093,-0.42424689663190246,1,False,False,False
2017-W49,computers,4,7649.68,7829.14,5223.02,8444.83,18275.18,0.0,-0.03,False,0.0,0,1274.95,0.0,0.977077942149457,0.8421052631578947,-0.3877822863342259,1,False,False,False
2017-W50,computers,6,12238.69,8611.36,4545.94,8444.83,17703.24,0.0,0.8,False,0.0,0,1529.84,0.0,1.42122614778618,1.170731707317073,-0.4474512090254027,1,False,False,False
2017-W51,computers,3,2035.25,9111.57,4715.85,8836.04,18543.26,0.0,-1.5,False,0.0,0,678.42,0.0,0.22336984734793236,0.5714285714285714,-0.45345596118896225,1,False,False,False
2017-W52,computers,6,3858.35,7950.62,5210.93,8151.14,18372.48,0.0,-0.79,False,0.0,0,643.06,0.0,0.4852891975720132,1.2307692307692308,-0.4293167397392909,1,False,False,False
2018-W01,computers,5,3362.59,7305.48,5376.55,5754.02,18058.58,0.0,-0.73,False,0.0,0,672.52,0.0,0.46028323943122157,1.0256410256410255,-0.4112694696189232,1,False,False,False
2018-W02,computers,5,3376.4,7255.66,5415.79,5754.02,18087.24,0.0,-0.72,False,0.0,0,482.34,0.0,0.4653470531970903,0.975609756097561,-0.44852191173622796,1,False,False,False
2018-W03,computers,1,702.97,6596.13,5541.18,3617.38,17678.49,0.0,-1.06,False,0.0,0,702.97,0.0,0.10657309664909576,0.2,-0.41924258203696163,1,False,False,False
2018-W04,computers,1,859.02,4500.06,3707.88,3369.5,11915.81,0.0,-0.98,False,0.0,0,859.02,0.0,0.190890788122825,0.25,-0.40964244389407733,1,False,False,False
2018-W14,computers,2,3329.36,4260.37,3892.58,3369.5,12045.54,0.0,-0.24,False,0.0,0,1109.79,0.0,0.7814720317718884,0.5161290322580645,-0.39282852119030104,1,False,False,False
2018-W15,computers,4,7879.62,3720.33,3647.15,3345.98,11014.62,0.0,1.14,False,0.0,0,1575.92,0.0,2.1179895331865723,1.103448275862069,-0.45258019663241594,1,False,False,False
2018-W16,computers,7,6032.51,3175.44,2251.15,3345.98,7677.74,0.0,1.27,False,0.0,0,754.06,0.0,1.8997398785680095,2.074074074074074,-0.5022289698868555,1,False,False,False
2018-W19,computers,3,14498.52,3675.1,2400.57,3369.5,8476.25,0.0,4.51,True,0.0,0,1812.32,0.0,3.9450681614105743,0.7741935483870968,-0.6515007029892441,-1,True,False,False
2018-W21,computers,2,8158.93,5005.12,4524.54,3369.5,14054.21,0.0,0.7,False,0.0,0,2039.73,0.0,1.6301167604373124,0.5714285714285714,-0.4396394905662962,1,False,False,False
2018-W22,computers,2,1653.37,5604.67,4593.06,4704.46,14790.78,0.0,-0.86,False,0.0,0,826.68,0.0,0.29499863506682816,0.64,-0.3924778454740397,1,False,False,False
2018-W23,computers,1,870.11,5389.29,4750.19,4680.94,14889.66,0.0,-0.95,False,0.0,0,870.11,0.0,0.16145169400793055,0.36363636363636365,-0.41240267223100735,1,False,False,False
2018-W24,computers,3,14169.04,5410.18,4726.94,4680.94,14864.06,0.0,1.85,False,0.0,0,2361.51,0.0,2.618959073450421,1.0909090909090908,-0.5647875088116822,1,False,False,False
2018-W25,computers,2,10879.09,7073.93,5213.55,6956.06,17501.03,0.0,0.73,False,0.0,0,2719.77,0.0,1.5379131543569133,0.6666666666666666,-0.48864087258288086,1,False,False,False
2018-W26,computers,2,1158.44,8017.65,5121.39,8019.28,18260.42,0.0,-1.34,False,0.0,0,579.22,0.0,0.1444862272611052,0.6666666666666666,-0.4454609341221848,1,False,False,False
2018-W27,computers,1,627.86,7177.5,5669.26,7095.72,18516.01,0.0,-1.16,False,0.0,0,627.86,0.0,0.08747614071752002,0.36363636363636365,-0.4399002512489915,1,False,False,False
2018-W28,computers,2,1598.86,6501.92,6128.61,4906.15,18759.13,0.0,-0.8,False,0.0,0,799.43,0.0,0.24590582474099956,1.0,-0.38588719823144085,1,False,False,False
2018-W30,computers,2,7605.19,4889.46,5374.72,1626.11,15638.89,0.0,0.51,False,0.0,0,3802.6,0.0,1.5554253434939644,1.0666666666666667,-0.5455995388139642,1,False,False,False
2018-W31,computers,2,1536.35,4820.24,5329.97,1626.11,15480.19,0.0,-0.62,False,0.0,0,768.17,0.0,0.31872894295719717,1.0666666666666667,-0.3902744757477053,1,False,False,False
2018-W32,computers,5,6270.57,4805.62,5340.06,1567.6,15485.73,0.0,0.27,False,0.0,0,1045.1,0.0,1.3048409986640641,2.6666666666666665,-0.4259648133238162,1,False,False,False
2018-W33,computers,1,1543.25,5480.67,5107.78,3934.71,15696.23,0.0,-0.77,False,0.0,0,1543.25,0.0,0.2815805366862081,0.42105263157894735,-0.4084980720573211,1,False,False,False
2018-W34,computers,2,3539.46,3902.45,3830.61,1571.05,11563.67,0.0,-0.09,False,0.0,0,1179.82,0.0,0.9069840741072916,0.9411764705882353,-0.38899280654571283,1,False,False,False
2016-W40,computers_accessories,16,2098.19,,,,,,0.0,False,,0,99.91,0.0,1.0,7.529411764705882,-0.40687095509304205,1,False,False,False
2016-W41,computers_accessories,2,216.17,,,,,,0.0,False,,0,72.06,0.0,1.0,0.5161290322580645,-0.46910565014927363,1,False,False,False
2017-W02,computers_accessories,3,837.8,,,,,,0.0,False,,0,209.45,0.0,1.0,0.75,-0.41961726303179914,1,False,False,False
2017-W03,computers_accessories,5,418.22,,,,,,0.0,False,,0,83.64,0.0,1.0,1.2121212121212122,-0.4358957077338306,1,False,False,False
2017-W04,computers_accessories,13,3233.65,892.6,844.4,628.01,2581.4,0.0,2.77,True,0.0,0,190.21,0.0,3.622731346627829,2.888888888888889,-0.5225678460345854,1,False,False,False
2017-W05,computers_accessories,16,3800.48,1360.81,1277.05,837.8,3914.92,0.0,1.91,False,0.0,0,200.03,0.0,2.792807225108575,2.723404255319149,-0.4812401721957437,1,False,False,False
2017-W06,computers_accessories,27,6382.21,1767.42,1515.49,1468.0,4798.39,0.0,3.05,True,0.0,0,227.94,0.0,3.611031899605074,3.7241379310344827,-0.4974298203455069,1,False,False,False
2017-W07,computers_accessories,28,3822.86,2426.67,2226.26,2098.19,6879.2,0.0,0.63,False,0.0,0,123.32,0.0,1.5753522316590225,2.6666666666666665,-0.4151915893622382,1,False,False,False
2017-W08,computers_accessories,25,3059.42,2601.2,2119.4,2665.92,6840.01,0.0,0.22,False,0.0,0,105.5,0.0,1.176157158234661,1.8181818181818181,-0.3975150662460736,1,False,False,False
2017-W09,computers_accessories,22,4010.68,2721.35,2114.05,3146.54,6949.46,0.0,0.61,False,0.0,0,160.43,0.0,1.4737832325867677,1.4789915966386555,-0.39575318834150397,1,False,False,False
2017-W10,computers_accessories,39,12781.48,3195.66,1884.95,3517.06,6965.56,0.0,5.09,True,0.0,0,250.62,0.0,3.999637007691682,2.2446043165467624,-0.5646165238080647,-1,True,False,False
2017-W11,computers_accessories,26,3711.36,4688.62,3652.16,3811.67,11992.95,0.0,-0.27,False,0.0,0,132.55,0.0,0.7915676680985024,1.1885714285714286,-0.38414058518671373,1,False,False,False
2017-W12,computers_accessories,35,11403.68,5100.27,3267.4,3811.67,11635.06,0.0,1.93,False,0.0,0,285.09,0.0,2.2358973152401735,1.4285714285714286,-0.474910286706949,1,False,False,False
2017-W13,computers_accessories,35,8638.75,6121.52,3829.14,3916.77,13779.8,0.0,0.66,False,0.0,1,227.34,0.02857142857142857,1.4112099609247375,1.2844036697247707,-0.4376636554244362,1,False,False,False
2017-W14,computers_accessories,21,6753.5,6726.3,3792.09,5196.44,14310.48,0.0,0.01,False,0.0,0,306.98,0.0,1.0040438279589075,0.7088607594936709,-0.43502235540556555,1,False,False,False
2017-W15,computers_accessories,27,5407.86,6772.72,3789.54,5382.09,14351.8,0.0,-0.36,False,0.0,1,193.14,0.037037037037037035,0.7984768305791469,0.935064935064935,-0.4561064291206362,1,False,False,False
2017-W16,computers_accessories,32,7796.03,6970.84,3652.23,6080.68,14275.31,0.0,0.23,False,0.0,0,194.9,0.0,1.118377412191357,1.1130434782608696,-0.36345162356611665,1,False,False,False
2017-W17,computers_accessories,37,6542.97,7562.92,3293.91,7274.76,14150.74,975.1,-0.31,False,0.0,0,139.21,0.0,0.8651380683651289,1.248945147679325,-0.3630277465108817,1,False,False,False
2017-W18,computers_accessories,35,6663.06,7879.45,3013.52,7274.76,13906.5,1852.41,-0.4,False,0.0,0,141.77,0.0,0.8456250118980386,1.1111111111111112,-0.3651358472277655,1,False,False,False
2017-W19,computers_accessories,73,37114.63,7114.65,2278.46,6708.28,11671.57,2557.73,13.17,True,0.0,1,386.61,0.0136986301369863,5.216648745897549,2.3548387096774195,-0.7230730679848693,-1,True,False,False
2017-W20,computers_accessories,82,13185.65,11290.06,10591.67,7274.76,32473.39,0.0,0.18,False,0.0,0,146.51,0.0,1.1678990191371879,2.223728813559322,-0.36459238767232416,1,False,False,False
2017-W21,computers_accessories,44,15967.79,11512.81,10613.11,7274.76,32739.03,0.0,0.42,False,0.0,5,249.5,0.11363636363636363,1.3869585270668066,1.0292397660818713,-0.5640177596276881,1,False,False,False
2017-W22,computers_accessories,58,17216.85,12428.94,10645.85,7274.76,33720.64,0.0,0.45,False,0.0,0,232.66,0.0,1.3852227140850304,1.3219373219373218,-0.36905477290965466,1,False,False,False
2017-W23,computers_accessories,58,17974.28,13736.86,10490.59,10490.84,34718.04,0.0,0.4,False,0.0,0,253.16,0.0,1.3084707859001254,1.1958762886597938,-0.37207737286484205,1,False,False,False
2017-W24,computers_accessories,63,16780.58,15307.66,9994.37,14576.72,35296.4,0.0,0.15,False,0.0,0,204.64,0.0,1.0962211076023378,1.2028639618138426,-0.350357296667135,1,False,False,False
2017-W25,computers_accessories,42,8540.32,16430.73,9523.4,16374.19,35477.54,0.0,-0.83,False,0.0,0,158.15,0.0,0.5197772710037838,0.7466666666666667,-0.3818160401740815,1,False,False,False
2017-W26,computers_accessories,33,10404.58,16680.4,9249.39,16374.19,35179.18,0.0,-0.68,False,0.0,0,273.8,0.0,0.6237608210834272,0.5802197802197803,-0.41205833885892457,1,False,False,False
2017-W27,computers_accessories,51,15212.77,17148.08,8751.72,16374.19,34651.52,0.0,-0.22,False,0.0,0,208.39,0.0,0.8871413009503104,0.9006622516556292,-0.35738721538019647,1,False,False,False
2017-W28,computers_accessories,67,16198.53,14410.35,3407.32,15590.28,21224.99,7595.71,0.52,False,0.0,1,207.67,0.014925373134328358,1.1240899769957011,1.2436194895591648,-0.3830833871729407,1,False,False,False
2017-W29,computers_accessories,61,24452.7,14786.96,3419.1,16083.16,21625.17,7948.76,2.83,True,0.0,0,287.68,0.0,1.6536664737038582,1.1730769230769231,-0.4731261034446598,1,False,False,False
2017-W30,computers_accessories,72,12462.49,15847.58,4853.05,16489.56,25553.68,6141.47,-0.7,False,0.0,0,140.03,0.0,0.7863970398003985,1.3302540415704387,-0.3615562022979056,1,False,False,False
2017-W31,computers_accessories,77,12566.05,15253.28,4951.52,15705.65,25156.33,5350.23,-0.54,False,0.0,1,141.19,0.012987012987012988,0.8238260885527571,1.378076062639821,-0.39215656181548797,1,False,False,False
2017-W32,computers_accessories,65,15205.14,14577.25,4895.84,13889.41,24368.92,4785.58,0.13,False,0.0,0,197.47,0.0,1.0430732819976332,1.1158798283261802,-0.35102819425193166,1,False,False,False
2017-W33,computers_accessories,75,12879.49,14380.32,4825.73,13885.6,24031.79,4728.86,-0.31,False,0.0,0,139.99,0.0,0.8956330596259332,1.2820512820512822,-0.3548628538128585,1,False,False,False
2017-W34,computers_accessories,56,19562.43,14922.72,4289.64,14042.31,23502.0,6343.44,1.08,False,0.0,0,235.69,0.0,1.310915838399434,0.8942115768463074,-0.3824854338383369,1,False,False,False
2017-W35,computers_accessories,54,6657.9,16067.45,4130.67,15208.96,24328.79,7806.11,-2.28,True,1148.21,0,102.43,0.0,0.4143719134025623,0.8244274809160306,-0.45189936796481955,1,False,True,False
2017-W36,computers_accessories,54,7537.88,14998.09,5319.75,14042.31,25637.59,4358.59,-1.4,False,0.0,0,121.58,0.0,0.5025893297079829,0.8197343453510436,-0.39122423622508334,1,False,False,False
2017-W37,computers_accessories,56,26218.31,13915.51,5891.11,12722.77,25697.72,2133.3,2.09,True,0.0,0,344.98,0.0,1.884107014403353,0.8715953307392996,-0.492873202315589,1,False,False,False
2017-W38,computers_accessories,48,11193.62,14136.21,6356.92,12722.77,26850.05,1422.38,-0.46,False,0.0,0,192.99,0.0,0.791840245723571,0.7544204322200393,-0.3641458398767661,1,False,False,False
2017-W39,computers_accessories,46,14867.98,13977.6,6420.16,12722.77,26817.92,1137.29,0.14,False,0.0,2,239.81,0.043478260869565216,1.063700492216117,0.7587628865979381,-0.43851041821675873,1,False,False,False
2017-W40,computers_accessories,52,23061.86,14265.34,6399.41,13873.74,27064.16,1466.53,1.37,False,0.0,1,339.14,0.019230769230769232,1.6166358460436274,0.9162995594713657,-0.4961873674905282,1,False,False,False
2017-W41,computers_accessories,63,17016.28,15247.43,7125.87,13873.74,29499.18,995.69,0.25,False,0.0,1,223.9,0.015873015873015872,1.1160097144240044,1.1428571428571428,-0.37492549499620687,1,False,False,False
2017-W42,computers_accessories,57,19467.76,15764.53,7079.44,15942.13,29923.41,1605.66,0.52,False,0.0,0,259.57,0.0,1.2349090014101276,1.062937062937063,-0.38329613823420833,1,False,False,False
2017-W43,computers_accessories,61,22823.17,15752.7,7072.26,15942.13,29897.21,1608.19,1.0,False,0.0,1,304.31,0.01639344262295082,1.4488417858525837,1.1348837209302325,-0.449644691647604,1,False,False,False
2017-W44,computers_accessories,59,16205.26,17773.36,6377.74,18242.02,30528.85,5017.87,-0.25,False,0.0,0,238.31,0.0,0.9117724504539377,1.080091533180778,-0.36531356577665086,1,False,False,False
2017-W45,computers_accessories,75,22870.19,18856.78,4971.82,18242.02,28800.42,8913.14,0.81,False,0.0,6,243.3,0.08,1.2128364439739976,1.3574660633484164,-0.521758843586271,1,False,False,False
2017-W46,computers_accessories,82,20861.2,18438.26,4367.85,18242.02,27173.97,9702.56,0.55,False,0.0,0,204.52,0.0,1.131408278221481,1.4229934924078091,-0.36774564736178444,1,False,False,False
2017-W47,computers_accessories,171,53529.88,19646.71,3278.72,20164.48,26204.15,13089.27,10.33,True,0.0,0,259.85,0.0,2.724623104835364,2.7636363636363637,-0.6614140624803905,-1,True,False,False
2017-W48,computers_accessories,118,30061.56,24479.45,12033.52,21842.18,48546.5,412.4,0.46,False,0.0,0,210.22,0.0,1.228032492560086,1.5225806451612902,-0.4066549478030611,1,False,False,False
2017-W49,computers_accessories,76,15135.39,25354.41,12169.43,21842.18,49693.28,1015.54,-0.84,False,0.0,0,168.17,0.0,0.5969529561129602,0.8862973760932945,-0.3711128272499364,1,False,False,False
2017-W50,computers_accessories,51,13791.24,25119.3,12370.05,21842.18,49859.41,379.19,-0.92,False,0.0,0,222.44,0.0,0.5490296306027637,0.5836909871244635,-0.3874916763388883,1,False,False,False
2017-W51,computers_accessories,57,15504.63,24409.74,12892.33,21842.18,50194.39,0.0,-0.69,False,0.0,0,224.7,0.0,0.6351821035373584,0.658008658008658,-0.3744665539506446,1,False,False,False
2017-W52,computers_accessories,35,6359.01,23494.92,13274.97,18533.23,50044.85,0.0,-1.29,False,0.0,0,163.05,0.0,0.2706546776920288,0.40638606676342526,-0.4150589724120982,1,False,False,False
2018-W01,computers_accessories,66,26223.18,22264.14,14451.67,18182.92,51167.47,0.0,0.27,False,0.0,1,304.92,0.015151515151515152,1.1778213755393203,0.793984962406015,-0.44095907888700375,1,False,False,False
2018-W02,computers_accessories,140,49247.01,22683.26,14520.21,18182.92,51723.69,0.0,1.83,False,0.0,0,269.11,0.0,2.1710728528439036,1.7073170731707317,-0.5486127624540809,1,False,False,False
2018-W03,computers_accessories,127,28160.11,26231.49,17227.26,20863.9,60686.01,0.0,0.11,False,0.0,1,186.49,0.007874015748031496,1.0735230823716075,1.42296918767507,-0.4150178864349605,1,False,False,False
2018-W04,computers_accessories,157,25505.25,23060.27,13392.5,20863.9,49845.27,0.0,0.18,False,0.0,4,138.62,0.025477707006369428,1.106025644972934,1.8746268656716418,-0.4744001676118789,1,False,False,False
2018-W05,computers_accessories,191,36601.8,22490.73,13146.86,20504.94,48784.44,0.0,1.07,False,0.0,3,165.62,0.015706806282722512,1.6274171625376324,2.155148095909732,-0.5152533607019858,1,False,False,False
2018-W06,computers_accessories,184,33261.27,25174.03,13613.54,25864.22,52401.11,0.0,0.59,False,0.0,1,153.99,0.005434782608695652,1.3212532915866073,1.7864077669902914,-0.4796397293173637,1,False,False,False
2018-W07,computers_accessories,172,36877.69,27607.78,13015.1,27191.64,53637.98,1577.58,0.71,False,0.0,0,177.3,0.0,1.335771655670974,1.4378265412748172,-0.45065563846522766,1,False,False,False
2018-W08,computers_accessories,232,91907.2,30279.42,12352.52,30710.69,54984.46,5574.37,4.99,True,0.0,3,303.32,0.01293103448275862,3.035302525609804,1.7313432835820894,-0.726373077387338,-1,True,False,False
2018-W09,computers_accessories,234,45921.92,40972.94,21971.02,34931.54,84914.98,0.0,0.23,False,0.0,0,157.27,0.0,1.1207865483902302,1.475177304964539,-0.5754349425214674,-1,True,False,False
2018-W10,computers_accessories,135,41983.92,43435.28,21171.11,36739.75,85777.51,1093.05,-0.07,False,0.0,1,235.86,0.007407407407407408,0.9665856879476775,0.7515657620041754,-0.4814027688113739,1,False,False,False
2018-W11,computers_accessories,125,22888.93,42527.4,21041.62,36739.75,84610.64,444.15,-0.93,False,0.0,0,162.33,0.0,0.5382160677586685,0.6983240223463687,-0.4028041030086354,1,False,False,False
2018-W12,computers_accessories,150,30402.19,41868.5,21630.09,36739.75,85128.68,0.0,-0.53,False,0.0,0,165.23,0.0,0.7261351612787657,0.8391608391608392,-0.43061039685550967,1,False,False,False
2018-W13,computers_accessories,134,29694.78,42480.62,21165.16,36739.75,84810.94,150.29,-0.6,False,0.0,0,187.94,0.0,0.6990194587555454,0.7533380182712579,-0.40773163061533824,1,False,False,False
2018-W14,computers_accessories,133,35646.83,41617.24,21576.12,35069.48,84769.48,0.0,-0.28,False,0.0,0,221.41,0.0,0.8565399819882338,0.7789165446559297,-0.4267212639729318,1,False,False,False
2018-W15,computers_accessories,99,15971.07,41915.43,21460.31,36262.26,84836.05,0.0,-1.21,False,0.0,0,147.88,0.0,0.3810308041692522,0.6022813688212928,-0.39311666236335135,1,False,False,False
2018-W16,computers_accessories,131,21232.01,39302.11,23351.08,33024.51,86004.26,0.0,-0.77,False,0.0,1,141.55,0.007633587786259542,0.5402257028948318,0.8438003220611916,-0.43053293344629034,1,False,False,False
2018-W17,computers_accessories,89,13104.29,30467.71,10363.19,30048.48,51194.08,9741.33,-1.68,False,0.0,0,128.47,0.0,0.43010419883870504,0.6240140227870289,-0.4097772871744491,1,False,False,False
2018-W18,computers_accessories,99,15544.09,26365.5,9854.66,26291.86,46074.82,6656.18,-1.1,False,0.0,0,143.93,0.0,0.58956173787715,0.7951807228915663,-0.3802284057216839,1,False,False,False
2018-W19,computers_accessories,115,31930.72,23060.52,8155.5,22060.47,39371.52,6749.53,1.09,False,0.0,0,200.82,0.0,1.3846487416589046,0.9583333333333334,-0.4210409737497439,1,False,False,False
2018-W20,computers_accessories,115,18953.77,24190.75,8734.31,25463.39,41659.36,6722.13,-0.6,False,0.0,0,141.45,0.0,0.7835131196841768,0.968421052631579,-0.38555086101551456,1,False,False,False
2018-W21,computers_accessories,64,26768.01,22759.7,8506.11,20092.89,39771.92,5747.47,0.47,False,0.0,0,356.91,0.0,1.1761143600311075,0.5595628415300546,-0.4520341110948604,1,False,False,False
2018-W22,computers_accessories,42,6882.74,22393.85,8223.47,20092.89,38840.78,5946.91,-1.89,False,0.0,2,152.95,0.047619047619047616,0.30734956249148765,0.39763313609467454,-0.5251561634566663,1,False,False,False
2018-W23,computers_accessories,97,21745.23,18798.34,7882.25,17462.42,34562.84,3033.83,0.37,False,0.0,0,189.09,0.0,1.1567633099518362,1.0291777188328912,-0.3662757175715333,1,False,False,False
2018-W24,computers_accessories,74,10721.0,19520.11,7850.68,20092.89,35221.47,3818.74,-1.12,False,0.0,0,130.74,0.0,0.5492284623396076,0.7872340425531915,-0.3803656744215287,1,False,False,False
2018-W25,computers_accessories,90,13727.86,18206.23,8384.65,17248.93,34975.52,1436.94,-0.53,False,0.0,2,122.57,0.022222222222222223,0.7540199151609093,1.0359712230215827,-0.42980872310003415,1,False,False,False
2018-W26,computers_accessories,87,17736.04,18284.18,8333.18,17248.93,34950.54,1617.82,-0.07,False,0.0,2,175.6,0.022988505747126436,0.9700210783311037,1.0,-0.4056793749424885,1,False,False,False
2018-W27,computers_accessories,76,10352.87,18558.17,8265.98,18344.9,35090.13,2026.21,-0.99,False,0.0,3,123.25,0.039473684210526314,0.5578605002540661,0.8888888888888888,-0.4743804392892155,1,False,False,False
2018-W28,computers_accessories,62,8652.41,15860.94,6639.56,15731.95,29140.07,2581.81,-1.09,False,0.0,0,129.14,0.0,0.5455168483078556,0.7689922480620155,-0.37946960781881306,1,False,False,False
2018-W29,computers_accessories,96,13420.17,14573.27,6945.9,12224.43,28465.08,681.46,-0.17,False,0.0,0,124.26,0.0,0.9208756854158332,1.2972972972972974,-0.3734595962943223,1,False,False,False
2018-W30,computers_accessories,102,16664.95,12904.79,4899.95,12070.58,22704.69,3104.89,0.77,False,0.0,0,140.04,0.0,1.291377077813742,1.3076923076923077,-0.38429905040022605,1,False,False,False
2018-W31,computers_accessories,134,25171.25,14127.57,4374.91,13574.02,22877.38,5377.75,2.52,True,0.0,1,164.52,0.007462686567164179,1.7817112213919308,1.567251461988304,-0.4930196342041619,1,False,False,False
2018-W32,computers_accessories,109,22569.8,14555.82,5297.52,13574.02,25150.85,3960.79,1.51,False,0.0,0,179.13,0.0,1.5505687759260556,1.2094313453536754,-0.43009519250467315,1,False,False,False
2018-W33,computers_accessories,117,15527.16,16036.92,5712.32,15196.4,27461.57,4612.27,-0.09,False,0.0,0,124.22,0.0,0.9682133477001819,1.2380952380952381,-0.40280617431908483,1,False,False,False
2018-W34,computers_accessories,53,5304.69,16261.83,5643.43,16096.06,27548.69,4974.98,-1.94,False,0.0,0,89.91,0.0,0.3262049843098839,0.541507024265645,-0.45357122043662673,1,False,False,False
2018-W35,computers_accessories,6,455.93,14707.91,6777.13,14473.66,28262.17,1153.66,-2.1,True,697.73,0,75.99,0.0,0.030998965862586866,0.06408544726301736,-0.5316808823564835,1,False,True,False
2016-W40,consoles_games,7,3868.99,,,,,,0.0,False,,0,552.71,0.0,1.0,0.08247422680412371,-0.5004077028372531,1,False,False,False
2016-W41,consoles_games,3,220.43,,,,,,0.0,False,,0,73.48,0.0,1.0,0.038461538461538464,-0.41816339511784045,1,False,False,False
2017-W01,consoles_games,1,124.84,,,,,,0.0,False,,0,124.84,0.0,1.0,0.015065913370998116,-0.42864730402487133,1,False,False,False
2017-W02,consoles_games,1,124.84,,,,,,0.0,False,,0,124.84,0.0,1.0,0.018604651162790697,-0.42864730402487133,1,False,False,False
2017-W03,consoles_games,5,2429.96,1084.77,1856.69,172.64,4798.16,0.0,0.72,False,0.0,0,347.14,0.0,2.240069323451054,0.13468013468013468,-0.45713372174470474,1,False,False,False
2017-W04,consoles_games,11,3582.72,1353.81,1716.79,220.43,4787.4,0.0,1.3,False,0.0,0,325.7,0.0,2.646397943581448,0.45595854922279794,-0.47186212368213243,1,False,False,False
2017-W05,consoles_games,9,2482.57,1725.3,1784.91,1325.2,5295.12,0.0,0.42,False,0.0,0,275.84,0.0,1.4389207674027706,0.8275862068965517,-0.3895780314740966,1,False,False,False
2017-W06,consoles_games,3,810.18,1833.48,1654.34,2429.96,5142.16,0.0,-0.62,False,0.0,0,270.06,0.0,0.4418810131553112,0.5581395348837209,-0.43481449867345756,1,False,False,False
2017-W07,consoles_games,2,187.49,1705.57,1573.77,1620.07,4853.11,0.0,-0.96,False,0.0,0,93.75,0.0,0.1099280592411921,0.4,-0.43756987575269596,1,False,False,False
2017-W08,consoles_games,7,1667.67,1245.38,1376.71,515.3,3998.8,0.0,0.31,False,0.0,0,238.24,0.0,1.339085259117699,1.6,-0.38569989339582994,1,False,False,False
2017-W09,consoles_games,10,2114.51,1426.28,1316.56,1238.92,4059.4,0.0,0.52,False,0.0,0,192.23,0.0,1.482534986117733,2.051282051282051,-0.3697572607739293,1,False,False,False
2017-W10,consoles_games,11,3035.3,1674.99,1219.97,1891.09,4114.94,0.0,1.12,False,0.0,1,275.94,0.09090909090909091,1.8121302216729653,1.8333333333333333,-0.4876202785749936,1,False,False,False
2017-W11,consoles_games,13,3927.94,2038.8,1121.67,2272.24,4282.13,0.0,1.68,False,0.0,0,261.86,0.0,1.9265940749460468,1.793103448275862,-0.4256098193313737,1,False,False,False
2017-W12,consoles_games,9,2015.39,2226.05,1306.16,2298.54,4838.36,0.0,-0.16,False,0.0,0,223.93,0.0,0.9053660070528514,1.0909090909090908,-0.36854922083659464,1,False,False,False
2017-W13,consoles_games,6,905.83,2030.13,1185.57,2064.95,4401.28,0.0,-0.95,False,0.0,0,100.65,0.0,0.44619310093442294,0.75,-0.3768906382572482,1,False,False,False
2017-W14,consoles_games,5,2644.64,1833.04,1229.85,1841.53,4292.73,0.0,0.66,False,0.0,0,528.93,0.0,1.4427617509710644,0.6557377049180327,-0.4765692954814673,1,False,False,False
2017-W15,consoles_games,1,164.04,2062.35,1181.98,2064.95,4426.3,0.0,-1.61,False,0.0,0,82.02,0.0,0.07954033020583315,0.12698412698412698,-0.47014382241041175,1,False,False,False
2017-W16,consoles_games,5,1132.82,2059.42,1187.31,2064.95,4434.03,0.0,-0.78,False,0.0,0,188.8,0.0,0.5500674947315263,0.6451612903225806,-0.38255941588069564,1,False,False,False
2017-W17,consoles_games,3,188.97,1992.56,1226.91,2064.95,4446.39,0.0,-1.47,False,0.0,0,62.99,0.0,0.09483779660336451,0.4,-0.4508153662260612,1,False,False,False
2017-W18,consoles_games,5,621.74,1751.87,1379.02,1574.1,4509.9,0.0,-0.82,False,0.0,0,103.62,0.0,0.3549007631844829,0.7547169811320755,-0.3881800931272324,1,False,False,False
2017-W19,consoles_games,4,481.95,1450.17,1320.91,1019.32,4091.99,0.0,-0.73,False,0.0,0,96.39,0.0,0.3323403463042264,0.6808510638297872,-0.4037859555497581,1,False,False,False
2017-W20,consoles_games,9,1186.04,1019.42,888.61,763.79,2796.64,0.0,0.19,False,0.0,0,118.6,0.0,1.1634458809911519,1.894736842105263,-0.3754219910902776,1,False,False,False
2017-W21,consoles_games,7,926.95,915.75,799.75,763.79,2515.26,0.0,0.01,False,0.0,0,102.99,0.0,1.0122304122304122,1.4736842105263157,-0.38069427634377895,1,False,False,False
2017-W22,consoles_games,4,609.15,918.39,799.75,774.34,2517.9,0.0,-0.39,False,0.0,0,152.29,0.0,0.6632803057524581,0.8205128205128205,-0.384341586646893,1,False,False,False
2017-W23,consoles_games,4,1395.77,663.96,391.88,615.44,1447.73,0.0,1.87,False,0.0,0,348.94,0.0,2.1021898909572863,0.8421052631578947,-0.4955301113671394,1,False,False,False
2017-W24,consoles_games,5,1003.45,817.92,409.01,774.34,1635.93,0.0,0.45,False,0.0,0,143.35,0.0,1.2268314749608764,0.975609756097561,-0.39337354904447164,1,False,False,False
2017-W25,consoles_games,10,2667.3,801.75,397.16,774.34,1596.08,7.43,4.7,True,0.0,0,222.28,0.0,3.3268475210477084,1.951219512195122,-0.5722281226686668,1,False,False,False
2017-W26,consoles_games,5,709.74,1111.54,701.14,965.2,2513.82,0.0,-0.57,False,0.0,0,141.95,0.0,0.6385195314608562,0.8333333333333334,-0.3727434133804626,1,False,False,False
2017-W27,consoles_games,7,721.88,1122.54,693.0,965.2,2508.54,0.0,-0.58,False,0.0,0,80.21,0.0,0.6430773068220287,1.1666666666666667,-0.37798806817090214,1,False,False,False
2017-W28,consoles_games,8,753.97,1152.54,665.98,965.2,2484.5,0.0,-0.6,False,0.0,0,83.77,0.0,0.6541811997848231,1.2549019607843137,-0.37743016192300993,1,False,False,False
2017-W29,consoles_games,9,1249.41,1098.53,680.24,840.46,2459.01,0.0,0.22,False,0.0,0,113.58,0.0,1.13734718214341,1.44,-0.37533435977098445,1,False,False,False
2017-W30,consoles_games,18,3366.55,1138.83,678.17,878.71,2495.18,0.0,3.28,True,0.0,0,177.19,0.0,2.9561479764319523,2.769230769230769,-0.5127204667407121,1,False,False,False
2017-W31,consoles_games,15,2178.95,1483.51,996.51,1126.43,3476.52,0.0,0.7,False,0.0,0,145.26,0.0,1.468780122816833,1.8181818181818181,-0.38909654366121676,1,False,False,False
2017-W32,consoles_games,9,2228.46,1581.41,1024.73,1126.43,3630.86,0.0,0.63,False,0.0,0,185.71,0.0,1.4091601798395104,0.935064935064935,-0.3691607867904203,1,False,False,False
2017-W33,consoles_games,21,2300.55,1734.53,1017.53,1714.18,3769.59,0.0,0.56,False,0.0,0,109.55,0.0,1.3263247104402922,2.074074074074074,-0.4114991500493147,1,False,False,False
2017-W34,consoles_games,26,2801.15,1688.69,976.95,1714.18,3642.59,0.0,1.14,False,0.0,0,90.36,0.0,1.6587710000059217,2.260869565217391,-0.45664427525769347,1,False,False,False
2017-W35,consoles_games,30,3355.12,1950.12,957.19,2203.7,3864.5,35.73,1.47,False,0.0,0,108.23,0.0,1.7204684839907287,2.1238938053097347,-0.4865337260673477,1,False,False,False
2017-W36,consoles_games,14,2735.51,2279.27,926.76,2264.5,4132.8,425.74,0.49,False,0.0,0,151.97,0.0,1.200169352468115,0.8235294117647058,-0.37844719042465635,1,False,False,False
2017-W37,consoles_games,11,1444.58,2526.96,697.24,2518.03,3921.45,1132.47,-1.55,False,0.0,0,131.33,0.0,0.5716671415455725,0.6197183098591549,-0.39134122865083987,1,False,False,False
2017-W38,consoles_games,4,1726.51,2551.36,647.82,2518.03,3847.0,1255.72,-1.27,False,0.0,1,431.63,0.25,0.6767018374513984,0.2222222222222222,-0.637635942415605,-1,True,False,False
2017-W39,consoles_games,21,4043.78,2346.35,611.48,2264.5,3569.3,1123.4,2.78,True,0.0,0,168.49,0.0,1.7234342702495367,1.2923076923076924,-0.48064149407219303,1,False,False,False
2017-W40,consoles_games,14,987.28,2579.46,848.18,2518.03,4275.81,883.1,-1.88,False,0.0,0,61.7,0.0,0.3827467764570879,0.8235294117647058,-0.4602794033135283,1,False,False,False
2017-W41,consoles_games,26,3458.93,2424.31,1018.06,2518.03,4460.43,388.19,1.02,False,0.0,0,123.53,0.0,1.4267688538181997,1.475177304964539,-0.44517893880566045,1,False,False,False
2017-W42,consoles_games,28,4615.9,2569.11,1078.52,2768.33,4726.16,412.06,1.9,False,0.0,1,164.85,0.03571428571428571,1.7966922397250407,1.5342465753424657,-0.5567442919777542,1,False,False,False
2017-W43,consoles_games,23,2955.96,2795.95,1302.0,3045.32,5399.94,191.96,0.12,False,0.0,0,109.48,0.0,1.057229206530875,1.2432432432432432,-0.43027435547183723,1,False,False,False
2017-W44,consoles_games,26,3607.91,2746.06,1285.04,2845.74,5316.14,175.97,0.67,False,0.0,0,120.26,0.0,1.3138496609688062,1.475177304964539,-0.4499263658849668,1,False,False,False
2017-W45,consoles_games,13,1658.85,2855.11,1320.55,3207.44,5496.2,214.01,-0.91,False,0.0,0,110.59,0.0,0.5810108892476997,0.6797385620915033,-0.37233113886423397,1,False,False,False
2017-W46,consoles_games,13,1562.8,2881.89,1289.66,3207.44,5461.22,302.56,-1.02,False,0.0,0,111.63,0.0,0.5422830156598621,0.6709677419354839,-0.3702259475632967,1,False,False,False
2017-W47,consoles_games,68,8145.59,2861.43,1311.73,3207.44,5484.88,237.98,4.03,True,0.0,1,110.08,0.014705882352941176,2.84668504908385,3.317073170731707,-0.7349900480679316,-1,True,False,False
2017-W48,consoles_games,26,2832.81,3374.15,2282.41,3207.44,7938.97,0.0,-0.24,False,0.0,0,91.38,0.0,0.83956255649571,0.985781990521327,-0.44579619353914823,1,False,False,False
2017-W49,consoles_games,17,3435.9,3604.84,2092.02,3207.44,7788.88,0.0,-0.08,False,0.0,0,202.11,0.0,0.9531352293028262,0.6098654708520179,-0.40589074594115415,1,False,False,False
2017-W50,consoles_games,28,3130.44,3601.96,2092.27,3195.93,7786.5,0.0,-0.23,False,0.0,0,104.35,0.0,0.8690934935424047,1.0467289719626167,-0.4482583040461154,1,False,False,False
2017-W51,consoles_games,16,1914.25,3416.28,2055.01,3043.2,7526.3,0.0,-0.73,False,0.0,0,100.75,0.0,0.5603317058320746,0.5981308411214953,-0.39042069729470813,1,False,False,False
2017-W52,consoles_games,19,1246.82,3286.07,2120.31,2981.62,7526.69,0.0,-0.96,False,0.0,0,54.21,0.0,0.37942587954608387,0.7342995169082126,-0.45750435634169817,1,False,False,False
2018-W01,consoles_games,18,2051.31,2990.93,2230.57,2373.53,7452.07,0.0,-0.42,False,0.0,0,107.96,0.0,0.6858435336166343,0.72,-0.3979484379451546,1,False,False,False
2018-W02,consoles_games,13,2178.53,3039.99,2201.21,2442.06,7442.41,0.0,-0.39,False,0.0,0,136.16,0.0,0.7166240678423286,0.5073170731707317,-0.3732150106082689,1,False,False,False
2018-W03,consoles_games,14,3942.26,3116.96,2152.41,2505.67,7421.77,0.0,0.38,False,0.0,0,281.59,0.0,1.2647772188286024,0.5463414634146342,-0.4180451095954898,1,False,False,False
2018-W04,consoles_games,7,948.77,2591.54,895.66,2505.67,4382.86,800.22,-1.83,False,0.0,0,135.54,0.0,0.36610278058606077,0.3708609271523179,-0.4177588552274774,1,False,False,False
2018-W05,consoles_games,7,1302.22,2356.04,1056.42,2114.92,4468.88,243.19,-1.0,False,0.0,0,186.03,0.0,0.5527155735895826,0.42424242424242425,-0.37138077836414335,1,False,False,False
2018-W06,consoles_games,10,3266.45,2089.32,1013.31,1982.78,4115.94,62.71,1.16,False,0.0,0,296.95,0.0,1.5634034039783278,0.6557377049180327,-0.40656993163362376,1,False,False,False
2018-W07,consoles_games,14,3391.96,2106.33,1034.2,1982.78,4174.72,37.93,1.24,False,0.0,0,212.0,0.0,1.6103649475628226,1.0769230769230769,-0.39656620102884244,1,False,False,False
2018-W08,consoles_games,14,4387.42,2291.04,1123.13,2114.92,4537.3,44.78,1.87,False,0.0,0,313.39,0.0,1.9150342202667785,1.0980392156862746,-0.46441645006437016,1,False,False,False
2018-W09,consoles_games,17,2515.2,2683.62,1247.94,2722.49,5179.49,187.74,-0.13,False,0.0,0,139.73,0.0,0.9372414872448409,1.402061855670103,-0.37932520035888223,1,False,False,False
2018-W10,consoles_games,15,3261.03,2741.6,1224.93,2890.82,5191.45,291.75,0.42,False,0.0,0,203.81,0.0,1.189462357747301,1.25,-0.3914995074042883,1,False,False,False
2018-W11,consoles_games,12,1027.43,2876.91,1213.58,3263.74,5304.07,449.76,-1.52,False,0.0,0,79.03,0.0,0.3571296981831201,0.9795918367346939,-0.41731273496589644,1,False,False,False
2018-W12,consoles_games,9,1990.53,2512.56,1283.58,2888.12,5079.71,0.0,-0.41,False,0.0,0,180.96,0.0,0.7922318272996466,0.75,-0.364955355817383,1,False,False,False
2018-W13,consoles_games,9,5689.09,2642.78,1147.94,2888.12,4938.66,346.9,2.65,True,0.0,0,568.91,0.0,2.15269148396764,0.7346938775510204,-0.5733293831569829,-1,True,False,False
2018-W14,consoles_games,12,1817.17,3191.14,1429.37,3263.74,6049.88,332.4,-0.96,False,0.0,0,129.8,0.0,0.5694422682803011,0.96,-0.3689841373835076,1,False,False,False
2018-W15,consoles_games,14,3805.29,3009.98,1508.13,2888.12,6026.25,0.0,0.53,False,0.0,5,211.41,0.35714285714285715,1.264224347005628,1.0980392156862746,-0.5894363195427119,-1,True,False,False
2018-W16,consoles_games,9,2114.73,3061.64,1530.01,2888.12,6121.67,1.62,-0.62,False,0.0,0,234.97,0.0,0.6907180465371501,0.7058823529411765,-0.38224685926007845,1,False,False,False
2018-W17,consoles_games,6,1000.63,2777.56,1457.98,2314.96,5693.51,0.0,-1.22,False,0.0,0,166.77,0.0,0.3602550439954493,0.4948453608247423,-0.3986443980796134,1,False,False,False
2018-W18,consoles_games,9,4451.31,2588.24,1589.33,2052.63,5766.9,0.0,1.17,False,0.0,0,296.75,0.0,1.719821191234198,0.8372093023255814,-0.4407823828488112,1,False,False,False
2018-W19,consoles_games,11,2438.93,2737.02,1712.27,2052.63,6161.56,0.0,-0.17,False,0.0,0,174.21,0.0,0.8910895791773534,1.1,-0.367103388090945,1,False,False,False
2018-W20,consoles_games,13,4710.14,2913.46,1578.43,2276.83,6070.33,0.0,1.14,False,0.0,0,261.67,0.0,1.6166825698653835,1.3164556962025316,-0.4445804842310839,1,False,False,False
2018-W21,consoles_games,3,238.68,3253.41,1642.82,3122.11,6539.04,0.0,-1.84,False,0.0,0,59.67,0.0,0.07336302525657695,0.2891566265060241,-0.48409355620821026,1,False,False,False
2018-W22,consoles_games,9,1678.97,2572.11,1618.4,2276.83,5808.92,0.0,-0.55,False,0.0,0,152.63,0.0,0.6527597964317233,0.935064935064935,-0.3596245640294599,1,False,False,False
2018-W23,consoles_games,4,6878.07,2554.84,1628.32,2276.83,5811.48,0.0,2.66,True,0.0,0,1375.61,0.0,2.6921725039532807,0.43243243243243246,-0.7049672653230661,-1,True,False,False
2018-W24,consoles_games,13,1115.16,2938.93,2220.25,2276.83,7379.43,0.0,-0.82,False,0.0,0,85.78,0.0,0.3794442194948502,1.625,-0.38836310191793477,1,False,False,False
2018-W25,consoles_games,8,1492.4,2813.99,2299.95,2058.95,7413.89,0.0,-0.57,False,0.0,0,165.82,0.0,0.5303501433907015,0.9411764705882353,-0.3629401421073722,1,False,False,False
2018-W26,consoles_games,18,1835.25,2875.46,2250.6,2058.95,7376.66,0.0,-0.46,False,0.0,0,96.59,0.0,0.6382457067738727,2.057142857142857,-0.39045563895213575,1,False,False,False
2018-W27,consoles_games,11,2365.58,2548.45,2177.8,1757.11,6904.05,0.0,-0.08,False,0.0,0,215.05,0.0,0.928242657301497,1.1139240506329113,-0.36958054784434546,1,False,False,False
2018-W28,consoles_games,7,1384.14,2539.28,2178.48,1757.11,6896.25,0.0,-0.53,False,0.0,0,197.73,0.0,0.545091522006238,0.7088607594936709,-0.36833416275174163,1,False,False,False
2018-W29,consoles_games,10,1361.47,2123.53,2016.34,1585.68,6156.22,0.0,-0.38,False,0.0,0,113.46,0.0,0.6411352794639115,1.095890410958904,-0.3609942400878498,1,False,False,False
2018-W30,consoles_games,12,2494.61,2263.88,1902.25,1585.68,6068.39,0.0,0.12,False,0.0,0,207.88,0.0,1.101917946180893,1.2,-0.37585256614186346,1,False,False,False
2018-W31,consoles_games,8,1631.03,2365.84,1888.23,1663.82,6142.3,0.0,-0.39,False,0.0,0,203.88,0.0,0.6894084130794982,0.7710843373493976,-0.37098401046931717,1,False,False,False
2018-W32,consoles_games,18,3145.65,1709.96,492.25,1561.72,2694.45,725.46,2.92,True,0.0,1,142.98,0.05555555555555555,1.8396044351914664,1.6551724137931034,-0.5181821768488445,1,False,False,False
2018-W33,consoles_games,18,2244.2,1963.77,642.34,1733.14,3248.45,679.08,0.44,False,0.0,0,89.77,0.0,1.1428018556144557,1.565217391304348,-0.392756011738476,1,False,False,False
2018-W34,consoles_games,12,1039.79,2057.74,618.07,2039.72,3293.88,821.61,-1.65,False,0.0,0,86.65,0.0,0.5053067928892864,0.9411764705882353,-0.4099158130518059,1,False,False,False
2018-W35,consoles_games,2,136.62,1958.31,715.31,1937.61,3388.93,527.69,-2.55,True,391.07,0,68.31,0.0,0.06976423548876327,0.16666666666666666,-0.5476214754649292,1,False,True,False
2017-W05,construction_tools_construction,2,506.03,,,,,,0.0,False,,0,253.01,0.0,1.0,0.1839080459770115,-0.36843301846953996,1,False,False,False
2017-W06,construction_tools_construction,1,171.03,,,,,,0.0,False,,0,171.03,0.0,1.0,0.0975609756097561,-0.374870147730829,1,False,False,False
2017-W07,construction_tools_construction,1,56.96,,,,,,0.0,False,,0,56.96,0.0,1.0,0.1095890410958904,-0.4131094348092321,1,False,False,False
2017-W09,construction_tools_construction,3,768.73,,,,,,0.0,False,,0,256.24,0.0,1.0,0.3870967741935484,-0.37714680939803497,1,False,False,False
2017-W11,construction_tools_construction,1,126.69,375.69,324.01,338.53,1023.7,0.0,-0.77,False,0.0,1,126.69,1.0,0.3372195160903937,0.14035087719298245,-0.6057553565271311,-1,True,False,False
2017-W22,construction_tools_construction,1,149.4,325.89,301.89,171.03,929.66,0.0,-0.58,False,0.0,0,149.4,0.0,0.45843689588511466,0.2,-0.35536040946636827,1,False,False,False
2017-W23,construction_tools_construction,1,569.58,296.47,279.46,160.22,855.4,0.0,0.98,False,0.0,0,189.86,0.0,1.9212061928694302,0.34782608695652173,-0.4110295798541659,1,False,False,False
2017-W24,construction_tools_construction,2,550.2,335.49,275.21,171.03,885.9,0.0,0.78,False,0.0,0,137.55,0.0,1.6399892694268086,1.3333333333333333,-0.4032876841851202,1,False,False,False
2017-W26,construction_tools_construction,1,132.02,362.33,265.86,338.53,894.05,0.0,-0.87,False,0.0,0,132.02,0.0,0.3643639775894903,0.6666666666666666,-0.36647725840361306,1,False,False,False
2017-W27,construction_tools_construction,1,156.92,315.58,269.83,160.22,855.25,0.0,-0.59,False,0.0,0,156.92,0.0,0.4972431713036314,0.7272727272727273,-0.35744637173075133,1,False,False,False
2017-W28,construction_tools_construction,2,764.2,313.81,270.96,153.16,855.73,0.0,1.66,False,0.0,0,254.73,0.0,2.4352315095121253,1.4545454545454546,-0.44442367778738384,1,False,False,False
2017-W29,construction_tools_construction,1,140.02,402.22,289.9,353.56,982.01,0.0,-0.9,False,0.0,0,140.02,0.0,0.3481179454030133,0.6666666666666666,-0.3712590576281314,1,False,False,False
2017-W30,construction_tools_construction,1,65.47,323.63,260.02,153.16,843.68,0.0,-0.99,False,0.0,0,65.47,0.0,0.20229892160800914,0.8,-0.4092877355449064,1,False,False,False
2017-W31,construction_tools_construction,1,152.11,315.98,267.44,153.16,850.86,0.0,-0.61,False,0.0,0,152.11,0.0,0.48139122729286665,0.8,-0.3561741055851959,1,False,False,False
2017-W32,construction_tools_construction,1,158.08,316.32,267.2,154.51,850.72,0.0,-0.59,False,0.0,0,158.08,0.0,0.4997470915528579,0.8,-0.3606318029864205,1,False,False,False
2017-W33,construction_tools_construction,2,1051.52,264.88,250.57,154.51,766.03,0.0,3.14,True,0.0,0,350.51,0.0,3.969797644216249,1.6,-0.51574580418541,1,False,False,False
2017-W34,construction_tools_construction,1,117.39,327.54,367.52,154.51,1062.58,0.0,-0.57,False,0.0,0,117.39,0.0,0.35839897417109357,0.8,-0.3631515882278742,1,False,False,False
2017-W35,construction_tools_construction,2,642.77,325.71,368.67,154.51,1063.05,0.0,0.86,False,0.0,0,321.38,0.0,1.973442633017101,1.6,-0.4085908231192777,1,False,False,False
2017-W36,construction_tools_construction,3,1869.65,386.44,376.82,155.1,1140.08,0.0,3.94,True,0.0,0,373.93,0.0,4.838137873926095,2.1818181818181817,-0.5459676920832678,1,False,False,False
2017-W37,construction_tools_construction,3,185.03,524.63,643.47,155.1,1811.57,0.0,-0.53,False,0.0,0,61.68,0.0,0.3526866553571088,2.0,-0.39731264748985695,1,False,False,False
2017-W39,construction_tools_construction,1,180.0,530.25,639.81,171.56,1809.88,0.0,-0.55,False,0.0,0,90.0,0.0,0.33946251768033947,0.5714285714285714,-0.37898345357335206,1,False,False,False
2017-W40,construction_tools_construction,5,589.57,544.57,629.12,182.52,1802.81,0.0,0.07,False,0.0,0,117.91,0.0,1.0826340048111354,2.857142857142857,-0.37476641051799425,1,False,False,False
2017-W41,construction_tools_construction,6,2778.8,599.25,608.82,387.3,1816.89,0.0,3.58,True,0.0,0,396.97,0.0,4.637129745515228,2.6666666666666665,-0.525770422795564,1,False,False,False
2017-W42,construction_tools_construction,1,86.67,926.84,948.07,616.17,2822.99,0.0,-0.89,False,0.0,0,86.67,0.0,0.09351128565879763,0.34782608695652173,-0.39951481985435666,1,False,False,False
2017-W44,construction_tools_construction,4,1409.84,806.23,990.37,387.3,2786.98,0.0,0.61,False,0.0,0,201.41,0.0,1.7486821378514814,1.4545454545454546,-0.39459269571519673,1,False,False,False
2017-W45,construction_tools_construction,4,443.02,967.79,967.09,616.17,2901.98,0.0,-0.54,False,0.0,0,88.6,0.0,0.45776459769164796,1.28,-0.38312711697533264,1,False,False,False
2017-W46,construction_tools_construction,6,5658.46,942.82,979.19,516.3,2901.2,0.0,4.82,True,0.0,0,435.27,0.0,6.001633397679302,1.7777777777777777,-0.6099628445208417,-1,True,False,False
2017-W47,construction_tools_construction,18,3930.62,1416.42,1938.17,516.3,5292.76,0.0,1.3,False,0.0,0,206.87,0.0,2.77503847728781,4.8,-0.4519582041020853,1,False,False,False
2017-W48,construction_tools_construction,13,4033.97,1884.62,2047.53,999.7,5979.68,0.0,1.05,False,0.0,0,237.29,0.0,2.140468635587015,2.311111111111111,-0.4031740299095767,1,False,False,False
2017-W49,construction_tools_construction,5,2640.86,2366.37,2042.55,2094.32,6451.46,0.0,0.13,False,0.0,0,440.14,0.0,1.1159962305134026,0.7017543859649122,-0.41810980305171286,1,False,False,False
2017-W50,construction_tools_construction,5,956.01,2622.78,1912.23,2709.83,6447.24,0.0,-0.87,False,0.0,0,119.5,0.0,0.36450255072861615,0.7017543859649122,-0.3827014361812797,1,False,False,False
2017-W51,construction_tools_construction,2,191.83,2394.93,1997.67,2025.35,6390.27,0.0,-1.1,False,0.0,0,95.91,0.0,0.08009837448276151,0.2857142857142857,-0.40768465021684047,1,False,False,False
2017-W52,construction_tools_construction,4,3124.2,2408.08,1980.58,2025.35,6369.25,0.0,0.36,False,0.0,0,624.84,0.0,1.2973821467725324,0.5614035087719298,-0.5042459711760102,1,False,False,False
2018-W01,construction_tools_construction,10,4855.67,2622.37,1949.65,2882.53,6521.68,0.0,1.15,False,0.0,0,373.51,0.0,1.8516342087501,1.4035087719298245,-0.4226513356257128,1,False,False,False
2018-W02,construction_tools_construction,6,2976.04,3173.95,1867.47,3527.41,6908.89,0.0,-0.11,False,0.0,0,372.0,0.0,0.9376455205658565,0.7619047619047619,-0.39422103898828004,1,False,False,False
2018-W03,construction_tools_construction,9,1706.83,2838.65,1575.67,3050.12,5989.98,0.0,-0.72,False,0.0,0,189.65,0.0,0.6012822996847093,1.1428571428571428,-0.3877765615803751,1,False,False,False
2018-W04,construction_tools_construction,8,3941.63,2560.68,1551.48,2808.45,5663.63,0.0,0.89,False,0.0,0,358.33,0.0,1.5392903447521753,1.1851851851851851,-0.4045548898613034,1,False,False,False
2018-W05,construction_tools_construction,15,2908.37,2549.13,1539.24,2808.45,5627.62,0.0,0.23,False,0.0,0,138.49,0.0,1.1409265121825878,2.4489795918367347,-0.39216015308661484,1,False,False,False
2018-W06,construction_tools_construction,14,4993.33,2582.57,1544.42,2942.2,5671.41,0.0,1.56,False,0.0,0,249.67,0.0,1.933473245642906,1.8983050847457628,-0.41706810615486173,1,False,False,False
2018-W07,construction_tools_construction,8,1682.48,3087.24,1595.76,3050.12,6278.76,0.0,-0.88,False,0.0,1,210.31,0.125,0.5449786864642853,0.9411764705882353,-0.526268276357307,1,False,False,False
2018-W08,construction_tools_construction,17,3970.57,3273.57,1261.37,3050.12,5796.31,750.83,0.55,False,0.0,0,233.56,0.0,1.2129173959927542,1.837837837837838,-0.37756454894004354,1,False,False,False
2018-W09,construction_tools_construction,17,9712.93,3379.36,1282.37,3458.84,5944.11,814.62,4.94,True,0.0,0,346.89,0.0,2.874192154727522,1.5632183908045978,-0.5689444485023482,1,False,False,False
2018-W10,construction_tools_construction,7,952.06,3986.52,2577.28,3458.84,9141.09,0.0,-1.18,False,0.0,0,119.01,0.0,0.23881982280284558,0.5957446808510638,-0.4224042204038202,1,False,False,False
2018-W11,construction_tools_construction,12,3639.3,3733.52,2781.87,3425.0,9297.26,0.0,-0.03,False,0.0,0,279.95,0.0,0.9747637618119095,1.0105263157894737,-0.3759532647452252,1,False,False,False
2018-W12,construction_tools_construction,16,4187.21,3975.08,2662.07,3790.46,9299.22,0.0,0.08,False,0.0,0,174.47,0.0,1.0533649637240006,1.3061224489795917,-0.3701111203570753,1,False,False,False
2018-W13,construction_tools_construction,10,5236.2,4005.78,2663.04,3804.94,9331.86,0.0,0.46,False,0.0,0,374.01,0.0,1.3071611521351645,0.7547169811320755,-0.422788363242733,1,False,False,False
2018-W14,construction_tools_construction,16,8139.9,4296.76,2653.16,4078.89,9603.08,0.0,1.45,False,0.0,0,370.0,0.0,1.8944274290395553,1.2673267326732673,-0.4677468471236959,1,False,False,False
2018-W15,construction_tools_construction,16,4796.71,4690.08,2983.81,4078.89,10657.69,0.0,0.04,False,0.0,0,208.55,0.0,1.0227352198683177,1.2427184466019416,-0.37128894866102913,1,False,False,False
2018-W16,construction_tools_construction,24,3917.32,5079.36,2727.51,4491.96,10534.38,0.0,-0.43,False,0.0,0,156.69,0.0,0.7712231462231462,1.7297297297297298,-0.41069650236396155,1,False,False,False
2018-W17,construction_tools_construction,16,3807.38,5072.7,2730.66,4491.96,10534.03,0.0,-0.46,False,0.0,0,200.39,0.0,0.7505628166459677,1.0847457627118644,-0.3747448361912128,1,False,False,False
2018-W18,construction_tools_construction,15,3715.75,4334.51,1996.62,4052.27,8327.76,341.26,-0.31,False,0.0,0,232.23,0.0,0.8572479934294764,1.0256410256410255,-0.3677819727810714,1,False,False,False
2018-W19,construction_tools_construction,30,23933.38,4679.97,1506.78,4052.27,7693.53,1666.41,12.78,True,0.0,0,451.57,0.0,5.1140028675397495,1.92,-0.7646189747788794,-1,True,False,False
2018-W20,construction_tools_construction,21,4085.41,7216.73,6907.78,4491.96,21032.3,0.0,-0.45,False,0.0,0,145.91,0.0,0.5661026531406884,1.1748251748251748,-0.4045380834209233,1,False,False,False
2018-W21,construction_tools_construction,16,4988.54,7204.01,6914.25,4441.06,21032.51,0.0,-0.32,False,0.0,0,262.55,0.0,0.6924671120667517,0.8648648648648649,-0.3963581023404441,1,False,False,False
2018-W22,construction_tools_construction,16,3046.81,7173.05,6924.87,4441.06,21022.78,0.0,-0.6,False,0.0,0,169.27,0.0,0.4247579481531566,0.8311688311688312,-0.3826718913859287,1,False,False,False
2018-W23,construction_tools_construction,21,2872.19,6536.41,7056.15,4001.36,20648.72,0.0,-0.52,False,0.0,0,136.77,0.0,0.4394139902484697,1.0909090909090908,-0.4122231212957923,1,False,False,False
2018-W24,construction_tools_construction,27,9693.71,6295.85,7156.04,3862.35,20607.92,0.0,0.47,False,0.0,0,346.2,0.0,1.5396983727375968,1.3584905660377358,-0.4801590075407364,1,False,False,False
2018-W25,construction_tools_construction,28,6258.15,7017.9,7173.16,3946.4,21364.21,0.0,-0.11,False,0.0,0,189.64,0.0,0.8917411191382038,1.382716049382716,-0.43906243293782016,1,False,False,False
2018-W26,construction_tools_construction,28,7421.87,7324.24,7068.02,4536.98,21460.28,0.0,0.01,False,0.0,0,239.42,0.0,1.0133297106593995,1.2873563218390804,-0.4398776516913217,1,False,False,False
2018-W27,construction_tools_construction,18,4925.69,7787.51,6917.57,5623.34,21622.65,0.0,-0.41,False,0.0,0,246.28,0.0,0.6325115473366968,0.7700534759358288,-0.3953399150808138,1,False,False,False
2018-W28,construction_tools_construction,15,2401.14,5411.55,2308.65,4957.12,10028.84,794.25,-1.3,False,0.0,0,160.08,0.0,0.4437065166172353,0.6857142857142857,-0.4403177915169297,1,False,False,False
2018-W29,construction_tools_construction,22,5511.65,5201.01,2514.48,4957.12,10229.98,172.05,0.12,False,0.0,0,190.06,0.0,1.0597268607443553,1.0414201183431953,-0.4049744309249448,1,False,False,False
2018-W30,construction_tools_construction,28,8564.0,5266.4,2514.97,5218.67,10296.34,236.46,1.31,False,0.0,0,231.46,0.0,1.6261582864955189,1.28,-0.4764068767513412,1,False,False,False
2018-W31,construction_tools_construction,35,4348.74,5956.05,2575.1,5884.9,11106.26,805.84,-0.62,False,0.0,0,111.51,0.0,0.7301382627748255,1.4973262032085561,-0.507847145882272,1,False,False,False
2018-W32,construction_tools_construction,27,17285.62,6140.62,2367.0,5884.9,10874.62,1406.62,4.71,True,0.0,0,443.22,0.0,2.814963309893789,1.0746268656716418,-0.6400452362857035,-1,True,False,False
2018-W33,construction_tools_construction,40,13562.05,7089.61,4529.28,5884.9,16148.17,0.0,1.43,False,0.0,0,222.33,0.0,1.9129472566191934,1.592039800995025,-0.5885101042675642,1,False,False,False
2018-W34,construction_tools_construction,31,10167.78,8002.59,5044.57,6466.76,18091.73,0.0,0.43,False,0.0,0,247.99,0.0,1.2705611558258014,1.164319248826291,-0.4874593936072055,1,False,False,False
2018-W35,construction_tools_construction,1,33.33,8345.83,5092.6,7037.82,18531.03,0.0,-1.63,False,0.0,0,33.33,0.0,0.003993611180673462,0.037037037037037035,-0.5033853042276558,1,False,False,False
2017-W30,construction_tools_lights,1,401.45,,,,,,0.0,False,,0,401.45,0.0,1.0,0.04020100502512563,-0.3831839781522008,1,False,False,False
2017-W31,construction_tools_lights,1,401.45,,,,,,0.0,False,,0,401.45,0.0,1.0,0.043243243243243246,-0.3831839781522008,1,False,False,False
2017-W35,construction_tools_lights,1,269.53,,,,,,0.0,False,,0,269.53,0.0,1.0,0.04878048780487805,-0.37461951616728484,1,False,False,False
2017-W37,construction_tools_lights,1,258.98,,,,,,0.0,False,,0,258.98,0.0,1.0,0.058394160583941604,-0.3760584726467093,1,False,False,False
2017-W41,construction_tools_lights,1,319.9,332.85,79.33,335.49,491.51,174.2,-0.16,False,0.0,0,319.9,0.0,0.9610935856992638,0.07766990291262135,-0.381836708795754,1,False,False,False
2017-W44,construction_tools_lights,2,643.69,330.26,68.94,319.9,468.15,192.38,4.55,True,0.0,0,321.85,0.0,1.9490401501847032,0.2077922077922078,-0.5031880988965781,1,False,False,False
2017-W45,construction_tools_lights,1,312.49,382.5,142.04,360.67,666.58,98.42,-0.49,False,0.0,0,312.49,0.0,0.8169673202614379,0.20512820512820512,-0.4016134968340448,1,False,False,False
2017-W46,construction_tools_lights,1,133.54,372.5,132.34,319.9,637.17,107.83,-1.81,False,0.0,0,66.77,0.0,0.358496644295302,0.8888888888888888,-0.49389031679805834,1,False,False,False
2017-W47,construction_tools_lights,4,1178.12,342.63,148.82,316.2,640.28,44.98,5.61,True,0.0,0,294.53,0.0,3.4384613139538276,3.5555555555555554,-0.5489336823083916,1,False,False,False
2017-W48,construction_tools_lights,2,737.11,439.71,332.57,316.2,1104.85,0.0,0.89,False,0.0,0,368.56,0.0,1.6763548702553956,1.3333333333333333,-0.41714383017258877,1,False,False,False
2017-W49,construction_tools_lights,1,1048.64,481.67,347.88,316.2,1177.42,0.0,1.63,False,0.0,0,1048.64,0.0,2.177092200053979,0.6153846153846154,-0.5864660669083444,1,False,False,False
2017-W52,construction_tools_lights,1,786.82,579.06,386.87,481.8,1352.81,0.0,0.54,False,0.0,0,786.82,0.0,1.3587883811694819,0.6153846153846154,-0.5187656293009294,1,False,False,False
2018-W02,construction_tools_lights,2,560.24,645.04,369.09,690.4,1383.22,0.0,-0.23,False,0.0,0,280.12,0.0,0.8685352846335112,1.2307692307692308,-0.3610361331729338,1,False,False,False
2018-W03,construction_tools_lights,3,2487.43,675.08,348.02,690.4,1371.13,0.0,5.21,True,0.0,0,621.86,0.0,3.684644782840552,1.7142857142857142,-0.5905103403271736,1,False,False,False
2018-W05,construction_tools_lights,2,461.7,905.55,727.67,761.96,2360.89,0.0,-0.61,False,0.0,0,230.85,0.0,0.5098558886864337,1.0666666666666667,-0.37258720424272007,1,False,False,False
2018-W06,construction_tools_lights,1,138.09,924.2,712.04,761.96,2348.29,0.0,-1.1,False,0.0,0,138.09,0.0,0.14941571088508981,0.5,-0.4555397959520973,1,False,False,False
2018-W07,construction_tools_lights,2,1640.82,924.77,711.32,761.96,2347.42,0.0,1.01,False,0.0,0,410.2,0.0,1.7743006369151249,1.0,-0.4400998821850005,1,False,False,False
2018-W08,construction_tools_lights,2,1829.13,982.61,752.49,761.96,2487.58,0.0,1.12,False,0.0,0,261.3,0.0,1.86150151128118,1.1428571428571428,-0.433584743164586,1,False,False,False
2018-W09,construction_tools_lights,4,1024.71,1119.11,799.19,917.73,2717.49,0.0,-0.12,False,0.0,0,204.94,0.0,0.9156472554083156,2.2857142857142856,-0.37487080901830927,1,False,False,False
2018-W10,construction_tools_lights,2,595.83,1116.12,799.53,905.77,2715.19,0.0,-0.65,False,0.0,0,198.61,0.0,0.5338404472637351,0.9411764705882353,-0.37301313713723944,1,False,False,False
2018-W11,construction_tools_lights,3,746.42,1092.24,813.5,810.27,2719.25,0.0,-0.43,False,0.0,0,248.81,0.0,0.6833846041163114,1.3333333333333333,-0.3651191529454327,1,False,False,False
2018-W12,construction_tools_lights,3,909.37,1115.52,798.64,885.56,2712.79,0.0,-0.26,False,0.0,0,303.12,0.0,0.8151982931726908,1.263157894736842,-0.3884255825011893,1,False,False,False
2018-W13,construction_tools_lights,3,690.3,918.26,574.93,827.9,2068.11,0.0,-0.4,False,0.0,0,230.1,0.0,0.7517478709733626,1.263157894736842,-0.35991533367914336,1,False,False,False
2018-W14,construction_tools_lights,3,377.95,946.83,554.3,827.9,2055.44,0.0,-1.03,False,0.0,0,125.98,0.0,0.3991740861611905,1.2,-0.41196031004279515,1,False,False,False
2018-W15,construction_tools_lights,12,3734.71,976.82,508.94,827.9,1994.7,0.0,5.42,True,0.0,0,219.69,0.0,3.823334903052763,4.363636363636363,-0.5583133898399151,1,False,False,False
2018-W16,construction_tools_lights,12,2390.11,1238.55,1097.41,827.9,3433.37,0.0,1.05,False,0.0,0,183.85,0.0,1.9297646441403256,3.0,-0.47309088757297363,1,False,False,False
2018-W17,construction_tools_lights,7,1199.94,1308.68,1156.85,827.9,3622.38,0.0,-0.09,False,0.0,0,171.42,0.0,0.9169086407677965,1.3333333333333333,-0.391490737114562,1,False,False,False
2018-W18,construction_tools_lights,6,1072.52,1330.58,1152.36,827.9,3635.29,0.0,-0.22,False,0.0,0,153.22,0.0,0.8060545025477611,1.0666666666666667,-0.3863605379019688,1,False,False,False
2018-W19,construction_tools_lights,6,6061.47,1390.16,1120.83,990.94,3631.83,0.0,4.17,True,0.0,2,432.96,0.3333333333333333,4.3602678828336305,0.9795918367346939,-0.6957849339915322,-1,True,False,False
2018-W20,construction_tools_lights,17,2485.44,2054.55,1951.9,1136.23,5958.34,0.0,0.22,False,0.0,0,124.27,0.0,1.2097247572461123,2.6153846153846154,-0.5400917132765072,1,False,False,False
2018-W21,construction_tools_lights,3,354.6,2251.56,1898.61,1795.02,6048.77,0.0,-1.0,False,0.0,0,118.2,0.0,0.1574908063742472,0.36363636363636365,-0.43577801739503824,1,False,False,False
2018-W22,construction_tools_lights,7,1482.79,2209.59,1941.28,1795.02,6092.14,0.0,-0.37,False,0.0,0,211.83,0.0,0.6710701985436212,0.8484848484848485,-0.38869639544101087,1,False,False,False
2018-W23,construction_tools_lights,9,1702.64,2347.7,1828.37,1936.45,6004.44,0.0,-0.35,False,0.0,0,154.79,0.0,0.725237466456532,1.0285714285714285,-0.3940329997897254,1,False,False,False
2018-W24,construction_tools_lights,4,757.86,2093.69,1747.52,1592.72,5588.73,0.0,-0.76,False,0.0,0,126.31,0.0,0.36197335804249914,0.47761194029850745,-0.41370741460590443,1,False,False,False
2018-W25,construction_tools_lights,8,2605.5,1889.66,1802.39,1341.36,5494.44,0.0,0.4,False,0.0,0,186.11,0.0,1.3788194701692367,1.0847457627118644,-0.4417587295087772,1,False,False,False
2018-W26,construction_tools_lights,10,1428.66,2065.35,1794.04,1592.72,5653.43,0.0,-0.35,False,0.0,0,142.87,0.0,0.6917277943205753,1.3333333333333333,-0.4079710215364768,1,False,False,False
2018-W27,construction_tools_lights,5,1332.15,2109.87,1770.14,1592.72,5650.16,0.0,-0.44,False,0.0,0,222.03,0.0,0.6313896116822364,0.625,-0.3810361247660364,1,False,False,False
2018-W28,construction_tools_lights,5,641.92,1518.7,767.91,1455.72,3054.52,0.0,-1.14,False,0.0,0,106.99,0.0,0.42267728978731806,0.6349206349206349,-0.44258220734601905,1,False,False,False
2018-W29,construction_tools_lights,16,5851.9,1288.27,710.85,1380.41,2709.96,0.0,6.42,True,0.0,0,225.07,0.0,4.542448399791969,2.5098039215686274,-0.6375037332917637,-1,True,False,False
2018-W30,construction_tools_lights,9,1804.46,1975.43,1678.21,1455.72,5331.84,0.0,-0.1,False,0.0,0,150.37,0.0,0.9134517548078139,1.125,-0.4040072520425266,1,False,False,False
2018-W31,construction_tools_lights,13,3668.23,2015.64,1668.54,1565.65,5352.72,0.0,0.99,False,0.0,0,262.02,0.0,1.8198835109444147,1.5757575757575757,-0.5216002349894885,1,False,False,False
2018-W32,construction_tools_lights,25,8092.71,2261.34,1758.18,1616.56,5777.69,0.0,3.32,True,0.0,0,269.76,0.0,3.5787232348961235,2.857142857142857,-0.6920681650081275,-1,True,False,False
2018-W33,construction_tools_lights,10,2180.14,3178.19,2581.75,2204.98,8341.68,0.0,-0.39,False,0.0,0,181.68,0.0,0.6859690578599769,0.8791208791208791,-0.4090966924216014,1,False,False,False
2018-W34,construction_tools_lights,9,2162.54,3125.02,2599.54,1992.3,8324.11,0.0,-0.37,False,0.0,0,196.59,0.0,0.6920083711464247,0.7741935483870968,-0.40021654582384697,1,False,False,False
2018-W35,construction_tools_lights,1,38.37,3216.76,2543.47,2171.34,8303.7,0.0,-1.25,False,0.0,0,38.37,0.0,0.011928151307526827,0.08695652173913043,-0.5050500701192849,1,False,False,False
2017-W07,construction_tools_safety,1,396.86,,,,,,0.0,False,,0,396.86,0.0,1.0,0.09090909090909091,-0.38407169755548076,1,False,False,False
2017-W10,construction_tools_safety,1,208.17,,,,,,0.0,False,,0,208.17,0.0,1.0,0.09523809523809523,-0.37877636503822304,1,False,False,False
2017-W11,construction_tools_safety,1,217.59,,,,,,0.0,False,,0,217.59,0.0,1.0,0.11594202898550725,-0.3804645686591165,1,False,False,False
2017-W34,construction_tools_safety,1,24.69,,,,,,0.0,False,,0,24.69,0.0,1.0,0.13114754098360656,-0.45388298160640583,1,False,False,False
2017-W37,construction_tools_safety,2,2040.03,211.83,151.99,212.88,515.81,0.0,12.03,True,0.0,0,680.01,0.0,9.630505594108483,0.32653061224489793,-0.6881158346433635,-1,True,False,False
2017-W38,construction_tools_safety,1,452.98,577.47,828.12,217.59,2233.72,0.0,-0.15,False,0.0,0,452.98,0.0,0.7844217015602543,0.3076923076923077,-0.39786737356999685,1,False,False,False
2017-W39,construction_tools_safety,2,728.45,556.72,742.44,307.23,2041.6,0.0,0.23,False,0.0,0,364.23,0.0,1.3084674522201465,0.9411764705882353,-0.3780493877605437,1,False,False,False
2017-W40,construction_tools_safety,4,2992.4,581.25,680.85,396.86,1942.96,0.0,3.54,True,0.0,0,427.49,0.0,5.148215053763441,3.2,-0.5506992207856471,1,False,False,False
2017-W42,construction_tools_safety,3,557.19,882.65,1060.21,424.92,3003.06,0.0,-0.31,False,0.0,0,185.73,0.0,0.6312694726108877,1.8461538461538463,-0.3535967373017417,1,False,False,False
2017-W43,construction_tools_safety,1,212.8,902.69,1051.19,505.08,3005.07,0.0,-0.66,False,0.0,0,212.8,0.0,0.2357398442433172,0.5333333333333333,-0.38471088166270134,1,False,False,False
2017-W44,construction_tools_safety,3,366.27,903.27,1050.75,505.08,3004.77,0.0,-0.51,False,0.0,0,122.09,0.0,0.40549337407419705,1.6,-0.36679496384825144,1,False,False,False
2017-W45,construction_tools_safety,3,670.77,921.85,1038.13,505.08,2998.12,0.0,-0.24,False,0.0,0,223.59,0.0,0.7276346477192601,1.411764705882353,-0.35453499455507076,1,False,False,False
2017-W46,construction_tools_safety,3,1411.44,1002.61,981.98,613.98,2966.57,0.0,0.42,False,0.0,0,470.48,0.0,1.407765731440939,1.263157894736842,-0.3870434720509359,1,False,False,False
2017-W47,construction_tools_safety,3,2733.92,924.04,909.59,613.98,2743.22,0.0,1.99,False,0.0,0,546.78,0.0,2.958659798277131,1.2,-0.4843453055363358,1,False,False,False
2017-W48,construction_tools_safety,2,256.17,1209.16,1081.99,699.61,3373.14,0.0,-0.88,False,0.0,0,85.39,0.0,0.2118578186509643,0.7272727272727273,-0.3876611787921807,1,False,False,False
2017-W49,construction_tools_safety,2,647.97,1150.12,1124.04,613.98,3398.19,0.0,-0.45,False,0.0,0,323.99,0.0,0.563393385038083,0.7272727272727273,-0.36409456795680856,1,False,False,False
2017-W50,construction_tools_safety,1,396.35,857.07,846.45,602.58,2549.96,0.0,-0.54,False,0.0,0,396.35,0.0,0.4624476413828509,0.4,-0.38659147435452773,1,False,False,False
2017-W51,construction_tools_safety,3,266.72,836.96,856.44,522.16,2549.84,0.0,-0.67,False,0.0,0,88.91,0.0,0.3186771171860065,1.3333333333333333,-0.37508888210220404,1,False,False,False
2018-W02,construction_tools_safety,4,1994.98,843.7,851.02,522.16,2545.74,0.0,1.35,False,0.0,0,332.5,0.0,2.3645608628659476,1.6,-0.4318385800088475,1,False,False,False
2018-W03,construction_tools_safety,2,579.78,1047.29,913.04,659.37,2873.38,0.0,-0.51,False,0.0,0,289.89,0.0,0.5536002444404129,0.7619047619047619,-0.3582226909471522,1,False,False,False
2018-W04,construction_tools_safety,2,936.38,1035.92,918.95,613.88,2873.82,0.0,-0.11,False,0.0,0,468.19,0.0,0.9039114989574484,0.8,-0.3844776916770487,1,False,False,False
2018-W05,construction_tools_safety,3,1765.33,976.53,906.48,613.88,2789.5,0.0,0.87,False,0.0,0,588.44,0.0,1.8077580821889752,1.263157894736842,-0.4343839543278788,1,False,False,False
2018-W06,construction_tools_safety,2,3370.96,855.46,672.79,613.88,2201.04,0.0,3.74,True,0.0,0,1685.48,0.0,3.940523227269539,0.8421052631578947,-0.6446180467033549,1,False,False,False
2018-W07,construction_tools_safety,1,416.48,1244.81,1063.98,792.18,3372.77,0.0,-0.78,False,0.0,0,416.48,0.0,0.334573147709289,0.42105263157894735,-0.4003580017812973,1,False,False,False
2018-W08,construction_tools_safety,1,406.67,1215.87,1085.46,758.08,3386.79,0.0,-0.75,False,0.0,0,203.34,0.0,0.33446832309375185,0.4444444444444444,-0.37862106861735956,1,False,False,False
2018-W09,construction_tools_safety,4,823.07,1217.16,1084.35,758.08,3385.87,0.0,-0.36,False,0.0,0,164.61,0.0,0.6762216964080318,1.7777777777777777,-0.369970871864971,1,False,False,False
2018-W10,construction_tools_safety,3,974.78,1286.71,1031.23,879.72,3349.16,0.0,-0.3,False,0.0,0,324.93,0.0,0.7575755220679096,1.263157894736842,-0.35983989798248023,1,False,False,False
2018-W11,construction_tools_safety,2,1714.85,1159.18,993.52,879.72,3146.22,0.0,0.56,False,0.0,0,857.42,0.0,1.4793647233389118,0.8888888888888888,-0.47027991561980864,1,False,False,False
2018-W12,construction_tools_safety,1,1866.6,1301.06,979.91,955.58,3260.89,0.0,0.58,False,0.0,0,311.1,0.0,1.434676340829785,0.4444444444444444,-0.4305071770249986,1,False,False,False
2018-W13,construction_tools_safety,4,10231.54,1417.34,985.63,1344.82,3388.6,0.0,8.94,True,0.0,0,1278.94,0.0,7.218832460806865,1.8823529411764706,-0.7477516814221209,-1,True,False,False
2018-W14,construction_tools_safety,9,968.9,2475.62,3282.2,1344.82,9040.01,0.0,-0.46,False,0.0,0,107.66,0.0,0.3913767056333363,4.0,-0.5040985319874051,1,False,False,False
2018-W15,construction_tools_safety,1,106.56,2175.36,3298.42,971.84,8772.2,0.0,-0.63,False,0.0,0,106.56,0.0,0.048984995586937335,0.32,-0.42364680631090057,1,False,False,False
2018-W16,construction_tools_safety,5,881.92,2136.62,3323.75,971.84,8784.12,0.0,-0.38,False,0.0,0,176.38,0.0,0.41276408533103687,1.6,-0.3929839908355359,1,False,False,False
2018-W17,construction_tools_safety,6,816.22,2196.03,3292.51,971.84,8781.06,0.0,-0.42,False,0.0,0,116.6,0.0,0.3716798040099634,1.6551724137931034,-0.4402946375496307,1,False,False,False
2018-W18,construction_tools_safety,4,1608.84,2195.17,3292.92,971.84,8781.02,0.0,-0.18,False,0.0,0,321.77,0.0,0.7328999576342606,1.032258064516129,-0.38081675695871875,1,False,False,False
2018-W19,construction_tools_safety,8,5088.74,2274.43,3266.88,1288.87,8808.19,0.0,0.86,False,0.0,4,424.06,0.5,2.2373693628733355,2.0,-0.6835175884203938,-1,True,False,False
2018-W20,construction_tools_safety,7,1548.89,2696.17,3399.41,1288.87,9494.99,0.0,-0.34,False,0.0,0,193.61,0.0,0.5744778704606905,1.4736842105263157,-0.43406354931961344,1,False,False,False
2018-W21,construction_tools_safety,6,3247.94,2656.45,3412.32,1258.9,9481.09,0.0,0.17,False,0.0,0,541.32,0.0,1.2226618231097894,1.0909090909090908,-0.4992682117826988,1,False,False,False
2018-W22,construction_tools_safety,2,470.2,1783.5,1620.36,1258.9,5024.22,0.0,-0.81,False,0.0,0,235.1,0.0,0.26363891225119146,0.34782608695652173,-0.371472854740495,1,False,False,False
2018-W23,construction_tools_safety,3,207.53,1721.16,1665.15,1215.4,5051.46,0.0,-0.91,False,0.0,0,51.88,0.0,0.12057565827697599,0.6153846153846154,-0.42068183998111736,1,False,False,False
2018-W24,construction_tools_safety,4,805.57,1733.78,1651.49,1215.4,5036.76,0.0,-0.56,False,0.0,0,201.39,0.0,0.46463219093541286,0.7804878048780488,-0.3761196645548975,1,False,False,False
2018-W25,construction_tools_safety,3,746.56,1724.24,1657.32,1182.56,5038.89,0.0,-0.59,False,0.0,0,248.85,0.0,0.4329791676332761,0.6,-0.35928613667403947,1,False,False,False
2018-W26,construction_tools_safety,3,262.0,1715.53,1662.95,1177.23,5041.43,0.0,-0.87,False,0.0,0,87.33,0.0,0.15272248226495602,0.6486486486486487,-0.3845279519379648,1,False,False,False
2018-W27,construction_tools_safety,2,222.64,1547.18,1741.61,776.06,5030.4,0.0,-0.76,False,0.0,0,111.32,0.0,0.1439005157770912,0.4444444444444444,-0.3763037997646261,1,False,False,False
2018-W28,construction_tools_safety,1,114.79,938.92,1034.02,608.38,3006.95,0.0,-0.8,False,0.0,0,114.79,0.0,0.12225748732586376,0.26666666666666666,-0.40930576841590727,1,False,False,False
2018-W29,construction_tools_safety,7,1313.71,759.65,1037.47,366.1,2834.59,0.0,0.53,False,0.0,0,187.67,0.0,1.7293622062792076,2.3333333333333335,-0.44927820658747386,1,False,False,False
2018-W30,construction_tools_safety,2,169.97,517.88,410.94,366.1,1339.76,0.0,-0.85,False,0.0,0,84.98,0.0,0.3282034448134703,0.64,-0.38850822571216165,1,False,False,False
2018-W31,construction_tools_safety,7,1660.6,480.35,429.22,242.32,1338.79,0.0,2.75,True,0.0,1,184.51,0.14285714285714285,3.457062558551056,2.24,-0.6000934974548012,1,False,False,False
2018-W32,construction_tools_safety,5,1930.23,661.98,578.7,504.28,1819.38,0.0,2.19,True,0.0,0,321.7,0.0,2.915843378954047,1.3793103448275863,-0.4682004270143357,1,False,False,False
2018-W33,construction_tools_safety,8,1665.32,802.56,734.26,504.28,2271.09,0.0,1.17,False,0.0,0,208.16,0.0,2.0750099681020733,2.1333333333333333,-0.4893318816594878,1,False,False,False
2018-W34,construction_tools_safety,4,704.4,917.41,793.7,787.86,2504.8,0.0,-0.27,False,0.0,0,140.88,0.0,0.7678137364973131,0.9142857142857143,-0.3740457249094218,1,False,False,False
2016-W40,cool_stuff,8,1335.41,,,,,,0.0,False,,0,166.93,0.0,1.0,1.7777777777777777,-0.43563873528959735,1,False,False,False
2017-W01,cool_stuff,1,1693.04,,,,,,0.0,False,,0,846.52,0.0,1.0,0.19047619047619047,-0.6186113476214151,-1,True,False,False
2017-W02,cool_stuff,3,614.0,,,,,,0.0,False,,0,204.67,0.0,1.0,0.5714285714285714,-0.4671628306879759,1,False,False,False
2017-W03,cool_stuff,5,2313.96,,,,,,0.0,False,,0,385.66,0.0,1.0,1.0526315789473684,-0.47953637451922976,1,False,False,False
2017-W04,cool_stuff,18,6849.51,1489.1,709.79,1514.22,2908.68,69.52,7.55,True,0.0,0,285.4,0.0,4.599764958699886,3.5121951219512195,-0.6493818440237435,-1,True,False,False
2017-W05,cool_stuff,21,4543.2,2561.18,2474.8,1693.04,7510.79,0.0,0.8,False,0.0,0,189.3,0.0,1.7738698568628524,3.230769230769231,-0.43476681611532925,1,False,False,False
2017-W06,cool_stuff,18,4019.3,2891.52,2356.79,2003.5,7605.1,0.0,0.48,False,0.0,0,191.4,0.0,1.390030157149181,2.1176470588235294,-0.3967466301975085,1,False,False,False
2017-W07,cool_stuff,17,2426.0,3052.63,2193.26,2313.96,7439.16,0.0,-0.29,False,0.0,0,142.71,0.0,0.7947245489954563,1.7435897435897436,-0.4088465749454664,1,False,False,False
2017-W08,cool_stuff,13,3084.23,2974.3,2042.62,2369.98,7059.54,0.0,0.05,False,0.0,0,237.25,0.0,1.036959956964664,1.1428571428571428,-0.4053409582704476,1,False,False,False
2017-W09,cool_stuff,22,6469.14,3192.9,1932.79,2755.12,7058.49,0.0,1.7,False,0.0,0,202.16,0.0,2.0261016630649253,1.8333333333333333,-0.44509971386984876,1,False,False,False
2017-W10,cool_stuff,28,5137.76,3789.92,2130.81,3551.77,8051.54,0.0,0.63,False,0.0,0,177.16,0.0,1.3556381137332714,1.9145299145299146,-0.367490455796678,1,False,False,False
2017-W11,cool_stuff,29,5630.47,4355.39,1730.18,4281.25,7815.75,895.02,0.74,False,0.0,0,194.15,0.0,1.2927590870163177,1.6338028169014085,-0.36278168561280194,1,False,False,False
2017-W12,cool_stuff,29,5642.46,4769.95,1560.14,4840.48,7890.23,1649.67,0.56,False,0.0,1,182.01,0.034482758620689655,1.1829180599377354,1.3975903614457832,-0.47937989501629,1,False,False,False
2017-W13,cool_stuff,23,5884.93,4619.07,1378.03,4840.48,7375.14,1863.0,0.92,False,0.0,0,245.21,0.0,1.2740508370732637,1.03954802259887,-0.38537589763867086,1,False,False,False
2017-W14,cool_stuff,28,5229.07,4786.79,1447.38,5384.12,7681.55,1892.02,0.31,False,0.0,1,141.33,0.03571428571428571,1.092395948015267,1.2513966480446927,-0.5057483559045785,1,False,False,False
2017-W15,cool_stuff,31,5698.03,4938.01,1418.66,5429.77,7775.32,2100.7,0.54,False,0.0,0,183.81,0.0,1.1539122034989802,1.312169312169312,-0.353314597784675,1,False,False,False
2017-W16,cool_stuff,23,5754.95,5347.01,1001.23,5636.46,7349.48,3344.55,0.41,False,0.0,0,230.2,0.0,1.0762931058666432,0.9064039408866995,-0.36806507422171864,1,False,False,False
2017-W17,cool_stuff,32,5701.76,5680.85,409.16,5670.24,6499.18,4862.53,0.05,False,0.0,0,178.18,0.0,1.00368078720614,1.2018779342723005,-0.3497057103937553,1,False,False,False
2017-W18,cool_stuff,44,8285.38,5584.93,261.13,5670.24,6107.19,5062.67,10.34,True,0.0,0,172.61,0.0,1.4835244130186052,1.5784753363228698,-0.547237477910208,1,False,False,False
2017-W19,cool_stuff,55,8459.12,5978.38,951.04,5699.9,7880.47,4076.3,2.61,True,0.0,0,151.06,0.0,1.414951876595332,1.8410041841004183,-0.418204176693285,1,False,False,False
2017-W20,cool_stuff,65,12676.41,6331.96,1274.15,5728.36,8880.27,3783.66,4.98,True,0.0,0,156.5,0.0,2.0019725329913642,1.9622641509433962,-0.5342362446177519,1,False,False,False
2017-W21,cool_stuff,45,8894.72,7211.21,2534.23,5819.94,12279.67,2142.74,0.66,False,0.0,0,181.52,0.0,1.2334573532042472,1.196013289036545,-0.3519506057832658,1,False,False,False
2017-W22,cool_stuff,57,12327.31,7587.43,2532.62,7020.16,12652.67,2522.19,1.87,False,0.0,1,192.61,0.017543859649122806,1.6247016446939213,1.411764705882353,-0.4761901361011957,1,False,False,False
2017-W23,cool_stuff,42,9588.06,8474.71,2815.91,8372.25,14106.54,2842.88,0.4,False,0.0,0,217.91,0.0,1.131373226930479,0.9545454545454546,-0.3503454156849063,1,False,False,False
2017-W24,cool_stuff,49,7795.93,8960.96,2595.15,8676.92,14151.27,3770.66,-0.45,False,0.0,0,136.77,0.0,0.8699882601864087,1.0798898071625345,-0.3786569400712606,1,False,False,False
2017-W25,cool_stuff,40,10905.1,9216.09,2320.77,8676.92,13857.62,4574.55,0.73,False,0.0,0,265.98,0.0,1.1832675245141921,0.8226221079691517,-0.39982006405548864,1,False,False,False
2017-W26,cool_stuff,54,11543.2,9866.5,1882.99,9241.39,13632.49,6100.52,0.89,False,0.0,0,164.9,0.0,1.1699386813966453,1.0881612090680102,-0.36481409783209,1,False,False,False
2017-W27,cool_stuff,54,12061.38,10273.73,1844.08,10246.58,13961.89,6585.58,0.97,False,0.0,0,211.6,0.0,1.1740020421015542,1.0614250614250613,-0.3616439762097898,1,False,False,False
2017-W28,cool_stuff,61,11003.66,10724.01,1776.24,11224.15,14276.49,7171.53,0.16,False,0.0,0,174.66,0.0,1.026076999182209,1.2019704433497538,-0.3620053891004524,1,False,False,False
2017-W29,cool_stuff,50,8586.92,10514.92,1603.65,10954.38,13722.21,7307.63,-1.2,False,0.0,0,159.02,0.0,0.8166414960836602,0.9950248756218906,-0.37564218483083106,1,False,False,False
2017-W30,cool_stuff,34,7467.95,10476.44,1651.06,10954.38,13778.57,7174.32,-1.82,False,0.0,0,191.49,0.0,0.712832794346171,0.6683046683046683,-0.3833029894816286,1,False,False,False
2017-W31,cool_stuff,57,11119.62,9869.03,1762.94,10246.58,13394.91,6343.14,0.71,False,0.0,0,163.52,0.0,1.1267186339488278,1.1875,-0.3700902863312775,1,False,False,False
2017-W32,cool_stuff,67,15473.01,10060.47,1810.59,10954.38,13681.64,6439.3,2.99,True,0.0,0,209.09,0.0,1.5380007097083934,1.3433583959899749,-0.4878678386679905,1,False,False,False
2017-W33,cool_stuff,53,11591.49,11020.1,2382.91,11061.64,15785.93,6254.28,0.24,False,0.0,2,203.36,0.03773584905660377,1.051849801725937,1.0167865707434052,-0.4853134841166167,1,False,False,False
2017-W34,cool_stuff,46,12690.76,11105.9,2390.52,11331.41,15886.95,6324.86,0.66,False,0.0,0,226.62,0.0,1.142704328329987,0.8558139534883721,-0.368327964989375,1,False,False,False
2017-W35,cool_stuff,42,10266.1,11249.35,2454.1,11355.56,16157.54,6341.16,-0.4,False,0.0,0,218.43,0.0,0.9125949499304404,0.7962085308056872,-0.3639089388377982,1,False,False,False
2017-W36,cool_stuff,42,7700.99,11024.94,2451.32,11061.64,15927.57,6122.31,-1.36,False,0.0,0,179.09,0.0,0.6985062957258724,0.8195121951219512,-0.37357159352895336,1,False,False,False
2017-W37,cool_stuff,48,10860.46,10612.11,2718.91,10692.86,16049.93,5174.28,0.09,False,0.0,1,212.95,0.020833333333333332,1.023402509020355,0.9820971867007673,-0.41514647595320464,1,False,False,False
2017-W38,cool_stuff,44,11620.16,10896.3,2592.89,10990.04,16082.08,5710.52,0.28,False,0.0,1,247.24,0.022727272727272728,1.0664317245303452,0.9048843187660668,-0.43670159005169173,1,False,False,False
2017-W39,cool_stuff,54,11257.99,11415.32,2193.39,11355.56,15802.11,7028.53,-0.07,False,0.0,0,190.81,0.0,0.9862176443586338,1.0827067669172932,-0.34942369425280306,1,False,False,False
2017-W40,cool_stuff,51,9938.35,11432.62,2191.27,11424.74,15815.17,7050.07,-0.68,False,0.0,0,191.12,0.0,0.8692976762981713,1.0303030303030303,-0.35996895982861465,1,False,False,False
2017-W41,cool_stuff,60,11953.57,10740.79,1497.18,11059.22,13735.14,7746.43,0.81,False,0.0,1,186.77,0.016666666666666666,1.1129134821554094,1.263157894736842,-0.42612388956977926,1,False,False,False
2017-W42,cool_stuff,62,13549.79,10786.05,1531.65,11059.22,13849.34,7722.76,1.8,False,0.0,0,211.72,0.0,1.2562328192433747,1.2816537467700257,-0.4030128354918258,1,False,False,False
2017-W43,cool_stuff,52,13726.67,10893.43,1704.6,11059.22,14302.63,7484.22,1.66,False,0.0,0,225.03,0.0,1.2600870432912314,1.032258064516129,-0.3969175757613678,1,False,False,False
2017-W44,cool_stuff,54,18085.97,11326.0,1944.83,11439.08,15215.65,7436.34,3.48,True,0.0,1,301.43,0.018518518518518517,1.5968541409147097,1.0460048426150121,-0.5766081529878986,1,False,False,False
2017-W45,cool_stuff,63,13976.42,12624.12,2550.97,11786.86,17726.05,7522.19,0.53,False,0.0,0,208.6,0.0,1.107120337892859,1.1858823529411764,-0.3920569326370686,1,False,False,False
2017-W46,cool_stuff,56,12931.07,13013.62,2480.11,12751.68,17973.83,8053.4,-0.03,False,0.0,0,211.98,0.0,0.9936566458833129,1.018181818181818,-0.3778179840424168,1,False,False,False
2017-W47,cool_stuff,90,23262.54,13177.48,2417.4,13240.43,18012.29,8342.67,4.17,True,0.0,0,244.87,0.0,1.7653253884657767,1.592920353982301,-0.6540152133573032,-1,True,False,False
2017-W48,cool_stuff,68,11361.0,14678.05,4156.19,13638.23,22990.42,6365.67,-0.8,False,0.0,0,151.48,0.0,0.7740128968084998,1.1147540983606556,-0.42924608501426037,1,False,False,False
2017-W49,cool_stuff,84,19352.24,14855.88,3949.73,13638.23,22755.33,6956.43,1.14,False,0.0,1,186.08,0.011904761904761904,1.3026653419386804,1.3306930693069308,-0.5579601385248001,1,False,False,False
2017-W50,cool_stuff,59,10894.58,15780.71,4038.28,13851.54,23857.26,7704.16,-1.21,False,0.0,0,157.89,0.0,0.6903732468310996,0.8922495274102079,-0.4179241096363943,1,False,False,False
2017-W51,cool_stuff,31,5847.46,15448.81,4345.27,13851.54,24139.35,6758.27,-2.21,True,910.81,0,177.2,0.0,0.3785055289048153,0.4714828897338403,-0.4308302674838405,1,False,True,False
2017-W52,cool_stuff,35,6916.67,14463.91,5524.36,13453.74,25512.62,3415.2,-1.37,False,0.0,0,177.35,0.0,0.4782019523075019,0.5544554455445545,-0.38625849524380657,1,False,False,False
2018-W01,cool_stuff,60,11277.15,13067.75,5878.25,12146.04,24824.25,1311.24,-0.3,False,0.0,0,163.44,0.0,0.8629756461517859,0.9876543209876543,-0.37920170777249324,1,False,False,False
2018-W02,cool_stuff,77,10649.9,12730.34,5896.09,11319.08,24522.51,938.17,-0.35,False,0.0,0,131.48,0.0,0.8365762422684704,1.2753623188405796,-0.4588900816914943,1,False,False,False
2018-W03,cool_stuff,83,11843.45,12445.19,5939.99,11085.86,24325.17,565.22,-0.1,False,0.0,0,139.33,0.0,0.9516487896126937,1.3174603174603174,-0.45995608206442334,1,False,False,False
2018-W04,cool_stuff,49,12432.59,11017.81,4036.12,11085.86,19090.05,2945.57,0.35,False,0.0,1,214.35,0.02040816326530612,1.1284084586682834,0.7887323943661971,-0.4184337492812516,1,False,False,False
2018-W05,cool_stuff,39,7339.19,11151.76,4066.8,11085.86,19285.36,3018.15,-0.94,False,0.0,0,166.8,0.0,0.6581194358558649,0.6527196652719666,-0.3671973098603741,1,False,False,False
2018-W06,cool_stuff,35,7383.3,9650.12,2536.05,10772.24,14722.21,4578.03,-0.89,False,0.0,1,199.55,0.02857142857142857,0.7650992941020422,0.6466512702078522,-0.48930988087371147,1,False,False,False
2018-W07,cool_stuff,52,10610.24,9211.21,2593.11,9016.6,14397.42,4025.0,0.54,False,0.0,0,204.04,0.0,1.1518834116256171,1.017114914425428,-0.3487802230228271,1,False,False,False
2018-W08,cool_stuff,59,11756.97,9806.56,2232.11,10630.07,14270.79,5342.34,0.87,False,0.0,0,192.74,0.0,1.1988882951820006,1.0976744186046512,-0.3643329499645837,1,False,False,False
2018-W09,cool_stuff,52,8644.19,10411.6,1978.47,10963.52,14368.53,6454.66,-0.89,False,0.0,0,166.23,0.0,0.8302460716892697,0.9162995594713657,-0.3670556793018862,1,False,False,False
2018-W10,cool_stuff,56,11436.03,10082.48,2032.18,10630.07,14146.84,6018.12,0.67,False,0.0,0,187.48,0.0,1.1342477247661291,1.0044843049327354,-0.3526379283766495,1,False,False,False
2018-W11,cool_stuff,44,8286.06,10180.74,2081.94,11023.14,14344.62,6016.87,-0.91,False,0.0,0,142.86,0.0,0.8138956500215112,0.8282352941176471,-0.3709693332726538,1,False,False,False
2018-W12,cool_stuff,61,12183.03,9736.07,2055.81,9627.22,13847.7,5624.44,1.19,False,0.0,0,152.29,0.0,1.2513293351424137,1.2642487046632125,-0.3944858409182774,1,False,False,False
2018-W13,cool_stuff,47,9000.25,9704.88,2010.44,9627.22,13725.76,5683.99,-0.35,False,0.0,0,176.48,0.0,0.9273942593829084,0.9447236180904522,-0.3516354191595257,1,False,False,False
2018-W14,cool_stuff,50,9755.62,9912.51,1806.67,9805.24,13525.84,6299.17,-0.09,False,0.0,0,195.11,0.0,0.9841725254249429,0.9852216748768473,-0.3489518524497472,1,False,False,False
2018-W15,cool_stuff,47,11108.1,10209.05,1501.07,10182.93,13211.2,7206.9,0.6,False,0.0,0,198.36,0.0,1.0880640216278694,0.8931116389548693,-0.3477610639395035,1,False,False,False
2018-W16,cool_stuff,44,11032.51,10271.28,1530.12,10431.86,13331.53,7211.04,0.5,False,0.0,1,229.84,0.022727272727272728,1.074112476731235,0.8461538461538461,-0.41455862350885764,1,False,False,False
2018-W17,cool_stuff,44,9005.35,10180.72,1448.92,10394.06,13078.56,7282.89,-0.81,False,0.0,0,191.6,0.0,0.8845494228306054,0.8778054862842892,-0.3508482158950182,1,False,False,False
2018-W18,cool_stuff,58,13192.47,10225.87,1398.97,10394.06,13023.8,7427.93,2.12,True,0.0,0,212.78,0.0,1.290107345389683,1.1806615776081424,-0.4027331569570679,1,False,False,False
2018-W19,cool_stuff,47,8818.48,10445.42,1717.57,10394.06,13880.57,7010.28,-0.95,False,0.0,0,187.63,0.0,0.8442436972376409,0.9518987341772152,-0.3585159826550875,1,False,False,False
2018-W20,cool_stuff,46,10141.76,10511.98,1630.03,10394.06,13772.04,7251.91,-0.23,False,0.0,0,215.78,0.0,0.9647811354283399,0.9246231155778895,-0.35348506974993144,1,False,False,False
2018-W21,cool_stuff,15,5094.93,10256.82,1484.34,9948.69,13225.49,7288.14,-3.48,True,2193.21,0,299.7,0.0,0.49673583040357544,0.3133159268929504,-0.538214246304677,1,False,True,False
2018-W22,cool_stuff,16,3384.45,9768.65,2347.72,9948.69,14464.09,5073.21,-2.72,True,1688.76,0,199.09,0.0,0.3464603604387505,0.3646723646723647,-0.4779731559429528,1,False,True,False
2018-W23,cool_stuff,20,3449.77,8972.26,3257.22,9573.56,15486.7,2457.82,-1.7,False,0.0,0,156.81,0.0,0.3844928702467383,0.5047318611987381,-0.42974619403428643,1,False,False,False
2018-W24,cool_stuff,18,7115.76,8014.96,3642.43,8911.92,15299.83,730.1,-0.25,False,0.0,0,395.32,0.0,0.8878097956820745,0.496551724137931,-0.4680782325119082,1,False,False,False
2018-W25,cool_stuff,23,4856.48,7525.37,3436.29,7967.12,14397.95,652.79,-0.78,False,0.0,0,211.15,0.0,0.6453476706128735,0.696969696969697,-0.3960395307249132,1,False,False,False
2018-W26,cool_stuff,32,5707.03,7006.76,3493.62,6105.34,13994.0,19.53,-0.37,False,0.0,0,167.85,0.0,0.8145034224092161,1.0534979423868314,-0.36089201454402814,1,False,False,False
2018-W27,cool_stuff,20,2831.73,6071.08,2445.4,5400.98,10961.88,1180.28,-1.32,False,0.0,0,134.84,0.0,0.46642936676835095,0.7373271889400922,-0.43733841205343515,1,False,False,False
2018-W28,cool_stuff,28,18650.65,5322.74,2400.15,4975.7,10123.03,522.44,5.55,True,0.0,4,643.13,0.14285714285714285,3.5039566088142577,1.1789473684210525,-0.747793319207103,-1,True,False,False
2018-W29,cool_stuff,26,6484.28,6386.35,5150.38,4975.7,16687.11,0.0,0.02,False,0.0,0,231.58,0.0,1.015334267617653,1.2093023255813953,-0.36058427358573136,1,False,False,False
2018-W30,cool_stuff,26,9110.84,6560.02,5123.97,5281.75,16807.96,0.0,0.5,False,0.0,0,325.39,0.0,1.3888433266971747,1.1366120218579234,-0.42602490592041126,1,False,False,False
2018-W31,cool_stuff,40,7625.0,7275.82,5015.82,6095.66,17307.46,0.0,0.07,False,0.0,0,181.55,0.0,1.0479918414694152,1.6580310880829014,-0.34578655130554375,1,False,False,False
2018-W32,cool_stuff,38,5969.09,7797.72,4772.14,6800.02,17342.0,0.0,-0.38,False,0.0,0,145.59,0.0,0.7654917078325459,1.4272300469483568,-0.3720587239449783,1,False,False,False
2018-W33,cool_stuff,28,4773.44,7654.39,4812.6,6226.68,17279.59,0.0,-0.6,False,0.0,0,164.6,0.0,0.6236212160603261,0.9613733905579399,-0.38079896657202594,1,False,False,False
2018-W34,cool_stuff,18,2466.97,7644.01,4819.58,6226.68,17283.17,0.0,-1.07,False,0.0,0,137.05,0.0,0.32273244017210856,0.6050420168067226,-0.44306874599495594,1,False,False,False
2018-W35,cool_stuff,3,277.6,7239.0,5131.64,6226.68,17502.28,0.0,-1.36,False,0.0,0,92.53,0.0,0.038347838099184975,0.10714285714285714,-0.5793919861968305,-1,True,False,False
2017-W06,costruction_tools_garden,1,1249.36,,,,,,0.0,False,,0,624.68,0.0,1.0,0.03864734299516908,-0.6178595548680333,1,False,False,False
2017-W14,costruction_tools_garden,1,21.87,,,,,,0.0,False,,0,21.87,0.0,1.0,0.044444444444444446,-0.4618127128605333,1,False,False,False
2017-W15,costruction_tools_garden,1,30.56,,,,,,0.0,False,,0,30.56,0.0,1.0,0.05161290322580645,-0.45226312238295985,1,False,False,False
2017-W16,costruction_tools_garden,1,339.24,,,,,,0.0,False,,0,169.62,0.0,1.0,0.06153846153846154,-0.43190657069078264,1,False,False,False
2017-W17,costruction_tools_garden,4,1414.59,410.26,578.55,184.9,1567.35,0.0,1.74,False,0.0,0,353.65,0.0,3.448032954711646,0.3516483516483517,-0.513992231738549,1,False,False,False
2017-W19,costruction_tools_garden,4,1721.33,611.12,672.89,339.24,1956.89,0.0,1.65,False,0.0,1,344.27,0.25,2.8166808482785703,0.5614035087719298,-0.5813919243115567,1,False,False,False
2017-W21,costruction_tools_garden,2,411.52,796.16,753.42,794.3,2303.0,0.0,-0.51,False,0.0,0,137.17,0.0,0.5168810289389068,0.48484848484848486,-0.375588524896362,1,False,False,False
2017-W25,costruction_tools_garden,1,52.68,741.21,702.97,411.52,2147.16,0.0,-0.98,False,0.0,0,52.68,0.0,0.07107297527016634,0.47058823529411764,-0.4123149414418263,1,False,False,False
2017-W26,costruction_tools_garden,3,776.09,655.14,694.86,375.38,2044.87,0.0,0.17,False,0.0,0,129.35,0.0,1.1846170284214061,1.6,-0.4149523168373924,1,False,False,False
2017-W27,costruction_tools_garden,1,92.62,595.98,656.11,375.38,1908.21,0.0,-0.77,False,0.0,0,92.62,0.0,0.1554078995939461,0.47058823529411764,-0.3773065494486739,1,False,False,False
2017-W28,costruction_tools_garden,2,341.76,604.83,647.69,375.38,1900.21,0.0,-0.41,False,0.0,0,170.88,0.0,0.565051336739249,0.9411764705882353,-0.3858692133381413,1,False,False,False
2017-W29,costruction_tools_garden,2,142.39,643.73,616.89,376.64,1877.5,0.0,-0.81,False,0.0,0,47.46,0.0,0.22119522159911761,0.8888888888888888,-0.3765298472110615,1,False,False,False
2017-W30,costruction_tools_garden,1,49.76,619.12,634.44,376.64,1888.01,0.0,-0.9,False,0.0,0,49.76,0.0,0.08037214110350174,0.42105263157894735,-0.41468982162455964,1,False,False,False
2017-W31,costruction_tools_garden,1,208.6,448.52,570.24,242.08,1588.99,0.0,-0.42,False,0.0,0,208.6,0.0,0.46508516900026753,0.5,-0.43388937761390206,1,False,False,False
2017-W32,costruction_tools_garden,1,114.33,259.43,247.17,175.5,753.77,0.0,-0.59,False,0.0,0,114.33,0.0,0.44069691246193576,0.6153846153846154,-0.38445647815359757,1,False,False,False
2017-W34,costruction_tools_garden,4,2598.41,222.28,243.35,128.36,708.98,0.0,9.76,True,0.0,0,371.2,0.0,11.689805650530861,2.6666666666666665,-0.7238950972032381,-1,True,False,False
2017-W35,costruction_tools_garden,2,124.83,540.5,863.69,175.5,2267.87,0.0,-0.48,False,0.0,0,62.41,0.0,0.23095282146160961,1.0666666666666667,-0.37478819499021154,1,False,False,False
2017-W38,costruction_tools_garden,3,242.54,459.09,868.98,133.61,2197.06,0.0,-0.25,False,0.0,0,80.85,0.0,0.5283059966455379,1.7142857142857142,-0.37612189239770866,1,False,False,False
2017-W39,costruction_tools_garden,1,167.72,477.83,861.54,175.5,2200.9,0.0,-0.36,False,0.0,0,83.86,0.0,0.3510034949668292,0.5,-0.37184661968625143,1,False,False,False
2017-W40,costruction_tools_garden,2,106.15,456.07,867.64,155.06,2191.35,0.0,-0.4,False,0.0,0,53.08,0.0,0.2327493586510843,1.0666666666666667,-0.37819398953346084,1,False,False,False
2017-W41,costruction_tools_garden,1,71.53,451.54,869.6,146.28,2190.75,0.0,-0.44,False,0.0,0,71.53,0.0,0.158413429596492,0.5333333333333333,-0.3795861898654082,1,False,False,False
2017-W42,costruction_tools_garden,3,134.11,454.26,868.2,146.28,2190.66,0.0,-0.37,False,0.0,0,44.7,0.0,0.2952274028089641,1.6,-0.3853880746896658,1,False,False,False
2017-W43,costruction_tools_garden,2,1124.45,444.95,871.6,129.47,2188.16,0.0,0.78,False,0.0,0,374.82,0.0,2.5271378806607485,0.9411764705882353,-0.5356596994354932,1,False,False,False
2017-W44,costruction_tools_garden,1,87.66,571.22,889.84,150.92,2350.9,0.0,-0.54,False,0.0,0,87.66,0.0,0.1534610132698435,0.4444444444444444,-0.37446610861044516,1,False,False,False
2017-W45,costruction_tools_garden,3,168.64,257.37,354.37,129.47,966.12,0.0,-0.25,False,0.0,0,56.21,0.0,0.6552434238644752,1.6,-0.39531354470007907,1,False,False,False
2017-W46,costruction_tools_garden,5,799.21,262.85,352.36,150.92,967.58,0.0,1.52,False,0.0,0,99.9,0.0,3.040555449876355,2.5,-0.4976842539707199,1,False,False,False
2017-W47,costruction_tools_garden,4,776.17,332.43,399.58,150.92,1131.59,0.0,1.11,False,0.0,0,194.04,0.0,2.334837409379418,1.7777777777777777,-0.44240618088037226,1,False,False,False
2017-W48,costruction_tools_garden,1,180.96,408.49,421.08,151.38,1250.65,0.0,-0.54,False,0.0,0,90.48,0.0,0.44299738059683225,0.38095238095238093,-0.3689932317190972,1,False,False,False
2017-W49,costruction_tools_garden,3,797.5,417.84,414.18,174.8,1246.2,0.0,0.92,False,0.0,0,265.83,0.0,1.9086253111238753,1.2,-0.4525603222645787,1,False,False,False
2017-W51,costruction_tools_garden,3,364.58,508.59,406.93,478.56,1322.44,0.0,-0.35,False,0.0,0,121.53,0.0,0.7168446096069525,1.0909090909090908,-0.3721923074256299,1,False,False,False
2018-W01,costruction_tools_garden,4,1087.21,537.4,384.15,570.38,1305.7,0.0,1.43,False,0.0,0,217.44,0.0,2.023092668403424,1.4545454545454546,-0.44166111926048773,1,False,False,False
2018-W02,costruction_tools_garden,7,1469.2,532.74,376.16,570.38,1285.07,0.0,2.49,True,0.0,0,183.65,0.0,2.757818072605774,2.3333333333333335,-0.5035544513234222,1,False,False,False
2018-W03,costruction_tools_garden,6,2812.55,705.43,452.1,786.84,1609.64,0.0,4.66,True,0.0,0,401.79,0.0,3.9870008363693072,1.6,-0.6372953432230851,-1,True,False,False
2018-W04,costruction_tools_garden,4,811.24,1035.92,820.17,798.36,2676.27,0.0,-0.27,False,0.0,0,162.25,0.0,0.7831106649162097,0.9696969696969697,-0.40676532478761057,1,False,False,False
2018-W05,costruction_tools_garden,3,619.73,1037.43,819.69,804.37,2676.8,0.0,-0.51,False,0.0,0,103.29,0.0,0.5973704249925296,0.75,-0.39348913438299393,1,False,False,False
2018-W06,costruction_tools_garden,6,1029.47,1017.87,828.63,804.37,2675.13,0.0,0.01,False,0.0,0,147.07,0.0,1.0113963472742098,1.5483870967741935,-0.47677904907393415,1,False,False,False
2018-W07,costruction_tools_garden,2,1382.3,1123.94,757.45,920.36,2638.83,0.0,0.34,False,0.0,0,230.38,0.0,1.2298699218819509,0.4444444444444444,-0.4812482835648587,1,False,False,False
2018-W08,costruction_tools_garden,2,249.13,1197.04,749.62,1058.34,2696.28,0.0,-1.26,False,0.0,0,124.56,0.0,0.2081217001938114,0.45714285714285713,-0.41367991584897257,1,False,False,False
2018-W09,costruction_tools_garden,4,825.44,1182.6,768.8,1058.34,2720.21,0.0,-0.46,False,0.0,0,206.36,0.0,0.6979874852020972,0.9411764705882353,-0.41880644223516866,1,False,False,False
2018-W10,costruction_tools_garden,8,1943.26,1149.88,778.95,927.46,2707.78,0.0,1.02,False,0.0,0,176.66,0.0,1.6899676487981352,1.8823529411764706,-0.5648968719576936,1,False,False,False
2018-W11,costruction_tools_garden,3,412.79,1209.14,823.47,927.46,2856.08,0.0,-0.97,False,0.0,0,137.6,0.0,0.34139140215359676,0.6857142857142857,-0.3970922273111575,1,False,False,False
2018-W12,costruction_tools_garden,4,166.73,909.17,546.43,818.34,2002.03,0.0,-1.36,False,0.0,0,41.68,0.0,0.18338704532705655,1.0,-0.4935919104439442,1,False,False,False
2018-W13,costruction_tools_garden,2,270.92,828.61,607.08,722.58,2042.76,0.0,-0.92,False,0.0,0,135.46,0.0,0.3269571933720327,0.5,-0.3791110066913556,1,False,False,False
2018-W14,costruction_tools_garden,2,223.09,785.01,636.06,619.12,2057.12,0.0,-0.88,False,0.0,0,74.36,0.0,0.28418746258009453,0.5161290322580645,-0.3648598005974358,1,False,False,False
2018-W15,costruction_tools_garden,2,258.77,684.21,655.38,341.86,1994.97,0.0,-0.65,False,0.0,0,86.26,0.0,0.3782025986173835,0.5925925925925926,-0.364342929594553,1,False,False,False
2018-W16,costruction_tools_garden,4,1603.67,543.77,602.68,264.85,1749.12,0.0,1.76,False,0.0,0,267.28,0.0,2.9491696857127097,1.1851851851851851,-0.46950512708904146,1,False,False,False
2018-W17,costruction_tools_garden,3,1111.75,713.08,691.77,341.86,2096.62,0.0,0.58,False,0.0,0,222.35,0.0,1.5590817299601727,0.8275862068965517,-0.4270957773814707,1,False,False,False
2018-W18,costruction_tools_garden,4,408.5,748.87,705.68,341.86,2160.22,0.0,-0.48,False,0.0,0,81.7,0.0,0.5454885360609986,1.1428571428571428,-0.40119990564572927,1,False,False,False
2018-W19,costruction_tools_garden,6,876.8,557.03,518.34,339.71,1593.7,0.0,0.62,False,0.0,0,125.26,0.0,1.5740624382887816,2.0,-0.46893945755607686,1,False,False,False
2018-W20,costruction_tools_garden,1,66.42,615.03,525.8,339.71,1666.62,0.0,-1.04,False,0.0,0,66.42,0.0,0.10799473196429443,0.2962962962962963,-0.4006505987952029,1,False,False,False
2018-W21,costruction_tools_garden,2,343.73,602.49,539.04,339.71,1680.58,0.0,-0.48,False,0.0,0,114.58,0.0,0.5705156932065263,0.6666666666666666,-0.3635939539369205,1,False,False,False
2018-W22,costruction_tools_garden,4,386.04,611.59,533.23,376.12,1678.05,0.0,-0.42,False,0.0,0,96.51,0.0,0.6312071812815775,1.3333333333333333,-0.3910863003774052,1,False,False,False
2018-W23,costruction_tools_garden,1,89.38,631.96,519.2,397.27,1670.35,0.0,-1.05,False,0.0,0,89.38,0.0,0.14143300208873977,0.3076923076923077,-0.387227873572379,1,False,False,False
2018-W24,costruction_tools_garden,2,109.24,610.79,539.64,397.27,1690.07,0.0,-0.93,False,0.0,0,54.62,0.0,0.17885034136118796,0.64,-0.3879011141454236,1,False,False,False
2018-W25,costruction_tools_garden,2,210.69,423.98,382.67,364.88,1189.32,0.0,-0.56,False,0.0,0,105.34,0.0,0.49693381763290717,0.6956521739130435,-0.3619195751589523,1,False,False,False
2018-W26,costruction_tools_garden,3,434.1,311.35,266.2,277.21,843.75,0.0,0.46,False,0.0,0,144.7,0.0,1.3942508431026177,1.0909090909090908,-0.4142504735956876,1,False,False,False
2018-W27,costruction_tools_garden,6,854.37,314.55,267.69,277.21,849.92,0.0,2.02,True,0.0,3,94.93,0.5,2.716165951359084,2.2857142857142856,-0.6455882893803335,-1,True,False,False
2018-W28,costruction_tools_garden,3,474.5,311.75,260.99,277.21,833.72,0.0,0.62,False,0.0,0,94.9,0.0,1.5220529270248597,1.1428571428571428,-0.4250915337923335,1,False,False,False
2018-W29,costruction_tools_garden,3,141.07,362.76,245.62,364.88,853.99,0.0,-0.9,False,0.0,0,47.02,0.0,0.38887970007718603,1.0434782608695652,-0.3933729380074786,1,False,False,False
2018-W30,costruction_tools_garden,8,1594.01,337.42,258.0,298.36,853.42,0.0,4.87,True,0.0,0,199.25,0.0,4.724112382194297,2.6666666666666665,-0.6344013716436503,-1,True,False,False
2018-W31,costruction_tools_garden,7,1871.08,488.42,515.5,322.4,1519.42,0.0,2.68,True,0.0,0,233.89,0.0,3.830883256213914,2.0,-0.5240119231513545,1,False,False,False
2018-W32,costruction_tools_garden,6,2579.25,711.13,677.8,454.3,2066.73,0.0,2.76,True,0.0,0,322.41,0.0,3.626973971003895,1.411764705882353,-0.5670550522560884,1,False,False,False
2018-W33,costruction_tools_garden,4,644.65,1019.88,892.9,664.44,2805.68,0.0,-0.42,False,0.0,0,128.93,0.0,0.6320841667647173,0.8421052631578947,-0.39622204081325874,1,False,False,False
2018-W34,costruction_tools_garden,1,82.16,1074.13,848.81,749.51,2771.75,0.0,-1.17,False,0.0,0,82.16,0.0,0.0764898103581503,0.2,-0.41807701245355683,1,False,False,False
2018-W35,costruction_tools_garden,1,196.08,1030.14,894.6,749.51,2819.34,0.0,-0.93,False,0.0,0,98.04,0.0,0.1903430601665793,0.21052631578947367,-0.38528274246542005,1,False,False,False
2017-W15,costruction_tools_tools,1,748.27,,,,,,0.0,False,,0,748.27,0.0,1.0,0.24242424242424243,-0.5508771238178529,1,False,False,False
2017-W18,costruction_tools_tools,2,834.3,,,,,,0.0,False,,0,417.15,0.0,1.0,0.5161290322580645,-0.4400694488074351,1,False,False,False
2017-W36,costruction_tools_tools,2,939.3,,,,,,0.0,False,,0,469.65,0.0,1.0,0.5333333333333333,-0.45701593394907075,1,False,False,False
2017-W38,costruction_tools_tools,1,36.78,,,,,,0.0,False,,0,36.78,0.0,1.0,0.3333333333333333,-0.43784531894655376,1,False,False,False
2017-W40,costruction_tools_tools,2,798.57,639.66,409.44,791.28,1458.55,0.0,0.39,False,0.0,0,399.29,0.0,1.2484288528280651,0.8888888888888888,-0.468206979023246,1,False,False,False
2017-W41,costruction_tools_tools,2,276.39,671.44,361.64,798.57,1394.72,0.0,-1.09,False,0.0,0,138.19,0.0,0.4116376742523531,1.1428571428571428,-0.3805613965016512,1,False,False,False
2017-W42,costruction_tools_tools,1,45.0,605.6,361.44,773.42,1328.48,0.0,-1.55,False,0.0,0,45.0,0.0,0.07430647291941876,0.6666666666666666,-0.43954605137107094,1,False,False,False
2017-W44,costruction_tools_tools,2,230.74,525.52,392.12,748.27,1309.76,0.0,-0.75,False,0.0,0,76.91,0.0,0.4390698736489573,1.3333333333333333,-0.3575402720132142,1,False,False,False
2017-W48,costruction_tools_tools,3,270.83,488.67,377.7,512.33,1244.07,0.0,-0.58,False,0.0,0,67.71,0.0,0.5542185933247386,1.8461538461538463,-0.3691065583840249,1,False,False,False
2017-W50,costruction_tools_tools,3,308.5,428.99,368.43,273.61,1165.84,0.0,-0.33,False,0.0,0,102.83,0.0,0.7191309820741743,1.6,-0.3578647662217875,1,False,False,False
2017-W52,costruction_tools_tools,2,90.67,363.26,330.77,273.61,1024.8,0.0,-0.82,False,0.0,0,45.33,0.0,0.24960083686615647,1.0,-0.4091975141182808,1,False,False,False
2018-W02,costruction_tools_tools,2,105.67,257.18,244.46,250.78,746.1,0.0,-0.62,False,0.0,0,52.83,0.0,0.4108795396220546,1.0,-0.3837266827158065,1,False,False,False
2018-W03,costruction_tools_tools,1,208.48,265.8,236.67,250.78,739.14,0.0,-0.24,False,0.0,0,208.48,0.0,0.784349134687735,0.47058823529411764,-0.41348011279999614,1,False,False,False
2018-W04,costruction_tools_tools,3,272.82,192.03,98.57,219.61,389.17,0.0,0.82,False,0.0,0,90.94,0.0,1.4207155132010623,1.5,-0.41031574110407515,1,False,False,False
2018-W05,costruction_tools_tools,5,361.61,191.59,98.14,219.61,387.87,0.0,1.73,False,0.0,0,72.32,0.0,1.8874158358995772,2.3529411764705883,-0.5259883635526507,1,False,False,False
2018-W07,costruction_tools_tools,1,43.98,231.16,94.35,250.78,419.86,42.47,-1.98,False,0.0,0,43.98,0.0,0.19025783007440733,0.38095238095238093,-0.45653079321703943,1,False,False,False
2018-W08,costruction_tools_tools,7,1335.77,207.82,115.25,239.65,438.33,0.0,9.79,True,0.0,0,166.97,0.0,6.427533442402079,2.8,-0.720580391907215,-1,True,False,False
2018-W11,costruction_tools_tools,1,56.98,340.94,417.39,240.65,1175.73,0.0,-0.68,False,0.0,0,56.98,0.0,0.16712618055962924,0.3333333333333333,-0.4000517535791958,1,False,False,False
2018-W12,costruction_tools_tools,4,676.94,309.5,429.48,157.07,1168.47,0.0,0.86,False,0.0,0,135.39,0.0,2.187205169628433,1.4545454545454546,-0.470139638332819,1,False,False,False
2018-W13,costruction_tools_tools,3,515.05,382.78,436.77,240.65,1256.32,0.0,0.3,False,0.0,0,171.68,0.0,1.3455509692251424,1.0,-0.40901667411440096,1,False,False,False
2018-W14,costruction_tools_tools,5,465.69,433.95,423.44,317.22,1280.84,0.0,0.07,False,0.0,0,93.14,0.0,1.0731420670584169,1.6,-0.4517897557299222,1,False,False,False
2018-W15,costruction_tools_tools,6,722.06,466.1,413.52,413.65,1293.15,0.0,0.62,False,0.0,0,103.15,0.0,1.5491525423728811,1.6551724137931034,-0.5166079490727585,1,False,False,False
2018-W16,costruction_tools_tools,2,225.24,522.26,414.03,490.37,1350.32,0.0,-0.72,False,0.0,0,112.62,0.0,0.4312794393597059,0.5,-0.34947130468651644,1,False,False,False
2018-W17,costruction_tools_tools,3,346.15,505.21,424.27,490.37,1353.75,0.0,-0.37,False,0.0,0,86.54,0.0,0.6851606262742226,0.8275862068965517,-0.3666028927108464,1,False,False,False
2018-W18,costruction_tools_tools,2,211.63,542.98,389.36,490.37,1321.7,0.0,-0.85,False,0.0,0,105.81,0.0,0.3897565287855906,0.5161290322580645,-0.3595361887072731,1,False,False,False
2018-W19,costruction_tools_tools,1,113.7,402.47,234.37,405.92,871.21,0.0,-1.23,False,0.0,0,113.7,0.0,0.2825055283623624,0.3076923076923077,-0.4062461439900031,1,False,False,False
2018-W21,costruction_tools_tools,1,68.31,409.56,223.01,405.92,855.58,0.0,-1.53,False,0.0,0,68.31,0.0,0.1667887489012599,0.3076923076923077,-0.41904903753120515,1,False,False,False
2018-W22,costruction_tools_tools,2,225.24,333.48,222.58,285.7,778.63,0.0,-0.49,False,0.0,0,112.62,0.0,0.6754228139618568,0.6956521739130435,-0.3511573821318144,1,False,False,False
2018-W23,costruction_tools_tools,3,511.19,297.25,212.14,225.24,721.54,0.0,1.01,False,0.0,0,170.4,0.0,1.71973086627418,1.0909090909090908,-0.4357698224668649,1,False,False,False
2018-W27,costruction_tools_tools,1,958.88,302.94,217.84,225.24,738.61,0.0,3.01,True,0.0,0,479.44,0.0,3.1652472436786163,0.4,-0.614028307726412,1,False,False,False
2018-W28,costruction_tools_tools,2,307.5,332.54,287.79,225.24,908.12,0.0,-0.09,False,0.0,0,153.75,0.0,0.9247007878751428,1.0666666666666667,-0.3735558511424916,1,False,False,False
2018-W29,costruction_tools_tools,4,5014.51,342.83,284.86,266.37,912.55,0.0,16.4,True,0.0,0,1002.9,0.0,14.626812122626376,2.1333333333333333,-0.7941471583150624,-1,True,False,False
2018-W30,costruction_tools_tools,3,2245.28,926.37,1676.24,266.37,4278.85,0.0,0.79,False,0.0,0,748.43,0.0,2.423739974308322,1.5,-0.6207636232106726,1,False,False,False
2018-W31,costruction_tools_tools,4,519.27,1180.58,1706.3,409.34,4593.17,0.0,-0.39,False,0.0,0,129.82,0.0,0.4398431279540565,1.8823529411764706,-0.4203766962675693,1,False,False,False
2018-W32,costruction_tools_tools,1,257.18,1231.27,1675.82,515.23,4582.92,0.0,-0.58,False,0.0,0,257.18,0.0,0.20887376448707434,0.4,-0.4405213378476025,1,False,False,False
2018-W33,costruction_tools_tools,6,501.35,1254.88,1658.34,515.23,4571.56,0.0,-0.45,False,0.0,0,83.56,0.0,0.3995202728547749,2.4,-0.4925139268835967,1,False,False,False
2018-W34,costruction_tools_tools,3,219.24,1289.4,1636.58,515.23,4562.55,0.0,-0.65,False,0.0,0,73.08,0.0,0.1700325732899023,1.0,-0.38478516471328855,1,False,False,False
2016-W40,diapers_and_hygiene,1,150.99,,,,,,0.0,False,,0,150.99,0.0,1.0,0.3333333333333333,-0.4466064690638673,1,False,False,False
2017-W49,diapers_and_hygiene,1,199.4,,,,,,0.0,False,,0,99.7,0.0,1.0,0.3333333333333333,-0.44684518889104446,1,False,False,False
2018-W04,diapers_and_hygiene,1,942.25,,,,,,0.0,False,,0,188.45,0.0,1.0,0.34782608695652173,-0.5767282951709756,1,False,False,False
2018-W08,diapers_and_hygiene,1,603.04,,,,,,0.0,False,,0,150.76,0.0,1.0,0.4,-0.5220434355233977,1,False,False,False
2018-W12,diapers_and_hygiene,1,55.06,473.92,372.22,401.22,1218.37,0.0,-1.13,False,0.0,0,55.06,0.0,0.1161799459824443,0.4444444444444444,-0.4134217145644645,1,False,False,False
2018-W13,diapers_and_hygiene,1,967.75,390.15,372.83,199.4,1135.81,0.0,1.55,False,0.0,0,193.55,0.0,2.4804562347814945,0.5333333333333333,-0.6460620208915194,1,False,False,False
2018-W14,diapers_and_hygiene,1,56.32,486.42,408.42,401.22,1303.25,0.0,-1.05,False,0.0,0,56.32,0.0,0.11578471279963817,0.5333333333333333,-0.40091201237330276,1,False,False,False
2018-W15,diapers_and_hygiene,1,50.71,424.97,406.73,199.4,1238.43,0.0,-0.92,False,0.0,0,50.71,0.0,0.11932607007553474,0.8,-0.37964995567020093,1,False,False,False
2018-W16,diapers_and_hygiene,1,37.39,378.19,399.13,175.2,1176.45,0.0,-0.85,False,0.0,0,37.39,0.0,0.09886564954123589,1.0,-0.449113926148925,1,False,False,False
2018-W17,diapers_and_hygiene,1,56.15,363.99,410.24,127.86,1184.46,0.0,-0.75,False,0.0,0,56.15,0.0,0.15426247973845433,1.0,-0.3724550112183093,1,False,False,False
2018-W19,diapers_and_hygiene,1,58.23,346.08,421.42,56.24,1188.92,0.0,-0.68,False,0.0,0,58.23,0.0,0.16825589459084606,1.0,-0.3767466377752726,1,False,False,False
2018-W20,diapers_and_hygiene,1,50.71,235.58,353.13,56.24,941.85,0.0,-0.52,False,0.0,0,50.71,0.0,0.21525596400373545,1.0,-0.3593481646753795,1,False,False,False
2018-W21,diapers_and_hygiene,1,50.71,166.54,323.8,55.6,814.15,0.0,-0.36,False,0.0,0,50.71,0.0,0.30449141347424047,1.0,-0.36264060126091086,1,False,False,False
2018-W22,diapers_and_hygiene,1,49.79,166.0,324.02,53.43,814.04,0.0,-0.36,False,0.0,0,49.79,0.0,0.29993975903614456,1.0,-0.36473619715118155,1,False,False,False
2018-W23,diapers_and_hygiene,2,88.08,51.25,6.48,50.71,64.2,38.3,5.69,True,0.0,0,44.04,0.0,1.7186341463414634,2.0,-0.6722521967652061,-1,True,False,False
2018-W24,diapers_and_hygiene,1,49.92,55.22,14.63,50.71,84.48,25.96,-0.36,False,0.0,0,49.92,0.0,0.9040202825063384,0.8888888888888888,-0.35984389302229747,1,False,False,False
2018-W25,diapers_and_hygiene,2,160.3,55.12,14.67,50.71,84.46,25.79,7.17,True,0.0,0,80.15,0.0,2.9082002902757624,1.7777777777777777,-0.6881754993406403,-1,True,False,False
2018-W26,diapers_and_hygiene,1,79.61,70.49,38.48,53.43,147.45,0.0,0.24,False,0.0,0,79.61,0.0,1.1293800539083558,0.8,-0.4116673758135578,1,False,False,False
2018-W28,diapers_and_hygiene,1,49.92,73.42,38.12,54.47,149.67,0.0,-0.62,False,0.0,0,49.92,0.0,0.6799237265050395,0.8,-0.35588510773091636,1,False,False,False
2018-W29,diapers_and_hygiene,1,49.92,72.38,38.71,50.71,149.79,0.0,-0.58,False,0.0,0,49.92,0.0,0.6896932854379664,0.8,-0.3550608301275051,1,False,False,False
2018-W30,diapers_and_hygiene,1,40.02,72.28,38.77,50.32,149.82,0.0,-0.83,False,0.0,1,40.02,1.0,0.5536801328168235,0.8,-0.6022669354964304,1,False,False,False
2018-W31,diapers_and_hygiene,1,98.05,70.95,39.79,49.92,150.53,0.0,0.68,False,0.0,0,98.05,0.0,1.3819591261451725,0.8,-0.4458994335343858,1,False,False,False
2018-W32,diapers_and_hygiene,1,58.98,76.98,39.78,64.76,156.54,0.0,-0.45,False,0.0,0,58.98,0.0,0.7661730319563522,0.8,-0.35921222349533954,1,False,False,False
2018-W33,diapers_and_hygiene,1,58.98,73.34,39.95,54.45,153.25,0.0,-0.36,False,0.0,0,58.98,0.0,0.8041996182165256,0.8888888888888888,-0.3606662380340551,1,False,False,False
2018-W34,diapers_and_hygiene,1,158.97,74.47,39.32,58.98,153.11,0.0,2.15,True,0.0,0,158.97,0.0,2.1346851080972202,0.8888888888888888,-0.5700960994915768,1,False,False,False
2017-W09,drinks,1,187.52,,,,,,0.0,False,,0,187.52,0.0,1.0,1.0,-0.42214845267464324,1,False,False,False
2017-W11,drinks,2,346.43,,,,,,0.0,False,,0,173.22,0.0,1.0,2.0,-0.4117728791887642,1,False,False,False
2017-W12,drinks,1,122.2,,,,,,0.0,False,,0,61.1,0.0,1.0,0.8888888888888888,-0.3827497965154868,1,False,False,False
2017-W14,drinks,1,1225.44,,,,,,0.0,False,,0,204.24,0.0,1.0,0.8888888888888888,-0.46794205587812016,1,False,False,False
2017-W16,drinks,1,124.93,470.4,512.09,266.98,1494.58,0.0,-0.67,False,0.0,0,62.47,0.0,0.2655824829931973,0.8888888888888888,-0.3702737261545034,1,False,False,False
2017-W21,drinks,1,112.95,401.3,469.63,187.52,1340.56,0.0,-0.61,False,0.0,0,112.95,0.0,0.2814602541739347,0.8888888888888888,-0.39161924126017517,1,False,False,False
2017-W23,drinks,1,69.2,353.25,436.23,156.23,1225.71,0.0,-0.65,False,0.0,0,69.2,0.0,0.1958952583156405,0.8888888888888888,-0.37198102331194416,1,False,False,False
2017-W27,drinks,1,215.6,312.67,412.44,124.93,1137.55,0.0,-0.24,False,0.0,0,215.6,0.0,0.6895448875811558,0.8888888888888888,-0.46266355247765567,1,False,False,False
2017-W30,drinks,1,264.96,300.53,383.38,156.23,1067.3,0.0,-0.09,False,0.0,0,132.48,0.0,0.8816424317039896,0.8888888888888888,-0.3951916733225421,1,False,False,False
2017-W32,drinks,1,21.85,310.21,381.09,170.26,1072.4,0.0,-0.76,False,0.0,0,21.85,0.0,0.07043615615228395,0.8888888888888888,-0.42235583558686085,1,False,False,False
2017-W33,drinks,1,126.92,269.64,393.76,123.56,1057.15,0.0,-0.36,False,0.0,0,126.92,0.0,0.470701676309153,1.0,-0.3855231916904841,1,False,False,False
2017-W36,drinks,2,140.14,270.23,393.51,125.93,1057.24,0.0,-0.33,False,0.0,0,46.71,0.0,0.5185952706953335,2.0,-0.3545636901254109,1,False,False,False
2017-W37,drinks,4,291.01,134.57,76.72,125.93,288.0,0.0,2.04,True,0.0,1,72.75,0.25,2.162517648807312,3.5555555555555554,-0.6452139062000297,-1,True,False,False
2017-W39,drinks,1,44.85,155.33,94.21,133.53,343.75,0.0,-1.17,False,0.0,0,44.85,0.0,0.288740101718921,0.6666666666666666,-0.3837277242166513,1,False,False,False
2017-W40,drinks,1,73.27,146.82,101.39,133.53,349.6,0.0,-0.73,False,0.0,0,73.27,0.0,0.4990464514371339,0.6666666666666666,-0.37441436678872453,1,False,False,False
2017-W41,drinks,2,87.12,147.32,100.95,133.53,349.23,0.0,-0.6,False,0.0,0,43.56,0.0,0.5913657344556069,1.3333333333333333,-0.36279261182674105,1,False,False,False
2017-W42,drinks,3,593.4,131.26,98.74,107.02,328.74,0.0,4.68,True,0.0,0,118.68,0.0,4.52079841535883,1.8461538461538463,-0.5287986286112939,1,False,False,False
2017-W43,drinks,2,84.86,172.32,189.15,107.02,550.63,0.0,-0.46,False,0.0,0,42.43,0.0,0.49245589600742806,1.0666666666666667,-0.36133097881725024,1,False,False,False
2017-W44,drinks,2,170.67,180.2,183.21,107.02,546.62,0.0,-0.05,False,0.0,0,85.33,0.0,0.9471143174250832,1.0,-0.36511082680154694,1,False,False,False
2017-W45,drinks,1,46.27,185.66,182.04,113.63,549.75,0.0,-0.77,False,0.0,0,46.27,0.0,0.24921900247764733,0.47058823529411764,-0.3749211763697609,1,False,False,False
2017-W46,drinks,8,1072.07,173.93,188.31,85.99,550.56,0.0,4.77,True,0.0,0,89.34,0.0,6.163801529350888,4.0,-0.5402518390183694,1,False,False,False
2017-W47,drinks,4,331.76,271.56,371.28,85.99,1014.12,0.0,0.16,False,0.0,0,82.94,0.0,1.2216821328619827,1.6,-0.37350462477785673,1,False,False,False
2017-W48,drinks,5,821.56,307.43,359.93,128.89,1027.29,0.0,1.43,False,0.0,0,164.31,0.0,2.6723481768207393,1.7391304347826086,-0.4615309839547756,1,False,False,False
2017-W49,drinks,6,343.13,400.96,386.63,251.21,1174.22,0.0,-0.15,False,0.0,0,57.19,0.0,0.8557711492418196,1.7777777777777777,-0.3659224881340288,1,False,False,False
2017-W50,drinks,8,510.65,432.96,367.04,337.44,1167.04,0.0,0.21,False,0.0,0,63.83,0.0,1.179439209164819,2.064516129032258,-0.38431020677146444,1,False,False,False
2017-W51,drinks,7,943.34,422.62,363.02,337.44,1148.65,0.0,1.43,False,0.0,0,94.33,0.0,2.2321234205669396,1.5555555555555556,-0.4111079788377446,1,False,False,False
2017-W52,drinks,7,487.46,529.93,375.58,426.89,1281.08,0.0,-0.11,False,0.0,0,69.64,0.0,0.9198573396486329,1.3658536585365855,-0.362170805734314,1,False,False,False
2018-W01,drinks,14,1197.13,569.53,347.97,499.05,1265.48,0.0,1.8,False,0.0,0,63.01,0.0,2.101961266307306,2.4347826086956523,-0.5194039519782301,1,False,False,False
2018-W02,drinks,13,1612.87,713.39,338.51,666.1,1390.4,36.37,2.66,True,0.0,0,89.6,0.0,2.260853109799689,1.7627118644067796,-0.5204123521063917,1,False,False,False
2018-W03,drinks,2,92.36,780.99,454.5,666.1,1689.98,0.0,-1.52,False,0.0,0,46.18,0.0,0.11826015698024302,0.25,-0.3998245943058658,1,False,False,False
2018-W04,drinks,7,625.38,751.06,494.43,666.1,1739.92,0.0,-0.25,False,0.0,0,62.54,0.0,0.832663169387266,0.9032258064516129,-0.36439646820977367,1,False,False,False
2018-W05,drinks,7,1202.8,726.54,495.3,568.02,1717.13,0.0,0.96,False,0.0,0,109.35,0.0,1.6555179343188262,0.875,-0.41670443283602965,1,False,False,False
2018-W06,drinks,5,892.07,834.0,493.48,784.36,1820.96,0.0,0.12,False,0.0,0,178.41,0.0,1.0696282973621103,0.6153846153846154,-0.4233105960288221,1,False,False,False
2018-W07,drinks,10,1296.07,881.68,475.89,917.7,1833.46,0.0,0.87,False,0.0,0,99.7,0.0,1.4700004536793394,1.2903225806451613,-0.4518407565276387,1,False,False,False
2018-W08,drinks,7,654.83,925.77,498.24,1044.6,1922.24,0.0,-0.54,False,0.0,0,72.76,0.0,0.7073355153007768,0.8615384615384616,-0.36950170463232723,1,False,False,False
2018-W09,drinks,4,273.26,946.69,480.4,1044.6,1907.48,0.0,-1.4,False,0.0,0,68.31,0.0,0.2886478150186439,0.49230769230769234,-0.3877583408195123,1,False,False,False
2018-W10,drinks,6,452.57,831.2,520.93,773.45,1873.06,0.0,-0.73,False,0.0,0,75.43,0.0,0.544477863330125,0.8727272727272727,-0.3699244209590489,1,False,False,False
2018-W11,drinks,3,184.77,686.17,424.87,640.1,1535.92,0.0,-1.18,False,0.0,0,61.59,0.0,0.2692772927991606,0.5,-0.3704800228927063,1,False,False,False
2018-W12,drinks,4,248.27,697.72,407.32,640.1,1512.35,0.0,-1.1,False,0.0,0,62.07,0.0,0.3558304190792868,0.6530612244897959,-0.3644390913063692,1,False,False,False
2018-W13,drinks,6,463.19,650.58,437.58,553.7,1525.75,0.0,-0.43,False,0.0,0,66.17,0.0,0.7119647084140305,1.0434782608695652,-0.3588152122723052,1,False,False,False
2018-W14,drinks,4,215.41,558.13,378.37,457.88,1314.87,0.0,-0.91,False,0.0,0,53.85,0.0,0.38594950997079536,0.7111111111111111,-0.3584439699769296,1,False,False,False
2018-W15,drinks,11,7705.77,473.55,368.56,362.92,1210.66,0.0,19.62,True,0.0,0,308.23,0.0,16.27234716503009,2.0,-0.7585966843032862,-1,True,False,False
2018-W16,drinks,5,31088.08,1274.76,2603.4,362.92,6481.56,0.0,11.45,True,0.0,0,1943.0,0.0,24.38739841225015,0.8888888888888888,-0.8239977634165755,-1,True,False,False
2018-W17,drinks,8,379.38,5078.92,10824.05,362.92,26727.02,0.0,-0.43,False,0.0,0,47.42,0.0,0.07469698282311987,1.4883720930232558,-0.38740403608804336,1,False,False,False
2018-W18,drinks,8,1756.84,5092.18,10817.38,415.98,26726.95,0.0,-0.31,False,0.0,0,146.4,0.0,0.34500744278481904,1.3617021276595744,-0.4605174710859693,1,False,False,False
2018-W19,drinks,11,3543.27,5255.21,10747.07,421.28,26749.35,0.0,-0.16,False,0.0,0,196.85,0.0,0.6742394690221704,1.7959183673469388,-0.5704973907753176,1,False,False,False
2018-W20,drinks,5,520.93,5675.03,10585.08,1110.01,26845.19,0.0,-0.49,False,0.0,0,86.82,0.0,0.09179334734794353,0.7017543859649122,-0.3606154532743097,1,False,False,False
2018-W21,drinks,9,688.7,5709.11,10565.54,1138.88,26840.18,0.0,-0.48,False,0.0,0,68.87,0.0,0.12063176221862953,1.2413793103448276,-0.4051119848514761,1,False,False,False
2018-W23,drinks,7,888.4,5737.3,10549.83,1222.77,26836.95,0.0,-0.46,False,0.0,0,111.05,0.0,0.15484635630000174,0.9180327868852459,-0.38977145696264365,1,False,False,False
2018-W24,drinks,12,590.11,5821.42,10502.08,1322.62,26825.59,0.0,-0.5,False,0.0,0,45.39,0.0,0.10136873821163908,1.5,-0.46441638581264366,1,False,False,False
2018-W25,drinks,8,751.2,4931.96,10620.35,788.55,26172.66,0.0,-0.39,False,0.0,0,75.12,0.0,0.15231267082458091,0.9846153846153847,-0.37457686163152926,1,False,False,False
2018-W26,drinks,2,90.29,1139.85,1058.2,719.95,3256.25,0.0,-0.99,False,0.0,0,45.14,0.0,0.07921217704083872,0.23529411764705882,-0.3634495547074347,1,False,False,False
2018-W27,drinks,2,114.98,1103.72,1092.27,719.95,3288.25,0.0,-0.91,False,0.0,0,57.49,0.0,0.10417497191316638,0.25806451612903225,-0.35974707026850633,1,False,False,False
2018-W28,drinks,3,237.15,898.48,1106.18,639.4,3110.84,0.0,-0.6,False,0.0,0,79.05,0.0,0.2639457750868133,0.42857142857142855,-0.3620866176726259,1,False,False,False
2018-W29,drinks,7,667.73,485.22,302.74,555.52,1090.7,0.0,0.6,False,0.0,0,95.39,0.0,1.3761386587527307,1.1666666666666667,-0.38755937843118227,1,False,False,False
2018-W30,drinks,3,388.8,503.57,309.59,628.92,1122.74,0.0,-0.37,False,0.0,0,129.6,0.0,0.772087296701551,0.48,-0.37740783228084873,1,False,False,False
2018-W31,drinks,10,1254.48,466.08,302.03,489.46,1070.15,0.0,2.61,True,0.0,0,104.54,0.0,2.691555097837281,1.8181818181818181,-0.4740489750373832,1,False,False,False
2018-W32,drinks,8,639.9,511.84,390.06,489.46,1291.96,0.0,0.33,False,0.0,0,79.99,0.0,1.2501953735542357,1.3617021276595744,-0.38148451897640817,1,False,False,False
2018-W33,drinks,6,1111.58,518.07,391.88,514.35,1301.83,0.0,1.51,False,0.0,0,123.51,0.0,2.145617387611712,1.1162790697674418,-0.42386213549323487,1,False,False,False
2018-W34,drinks,2,69.79,563.11,440.24,514.35,1443.59,0.0,-1.12,False,0.0,0,34.89,0.0,0.12393670863596812,0.3902439024390244,-0.3755087872946944,1,False,False,False
2018-W35,drinks,1,43.55,560.55,443.43,514.35,1447.41,0.0,-1.17,False,0.0,0,43.55,0.0,0.07769155293907769,0.1951219512195122,-0.39147785729780915,1,False,False,False
2017-W05,dvds_blu_ray,1,95.6,,,,,,0.0,False,,0,47.8,0.0,1.0,0.2,-0.3564501468627035,1,False,False,False
2017-W06,dvds_blu_ray,1,36.94,,,,,,0.0,False,,0,36.94,0.0,1.0,0.21052631578947367,-0.3592371625040498,1,False,False,False
2017-W10,dvds_blu_ray,2,1568.95,,,,,,0.0,False,,1,522.98,0.5,1.0,0.5,-0.6821344367565916,-1,True,False,False
2017-W12,dvds_blu_ray,1,32.68,,,,,,0.0,False,,0,32.68,0.0,1.0,0.25806451612903225,-0.3625661090625115,1,False,False,False
2017-W13,dvds_blu_ray,1,427.16,433.54,757.48,66.27,1948.51,0.0,-0.01,False,0.0,0,427.16,0.0,0.9852839415048208,0.36363636363636365,-0.5269533744567151,1,False,False,False
2017-W14,dvds_blu_ray,1,1435.58,432.27,656.01,95.6,1744.28,0.0,1.53,False,0.0,0,1435.58,0.0,3.3210262104703077,0.5333333333333333,-0.706004173523463,-1,True,False,False
2017-W16,dvds_blu_ray,1,115.31,599.48,715.58,261.38,2030.64,0.0,-0.68,False,0.0,0,115.31,0.0,0.192350036698472,0.8,-0.3939582114406117,1,False,False,False
2017-W19,dvds_blu_ray,1,37.53,530.32,678.38,115.31,1887.07,0.0,-0.73,False,0.0,0,37.53,0.0,0.07076859254789561,0.8888888888888888,-0.33550916770027267,1,False,False,False
2017-W20,dvds_blu_ray,2,65.54,468.72,651.77,105.46,1772.27,0.0,-0.62,False,0.0,0,32.77,0.0,0.13982761563406726,1.7777777777777777,-0.4080235171026427,1,False,False,False
2017-W21,dvds_blu_ray,1,47.53,464.96,654.31,90.43,1773.59,0.0,-0.64,False,0.0,0,47.53,0.0,0.10222384721266346,0.8,-0.3308397469262287,1,False,False,False
2017-W22,dvds_blu_ray,1,35.69,466.28,653.33,90.43,1772.95,0.0,-0.66,False,0.0,0,35.69,0.0,0.07654199193617568,0.8,-0.33753970062526023,1,False,False,False
2017-W23,dvds_blu_ray,1,29.5,274.63,487.5,56.54,1249.63,0.0,-0.5,False,0.0,0,29.5,0.0,0.10741725230309872,0.8888888888888888,-0.3390645839451742,1,False,False,False
2017-W24,dvds_blu_ray,1,89.02,274.23,487.73,56.54,1249.68,0.0,-0.38,False,0.0,0,89.02,0.0,0.32461802136892387,0.8888888888888888,-0.35060151301012854,1,False,False,False
2017-W26,dvds_blu_ray,1,45.53,231.96,487.23,56.54,1206.43,0.0,-0.38,False,0.0,0,45.53,0.0,0.19628384204173133,0.8888888888888888,-0.32322272464136487,1,False,False,False
2017-W27,dvds_blu_ray,1,719.65,58.21,29.99,46.53,118.19,0.0,22.05,True,0.0,0,719.65,0.0,12.362996048788867,0.8888888888888888,-0.7558937047252247,-1,True,False,False
2017-W28,dvds_blu_ray,2,76.81,133.75,237.51,46.53,608.78,0.0,-0.24,False,0.0,0,38.41,0.0,0.5742803738317758,1.7777777777777777,-0.3956655714869248,1,False,False,False
2017-W30,dvds_blu_ray,1,34.53,138.66,235.64,56.54,609.94,0.0,-0.44,False,0.0,0,34.53,0.0,0.24902639549978367,0.8,-0.32901264055194,1,False,False,False
2017-W31,dvds_blu_ray,1,42.53,134.78,237.26,46.53,609.31,0.0,-0.39,False,0.0,0,42.53,0.0,0.31555126873423356,0.8888888888888888,-0.32496686845277517,1,False,False,False
2017-W32,dvds_blu_ray,3,121.11,134.16,237.53,44.03,609.22,0.0,-0.05,False,0.0,0,40.37,0.0,0.9027280858676208,2.6666666666666665,-0.5351828706913383,1,False,False,False
2017-W33,dvds_blu_ray,1,32.5,144.83,234.37,61.17,613.58,0.0,-0.48,False,0.0,0,32.5,0.0,0.22440102188773042,0.7272727272727273,-0.33062514545070065,1,False,False,False
2017-W34,dvds_blu_ray,1,35.69,145.21,234.16,61.17,613.54,0.0,-0.47,False,0.0,0,35.69,0.0,0.24578197093864057,0.7272727272727273,-0.32901264055194,1,False,False,False
2017-W35,dvds_blu_ray,1,45.53,138.54,236.74,44.03,612.02,0.0,-0.39,False,0.0,0,22.77,0.0,0.32864154756748953,0.7272727272727273,-0.3406498343461738,1,False,False,False
2017-W38,dvds_blu_ray,1,45.53,138.54,236.74,44.03,612.02,0.0,-0.39,False,0.0,0,45.53,0.0,0.32864154756748953,0.7272727272727273,-0.3227085693486079,1,False,False,False
2017-W40,dvds_blu_ray,1,46.05,54.28,30.41,44.03,115.11,0.0,-0.27,False,0.0,0,46.05,0.0,0.8483787767133382,0.7272727272727273,-0.33751137230698525,1,False,False,False
2017-W41,dvds_blu_ray,2,190.0,50.43,29.07,44.03,108.58,0.0,4.8,True,0.0,2,63.33,1.0,3.767598651596272,1.6,-0.6590281297855239,1,False,False,False
2017-W43,dvds_blu_ray,2,78.58,69.87,56.22,45.53,182.3,0.0,0.15,False,0.0,0,39.29,0.0,1.1246600830113067,1.4545454545454546,-0.4036738000800024,1,False,False,False
2017-W44,dvds_blu_ray,1,54.05,74.37,55.15,45.79,184.67,0.0,-0.37,False,0.0,0,54.05,0.0,0.72677154766707,0.6666666666666666,-0.338616713335951,1,False,False,False
2017-W48,dvds_blu_ray,2,91.62,65.99,52.04,45.79,170.06,0.0,0.49,False,0.0,0,45.81,0.0,1.3883921806334294,1.6,-0.4151965524980021,1,False,False,False
2017-W50,dvds_blu_ray,1,135.49,73.38,50.78,50.05,174.95,0.0,1.22,False,0.0,0,135.49,0.0,1.846415917143636,0.7272727272727273,-0.45122038096274675,1,False,False,False
2018-W01,dvds_blu_ray,1,50.53,85.86,52.43,66.32,190.72,0.0,-0.67,False,0.0,0,50.53,0.0,0.5885161891451199,0.7272727272727273,-0.33549767287987914,1,False,False,False
2018-W05,dvds_blu_ray,1,46.05,86.48,51.91,66.32,190.3,0.0,-0.78,False,0.0,0,46.05,0.0,0.5324930619796484,0.7272727272727273,-0.32838237902656414,1,False,False,False
2018-W06,dvds_blu_ray,1,42.53,86.55,51.85,66.32,190.25,0.0,-0.85,False,0.0,0,42.53,0.0,0.4913922588099365,0.7272727272727273,-0.33370543741460207,1,False,False,False
2018-W11,dvds_blu_ray,1,41.96,86.11,52.26,66.32,190.62,0.0,-0.84,False,0.0,0,41.96,0.0,0.4872837068865405,0.7272727272727273,-0.33517718298257265,1,False,False,False
2018-W12,dvds_blu_ray,1,47.75,67.6,32.8,52.29,133.21,2.0,-0.61,False,0.0,0,47.75,0.0,0.7063609467455622,0.8,-0.3338282319024194,1,False,False,False
2018-W13,dvds_blu_ray,1,75.75,63.75,33.14,49.14,130.02,0.0,0.36,False,0.0,0,75.75,0.0,1.188235294117647,0.8888888888888888,-0.3719360957029884,1,False,False,False
2018-W14,dvds_blu_ray,1,303.0,66.46,33.12,49.14,132.7,0.22,7.14,True,0.0,0,151.5,0.0,4.559133313271141,0.8888888888888888,-0.6015642889625588,1,False,False,False
2018-W17,dvds_blu_ray,2,40.42,92.88,90.56,49.14,274.01,0.0,-0.58,False,0.0,0,20.21,0.0,0.43518518518518523,2.0,-0.41714511349324884,1,False,False,False
2018-W18,dvds_blu_ray,1,102.16,81.0,90.41,46.9,261.82,0.0,0.23,False,0.0,0,102.16,0.0,1.2612345679012344,0.8888888888888888,-0.37239548308535303,1,False,False,False
2018-W19,dvds_blu_ray,2,328.04,87.45,89.76,46.9,266.98,0.0,2.68,True,0.0,0,109.35,0.0,3.7511720983419097,1.7777777777777777,-0.5409121174049624,1,False,False,False
2018-W20,dvds_blu_ray,2,197.36,122.7,121.09,61.75,364.87,0.0,0.62,False,0.0,0,28.19,0.0,1.608475957620212,1.6,-0.450977343274929,1,False,False,False
2018-W21,dvds_blu_ray,1,43.04,142.06,118.79,88.96,379.64,0.0,-0.83,False,0.0,0,43.04,0.0,0.3029705758130367,0.7272727272727273,-0.33198088927976704,1,False,False,False
2018-W23,dvds_blu_ray,1,75.85,142.19,118.66,88.96,379.52,0.0,-0.56,False,0.0,0,75.85,0.0,0.5334411702651382,0.7272727272727273,-0.3467218864700333,1,False,False,False
2018-W24,dvds_blu_ray,3,599.15,145.7,115.85,89.0,377.41,0.0,3.91,True,0.0,0,149.79,0.0,4.1122168840082365,2.1818181818181817,-0.6302819665629643,1,False,False,False
2018-W26,dvds_blu_ray,1,16.29,211.13,192.88,149.76,596.89,0.0,-1.01,False,0.0,0,16.29,0.0,0.07715625444039217,0.6153846153846154,-0.40896492638385556,1,False,False,False
2018-W28,dvds_blu_ray,1,96.88,175.29,199.88,89.0,575.06,0.0,-0.39,False,0.0,0,96.88,0.0,0.5526841234525643,0.6153846153846154,-0.35697014707038566,1,False,False,False
2018-W34,dvds_blu_ray,1,16.29,182.35,195.39,99.52,573.12,0.0,-0.85,False,0.0,0,16.29,0.0,0.08933369893062791,0.6666666666666666,-0.38041846362654586,1,False,False,False
2016-W40,electronics,2,1347.57,,,,,,0.0,False,,0,673.78,0.0,1.0,1.3333333333333333,-0.5892521969983552,1,False,False,False
2017-W03,electronics,10,685.53,,,,,,0.0,False,,0,62.32,0.0,1.0,6.666666666666667,-0.36460037958229324,1,False,False,False
2017-W04,electronics,1,86.9,,,,,,0.0,False,,0,86.9,0.0,1.0,0.4,-0.4289779102107292,1,False,False,False
2017-W06,electronics,5,488.18,,,,,,0.0,False,,0,81.36,0.0,1.0,2.0,-0.385051809299664,1,False,False,False
2017-W07,electronics,3,937.18,652.04,526.34,586.86,1704.73,0.0,0.54,False,0.0,0,234.29,0.0,1.437304459849089,1.0,-0.44889176513173,1,False,False,False
2017-W08,electronics,3,386.48,709.07,473.33,685.53,1655.73,0.0,-0.68,False,0.0,0,96.62,0.0,0.5450519694811513,1.0,-0.408101219249723,1,False,False,False
2017-W09,electronics,7,952.28,655.31,443.37,586.86,1542.04,0.0,0.67,False,0.0,0,86.57,0.0,1.4531748332850103,2.1538461538461537,-0.40170043968418595,1,False,False,False
2017-W10,electronics,5,951.21,697.73,420.01,685.53,1537.76,0.0,0.6,False,0.0,0,158.53,0.0,1.3632923910395138,1.25,-0.4053547022484995,1,False,False,False
2017-W11,electronics,7,1958.27,729.42,399.05,811.36,1527.52,0.0,3.08,True,0.0,0,244.78,0.0,2.6846946889309318,1.5555555555555556,-0.5296531394877494,1,False,False,False
2017-W12,electronics,9,1021.49,805.75,560.11,811.36,1925.97,0.0,0.39,False,0.0,0,113.5,0.0,1.267750542972386,1.7560975609756098,-0.3785578998476067,1,False,False,False
2017-W13,electronics,7,1554.46,847.75,562.4,944.2,1972.54,0.0,1.26,False,0.0,0,172.72,0.0,1.8336301975818343,1.4,-0.44316512695162974,1,False,False,False
2017-W14,electronics,13,936.42,1031.19,516.22,951.74,2063.63,0.0,-0.18,False,0.0,0,72.03,0.0,0.9080964710674074,2.260869565217391,-0.358233920280131,1,False,False,False
2017-W15,electronics,6,265.22,1087.22,471.22,951.74,2029.67,144.78,-1.74,False,0.0,0,44.2,0.0,0.24394326815180004,0.8888888888888888,-0.4787142677955823,1,False,False,False
2017-W16,electronics,13,1072.61,1003.23,554.35,951.74,2111.92,0.0,0.13,False,0.0,0,76.61,0.0,1.0691566241041435,1.8245614035087718,-0.363715505802521,1,False,False,False
2017-W17,electronics,15,4924.13,1088.99,495.22,986.88,2079.43,98.56,7.74,True,0.0,0,307.76,0.0,4.5217403281940145,1.791044776119403,-0.6602652573709986,-1,True,False,False
2017-W18,electronics,11,1292.65,1585.48,1435.98,1047.05,4457.44,0.0,-0.2,False,0.0,0,117.51,0.0,0.815305144183465,1.1733333333333333,-0.36142620900666844,1,False,False,False
2017-W19,electronics,18,3094.06,1628.16,1419.42,1182.63,4466.99,0.0,1.03,False,0.0,0,162.85,0.0,1.900341489779874,1.7777777777777777,-0.4217374716346292,1,False,False,False
2017-W20,electronics,15,1885.61,1770.13,1511.0,1182.63,4792.13,0.0,0.08,False,0.0,0,99.24,0.0,1.065238146350833,1.3043478260869565,-0.35768232468476824,1,False,False,False
2017-W21,electronics,10,1403.72,1878.15,1480.41,1423.56,4838.97,0.0,-0.32,False,0.0,0,140.37,0.0,0.747395042994436,0.8163265306122449,-0.37680233512505623,1,False,False,False
2017-W22,electronics,15,1756.6,1859.3,1486.07,1348.18,4831.44,0.0,-0.07,False,0.0,0,92.45,0.0,0.9447641585542946,1.188118811881188,-0.35081204588120707,1,False,False,False
2017-W23,electronics,8,399.39,1961.82,1440.91,1580.16,4843.65,0.0,-1.08,False,0.0,0,49.92,0.0,0.2035813683212527,0.6213592233009708,-0.39856118197745977,1,False,False,False
2017-W24,electronics,12,729.23,1978.6,1418.96,1580.16,4816.51,0.0,-0.88,False,0.0,1,60.77,0.08333333333333333,0.3685585767714546,0.9142857142857143,-0.5962763309831212,-1,True,False,False
2017-W25,electronics,6,610.51,1935.67,1455.01,1580.16,4845.7,0.0,-0.91,False,0.0,0,87.22,0.0,0.31539983571579866,0.46153846153846156,-0.3965659807670972,1,False,False,False
2017-W26,electronics,10,729.94,1396.47,871.67,1348.18,3139.82,0.0,-0.76,False,0.0,0,72.99,0.0,0.5227036742643952,0.8421052631578947,-0.37192663883784205,1,False,False,False
2017-W27,electronics,21,2325.36,1326.13,903.38,1066.83,3132.88,0.0,1.11,False,0.0,0,105.7,0.0,1.7534932472683673,1.7872340425531914,-0.4123456196782259,1,False,False,False
2017-W28,electronics,27,3905.07,1230.04,708.28,1066.83,2646.61,0.0,3.78,True,0.0,0,122.03,0.0,3.174750414620663,2.2268041237113403,-0.5064221797433105,1,False,False,False
2017-W29,electronics,19,3562.99,1482.48,1178.85,1066.83,3840.18,0.0,1.76,False,0.0,0,127.25,0.0,2.403398359505693,1.3944954128440368,-0.45696354248234766,1,False,False,False
2017-W30,electronics,12,1792.19,1752.39,1387.05,1243.27,4526.49,0.0,0.03,False,0.0,0,119.48,0.0,1.0227118392595256,0.8135593220338984,-0.35925977605941944,1,False,False,False
2017-W31,electronics,15,1136.21,1756.84,1387.12,1261.06,4531.08,0.0,-0.45,False,0.0,0,71.01,0.0,0.6467350470162337,1.0434782608695652,-0.36247732759538615,1,False,False,False
2017-W32,electronics,17,3153.32,1848.94,1306.22,1464.2,4461.37,0.0,1.0,False,0.0,0,157.67,0.0,1.705474488085065,1.1147540983606556,-0.4105156433110302,1,False,False,False
2017-W33,electronics,8,461.12,2151.95,1290.44,2058.78,4732.82,0.0,-1.31,False,0.0,0,57.64,0.0,0.21428007156300102,0.5039370078740157,-0.4040595635731104,1,False,False,False
2017-W34,electronics,10,547.75,2133.28,1316.74,2058.78,4766.76,0.0,-1.2,False,0.0,0,49.8,0.0,0.2567642316057901,0.6201550387596899,-0.3891602458337657,1,False,False,False
2017-W35,electronics,14,736.75,2110.5,1345.74,2058.78,4801.97,0.0,-1.02,False,0.0,0,52.63,0.0,0.3490878938640133,0.8682170542635659,-0.3880623724593683,1,False,False,False
2017-W36,electronics,11,1039.74,1911.93,1424.41,1464.2,4760.75,0.0,-0.61,False,0.0,0,79.98,0.0,0.5438169807472031,0.7213114754098361,-0.3648378104372995,1,False,False,False
2017-W37,electronics,17,1927.38,1553.76,1193.1,1087.97,3939.96,0.0,0.31,False,0.0,0,107.08,0.0,1.2404618473895583,1.2830188679245282,-0.3713749768965225,1,False,False,False
2017-W38,electronics,15,1179.83,1349.31,904.96,1087.97,3159.22,0.0,-0.19,False,0.0,0,78.66,0.0,0.8743950611794176,1.1538461538461537,-0.354843057454483,1,False,False,False
2017-W39,electronics,17,1210.48,1272.76,887.88,1087.97,3048.52,0.0,-0.07,False,0.0,0,63.71,0.0,0.9510669725635627,1.2710280373831775,-0.36138760221546784,1,False,False,False
2017-W40,electronics,8,391.24,1282.05,886.64,1109.78,3055.32,0.0,-1.0,False,0.0,0,48.91,0.0,0.3051675051675052,0.5871559633027523,-0.389662852018924,1,False,False,False
2017-W41,electronics,10,1098.57,936.79,512.85,888.24,1962.48,0.0,0.32,False,0.0,0,109.86,0.0,1.1726961218629575,0.8,-0.3741005854895469,1,False,False,False
2017-W42,electronics,13,2768.25,1016.47,476.63,1069.16,1969.72,63.21,3.68,True,0.0,0,173.02,0.0,2.723395673261385,1.0196078431372548,-0.4969421476185745,1,False,False,False
2017-W43,electronics,12,619.84,1294.03,739.01,1139.2,2772.05,0.0,-0.91,False,0.0,0,47.68,0.0,0.47899971407154396,0.9142857142857143,-0.3805245091220567,1,False,False,False
2017-W44,electronics,16,3456.61,1279.42,752.63,1139.2,2784.68,0.0,2.89,True,0.0,0,157.12,0.0,2.701700770661706,1.2427184466019416,-0.4773105840026275,1,False,False,False
2017-W45,electronics,25,1474.88,1581.52,1063.54,1195.16,3708.6,0.0,-0.1,False,0.0,0,56.73,0.0,0.9325711973291518,1.8518518518518519,-0.37492813723613216,1,False,False,False
2017-W46,electronics,23,1954.45,1524.96,1054.51,1195.16,3633.98,0.0,0.41,False,0.0,0,72.39,0.0,1.2816401741685028,1.5862068965517242,-0.3896911623447011,1,False,False,False
2017-W47,electronics,61,5491.89,1621.79,1053.85,1342.68,3729.5,0.0,3.67,True,0.0,0,81.97,0.0,3.386313887741323,3.935483870967742,-0.5526346627584163,1,False,False,False
2017-W48,electronics,72,9808.37,2156.97,1702.58,1714.66,5562.13,0.0,4.49,True,0.0,0,112.74,0.0,4.547290875626458,3.4285714285714284,-0.6228679798842773,-1,True,False,False
2017-W49,electronics,56,4355.32,3334.11,3038.62,2361.35,9411.34,0.0,0.34,False,0.0,0,48.94,0.0,1.3062916340492663,1.9310344827586208,-0.42710069668510536,1,False,False,False
2017-W50,electronics,49,2910.33,3741.2,2911.84,3112.43,9564.89,0.0,-0.29,False,0.0,0,57.07,0.0,0.7779135036886561,1.410071942446043,-0.3783543883309008,1,False,False,False
2017-W51,electronics,32,3079.29,3758.96,2905.49,3183.47,9569.94,0.0,-0.23,False,0.0,0,83.22,0.0,0.819186689935514,0.8152866242038217,-0.36838466577936135,1,False,False,False
2017-W52,electronics,32,1742.12,4066.39,2644.26,3267.95,9354.91,0.0,-0.88,False,0.0,0,48.39,0.0,0.42841931049407456,0.7664670658682635,-0.3925057485617031,1,False,False,False
2018-W01,electronics,78,6794.6,3852.08,2767.35,2994.81,9386.79,0.0,1.06,False,0.0,0,79.94,0.0,1.7638782164441031,1.782857142857143,-0.5020453887785693,1,False,False,False
2018-W02,electronics,73,6750.35,4517.05,2753.64,3717.3,10024.32,0.0,0.81,False,0.0,0,83.34,0.0,1.4944156031037956,1.4491315136476426,-0.47407650853917654,1,False,False,False
2018-W03,electronics,79,6988.57,5116.53,2635.56,4923.6,10387.66,0.0,0.71,False,0.0,0,79.42,0.0,1.365880782483441,1.3951434878587197,-0.48232585238454245,1,False,False,False
2018-W04,electronics,61,3570.7,5303.62,2717.85,5552.84,10739.32,0.0,-0.64,False,0.0,0,53.29,0.0,0.6732571338067207,1.0360934182590233,-0.41612750182125985,1,False,False,False
2018-W05,electronics,77,9861.97,4523.91,2054.74,3963.01,8633.38,414.44,2.6,True,0.0,0,110.81,0.0,2.1799660028603576,1.3391304347826087,-0.5871668784701236,1,False,False,False
2018-W06,electronics,75,4665.88,5212.24,2783.36,5160.52,10778.96,0.0,-0.2,False,0.0,0,61.39,0.0,0.895177505256857,1.2474012474012475,-0.4274406232187913,1,False,False,False
2018-W07,electronics,72,5480.44,5431.68,2641.54,5708.12,10714.76,148.61,0.02,False,0.0,0,67.66,0.0,1.0089769647696476,1.136094674556213,-0.42649175513391396,1,False,False,False
2018-W08,electronics,78,5501.99,5731.83,2466.69,6115.4,10665.22,798.44,-0.09,False,0.0,0,63.98,0.0,0.9599011136059513,1.1407678244972577,-0.44927232887506113,1,False,False,False
2018-W09,electronics,63,4465.05,6201.81,1888.31,6126.17,9978.43,2425.19,-0.92,False,0.0,1,62.89,0.015873015873015872,0.7199591732091115,0.8499156829679595,-0.4946815475373987,1,False,False,False
2018-W10,electronics,54,3788.68,5910.62,1962.02,5491.22,9834.65,1986.58,-1.08,False,0.0,0,64.21,0.0,0.6409953608927659,0.7474048442906575,-0.3974875027800225,1,False,False,False
2018-W11,electronics,64,6654.63,5540.41,2058.0,5073.16,9656.42,1424.4,0.54,False,0.0,0,93.73,0.0,1.2011078602486098,0.9159212880143113,-0.46388059754595057,1,False,False,False
2018-W12,electronics,54,4993.95,5498.67,2027.6,5073.16,9553.86,1443.48,-0.25,False,0.0,0,86.1,0.0,0.9082105309102019,0.7941176470588235,-0.39847553858250945,1,False,False,False
2018-W13,electronics,47,3564.48,5676.57,1892.18,5237.2,9460.94,1892.21,-1.12,False,0.0,0,68.55,0.0,0.6279284849830091,0.7001862197392924,-0.3850307666273873,1,False,False,False
2018-W14,electronics,48,3533.76,4889.39,1003.47,4829.92,6896.32,2882.46,-1.35,False,0.0,0,72.12,0.0,0.7227404645569284,0.757396449704142,-0.3916850465765775,1,False,False,False
2018-W15,electronics,43,3570.48,4747.87,1113.31,4729.5,6974.48,2521.26,-1.06,False,0.0,0,77.62,0.0,0.752017220353548,0.7166666666666667,-0.37506321326799613,1,False,False,False
2018-W16,electronics,37,3108.07,4509.13,1138.28,4126.86,6785.69,2232.57,-1.23,False,0.0,0,74.0,0.0,0.6892837420965907,0.656319290465632,-0.3831990995041499,1,False,False,False
2018-W17,electronics,58,4585.27,4209.89,1154.53,3679.58,6518.95,1900.83,0.33,False,0.0,0,72.78,0.0,1.0891662252457903,1.1317073170731706,-0.399965660194886,1,False,False,False
2018-W18,electronics,49,3351.66,4224.92,1159.1,3679.58,6543.11,1906.72,-0.75,False,0.0,1,65.72,0.02040816326530612,0.7933073288961684,0.9679012345679012,-0.46983597117015363,1,False,False,False
2018-W19,electronics,69,4141.72,4170.29,1192.42,3567.48,6555.12,1785.46,-0.02,False,0.0,0,57.52,0.0,0.9931491574926444,1.38,-0.4132470503276441,1,False,False,False
2018-W20,electronics,71,12451.41,3856.17,653.84,3567.48,5163.84,2548.5,13.15,True,0.0,0,150.02,0.0,3.228957748232054,1.4024691358024692,-0.694442719827423,-1,True,False,False
2018-W21,electronics,27,4506.12,4788.36,3131.05,3567.48,11050.46,0.0,-0.09,False,0.0,1,166.89,0.037037037037037035,0.9410570633786933,0.5118483412322274,-0.5250508515508082,1,False,False,False
2018-W22,electronics,29,1475.71,4906.06,3095.97,3856.1,11098.0,0.0,-1.11,False,0.0,0,49.19,0.0,0.30079330460695547,0.5771144278606966,-0.40357316527633275,1,False,False,False
2018-W23,electronics,39,2462.39,4648.8,3304.76,3856.1,11258.32,0.0,-0.66,False,0.0,0,60.06,0.0,0.5296829289278954,0.814621409921671,-0.3864125741323285,1,False,False,False
2018-W24,electronics,41,6334.75,4510.29,3378.8,3746.69,11267.9,0.0,0.54,False,0.0,0,129.28,0.0,1.4045105747080564,0.8654353562005277,-0.43681336511809776,1,False,False,False
2018-W25,electronics,43,4803.66,4913.63,3380.09,4323.92,11673.81,0.0,-0.03,False,0.0,0,102.21,0.0,0.97761939747193,0.8981723237597912,-0.3911591745531244,1,False,False,False
2018-W26,electronics,44,3717.05,4940.93,3377.94,4323.92,11696.81,0.0,-0.36,False,0.0,0,72.88,0.0,0.7522976443705942,0.9565217391304348,-0.36862795204899274,1,False,False,False
2018-W27,electronics,22,1587.82,4986.6,3355.78,4323.92,11698.16,0.0,-1.01,False,0.0,0,72.17,0.0,0.3184173585208358,0.48484848484848486,-0.37846513178167,1,False,False,False
2018-W28,electronics,27,2194.53,4667.36,3562.73,4111.58,11792.83,0.0,-0.69,False,0.0,0,75.67,0.0,0.47018657228068983,0.6835443037974683,-0.3725249609578215,1,False,False,False
2018-W29,electronics,40,13759.26,3385.25,1741.28,3089.72,6867.82,0.0,5.96,True,0.0,5,280.8,0.125,4.064473820249613,1.1764705882352942,-0.7452746946610765,-1,True,False,False
2018-W30,electronics,36,3032.68,4541.9,4086.31,3089.72,12714.52,0.0,-0.37,False,0.0,2,77.76,0.05555555555555555,0.6677117505889606,1.0105263157894737,-0.5132861209974475,1,False,False,False
2018-W31,electronics,35,6349.31,4736.52,3954.36,3374.86,12645.24,0.0,0.41,False,0.0,0,167.09,0.0,1.34050104295981,0.958904109589041,-0.4467101625690595,1,False,False,False
2018-W32,electronics,49,5045.56,5222.38,3872.98,4260.35,12968.34,0.0,-0.05,False,0.0,0,95.2,0.0,0.9661418740114661,1.3611111111111112,-0.39311547945169095,1,False,False,False
2018-W33,electronics,27,2261.03,5061.23,3846.81,4260.35,12754.86,0.0,-0.73,False,0.0,0,83.74,0.0,0.44673527976401,0.7297297297297297,-0.37440445358156826,1,False,False,False
2018-W34,electronics,16,2276.61,4743.4,3974.07,3374.86,12691.54,0.0,-0.62,False,0.0,0,142.29,0.0,0.4799531981279252,0.45714285714285713,-0.39749783628426766,1,False,False,False
2016-W40,fashio_female_clothing,1,69.63,,,,,,0.0,False,,0,69.63,0.0,1.0,0.031746031746031744,-0.4010824543223051,1,False,False,False
2017-W04,fashio_female_clothing,2,102.81,,,,,,0.0,False,,0,51.41,0.0,1.0,0.06926406926406926,-0.5002808017401739,1,False,False,False
2017-W06,fashio_female_clothing,1,134.0,,,,,,0.0,False,,0,134.0,0.0,1.0,0.038834951456310676,-0.42494442542463196,1,False,False,False
2017-W07,fashio_female_clothing,1,149.09,,,,,,0.0,False,,0,149.09,0.0,1.0,0.04790419161676647,-0.4367595023940597,1,False,False,False
2017-W08,fashio_female_clothing,2,236.68,113.88,35.24,118.4,184.36,43.41,3.48,True,0.0,0,118.34,0.0,2.0783280646294346,0.12121212121212122,-0.5581747451391086,1,False,False,False
2017-W11,fashio_female_clothing,1,30.86,138.44,62.83,134.0,264.09,12.79,-1.71,False,0.0,0,30.86,0.0,0.22291245304825194,0.08080808080808081,-0.49917711339874193,1,False,False,False
2017-W15,fashio_female_clothing,1,171.69,120.51,71.32,118.4,263.15,0.0,0.72,False,0.0,0,171.69,0.0,1.4246950460542693,0.1568627450980392,-0.48803428948242633,1,False,False,False
2017-W18,fashio_female_clothing,1,70.03,127.82,67.92,134.0,263.66,0.0,-0.85,False,0.0,0,70.03,0.0,0.5478798310123612,0.32,-0.38354731481560944,1,False,False,False
2017-W20,fashio_female_clothing,4,415.6,120.6,66.12,118.4,252.83,0.0,4.46,True,0.0,0,103.9,0.0,3.446102819237148,3.2,-0.682622648646546,1,False,False,False
2017-W23,fashio_female_clothing,2,119.2,163.84,119.56,141.55,402.97,0.0,-0.37,False,0.0,0,59.6,0.0,0.7275390625,1.2307692307692308,-0.48361523802117334,1,False,False,False
2017-W24,fashio_female_clothing,1,80.1,165.89,118.5,141.55,402.9,0.0,-0.72,False,0.0,0,80.1,0.0,0.4828500813792272,0.6153846153846154,-0.38475699359283266,1,False,False,False
2017-W26,fashio_female_clothing,1,58.94,159.16,122.05,134.15,403.27,0.0,-0.82,False,0.0,0,58.94,0.0,0.37031917567227945,0.6153846153846154,-0.3895019637991267,1,False,False,False
2017-W29,fashio_female_clothing,1,78.7,147.89,127.17,99.65,402.23,0.0,-0.54,False,0.0,0,78.7,0.0,0.5321522753397796,0.6153846153846154,-0.3701325320763675,1,False,False,False
2017-W30,fashio_female_clothing,1,78.7,128.14,123.63,79.4,375.4,0.0,-0.4,False,0.0,0,78.7,0.0,0.6141719993756829,0.6666666666666666,-0.36971680595687095,1,False,False,False
2017-W31,fashio_female_clothing,2,207.0,134.12,119.33,79.4,372.79,0.0,0.61,False,0.0,0,103.5,0.0,1.5433939755442887,1.3333333333333333,-0.5192411781572768,1,False,False,False
2017-W32,fashio_female_clothing,1,72.68,138.53,121.56,79.4,381.64,0.0,-0.54,False,0.0,0,72.68,0.0,0.5246516999927814,0.6153846153846154,-0.3688712032369038,1,False,False,False
2017-W33,fashio_female_clothing,2,104.03,138.86,121.35,79.4,381.56,0.0,-0.29,False,0.0,0,52.02,0.0,0.7491718277401699,1.2307692307692308,-0.48482576969471664,1,False,False,False
2017-W35,fashio_female_clothing,1,62.1,99.92,47.16,79.4,194.24,5.6,-0.8,False,0.0,0,62.1,0.0,0.6214971977582066,0.7272727272727273,-0.3859316212079452,1,False,False,False
2017-W37,fashio_female_clothing,1,304.32,92.78,48.14,78.7,189.06,0.0,4.39,True,0.0,0,152.16,0.0,3.2800172450959257,0.8,-0.5516614647205916,1,False,False,False
2017-W38,fashio_female_clothing,1,216.05,120.81,88.26,78.7,297.32,0.0,1.08,False,0.0,0,216.05,0.0,1.7883453356510224,0.8,-0.5460515442129337,1,False,False,False
2017-W46,fashio_female_clothing,1,31.75,140.45,89.99,91.36,320.42,0.0,-1.21,False,0.0,0,31.75,0.0,0.22605909576361696,0.8,-0.46169222908109275,1,False,False,False
2017-W47,fashio_female_clothing,1,45.09,134.58,95.92,91.36,326.42,0.0,-0.93,False,0.0,0,45.09,0.0,0.3350423539901917,0.8,-0.40149035038296277,1,False,False,False
2017-W48,fashio_female_clothing,1,39.08,130.38,99.39,88.36,329.16,0.0,-0.92,False,0.0,0,39.08,0.0,0.2997392238073324,0.8,-0.4160249238470933,1,False,False,False
2018-W03,fashio_female_clothing,1,78.7,109.39,98.63,67.39,306.64,0.0,-0.31,False,0.0,0,78.7,0.0,0.7194441905110156,0.8888888888888888,-0.3752712245014159,1,False,False,False
2018-W04,fashio_female_clothing,1,39.08,110.14,98.33,70.4,306.8,0.0,-0.72,False,0.0,0,39.08,0.0,0.35482113673506444,0.8888888888888888,-0.41076857442741177,1,False,False,False
2018-W05,fashio_female_clothing,1,78.7,102.02,101.54,53.6,305.09,0.0,-0.23,False,0.0,0,78.7,0.0,0.7714173691433053,1.0,-0.37813395345932266,1,False,False,False
2018-W07,fashio_female_clothing,1,45.09,104.1,100.77,61.9,305.64,0.0,-0.59,False,0.0,0,45.09,0.0,0.4331412103746398,1.0,-0.39260038409722314,1,False,False,False
2018-W12,fashio_female_clothing,1,618.08,71.69,61.03,45.09,193.76,0.0,8.95,True,0.0,0,154.52,0.0,8.621565071837077,1.0,-0.6889737237671176,-1,True,False,False
2018-W17,fashio_female_clothing,1,1090.75,121.95,201.27,45.09,524.49,0.0,4.81,True,0.0,0,218.15,0.0,8.944239442394423,1.0,-0.704555249528254,-1,True,False,False
2018-W32,fashio_female_clothing,1,57.17,254.32,391.67,61.9,1037.66,0.0,-0.5,False,0.0,0,57.17,0.0,0.22479553318653667,1.0,-0.39224192031590194,1,False,False,False
2018-W34,fashio_female_clothing,1,223.92,255.83,390.77,67.94,1037.37,0.0,-0.08,False,0.0,0,111.96,0.0,0.8752687331431027,1.0,-0.4369283966965117,1,False,False,False
2016-W40,fashion_bags_accessories,6,617.21,,,,,,0.0,False,,1,88.17,0.16666666666666666,1.0,6.0,-0.5980494628429817,-1,True,False,False
2016-W41,fashion_bags_accessories,2,121.54,,,,,,0.0,False,,0,60.77,0.0,1.0,1.2307692307692308,-0.42585832693008996,1,False,False,False
2016-W51,fashion_bags_accessories,1,19.62,,,,,,0.0,False,,0,19.62,0.0,1.0,0.5714285714285714,-0.5015225641052127,1,False,False,False
2017-W01,fashion_bags_accessories,10,317.95,,,,,,0.0,False,,0,31.79,0.0,1.0,5.714285714285714,-0.44511219086321785,1,False,False,False
2017-W02,fashion_bags_accessories,2,163.39,269.08,263.05,219.74,795.17,0.0,-0.4,False,0.0,0,81.7,0.0,0.6072171844804519,0.6956521739130435,-0.42259369775326167,1,False,False,False
2017-W03,fashion_bags_accessories,4,506.01,247.94,232.66,163.39,713.26,0.0,1.11,False,0.0,0,101.2,0.0,2.0408566588690813,1.3333333333333333,-0.46315513367769134,1,False,False,False
2017-W04,fashion_bags_accessories,13,1632.32,290.95,233.25,240.67,757.44,0.0,5.75,True,0.0,0,81.62,0.0,5.610311050008592,3.8518518518518516,-0.6327565791443325,-1,True,False,False
2017-W05,fashion_bags_accessories,10,1124.75,482.58,549.89,317.95,1582.35,0.0,1.17,False,0.0,0,102.25,0.0,2.3307016453230553,2.051282051282051,-0.4281349138506638,1,False,False,False
2017-W06,fashion_bags_accessories,14,1231.77,562.85,557.43,411.98,1677.7,0.0,1.2,False,0.0,0,82.12,0.0,2.1884516300968286,2.3333333333333335,-0.4269143874853357,1,False,False,False
2017-W07,fashion_bags_accessories,6,747.29,639.67,606.2,411.98,1852.07,0.0,0.18,False,0.0,0,93.41,0.0,1.168243000297028,0.8571428571428571,-0.390469139534444,1,False,False,False
2017-W08,fashion_bags_accessories,5,399.75,717.89,569.03,626.65,1855.94,0.0,-0.56,False,0.0,0,79.95,0.0,0.5568401844293694,0.6666666666666666,-0.40494741769159376,1,False,False,False
2017-W09,fashion_bags_accessories,7,1162.25,765.4,515.77,626.65,1796.94,0.0,0.77,False,0.0,0,116.22,0.0,1.5184870655866214,0.875,-0.40995060110718873,1,False,False,False
2017-W10,fashion_bags_accessories,10,847.38,870.94,497.18,936.02,1865.29,0.0,-0.05,False,0.0,0,65.18,0.0,0.9729487679977954,1.3114754098360655,-0.3823255505842181,1,False,False,False
2017-W11,fashion_bags_accessories,14,1967.1,956.44,409.13,986.06,1774.71,138.17,2.47,True,0.0,0,115.71,0.0,2.0566893898205842,1.6231884057971016,-0.45165055393263737,1,False,False,False
2017-W12,fashion_bags_accessories,19,1405.6,1139.08,496.19,1143.5,2131.46,146.7,0.54,False,0.0,0,73.98,0.0,1.2339782982758016,1.9240506329113924,-0.3677406170549766,1,False,False,False
2017-W13,fashion_bags_accessories,15,1849.19,1110.74,469.76,1143.5,2050.27,171.21,1.57,False,0.0,0,108.78,0.0,1.6648270522354467,1.411764705882353,-0.4023293814563262,1,False,False,False
2017-W14,fashion_bags_accessories,8,943.68,1201.29,537.76,1197.01,2276.8,125.78,-0.48,False,0.0,0,94.37,0.0,0.7855555278076068,0.7111111111111111,-0.3755564074401426,1,False,False,False
2017-W15,fashion_bags_accessories,13,1309.87,1165.28,545.02,1052.96,2255.32,75.24,0.27,False,0.0,0,93.56,0.0,1.1240817657558697,1.2380952380952381,-0.36064830925072633,1,False,False,False
2017-W16,fashion_bags_accessories,9,970.91,1235.6,519.06,1236.06,2273.72,197.48,-0.51,False,0.0,0,88.26,0.0,0.7857801877630302,0.7912087912087912,-0.3700481257239645,1,False,False,False
2017-W17,fashion_bags_accessories,14,1014.01,1307.0,416.89,1236.06,2140.78,473.21,-0.7,False,0.0,0,67.6,0.0,0.7758301453710787,1.1789473684210525,-0.3679642648633996,1,False,False,False
2017-W18,fashion_bags_accessories,20,3194.05,1288.47,427.41,1161.94,2143.28,433.65,4.46,True,0.0,0,122.85,0.0,2.4789478994466307,1.5686274509803921,-0.5117603811433541,1,False,False,False
2017-W19,fashion_bags_accessories,16,1600.8,1581.8,758.48,1357.74,3098.77,64.84,0.03,False,0.0,0,88.93,0.0,1.012011632317613,1.1428571428571428,-0.3502292515430874,1,False,False,False
2017-W20,fashion_bags_accessories,30,3167.87,1536.01,742.79,1357.74,3021.6,50.43,2.2,True,0.0,0,77.27,0.0,2.062401937487386,2.1052631578947367,-0.43552289577023073,1,False,False,False
2017-W21,fashion_bags_accessories,24,2536.09,1756.3,935.03,1455.34,3626.35,0.0,0.83,False,0.0,0,93.93,0.0,1.4439959004725846,1.536,-0.369729556031636,1,False,False,False
2017-W22,fashion_bags_accessories,20,1991.17,1842.16,975.44,1455.34,3793.04,0.0,0.15,False,0.0,0,86.57,0.0,1.080888739306032,1.1940298507462686,-0.34806895207093164,1,False,False,False
2017-W23,fashion_bags_accessories,24,2518.15,1973.1,905.4,1795.98,3783.89,162.3,0.6,False,0.0,0,89.93,0.0,1.276240433835082,1.3150684931506849,-0.3547170966476868,1,False,False,False
2017-W24,fashion_bags_accessories,19,2666.32,2124.13,879.36,2254.66,3882.85,365.41,0.62,False,0.0,0,126.97,0.0,1.2552527387683428,0.9681528662420382,-0.37856129982094966,1,False,False,False
2017-W25,fashion_bags_accessories,13,1284.77,2336.06,757.6,2527.12,3851.25,820.86,-1.39,False,0.0,0,98.83,0.0,0.5499730315146015,0.6227544910179641,-0.3878587419254151,1,False,False,False
2017-W26,fashion_bags_accessories,12,1207.66,2369.9,693.43,2527.12,3756.76,983.05,-1.68,False,0.0,1,80.51,0.08333333333333333,0.5095826828136208,0.5783132530120482,-0.5415577573487151,1,False,False,False
2017-W27,fashion_bags_accessories,13,1419.3,2121.6,711.56,2254.66,3544.73,698.47,-0.99,False,0.0,0,88.71,0.0,0.6689762443438914,0.6582278481012658,-0.3633128197394352,1,False,False,False
2017-W28,fashion_bags_accessories,20,2111.06,2098.92,733.11,2254.66,3565.14,632.7,0.02,False,0.0,0,91.79,0.0,1.0057839269719664,1.032258064516129,-0.3487079854853369,1,False,False,False
2017-W29,fashion_bags_accessories,19,1537.88,1966.82,595.22,2051.11,3157.26,776.37,-0.72,False,0.0,0,69.9,0.0,0.78191191873176,1.0482758620689656,-0.35422399626774703,1,False,False,False
2017-W30,fashion_bags_accessories,21,1296.59,1842.04,562.57,1764.52,2967.18,716.9,-0.97,False,0.0,0,54.02,0.0,0.7038880806062843,1.2,-0.4083543165913454,1,False,False,False
2017-W31,fashion_bags_accessories,20,2221.1,1755.22,589.23,1478.59,2933.68,576.75,0.79,False,0.0,1,88.84,0.05,1.2654254167568737,1.1347517730496455,-0.48317433044035996,1,False,False,False
2017-W32,fashion_bags_accessories,16,2161.99,1718.08,541.73,1478.59,2801.55,634.62,0.82,False,0.0,0,102.95,0.0,1.2583756286086794,0.9343065693430657,-0.36748946335803345,1,False,False,False
2017-W33,fashion_bags_accessories,30,3086.39,1655.04,434.32,1478.59,2523.68,786.41,3.3,True,0.0,0,85.73,0.0,1.864843145784996,1.791044776119403,-0.4499217282532261,1,False,False,False
2017-W34,fashion_bags_accessories,19,1716.96,1880.25,635.42,1824.47,3151.09,609.4,-0.26,False,0.0,0,90.37,0.0,0.9131551655364978,1.0066225165562914,-0.34423684706547863,1,False,False,False
2017-W35,fashion_bags_accessories,16,2162.13,1943.91,581.65,1914.01,3107.2,780.61,0.38,False,0.0,0,120.12,0.0,1.1122582835625106,0.810126582278481,-0.371087688169922,1,False,False,False
2017-W36,fashion_bags_accessories,18,3638.39,2036.76,544.01,2136.52,3124.78,948.74,2.94,True,0.0,0,151.6,0.0,1.7863616724601818,0.8944099378881988,-0.4875001673199705,1,False,False,False
2017-W37,fashion_bags_accessories,31,9514.66,2227.68,787.38,2162.06,3802.43,652.93,9.25,True,0.0,0,211.44,0.0,4.2711071608130435,1.559748427672956,-0.7416053804050762,-1,True,False,False
2017-W38,fashion_bags_accessories,27,2920.56,3224.78,2646.03,2191.61,8516.84,0.0,-0.11,False,0.0,0,94.21,0.0,0.9056617815788983,1.263157894736842,-0.3590052361336831,1,False,False,False
2017-W39,fashion_bags_accessories,21,3018.59,3427.77,2537.02,2570.83,8501.82,0.0,-0.16,False,0.0,0,131.24,0.0,0.880627930111997,0.9491525423728814,-0.3957116921597215,1,False,False,False
2017-W40,fashion_bags_accessories,22,1800.04,3527.46,2498.21,2969.58,8523.87,0.0,-0.69,False,0.0,0,72.0,0.0,0.5102935256530194,0.9887640449438202,-0.3630622133303977,1,False,False,False
2017-W41,fashion_bags_accessories,24,4231.49,3482.21,2529.55,2969.58,8541.31,0.0,0.3,False,0.0,1,141.05,0.041666666666666664,1.215173697163583,1.0434782608695652,-0.5401849209578344,1,False,False,False
2017-W42,fashion_bags_accessories,21,3575.67,3625.35,2536.34,2969.58,8698.03,0.0,-0.02,False,0.0,0,132.43,0.0,0.9862964955107784,0.9438202247191011,-0.4034207787148066,1,False,False,False
2017-W43,fashion_bags_accessories,25,2439.29,3857.69,2418.97,3297.13,8695.63,0.0,-0.59,False,0.0,0,84.11,0.0,0.6323188229225262,1.1111111111111112,-0.35574129373992913,1,False,False,False
2017-W44,fashion_bags_accessories,16,1158.7,3892.34,2393.06,3297.13,8678.46,0.0,-1.14,False,0.0,0,64.37,0.0,0.29768725239830024,0.6772486772486772,-0.39611657683338547,1,False,False,False
2017-W45,fashion_bags_accessories,25,2163.62,3582.38,2583.65,2969.58,8749.68,0.0,-0.55,False,0.0,1,67.61,0.04,0.6039616121126178,1.0695187165775402,-0.46020912373072237,1,False,False,False
2017-W46,fashion_bags_accessories,33,3652.71,2663.5,985.1,2679.92,4633.69,693.3,1.0,False,0.0,0,101.46,0.0,1.3713947813027971,1.4585635359116023,-0.3912636328974532,1,False,False,False
2017-W47,fashion_bags_accessories,84,9106.34,2755.01,1044.61,2728.94,4844.23,665.8,6.08,True,0.0,0,89.28,0.0,3.305374572143114,3.593582887700535,-0.7340728260203032,-1,True,False,False
2017-W48,fashion_bags_accessories,47,4279.61,3515.98,2486.41,3007.48,8488.81,0.0,0.31,False,0.0,0,80.75,0.0,1.2171883799111485,1.504,-0.4950414225701322,1,False,False,False
2017-W49,fashion_bags_accessories,30,3349.36,3825.93,2394.81,3614.19,8615.55,0.0,-0.2,False,0.0,0,98.51,0.0,0.8754368218968983,0.8727272727272727,-0.3791873092127365,1,False,False,False
2017-W50,fashion_bags_accessories,31,4322.18,3715.66,2393.78,3462.52,8503.22,0.0,0.25,False,0.0,0,116.82,0.0,1.1632334497774286,0.8825622775800712,-0.4208867071471671,1,False,False,False
2017-W51,fashion_bags_accessories,20,1928.64,3808.98,2402.08,3501.04,8613.13,0.0,-0.78,False,0.0,0,87.67,0.0,0.5063402800749808,0.5498281786941581,-0.35573862723794963,1,False,False,False
2017-W52,fashion_bags_accessories,25,2805.97,3745.14,2449.98,3501.04,8645.11,0.0,-0.38,False,0.0,0,77.94,0.0,0.7492296683168053,0.6993006993006993,-0.3591564408395351,1,False,False,False
2018-W01,fashion_bags_accessories,26,2624.59,3951.05,2263.69,3501.04,8478.43,0.0,-0.59,False,0.0,0,87.49,0.0,0.6642765847053315,0.7050847457627119,-0.35753006374748475,1,False,False,False
2018-W02,fashion_bags_accessories,32,2179.89,4008.68,2217.08,3501.04,8442.83,0.0,-0.82,False,0.0,0,62.28,0.0,0.5437924703393636,0.8648648648648649,-0.42056930239000045,1,False,False,False
2018-W03,fashion_bags_accessories,27,3226.27,3824.57,2310.06,3077.66,8444.69,0.0,-0.26,False,0.0,0,92.18,0.0,0.8435641130898375,0.7322033898305085,-0.36175865516209427,1,False,False,False
2018-W04,fashion_bags_accessories,21,2172.18,3089.56,885.89,3016.12,4861.34,1317.78,-1.04,False,0.0,0,103.44,0.0,0.7030709874545242,0.7058823529411765,-0.369232399298483,1,False,False,False
2018-W05,fashion_bags_accessories,21,1467.92,2826.14,789.56,2715.28,4405.26,1247.01,-1.72,False,0.0,0,69.9,0.0,0.5194080972634053,0.7924528301886793,-0.4039545770608729,1,False,False,False
2018-W06,fashion_bags_accessories,24,4920.32,2590.96,885.79,2402.24,4362.53,819.38,2.63,True,0.0,0,182.23,0.0,1.8990335628492911,0.9458128078817734,-0.5236389254107399,1,False,False,False
2018-W07,fashion_bags_accessories,23,1783.44,2665.72,1060.76,2402.24,4787.23,544.21,-0.83,False,0.0,0,71.34,0.0,0.6690275047641914,0.9387755102040817,-0.3610932509010863,1,False,False,False
2018-W08,fashion_bags_accessories,33,3458.12,2647.57,1076.3,2402.24,4800.17,494.98,0.75,False,0.0,0,98.8,0.0,1.3061486570704457,1.3266331658291457,-0.37917467647600356,1,False,False,False
2018-W09,fashion_bags_accessories,35,6378.67,2729.09,1114.04,2402.24,4957.18,501.0,3.28,True,0.0,0,172.4,0.0,2.3372882535936887,1.3526570048309179,-0.5635829645072239,1,False,False,False
2018-W10,fashion_bags_accessories,28,1958.35,3198.35,1700.19,2703.08,6598.73,0.0,-0.73,False,0.0,0,67.53,0.0,0.6123000922350587,1.037037037037037,-0.3814121523654654,1,False,False,False
2018-W11,fashion_bags_accessories,23,2585.74,3170.66,1720.83,2699.22,6612.31,0.0,-0.34,False,0.0,0,103.43,0.0,0.81552105870702,0.8679245283018868,-0.3487695399622592,1,False,False,False
2018-W12,fashion_bags_accessories,32,3465.67,3090.59,1732.73,2378.96,6556.05,0.0,0.22,False,0.0,0,101.93,0.0,1.1213619406003383,1.2307692307692308,-0.3729066380561712,1,False,False,False
2018-W13,fashion_bags_accessories,30,3126.42,3252.28,1694.72,3021.93,6641.72,0.0,-0.07,False,0.0,0,91.95,0.0,0.9613009949942809,1.095890410958904,-0.37759613798236386,1,False,False,False
2018-W14,fashion_bags_accessories,31,3489.65,3459.59,1539.6,3292.27,6538.79,380.39,0.02,False,0.0,1,102.64,0.03225806451612903,1.0086888908801332,1.087719298245614,-0.48899728723717256,1,False,False,False
2018-W15,fashion_bags_accessories,17,1542.96,3280.76,1424.48,3292.27,6129.71,431.8,-1.22,False,0.0,0,85.72,0.0,0.4703056608834538,0.5787234042553191,-0.3714265625349329,1,False,False,False
2018-W16,fashion_bags_accessories,15,927.33,3250.7,1462.61,3292.27,6175.93,325.47,-1.59,False,0.0,0,61.82,0.0,0.28527086473682595,0.5240174672489083,-0.4173921346049205,1,False,False,False
2018-W17,fashion_bags_accessories,23,7296.44,2934.35,1670.29,2856.08,6274.93,0.0,2.61,True,0.0,0,202.68,0.0,2.4865609078671596,0.8720379146919431,-0.5769893980682047,1,False,False,False
2018-W18,fashion_bags_accessories,30,7323.11,3049.07,1948.93,2856.08,6946.93,0.0,2.19,True,0.0,0,215.39,0.0,2.4017520096291656,1.2060301507537687,-0.5859866558485195,-1,True,False,False
2018-W19,fashion_bags_accessories,33,3541.91,3719.66,2392.5,3296.04,8504.67,0.0,-0.07,False,0.0,0,101.2,0.0,0.9522133743406656,1.3134328358208955,-0.38299607903174204,1,False,False,False
2018-W20,fashion_bags_accessories,24,3419.75,3839.19,2351.29,3477.66,8541.77,0.0,-0.18,False,0.0,0,117.92,0.0,0.890747787944853,0.909952606635071,-0.3744365354797346,1,False,False,False
2018-W21,fashion_bags_accessories,12,1083.96,3833.45,2352.39,3454.7,8538.22,0.0,-1.17,False,0.0,0,90.33,0.0,0.28276356806531977,0.4729064039408867,-0.40365640246087675,1,False,False,False
2018-W22,fashion_bags_accessories,17,1855.67,3578.14,2543.18,3454.7,8664.51,0.0,-0.68,False,0.0,0,84.35,0.0,0.5186130224082903,0.7351351351351352,-0.3540490156135861,1,False,False,False
2018-W23,fashion_bags_accessories,20,2504.4,3373.89,2615.88,2637.71,8605.65,0.0,-0.33,False,0.0,0,113.84,0.0,0.7422885749090813,0.935672514619883,-0.35443969322608604,1,False,False,False
2018-W24,fashion_bags_accessories,21,2806.69,3494.07,2540.75,2962.08,8575.58,0.0,-0.27,False,0.0,0,127.58,0.0,0.8032724015260141,0.9655172413793104,-0.3751712267760999,1,False,False,False
2018-W25,fashion_bags_accessories,15,2004.0,3728.99,2349.19,3113.22,8427.37,0.0,-0.73,False,0.0,0,100.2,0.0,0.5374109343280621,0.6666666666666666,-0.36948392567624955,1,False,False,False
2018-W26,fashion_bags_accessories,20,1862.76,3067.44,1904.07,2655.54,6875.58,0.0,-0.63,False,0.0,0,84.67,0.0,0.6072686018308426,0.9302325581395349,-0.3470470809339413,1,False,False,False
2018-W27,fashion_bags_accessories,10,628.21,2384.89,844.48,2254.2,4073.85,695.93,-2.08,True,67.72,0,62.82,0.0,0.2634125682945545,0.49382716049382713,-0.46364894053379324,1,False,True,False
2018-W28,fashion_bags_accessories,8,933.87,2020.68,900.64,1933.38,3821.96,219.4,-1.21,False,0.0,0,103.76,0.0,0.4621563038185165,0.460431654676259,-0.4084979094175179,1,False,False,False
2018-W29,fashion_bags_accessories,16,2085.12,1709.94,768.06,1859.22,3246.06,173.83,0.49,False,0.0,0,122.65,0.0,1.2194112074107863,1.0406504065040652,-0.378221908279716,1,False,False,False
2018-W30,fashion_bags_accessories,29,2887.06,1835.09,732.22,1933.38,3299.52,370.66,1.44,False,0.0,0,93.13,0.0,1.5732525380226583,1.8267716535433072,-0.39629076855285567,1,False,False,False
2018-W31,fashion_bags_accessories,42,3455.49,1964.01,821.69,2044.56,3607.39,320.63,1.82,False,0.0,0,75.12,0.0,1.7594055020086454,2.41726618705036,-0.45962438938490974,1,False,False,False
2018-W32,fashion_bags_accessories,32,2604.22,2082.9,967.0,2044.56,4016.9,148.9,0.54,False,0.0,0,81.38,0.0,1.2502856594171585,1.5900621118012421,-0.38042925440511527,1,False,False,False
2018-W33,fashion_bags_accessories,34,3471.52,2057.59,947.81,2044.56,3953.21,161.97,1.49,False,0.0,0,93.82,0.0,1.6871777176211002,1.5813953488372092,-0.40509176502099303,1,False,False,False
2018-W34,fashion_bags_accessories,21,1746.64,2241.03,1070.08,2344.67,4381.2,100.87,-0.46,False,0.0,0,79.39,0.0,0.7793916190323199,0.8795811518324608,-0.3455228265128589,1,False,False,False
2018-W35,fashion_bags_accessories,2,115.02,2226.52,1076.71,2344.67,4379.94,73.09,-1.96,False,0.0,0,57.51,0.0,0.051659091317392165,0.08333333333333333,-0.5344949654871468,1,False,False,False
2016-W40,fashion_male_clothing,1,35.86,,,,,,0.0,False,,0,35.86,0.0,1.0,1.0,-0.43971687349804994,1,False,False,False
2017-W03,fashion_male_clothing,1,159.11,,,,,,0.0,False,,0,159.11,0.0,1.0,1.0,-0.37888488779449386,1,False,False,False
2017-W05,fashion_male_clothing,2,174.21,,,,,,0.0,False,,0,87.11,0.0,1.0,2.0,-0.38433817997853603,1,False,False,False
2017-W06,fashion_male_clothing,2,153.9,,,,,,0.0,False,,0,51.3,0.0,1.0,1.7777777777777777,-0.4025911234517603,1,False,False,False
2017-W07,fashion_male_clothing,2,306.39,130.77,63.86,156.5,258.48,3.06,2.75,True,0.0,0,153.19,0.0,2.3429685707731127,1.6,-0.5033007716085441,1,False,False,False
2017-W08,fashion_male_clothing,1,128.52,165.89,96.06,159.11,358.01,0.0,-0.39,False,0.0,0,128.52,0.0,0.7747302429320635,0.7272727272727273,-0.37757499538366696,1,False,False,False
2017-W09,fashion_male_clothing,1,82.19,159.66,87.26,156.5,334.18,0.0,-0.89,False,0.0,0,82.19,0.0,0.5147814104973067,0.7272727272727273,-0.4022534858913813,1,False,False,False
2017-W10,fashion_male_clothing,1,29.42,148.6,84.87,153.9,318.33,0.0,-1.4,False,0.0,0,29.42,0.0,0.1979811574697174,0.7272727272727273,-0.4561635893964643,1,False,False,False
2017-W11,fashion_male_clothing,1,216.51,133.7,89.16,141.21,312.02,0.0,0.93,False,0.0,0,216.51,0.0,1.6193717277486912,0.7272727272727273,-0.47521962425445397,1,False,False,False
2017-W12,fashion_male_clothing,3,494.86,156.28,83.54,156.5,323.36,0.0,4.05,True,0.0,0,98.97,0.0,3.1664960327617098,2.1818181818181817,-0.5699111759021712,1,False,False,False
2017-W13,fashion_male_clothing,1,119.3,198.25,146.08,164.06,490.42,0.0,-0.54,False,0.0,0,119.3,0.0,0.601765447667087,0.6153846153846154,-0.38514552270012303,1,False,False,False
2017-W14,fashion_male_clothing,2,160.32,191.39,148.64,141.21,488.67,0.0,-0.21,False,0.0,0,80.16,0.0,0.8376613198181724,1.3333333333333333,-0.3859260256268098,1,False,False,False
2017-W16,fashion_male_clothing,3,277.07,192.19,148.43,144.42,489.05,0.0,0.57,False,0.0,0,92.36,0.0,1.4416462875279672,2.0,-0.4328132884493021,1,False,False,False
2017-W17,fashion_male_clothing,1,134.48,188.52,145.54,144.42,479.6,0.0,-0.37,False,0.0,0,67.24,0.0,0.7133460640780818,0.6153846153846154,-0.3827855232396084,1,False,False,False
2017-W19,fashion_male_clothing,1,127.44,189.27,145.2,147.4,479.68,0.0,-0.43,False,0.0,0,127.44,0.0,0.6733238231098431,0.6153846153846154,-0.3795429891949411,1,False,False,False
2017-W20,fashion_male_clothing,2,970.1,194.92,141.27,147.4,477.46,0.0,5.49,True,0.0,0,323.37,0.0,4.976913605581777,1.2307692307692308,-0.6882284443071721,-1,True,False,False
2017-W22,fashion_male_clothing,1,294.12,312.51,293.4,188.42,899.31,0.0,-0.06,False,0.0,0,98.04,0.0,0.9411538830757417,0.5714285714285714,-0.3958196873925395,1,False,False,False
2017-W23,fashion_male_clothing,2,202.66,322.21,291.05,218.7,904.3,0.0,-0.41,False,0.0,0,101.33,0.0,0.628968685019087,1.1428571428571428,-0.39747538519993425,1,False,False,False
2017-W24,fashion_male_clothing,4,332.32,285.69,284.55,181.49,854.78,0.0,0.16,False,0.0,0,66.46,0.0,1.1632188736042564,2.4615384615384617,-0.452369411894329,1,False,False,False
2017-W25,fashion_male_clothing,1,186.79,312.31,276.61,239.86,865.53,0.0,-0.45,False,0.0,0,186.79,0.0,0.5980916397169479,0.5,-0.3999417698142372,1,False,False,False
2017-W28,fashion_male_clothing,5,336.68,315.62,274.68,239.86,864.99,0.0,0.08,False,0.0,0,42.09,0.0,1.0667258095177745,2.6666666666666665,-0.5314891040359325,1,False,False,False
2017-W29,fashion_male_clothing,2,663.38,323.07,274.3,248.39,871.66,0.0,1.24,False,0.0,0,221.13,0.0,2.053363048255796,0.9411764705882353,-0.5079093467595674,1,False,False,False
2017-W30,fashion_male_clothing,1,155.63,389.19,285.84,313.22,960.87,0.0,-0.82,False,0.0,0,155.63,0.0,0.39988180580179344,0.4444444444444444,-0.4091986153524789,1,False,False,False
2017-W31,fashion_male_clothing,4,305.52,392.71,282.31,313.22,957.32,0.0,-0.31,False,0.0,0,76.38,0.0,0.7779786610985205,1.7777777777777777,-0.4607354596428277,1,False,False,False
2017-W32,fashion_male_clothing,1,64.0,309.64,158.97,299.82,627.57,0.0,-1.55,False,0.0,0,64.0,0.0,0.2066916419067304,0.4,-0.4321203669590982,1,False,False,False
2017-W33,fashion_male_clothing,3,1092.54,280.87,181.41,254.09,643.69,0.0,4.47,True,0.0,0,218.51,0.0,3.8898422757859508,1.2,-0.6190492936945163,1,False,False,False
2017-W34,fashion_male_clothing,4,367.41,392.11,334.68,318.92,1061.47,0.0,-0.07,False,0.0,0,45.93,0.0,0.937007472392951,1.5238095238095237,-0.4752478476673899,1,False,False,False
2017-W35,fashion_male_clothing,1,81.89,396.49,334.01,321.1,1064.52,0.0,-0.94,False,0.0,0,40.95,0.0,0.2065373653812202,0.38095238095238093,-0.41687626313734416,1,False,False,False
2017-W36,fashion_male_clothing,2,857.61,383.38,345.29,321.1,1073.96,0.0,1.37,False,0.0,0,122.52,0.0,2.236971151338098,0.7619047619047619,-0.5260526657541219,1,False,False,False
2017-W37,fashion_male_clothing,3,328.13,448.5,382.35,336.46,1213.21,0.0,-0.31,False,0.0,0,109.38,0.0,0.7316164994425864,1.3333333333333333,-0.42505469781042504,1,False,False,False
2017-W38,fashion_male_clothing,2,347.96,406.59,373.71,316.82,1154.02,0.0,-0.16,False,0.0,0,115.99,0.0,0.8558006837354584,0.8421052631578947,-0.40838101808858074,1,False,False,False
2017-W39,fashion_male_clothing,3,1353.05,430.63,361.24,338.04,1153.11,0.0,2.55,True,0.0,0,225.51,0.0,3.1420244757680607,1.2,-0.592993388553717,1,False,False,False
2017-W40,fashion_male_clothing,4,479.57,561.57,479.81,357.68,1521.19,0.0,-0.17,False,0.0,0,119.89,0.0,0.8539808038178677,1.6842105263157894,-0.4757691688778684,1,False,False,False
2017-W41,fashion_male_clothing,4,558.69,613.52,439.0,423.49,1491.52,0.0,-0.12,False,0.0,0,139.67,0.0,0.9106304602946931,1.4545454545454546,-0.500147218526358,1,False,False,False
2017-W44,fashion_male_clothing,5,1495.06,546.79,394.06,423.49,1334.91,0.0,2.41,True,0.0,0,186.88,0.0,2.7342489804129557,1.7391304347826086,-0.6655244059594669,-1,True,False,False
2017-W45,fashion_male_clothing,1,36.75,687.74,506.4,519.13,1700.54,0.0,-1.29,False,0.0,0,36.75,0.0,0.053435891470613894,0.3333333333333333,-0.4515714139008272,1,False,False,False
2017-W46,fashion_male_clothing,1,56.0,682.1,514.3,519.13,1710.71,0.0,-1.22,False,0.0,0,56.0,0.0,0.08209939891511508,0.3333333333333333,-0.4194680760260769,1,False,False,False
2017-W47,fashion_male_clothing,2,132.86,581.9,551.94,413.76,1685.77,0.0,-0.81,False,0.0,1,66.43,0.5,0.22832101735693422,0.6956521739130435,-0.634396294937415,-1,True,False,False
2017-W48,fashion_male_clothing,3,281.57,557.49,568.82,413.76,1695.13,0.0,-0.49,False,0.0,0,93.86,0.0,0.5050673554682595,1.0909090909090908,-0.446726737522939,1,False,False,False
2017-W49,fashion_male_clothing,2,140.43,549.19,572.79,380.57,1694.76,0.0,-0.71,False,0.0,0,70.22,0.0,0.25570385476793095,0.6956521739130435,-0.41871410298920625,1,False,False,False
2017-W50,fashion_male_clothing,1,61.84,397.62,483.1,211.0,1363.81,0.0,-0.7,False,0.0,0,61.84,0.0,0.1555253759871234,0.36363636363636365,-0.39804231104009813,1,False,False,False
2017-W51,fashion_male_clothing,1,329.87,345.4,495.39,136.65,1336.18,0.0,-0.03,False,0.0,0,329.87,0.0,0.955037637521714,0.42105263157894735,-0.5150806356105975,1,False,False,False
2018-W01,fashion_male_clothing,2,618.04,316.8,487.87,136.65,1292.53,0.0,0.62,False,0.0,0,206.01,0.0,1.9508838383838383,1.0,-0.5027089388057578,1,False,False,False
2018-W02,fashion_male_clothing,1,183.85,207.17,197.27,136.65,601.7,0.0,-0.12,False,0.0,0,183.85,0.0,0.8874354394941353,0.6153846153846154,-0.3854552215306912,1,False,False,False
2018-W04,fashion_male_clothing,1,58.6,225.56,185.62,162.14,596.8,0.0,-0.9,False,0.0,0,58.6,0.0,0.2597978364958326,0.6153846153846154,-0.3923580224497445,1,False,False,False
2018-W05,fashion_male_clothing,1,72.66,225.88,185.29,162.14,596.46,0.0,-0.83,False,0.0,0,72.66,0.0,0.3216752257836019,0.6153846153846154,-0.3876850369293655,1,False,False,False
2018-W08,fashion_male_clothing,2,268.36,218.36,190.75,162.14,599.85,0.0,0.26,False,0.0,0,134.18,0.0,1.2289796666056054,1.3333333333333333,-0.40245114093032675,1,False,False,False
2018-W09,fashion_male_clothing,1,178.5,216.71,190.18,162.14,597.06,0.0,-0.2,False,0.0,0,178.5,0.0,0.8236814175626412,0.7272727272727273,-0.3817362577648505,1,False,False,False
2018-W17,fashion_male_clothing,1,234.42,221.46,188.46,181.18,598.39,0.0,0.07,False,0.0,0,234.42,0.0,1.0585207260904903,0.8,-0.4374695621097236,1,False,False,False
2018-W19,fashion_male_clothing,1,149.87,243.04,177.12,209.14,597.27,0.0,-0.53,False,0.0,0,149.87,0.0,0.616647465437788,0.8,-0.38995003354514385,1,False,False,False
2018-W22,fashion_male_clothing,1,83.33,220.54,175.94,181.18,572.42,0.0,-0.78,False,0.0,0,83.33,0.0,0.37784528883649227,0.8,-0.38791597278226847,1,False,False,False
2018-W23,fashion_male_clothing,1,61.78,153.7,77.24,164.18,308.18,0.0,-1.19,False,0.0,0,61.78,0.0,0.4019518542615485,0.8888888888888888,-0.4040941552759592,1,False,False,False
2018-W25,fashion_male_clothing,1,195.16,138.44,82.33,116.6,303.09,0.0,0.69,False,0.0,0,97.58,0.0,1.4097081768275066,0.8888888888888888,-0.4406303579181743,1,False,False,False
2018-W26,fashion_male_clothing,3,311.74,155.51,77.42,164.18,310.34,0.68,2.02,True,0.0,0,103.91,0.0,2.0046299273358628,2.6666666666666665,-0.48156050728069083,1,False,False,False
2018-W29,fashion_male_clothing,1,43.17,185.4,86.48,186.83,358.36,12.43,-1.64,False,0.0,0,43.17,0.0,0.23284789644012946,0.7272727272727273,-0.4610576198671083,1,False,False,False
2018-W30,fashion_male_clothing,4,252.51,157.25,92.09,164.18,341.42,0.0,1.03,False,0.0,0,63.13,0.0,1.6057869634340223,3.2,-0.4955292845713297,1,False,False,False
2018-W31,fashion_male_clothing,1,250.91,166.5,98.05,172.52,362.6,0.0,0.86,False,0.0,0,250.91,0.0,1.506966966966967,0.6153846153846154,-0.49155099738928026,1,False,False,False
2018-W32,fashion_male_clothing,1,62.02,168.56,99.84,172.52,368.24,0.0,-1.07,False,0.0,0,62.02,0.0,0.36794019933554817,0.6153846153846154,-0.3969348057680225,1,False,False,False
2018-W33,fashion_male_clothing,1,154.05,157.58,106.78,139.24,371.13,0.0,-0.03,False,0.0,0,154.05,0.0,0.9775986800355375,0.6153846153846154,-0.3779102302235916,1,False,False,False
2016-W40,fashion_shoes,1,40.95,,,,,,0.0,False,,0,40.95,0.0,1.0,0.6153846153846154,-0.4611743632930451,1,False,False,False
2017-W03,fashion_shoes,1,49.01,,,,,,0.0,False,,0,49.01,0.0,1.0,0.6153846153846154,-0.44738513837930177,1,False,False,False
2017-W06,fashion_shoes,1,45.97,,,,,,0.0,False,,0,45.97,0.0,1.0,0.6153846153846154,-0.44722683806523694,1,False,False,False
2017-W07,fashion_shoes,1,222.8,,,,,,0.0,False,,0,111.4,0.0,1.0,0.7272727272727273,-0.405065712300017,1,False,False,False
2017-W09,fashion_shoes,2,220.02,89.68,88.81,47.49,267.3,0.0,1.47,False,0.0,0,110.01,0.0,2.4533898305084745,1.4545454545454546,-0.49588515491927915,1,False,False,False
2017-W10,fashion_shoes,2,479.99,115.75,96.5,49.01,308.75,0.0,3.77,True,0.0,0,68.57,0.0,4.146781857451404,1.7777777777777777,-0.5963767755217879,1,False,False,False
2017-W11,fashion_shoes,2,261.88,176.46,171.94,134.52,520.33,0.0,0.5,False,0.0,0,130.94,0.0,1.4840757112093392,1.6,-0.4083301514670687,1,False,False,False
2017-W12,fashion_shoes,5,639.83,188.66,160.24,220.02,509.14,0.0,2.82,True,0.0,0,127.97,0.0,3.3914449273825933,3.6363636363636362,-0.536406250103078,1,False,False,False
2017-W13,fashion_shoes,3,365.81,245.06,217.84,221.41,680.73,0.0,0.55,False,0.0,0,121.94,0.0,1.4927364727005632,1.6,-0.39531989714385396,1,False,False,False
2017-W14,fashion_shoes,3,426.36,285.66,204.21,242.34,694.08,0.0,0.69,False,0.0,0,106.59,0.0,1.4925435832808234,1.411764705882353,-0.41516418030123015,1,False,False,False
2017-W15,fashion_shoes,4,405.81,332.83,184.35,313.85,701.53,0.0,0.4,False,0.0,0,101.45,0.0,1.2192710993600337,1.6842105263157894,-0.40013401145911,1,False,False,False
2017-W16,fashion_shoes,6,525.24,377.81,143.8,385.81,665.41,90.22,1.03,False,0.0,0,87.54,0.0,1.3902225986607024,2.1818181818181817,-0.4542658848662701,1,False,False,False
2017-W17,fashion_shoes,6,937.62,415.62,136.81,416.08,689.24,142.0,3.82,True,0.0,0,117.2,0.0,2.255954958856648,1.7777777777777777,-0.5422718306603321,1,False,False,False
2017-W18,fashion_shoes,4,178.88,505.32,207.32,453.18,919.96,90.67,-1.57,False,0.0,0,44.72,0.0,0.3539935090635637,1.032258064516129,-0.48975827374771247,1,False,False,False
2017-W19,fashion_shoes,5,248.01,467.68,237.69,416.08,943.05,0.0,-0.92,False,0.0,0,49.6,0.0,0.5302984946972289,1.2121212121212122,-0.4728231201352072,1,False,False,False
2017-W20,fashion_shoes,5,317.38,465.94,239.45,416.08,944.84,0.0,-0.62,False,0.0,0,63.48,0.0,0.6811606644632356,1.1111111111111112,-0.43096576667498593,1,False,False,False
2017-W21,fashion_shoes,5,474.49,425.64,233.05,385.81,891.74,0.0,0.21,False,0.0,0,94.9,0.0,1.114768348839395,1.1111111111111112,-0.4152691998947205,1,False,False,False
2017-W22,fashion_shoes,6,1690.55,439.22,232.23,416.08,903.68,0.0,5.39,True,0.0,0,211.32,0.0,3.8489822867811117,1.263157894736842,-0.6851657385812928,-1,True,False,False
2017-W23,fashion_shoes,3,216.37,597.25,499.05,440.15,1595.36,0.0,-0.76,False,0.0,0,72.12,0.0,0.36227710339054,0.5853658536585366,-0.3820738323750268,1,False,False,False
2017-W24,fashion_shoes,5,767.53,573.57,513.72,395.94,1601.0,0.0,0.38,False,0.0,0,85.28,0.0,1.3381627351500252,1.0,-0.47601176728881545,1,False,False,False
2017-W25,fashion_shoes,3,210.01,603.85,517.59,395.94,1639.03,0.0,-0.76,False,0.0,0,70.0,0.0,0.3477850459551213,0.6153846153846154,-0.38487188450874743,1,False,False,False
2017-W26,fashion_shoes,4,226.72,512.9,514.48,282.7,1541.86,0.0,-0.56,False,0.0,0,56.68,0.0,0.44203548449990254,0.8888888888888888,-0.4216127675157989,1,False,False,False
2017-W27,fashion_shoes,2,352.52,518.88,510.3,282.7,1539.48,0.0,-0.33,False,0.0,0,176.26,0.0,0.6793863706444649,0.4444444444444444,-0.3770557234617254,1,False,False,False
2017-W28,fashion_shoes,3,378.91,531.95,503.67,334.95,1539.29,0.0,-0.3,False,0.0,0,94.73,0.0,0.7123037879499953,0.7272727272727273,-0.35968143607995606,1,False,False,False
2017-W29,fashion_shoes,7,446.26,539.64,500.39,365.72,1540.41,0.0,-0.19,False,0.0,0,63.75,0.0,0.8269587132162183,1.8064516129032258,-0.4797569081211378,1,False,False,False
2017-W30,fashion_shoes,5,595.94,536.11,501.01,365.72,1538.13,0.0,0.12,False,0.0,1,119.19,0.2,1.1116002312958162,1.2121212121212122,-0.54873616397353,1,False,False,False
2017-W31,fashion_shoes,4,375.86,399.28,199.34,365.72,797.96,0.61,-0.12,False,0.0,0,93.97,0.0,0.9413444199559208,1.0,-0.3857991054553078,1,False,False,False
2017-W32,fashion_shoes,4,522.34,419.22,185.96,377.38,791.13,47.3,0.55,False,0.0,0,104.47,0.0,1.2459806306951005,0.9696969696969697,-0.4119455547485147,1,False,False,False
2017-W33,fashion_shoes,7,534.17,388.57,133.02,377.38,654.61,122.53,1.09,False,0.0,0,66.77,0.0,1.3747072599531616,1.75,-0.49321018401281114,1,False,False,False
2017-W34,fashion_shoes,2,1154.2,429.09,119.55,412.58,668.18,190.0,6.07,True,0.0,0,192.37,0.0,2.6898785802512295,0.4444444444444444,-0.6204666394025744,-1,True,False,False
2017-W35,fashion_shoes,2,201.25,545.02,261.14,484.3,1067.3,22.75,-1.32,False,0.0,0,100.63,0.0,0.3692525044952479,0.47058823529411764,-0.41556827480990005,1,False,False,False
2017-W36,fashion_shoes,1,53.28,526.12,281.73,484.3,1089.58,0.0,-1.68,False,0.0,0,53.28,0.0,0.10126967231810234,0.23529411764705882,-0.5150298456729389,1,False,False,False
2017-W37,fashion_shoes,8,1218.33,485.41,326.07,484.3,1137.55,0.0,2.25,True,0.0,0,135.37,0.0,2.509898848396201,2.0,-0.5728304829842812,1,False,False,False
2017-W38,fashion_shoes,2,139.9,581.92,414.97,528.26,1411.85,0.0,-1.07,False,0.0,0,69.95,0.0,0.24041105306571353,0.48484848484848486,-0.42599526255173903,1,False,False,False
2017-W39,fashion_shoes,2,207.47,524.92,443.13,449.1,1411.18,0.0,-0.72,False,0.0,0,103.73,0.0,0.3952411796083213,0.5333333333333333,-0.37577413573434154,1,False,False,False
2017-W40,fashion_shoes,1,229.5,503.87,455.06,364.9,1413.99,0.0,-0.6,False,0.0,0,229.5,0.0,0.45547462639172803,0.2857142857142857,-0.4499352570334086,1,False,False,False
2017-W41,fashion_shoes,3,350.06,467.26,465.03,218.48,1397.33,0.0,-0.25,False,0.0,0,116.69,0.0,0.7491760475966271,0.96,-0.3541720596715242,1,False,False,False
2017-W42,fashion_shoes,7,1455.83,444.25,465.8,218.48,1375.86,0.0,2.17,True,0.0,0,161.76,0.0,3.277051209904333,2.6666666666666665,-0.5995014641534087,1,False,False,False
2017-W43,fashion_shoes,2,307.92,481.95,538.08,218.48,1558.11,0.0,-0.32,False,0.0,0,153.96,0.0,0.6389044506691566,0.6153846153846154,-0.36497844146365666,1,False,False,False
2017-W44,fashion_shoes,6,486.9,495.29,531.41,268.71,1558.11,0.0,-0.02,False,0.0,0,81.15,0.0,0.9830604292434735,1.8461538461538463,-0.4375854061876849,1,False,False,False
2017-W45,fashion_shoes,2,259.27,549.49,501.14,328.99,1551.77,0.0,-0.58,False,0.0,0,129.63,0.0,0.4718375220659156,0.5161290322580645,-0.37645983970759966,1,False,False,False
2017-W46,fashion_shoes,2,181.98,429.61,427.6,283.6,1284.8,0.0,-0.58,False,0.0,1,90.99,0.5,0.42359349177160677,0.64,-0.5968529197788669,1,False,False,False
2017-W47,fashion_shoes,9,1451.86,434.87,423.77,283.6,1282.4,0.0,2.4,True,0.0,0,145.19,0.0,3.3386069400050586,2.88,-0.6337631637818532,-1,True,False,False
2017-W48,fashion_shoes,3,347.47,590.42,540.64,328.99,1671.7,0.0,-0.45,False,0.0,0,86.87,0.0,0.5885132617458759,0.75,-0.36555184367566135,1,False,False,False
2017-W49,fashion_shoes,1,98.51,605.16,530.91,348.76,1666.99,0.0,-0.95,False,0.0,0,98.51,0.0,0.16278339612664422,0.23529411764705882,-0.4409010506433904,1,False,False,False
2017-W50,fashion_shoes,5,634.24,573.72,555.08,327.7,1683.88,0.0,0.11,False,0.0,0,90.61,0.0,1.1054869971414627,1.25,-0.4391662238971564,1,False,False,False
2017-W51,fashion_shoes,3,326.0,471.02,430.61,327.7,1332.23,0.0,-0.34,False,0.0,0,108.67,0.0,0.6921149845017197,0.8,-0.35218002508965185,1,False,False,False
2017-W52,fashion_shoes,2,316.86,473.28,429.67,336.74,1332.63,0.0,-0.36,False,0.0,0,158.43,0.0,0.6694979716024342,0.5161290322580645,-0.36551977185590623,1,False,False,False
2018-W02,fashion_shoes,1,72.96,452.02,433.1,321.43,1318.22,0.0,-0.88,False,0.0,0,72.96,0.0,0.16140878722180435,0.2962962962962963,-0.44119702731333654,1,False,False,False
2018-W03,fashion_shoes,3,291.59,428.73,449.64,321.43,1328.01,0.0,-0.31,False,0.0,0,72.9,0.0,0.6801250204091152,0.9230769230769231,-0.3686879507793951,1,False,False,False
2018-W04,fashion_shoes,2,149.43,442.44,442.66,321.43,1327.75,0.0,-0.66,False,0.0,0,74.72,0.0,0.3377407106048278,0.5925925925925926,-0.3910768430836933,1,False,False,False
2018-W05,fashion_shoes,1,924.99,279.63,179.88,304.23,639.39,0.0,3.59,True,0.0,0,308.33,0.0,3.307906876944534,0.4,-0.6603965671660472,-1,True,False,False
2018-W06,fashion_shoes,3,354.45,351.82,291.96,304.23,935.75,0.0,0.01,False,0.0,0,88.61,0.0,1.0074754135637543,1.3333333333333333,-0.3629844167371151,1,False,False,False
2018-W07,fashion_shoes,1,101.86,383.81,273.69,321.43,931.2,0.0,-1.03,False,0.0,0,101.86,0.0,0.26539173028321306,0.4,-0.4485381903275941,1,False,False,False
2018-W08,fashion_shoes,5,707.31,317.27,268.78,304.23,854.83,0.0,1.45,False,0.0,0,141.46,0.0,2.229363003120371,2.5,-0.4951554378481325,1,False,False,False
2018-W09,fashion_shoes,2,414.55,364.93,302.27,304.23,969.48,0.0,0.16,False,0.0,0,207.28,0.0,1.1359712821637027,0.8888888888888888,-0.43334951258358595,1,False,False,False
2018-W10,fashion_shoes,3,368.26,377.14,302.03,323.02,981.2,0.0,-0.03,False,0.0,0,122.75,0.0,0.9764543670785385,1.3333333333333333,-0.36023298010820387,1,False,False,False
2018-W11,fashion_shoes,3,347.67,414.05,276.51,361.36,967.07,0.0,-0.24,False,0.0,0,115.89,0.0,0.8396811979229561,1.2,-0.3541734355675366,1,False,False,False
2018-W12,fashion_shoes,3,232.27,421.06,273.65,361.36,968.37,0.0,-0.69,False,0.0,0,77.42,0.0,0.5516315964470622,1.2,-0.3700071355698579,1,False,False,False
2018-W13,fashion_shoes,3,519.96,431.42,263.28,361.36,957.98,0.0,0.34,False,0.0,0,173.32,0.0,1.2052292429650922,1.1428571428571428,-0.4063771452981058,1,False,False,False
2018-W14,fashion_shoes,3,432.41,380.79,180.84,361.36,742.48,19.1,0.29,False,0.0,0,144.14,0.0,1.1355602825704456,1.0434782608695652,-0.38234359410894775,1,False,False,False
2018-W15,fashion_shoes,2,379.77,390.54,181.32,391.4,753.18,27.89,-0.06,False,0.0,0,189.88,0.0,0.9724227992011061,0.6956521739130435,-0.3857119450170406,1,False,False,False
2018-W16,fashion_shoes,2,314.44,425.28,140.04,397.16,705.35,145.2,-0.79,False,0.0,0,157.22,0.0,0.7393717080511664,0.6666666666666666,-0.3716135505693582,1,False,False,False
2018-W17,fashion_shoes,3,409.76,376.17,85.12,374.02,546.4,205.93,0.39,False,0.0,0,136.59,0.0,1.0892947337639896,1.1428571428571428,-0.37686137231532607,1,False,False,False
2018-W18,fashion_shoes,3,724.0,375.57,84.83,374.02,545.22,205.91,4.11,True,0.0,0,241.33,0.0,1.9277365071757595,1.0909090909090908,-0.5724245364228707,1,False,False,False
2018-W19,fashion_shoes,2,304.77,420.04,149.24,394.76,718.51,121.56,-0.77,False,0.0,0,101.59,0.0,0.7255737548804875,0.7272727272727273,-0.36162177590096034,1,False,False,False
2018-W20,fashion_shoes,2,309.59,414.67,152.93,394.76,720.54,108.8,-0.69,False,0.0,0,154.8,0.0,0.7465936768997032,0.7619047619047619,-0.3685836586175284,1,False,False,False
2018-W22,fashion_shoes,6,815.48,424.34,141.8,394.76,707.93,140.74,2.76,True,0.0,0,135.91,0.0,1.9217608521468634,2.4,-0.5159352401841116,1,False,False,False
2018-W23,fashion_shoes,3,333.69,461.28,197.73,394.76,856.74,65.82,-0.65,False,0.0,0,111.23,0.0,0.7234001040582727,1.0434782608695652,-0.3608391180279189,1,False,False,False
2018-W24,fashion_shoes,2,318.06,448.94,202.8,356.73,854.54,43.33,-0.65,False,0.0,0,159.03,0.0,0.7084688377065977,0.6956521739130435,-0.36986867936986506,1,False,False,False
2018-W25,fashion_shoes,2,433.16,441.22,206.94,325.88,855.11,27.34,-0.04,False,0.0,0,216.58,0.0,0.9817324690630524,0.6956521739130435,-0.4323809384090075,1,False,False,False
2018-W28,fashion_shoes,1,227.75,456.06,200.71,371.72,857.49,54.64,-1.14,False,0.0,0,227.75,0.0,0.4993860456957418,0.34782608695652173,-0.4789091597020904,1,False,False,False
2018-W29,fashion_shoes,3,508.49,433.31,216.41,325.88,866.14,0.48,0.35,False,0.0,0,169.5,0.0,1.1735016500888509,1.1428571428571428,-0.3970980012555635,1,False,False,False
2018-W31,fashion_shoes,1,249.2,406.37,186.39,325.88,779.16,33.59,-0.84,False,0.0,0,249.2,0.0,0.6132342446538868,0.38095238095238093,-0.45881511198449054,1,False,False,False
2018-W32,fashion_shoes,1,245.05,399.43,191.68,325.88,782.79,16.07,-0.81,False,0.0,0,245.05,0.0,0.613499236411887,0.4,-0.45042147885367245,1,False,False,False
2018-W33,fashion_shoes,1,42.77,391.36,197.28,325.88,785.91,0.0,-1.77,False,0.0,0,42.77,0.0,0.10928556827473426,0.42105263157894735,-0.5261103430930888,1,False,False,False
2018-W34,fashion_shoes,1,289.39,294.77,141.13,283.63,577.04,12.51,-0.04,False,0.0,0,289.39,0.0,0.9817484818672185,0.5714285714285714,-0.5012243245651535,1,False,False,False
2017-W09,fashion_sport,1,54.01,,,,,,0.0,False,,0,54.01,0.0,1.0,0.6666666666666666,-0.40285859677473407,1,False,False,False
2017-W13,fashion_sport,1,60.86,,,,,,0.0,False,,0,60.86,0.0,1.0,0.7272727272727273,-0.39540009700187007,1,False,False,False
2017-W15,fashion_sport,2,230.31,,,,,,0.0,False,,0,115.16,0.0,1.0,1.6,-0.5481351162179221,1,False,False,False
2017-W16,fashion_sport,1,41.04,,,,,,0.0,False,,0,41.04,0.0,1.0,0.7272727272727273,-0.4529762453761513,1,False,False,False
2017-W19,fashion_sport,2,104.09,96.56,89.55,57.44,275.65,0.0,0.08,False,0.0,0,52.05,0.0,1.0779826014913008,1.7777777777777777,-0.5197757095121154,1,False,False,False
2017-W21,fashion_sport,1,75.39,98.06,77.62,60.86,253.31,0.0,-0.29,False,0.0,0,75.39,0.0,0.7688150112176219,0.8,-0.3742922469561876,1,False,False,False
2017-W22,fashion_sport,1,102.03,94.28,70.04,68.12,234.37,0.0,0.11,False,0.0,0,102.03,0.0,1.0822019516334322,0.8,-0.4437633018204826,1,False,False,False
2017-W23,fashion_sport,2,328.48,95.39,64.01,75.39,223.4,0.0,3.64,True,0.0,0,164.24,0.0,3.443547541671035,1.6,-0.6523854859412298,1,False,False,False
2017-W24,fashion_sport,2,121.98,124.53,101.5,88.71,327.53,0.0,-0.03,False,0.0,0,60.99,0.0,0.9795230065044568,1.4545454545454546,-0.5070369974636861,1,False,False,False
2017-W26,fashion_sport,1,55.0,133.02,97.52,103.06,328.07,0.0,-0.8,False,0.0,0,55.0,0.0,0.4134716583972335,0.6666666666666666,-0.4729242109182676,1,False,False,False
2017-W29,fashion_sport,1,77.68,132.29,98.16,103.06,328.62,0.0,-0.56,False,0.0,0,77.68,0.0,0.5871947993045582,0.6666666666666666,-0.38822870623451705,1,False,False,False
2017-W33,fashion_sport,1,75.07,113.21,90.96,89.86,295.13,0.0,-0.42,False,0.0,0,75.07,0.0,0.6631039660807349,0.7272727272727273,-0.3668595092873055,1,False,False,False
2017-W35,fashion_sport,1,314.37,117.46,87.85,89.86,293.16,0.0,2.24,True,0.0,0,314.37,0.0,2.6764004767580456,0.7272727272727273,-0.6862980546307664,-1,True,False,False
2017-W39,fashion_sport,2,1287.18,143.75,111.54,89.86,366.82,0.0,10.25,True,0.0,0,257.44,0.0,8.954295652173913,1.6,-0.7751634607795835,-1,True,False,False
2017-W41,fashion_sport,1,68.62,295.22,415.12,112.0,1125.47,0.0,-0.55,False,0.0,0,68.62,0.0,0.23243682677325384,0.7272727272727273,-0.39025168323453874,1,False,False,False
2017-W46,fashion_sport,1,67.68,291.05,417.51,99.83,1126.06,0.0,-0.54,False,0.0,0,67.68,0.0,0.2325373647139667,0.7272727272727273,-0.3934600945973066,1,False,False,False
2017-W50,fashion_sport,1,76.76,258.45,424.29,76.38,1107.03,0.0,-0.43,False,0.0,0,76.76,0.0,0.29700135422712326,0.8,-0.36727971318342556,1,False,False,False
2018-W01,fashion_sport,1,75.07,252.8,426.66,75.91,1106.12,0.0,-0.42,False,0.0,0,75.07,0.0,0.2969541139240506,0.8888888888888888,-0.3621494247268335,1,False,False,False
2018-W02,fashion_sport,1,144.45,255.3,425.39,75.91,1106.09,0.0,-0.26,False,0.0,0,144.45,0.0,0.5658049353701526,0.8888888888888888,-0.4836609200785993,1,False,False,False
2018-W11,fashion_sport,1,97.39,263.65,422.05,75.91,1107.75,0.0,-0.39,False,0.0,0,97.39,0.0,0.36939123838422155,0.8888888888888888,-0.3881957810919679,1,False,False,False
2018-W14,fashion_sport,1,105.41,266.44,420.7,87.08,1107.84,0.0,-0.38,False,0.0,0,105.41,0.0,0.3956237802131812,0.8888888888888888,-0.40453041345510404,1,False,False,False
2018-W33,fashion_sport,1,83.05,240.32,423.77,87.08,1087.86,0.0,-0.37,False,0.0,0,83.05,0.0,0.34558089214380827,0.8888888888888888,-0.371054832026693,1,False,False,False
2017-W03,fashion_underwear_beach,1,102.15,,,,,,0.0,False,,0,102.15,0.0,1.0,1.0,-0.40863758158416597,1,False,False,False
2017-W05,fashion_underwear_beach,3,286.77,,,,,,0.0,False,,0,71.69,0.0,1.0,3.0,-0.41468193965367045,1,False,False,False
2017-W06,fashion_underwear_beach,3,456.76,,,,,,0.0,False,,0,114.19,0.0,1.0,2.4,-0.4648641266521019,1,False,False,False
2017-W07,fashion_underwear_beach,1,87.68,,,,,,0.0,False,,0,87.68,0.0,1.0,0.6666666666666666,-0.40070348109893705,1,False,False,False
2017-W10,fashion_underwear_beach,2,161.34,233.34,174.35,194.46,582.05,0.0,-0.41,False,0.0,0,80.67,0.0,0.6914373875032142,1.3333333333333333,-0.39835335311637654,1,False,False,False
2017-W11,fashion_underwear_beach,3,113.45,218.94,154.39,161.34,527.72,0.0,-0.68,False,0.0,0,37.82,0.0,0.5181784963917055,1.8461538461538463,-0.46956816998807577,1,False,False,False
2017-W13,fashion_underwear_beach,1,185.83,201.36,144.65,137.4,490.66,0.0,-0.11,False,0.0,0,185.83,0.0,0.9228744537147398,0.5333333333333333,-0.46392488500691803,1,False,False,False
2017-W14,fashion_underwear_beach,3,142.81,199.14,132.18,161.34,463.5,0.0,-0.43,False,0.0,0,47.6,0.0,0.7171336748016471,1.6,-0.43504001645894935,1,False,False,False
2017-W15,fashion_underwear_beach,1,16.86,192.1,123.98,152.07,440.06,0.0,-1.41,False,0.0,0,16.86,0.0,0.08776678813118167,0.47058823529411764,-0.4941968560964195,1,False,False,False
2017-W18,fashion_underwear_beach,1,20.42,181.44,135.92,152.07,453.27,0.0,-1.18,False,0.0,0,20.42,0.0,0.11254409171075838,0.47058823529411764,-0.4661752588959669,1,False,False,False
2017-W19,fashion_underwear_beach,1,54.72,148.14,139.01,128.13,426.17,0.0,-0.67,False,0.0,0,27.36,0.0,0.36938031591737547,0.5333333333333333,-0.42218065574013564,1,False,False,False
2017-W20,fashion_underwear_beach,3,113.39,97.89,63.87,100.56,225.63,0.0,0.24,False,0.0,0,37.8,0.0,1.1583409949943815,1.8461538461538463,-0.4686662304039098,1,False,False,False
2017-W21,fashion_underwear_beach,1,208.09,101.1,63.93,113.42,228.96,0.0,1.67,False,0.0,0,208.09,0.0,2.0582591493570725,0.5333333333333333,-0.5686451174300852,1,False,False,False
2017-W25,fashion_underwear_beach,1,19.0,106.95,71.87,113.42,250.68,0.0,-1.22,False,0.0,0,19.0,0.0,0.17765310892940625,0.5714285714285714,-0.4664156431474405,1,False,False,False
2017-W28,fashion_underwear_beach,1,71.82,95.14,78.13,84.06,251.4,0.0,-0.3,False,0.0,0,71.82,0.0,0.754887534160185,0.6666666666666666,-0.3857977605183849,1,False,False,False
2017-W29,fashion_underwear_beach,1,71.82,80.89,69.1,63.27,219.09,0.0,-0.13,False,0.0,0,11.97,0.0,0.8878724193348991,0.6666666666666666,-0.47430088274235416,1,False,False,False
2017-W30,fashion_underwear_beach,1,170.84,72.02,64.41,63.27,200.84,0.0,1.53,False,0.0,0,170.84,0.0,2.3721188558733686,0.8,-0.5461996236094182,1,False,False,False
2017-W32,fashion_underwear_beach,4,578.51,91.26,68.46,71.82,228.17,0.0,7.12,True,0.0,0,144.63,0.0,6.339140916063992,3.2,-0.6979486346085519,-1,True,False,False
2017-W33,fashion_underwear_beach,3,250.6,161.02,179.79,92.6,520.6,0.0,0.5,False,0.0,0,83.53,0.0,1.5563284064091416,1.8461538461538463,-0.44068271203263526,1,False,False,False
2017-W34,fashion_underwear_beach,4,303.55,185.51,176.55,142.12,538.61,0.0,0.67,False,0.0,0,75.89,0.0,1.6362999299229153,2.1333333333333333,-0.5003879530531704,1,False,False,False
2017-W35,fashion_underwear_beach,2,176.21,209.28,178.25,189.46,565.77,0.0,-0.19,False,0.0,0,88.11,0.0,0.8419820336391438,1.0,-0.38782623468266814,1,False,False,False
2017-W36,fashion_underwear_beach,2,176.1,205.29,178.63,173.52,562.56,0.0,-0.16,False,0.0,0,88.05,0.0,0.8578109016513226,0.9411764705882353,-0.38935656468780305,1,False,False,False
2017-W37,fashion_underwear_beach,5,1191.5,224.93,163.19,176.16,551.32,0.0,5.92,True,0.0,0,198.58,0.0,5.2972035744453825,2.2222222222222223,-0.7409177642858257,-1,True,False,False
2017-W38,fashion_underwear_beach,6,849.42,364.89,366.55,213.4,1098.0,0.0,1.32,False,0.0,0,70.78,0.0,2.3278796349584807,2.1818181818181817,-0.6369014395374352,1,False,False,False
2017-W39,fashion_underwear_beach,3,387.4,462.09,380.57,277.08,1223.23,0.0,-0.2,False,0.0,0,129.13,0.0,0.8383648207059231,0.8888888888888888,-0.4531398034046199,1,False,False,False
2017-W40,fashion_underwear_beach,1,65.0,489.16,364.24,345.48,1217.65,0.0,-1.16,False,0.0,0,32.5,0.0,0.13288085697931146,0.27586206896551724,-0.4258245873641189,1,False,False,False
2017-W43,fashion_underwear_beach,1,35.68,424.97,390.55,277.08,1206.06,0.0,-1.0,False,0.0,0,35.68,0.0,0.08395886768477774,0.3076923076923077,-0.44851020084121007,1,False,False,False
2017-W44,fashion_underwear_beach,1,122.27,398.11,411.1,239.88,1220.32,0.0,-0.67,False,0.0,0,122.27,0.0,0.307126171158725,0.3333333333333333,-0.44022012321019105,1,False,False,False
2017-W45,fashion_underwear_beach,1,71.82,375.45,421.92,176.16,1219.28,0.0,-0.72,False,0.0,0,35.91,0.0,0.19129045145825008,0.38095238095238093,-0.42099629319196724,1,False,False,False
2017-W46,fashion_underwear_beach,2,371.56,362.4,430.48,149.18,1223.37,0.0,0.02,False,0.0,0,185.78,0.0,1.0252759381898455,0.8,-0.4766214438179847,1,False,False,False
2017-W47,fashion_underwear_beach,1,186.86,386.83,423.9,246.92,1234.63,0.0,-0.47,False,0.0,0,186.86,0.0,0.4830545717757155,0.4,-0.4855732454146906,1,False,False,False
2017-W48,fashion_underwear_beach,7,823.37,261.25,273.64,154.56,808.53,0.0,2.05,True,0.0,0,117.62,0.0,3.1516555023923445,3.5,-0.6762829090282195,1,False,False,False
2017-W49,fashion_underwear_beach,4,366.16,258.0,265.68,154.56,789.36,0.0,0.41,False,0.0,0,91.54,0.0,1.4192248062015504,1.8823529411764706,-0.49195295196771366,1,False,False,False
2017-W50,fashion_underwear_beach,3,368.18,255.34,264.31,154.56,783.95,0.0,0.43,False,0.0,0,122.73,0.0,1.4419205764862537,1.3333333333333333,-0.4605623035446794,1,False,False,False
2017-W51,fashion_underwear_beach,2,239.63,293.24,254.68,276.51,802.59,0.0,-0.21,False,0.0,0,119.81,0.0,0.817180466512072,0.8,-0.42146228869487906,1,False,False,False
2017-W52,fashion_underwear_beach,3,323.9,318.73,234.63,302.9,787.99,0.0,0.02,False,0.0,0,107.97,0.0,1.0162206256078812,1.1428571428571428,-0.41466795674792106,1,False,False,False
2018-W01,fashion_underwear_beach,1,85.6,343.94,220.94,345.03,785.82,0.0,-1.17,False,0.0,0,85.6,0.0,0.24888061871256614,0.34782608695652173,-0.40886515600905216,1,False,False,False
2018-W02,fashion_underwear_beach,3,316.17,345.66,218.56,345.03,782.77,0.0,-0.13,False,0.0,0,105.39,0.0,0.914684950529422,1.0434782608695652,-0.4156493549350657,1,False,False,False
2018-W03,fashion_underwear_beach,2,338.43,338.73,218.5,320.03,775.73,0.0,-0.0,False,0.0,0,169.22,0.0,0.9991143388539544,0.6666666666666666,-0.4524674682092525,1,False,False,False
2018-W05,fashion_underwear_beach,2,136.82,357.68,209.85,331.16,777.37,0.0,-1.05,False,0.0,0,68.41,0.0,0.38252068888391855,0.64,-0.433625775981153,1,False,False,False
2018-W06,fashion_underwear_beach,3,191.75,271.86,107.73,320.03,487.32,56.4,-0.74,False,0.0,0,63.92,0.0,0.7053262708747149,1.2,-0.43228168824720503,1,False,False,False
2018-W07,fashion_underwear_beach,1,75.07,250.06,103.48,277.9,457.03,43.09,-1.69,False,0.0,0,75.07,0.0,0.30020795009197787,0.42105263157894735,-0.4429687976549297,1,False,False,False
2018-W08,fashion_underwear_beach,2,141.76,213.42,107.5,215.69,428.42,0.0,-0.67,False,0.0,0,70.88,0.0,0.6642301564989224,0.9411764705882353,-0.4003465358946912,1,False,False,False
2018-W09,fashion_underwear_beach,2,174.21,201.19,109.64,166.76,420.47,0.0,-0.25,False,0.0,0,87.1,0.0,0.8658979074506685,0.9411764705882353,-0.39061788875041387,1,False,False,False
2018-W10,fashion_underwear_beach,3,218.15,182.48,97.84,157.99,378.16,0.0,0.36,False,0.0,0,72.72,0.0,1.195473476545375,1.5,-0.42590379526104927,1,False,False,False
2018-W12,fashion_underwear_beach,1,72.76,199.04,90.0,182.98,379.05,19.04,-1.4,False,0.0,0,72.76,0.0,0.36555466237942125,0.4444444444444444,-0.41470938561785986,1,False,False,False
2018-W14,fashion_underwear_beach,1,91.08,168.62,85.8,157.99,340.21,0.0,-0.9,False,0.0,0,91.08,0.0,0.5401494484640019,0.5,-0.39501104849226054,1,False,False,False
2018-W15,fashion_underwear_beach,2,140.89,137.7,54.85,139.29,247.39,28.01,0.06,False,0.0,0,70.44,0.0,1.0231663035584604,1.0666666666666667,-0.40877952957315766,1,False,False,False
2018-W17,fashion_underwear_beach,3,208.21,138.21,54.86,141.32,247.92,28.5,1.28,False,0.0,0,69.4,0.0,1.506475652991824,1.6,-0.469476044939063,1,False,False,False
2018-W18,fashion_underwear_beach,1,88.52,140.27,57.4,141.32,255.07,25.46,-0.9,False,0.0,0,44.26,0.0,0.6310686533114707,0.5333333333333333,-0.4076026177578571,1,False,False,False
2018-W19,fashion_underwear_beach,2,125.38,141.95,55.38,141.32,252.71,31.19,-0.3,False,0.0,0,62.69,0.0,0.8832687566044383,1.0666666666666667,-0.39307803072199987,1,False,False,False
2018-W20,fashion_underwear_beach,1,62.69,139.9,55.69,133.14,251.28,28.52,-1.39,False,0.0,0,62.69,0.0,0.44810578984989274,0.5333333333333333,-0.41660211226045474,1,False,False,False
2018-W21,fashion_underwear_beach,1,68.13,125.96,59.69,108.23,245.34,6.58,-0.97,False,0.0,0,68.13,0.0,0.5408859955541442,0.5714285714285714,-0.3836572766065698,1,False,False,False
2018-W22,fashion_underwear_beach,1,62.69,107.21,49.24,89.8,205.68,8.73,-0.9,False,0.0,0,62.69,0.0,0.5847402294562074,0.6666666666666666,-0.38493175186360434,1,False,False,False
2018-W24,fashion_underwear_beach,1,478.25,105.95,50.36,89.8,206.67,5.23,7.39,True,0.0,0,95.65,0.0,4.513921661160925,0.6666666666666666,-0.6798076378856492,-1,True,False,False
2018-W26,fashion_underwear_beach,1,78.42,154.34,140.1,106.95,434.55,0.0,-0.54,False,0.0,0,39.21,0.0,0.5080990022029286,0.6666666666666666,-0.39756615164882103,1,False,False,False
2018-W27,fashion_underwear_beach,1,68.35,146.54,142.68,83.47,431.89,0.0,-0.55,False,0.0,0,68.35,0.0,0.4664255493380647,0.7272727272727273,-0.3790252088614326,1,False,False,False
2018-W30,fashion_underwear_beach,1,72.98,129.05,142.61,73.38,414.27,0.0,-0.39,False,0.0,0,72.98,0.0,0.5655172413793104,0.8888888888888888,-0.3764352210017272,1,False,False,False
2018-W32,fashion_underwear_beach,2,246.76,127.11,143.34,70.66,413.8,0.0,0.83,False,0.0,0,123.38,0.0,1.9413106757926204,1.7777777777777777,-0.48831897672222585,1,False,False,False
2016-W40,fixed_telephony,4,754.34,,,,,,0.0,False,,0,188.59,0.0,1.0,3.5555555555555554,-0.34677484951220566,1,False,False,False
2016-W41,fixed_telephony,1,20.11,,,,,,0.0,False,,0,20.11,0.0,1.0,0.6666666666666666,-0.3767689483328687,1,False,False,False
2017-W01,fixed_telephony,2,46.55,,,,,,0.0,False,,0,23.27,0.0,1.0,1.3333333333333333,-0.3389489969828503,1,False,False,False
2017-W02,fixed_telephony,4,152.11,,,,,,0.0,False,,0,38.03,0.0,1.0,2.4615384615384617,-0.3363505827244518,1,False,False,False
2017-W03,fixed_telephony,8,673.33,243.28,345.45,99.33,934.17,0.0,1.24,False,0.0,0,67.33,0.0,2.7677162117724436,4.0,-0.5501420197296072,1,False,False,False
2017-W04,fixed_telephony,4,300.86,329.29,355.65,152.11,1040.6,0.0,-0.08,False,0.0,0,60.17,0.0,0.9136627289015761,1.391304347826087,-0.3354458644124667,1,False,False,False
2017-W05,fixed_telephony,4,107.35,324.55,318.32,226.48,961.19,0.0,-0.68,False,0.0,0,26.84,0.0,0.3307656755507626,1.2307692307692308,-0.3468484943512098,1,False,False,False
2017-W06,fixed_telephony,3,115.47,293.52,301.96,152.11,897.44,0.0,-0.59,False,0.0,0,28.87,0.0,0.39339738348323794,0.8275862068965517,-0.3291750419495968,1,False,False,False
2017-W07,fixed_telephony,6,287.14,271.26,286.56,133.79,844.38,0.0,0.06,False,0.0,0,47.86,0.0,1.0585416205854161,1.6,-0.4052120238778908,1,False,False,False
2017-W08,fixed_telephony,4,164.9,212.86,211.93,133.79,636.73,0.0,-0.23,False,0.0,0,41.23,0.0,0.774687588086066,1.0,-0.3337515890195588,1,False,False,False
2017-W09,fixed_telephony,6,2680.01,230.96,198.9,158.5,628.77,0.0,12.31,True,0.0,0,223.33,0.0,11.603784205057153,1.3714285714285714,-0.5742582148882398,1,False,False,False
2017-W10,fixed_telephony,4,575.49,560.15,876.18,226.02,2312.51,0.0,0.02,False,0.0,1,115.1,0.25,1.0273855217352494,0.8205128205128205,-0.45536737501970426,1,False,False,False
2017-W11,fixed_telephony,1,74.59,613.07,860.66,294.0,2334.4,0.0,-0.63,False,0.0,0,74.59,0.0,0.12166636762523039,0.20512820512820512,-0.33299286681529,1,False,False,False
2017-W12,fixed_telephony,3,124.31,538.23,880.48,226.02,2299.19,0.0,-0.47,False,0.0,0,41.44,0.0,0.2309607416903554,0.75,-0.3258890980043943,1,False,False,False
2017-W13,fixed_telephony,3,2669.71,516.16,889.45,144.61,2295.05,0.0,2.42,True,0.0,0,444.95,0.0,5.17225278983261,0.7741935483870968,-0.4606670583576683,1,False,False,False
2017-W14,fixed_telephony,3,13218.97,836.45,1145.66,226.02,3127.77,0.0,10.81,True,0.0,0,1888.42,0.0,15.803658317891086,0.8,-0.6824256877691387,-1,True,False,False
2017-W15,fixed_telephony,1,64.83,2474.39,4480.62,431.32,11435.64,0.0,-0.54,False,0.0,0,64.83,0.0,0.02620039686549008,0.26666666666666666,-0.33444597293626305,1,False,False,False
2017-W16,fixed_telephony,1,74.59,2446.6,4496.79,370.2,11440.18,0.0,-0.53,False,0.0,0,74.59,0.0,0.030487206735878365,0.32,-0.330567444224049,1,False,False,False
2017-W17,fixed_telephony,2,77.98,2435.31,4503.44,349.9,11442.2,0.0,-0.52,False,0.0,0,38.99,0.0,0.032020564117093926,0.7272727272727273,-0.3196252104449371,1,False,False,False
2017-W18,fixed_telephony,4,345.37,2110.06,4576.61,101.15,11263.29,0.0,-0.39,False,0.0,0,86.34,0.0,0.16367781010966514,1.7777777777777777,-0.3380799574964254,1,False,False,False
2017-W19,fixed_telephony,2,94.77,2081.29,4588.35,101.15,11257.98,0.0,-0.43,False,0.0,0,47.39,0.0,0.04553426000221017,0.8888888888888888,-0.316774670680251,1,False,False,False
2017-W20,fixed_telephony,2,117.28,2083.82,4587.09,109.54,11258.0,0.0,-0.43,False,0.0,0,58.64,0.0,0.05628125269936942,0.8421052631578947,-0.3172071209296751,1,False,False,False
2017-W22,fixed_telephony,4,156.4,2082.94,4587.52,106.02,11257.98,0.0,-0.42,False,0.0,0,31.28,0.0,0.0750861762700798,1.7777777777777777,-0.3403219764603624,1,False,False,False
2017-W23,fixed_telephony,3,674.55,1768.77,4627.48,106.02,11023.73,0.0,-0.24,False,0.0,0,224.85,0.0,0.38136671246120185,1.263157894736842,-0.32932403480281514,1,False,False,False
2017-W24,fixed_telephony,3,207.61,200.72,212.14,106.02,625.01,0.0,0.03,False,0.0,0,69.2,0.0,1.0343264248704664,1.263157894736842,-0.328805394689264,1,False,False,False
2017-W25,fixed_telephony,1,34.09,218.57,204.96,136.84,628.49,0.0,-0.9,False,0.0,0,34.09,0.0,0.15596833966235074,0.38095238095238093,-0.35075049340749,1,False,False,False
2017-W26,fixed_telephony,3,143.37,213.51,209.48,136.84,632.46,0.0,-0.33,False,0.0,0,47.79,0.0,0.6714907966839961,1.1428571428571428,-0.32607615718064475,1,False,False,False
2017-W27,fixed_telephony,3,236.98,221.68,204.65,149.88,630.98,0.0,0.07,False,0.0,0,59.25,0.0,1.0690184049079754,1.0909090909090908,-0.33289059020161166,1,False,False,False
2017-W28,fixed_telephony,2,74.86,208.13,198.8,149.88,605.73,0.0,-0.67,False,0.0,0,37.43,0.0,0.35967904674962764,0.7619047619047619,-0.32658993424827304,1,False,False,False
2017-W29,fixed_telephony,1,37.62,205.64,200.54,149.88,606.72,0.0,-0.84,False,0.0,0,37.62,0.0,0.1829410620501848,0.38095238095238093,-0.35177155966111645,1,False,False,False
2017-W30,fixed_telephony,2,71.87,195.68,207.41,149.88,610.51,0.0,-0.6,False,0.0,0,35.94,0.0,0.3672833197056419,0.8,-0.32364415603137997,1,False,False,False
2017-W31,fixed_telephony,3,476.75,185.12,211.8,109.12,608.73,0.0,1.38,False,0.0,0,158.92,0.0,2.575356525496975,1.3333333333333333,-0.4020553733605029,1,False,False,False
2017-W32,fixed_telephony,4,3934.46,160.39,148.63,109.12,457.66,0.0,25.39,True,0.0,0,393.45,0.0,24.530581707088974,1.7777777777777777,-0.6474022759252993,1,False,False,False
2017-W33,fixed_telephony,6,973.74,626.25,1344.82,109.12,3315.89,0.0,0.26,False,0.0,0,162.29,0.0,1.554874251497006,2.526315789473684,-0.42793584068256446,1,False,False,False
2017-W34,fixed_telephony,1,260.77,743.71,1326.63,190.18,3396.96,0.0,-0.36,False,0.0,0,260.77,0.0,0.350633983676433,0.3333333333333333,-0.3548061588606411,1,False,False,False
2017-W35,fixed_telephony,2,78.18,758.38,1319.67,248.88,3397.71,0.0,-0.52,False,0.0,0,39.09,0.0,0.10308816160763734,0.7272727272727273,-0.31687748603613414,1,False,False,False
2017-W38,fixed_telephony,2,82.18,738.53,1329.79,169.48,3398.1,0.0,-0.49,False,0.0,0,41.09,0.0,0.11127510053755435,0.7619047619047619,-0.31823728294345827,1,False,False,False
2017-W39,fixed_telephony,2,109478.39,739.45,1329.27,171.48,3397.98,0.0,81.8,True,0.0,0,12164.27,0.0,148.05381026438567,0.7619047619047619,-0.8651117396600105,-1,True,False,False
2017-W40,fixed_telephony,2,1241.63,14419.54,38431.52,368.76,91282.59,0.0,-0.34,False,0.0,0,620.81,0.0,0.08610746251267377,0.7272727272727273,-0.3995309682294526,1,False,False,False
2017-W41,fixed_telephony,2,2235.12,14565.76,38371.31,725.24,91308.39,0.0,-0.32,False,0.0,0,1117.56,0.0,0.1534502834043675,0.7272727272727273,-0.4752614890945154,1,False,False,False
2017-W42,fixed_telephony,2,742.1,14785.56,38284.02,1107.68,91353.6,0.0,-0.37,False,0.0,0,247.37,0.0,0.05019086189498403,0.7619047619047619,-0.33853210616734286,1,False,False,False
2017-W47,fixed_telephony,4,938.11,14386.51,38429.64,857.92,91245.79,0.0,-0.35,False,0.0,0,234.53,0.0,0.0652076146334309,1.6842105263157894,-0.36375844544185765,1,False,False,False
2017-W48,fixed_telephony,2,769.14,14382.06,38431.42,840.1,91244.9,0.0,-0.35,False,0.0,0,384.57,0.0,0.05347912607790539,0.9411764705882353,-0.3524239108954233,1,False,False,False
2017-W49,fixed_telephony,1,212.8,14445.61,38405.15,853.62,91255.9,0.0,-0.37,False,0.0,0,212.8,0.0,0.014731119004320344,0.4444444444444444,-0.34956240236066033,1,False,False,False
2017-W50,fixed_telephony,1,74.56,14462.43,38397.98,853.62,91258.39,0.0,-0.37,False,0.0,0,74.56,0.0,0.005155426854269994,0.47058823529411764,-0.3303226680162764,1,False,False,False
2017-W51,fixed_telephony,1,81.99,14461.48,38398.39,853.62,91258.26,0.0,-0.37,False,0.0,0,81.99,0.0,0.005669544196029728,0.5,-0.3303837989035522,1,False,False,False
2017-W52,fixed_telephony,1,55.69,786.93,723.41,755.62,2233.75,0.0,-1.01,False,0.0,0,55.69,0.0,0.07076868336446698,0.5333333333333333,-0.3579853791183307,1,False,False,False
2018-W01,fixed_telephony,2,1861.97,638.69,738.28,477.45,2115.24,0.0,1.66,False,0.0,0,930.98,0.0,2.9152953702109,1.1428571428571428,-0.4994334228510355,1,False,False,False
2018-W02,fixed_telephony,2,136.99,592.05,626.3,477.45,1844.65,0.0,-0.73,False,0.0,0,68.5,0.0,0.23138248458745042,1.1428571428571428,-0.3281336361302215,1,False,False,False
2018-W03,fixed_telephony,5,602.5,516.41,641.94,174.9,1800.28,0.0,0.13,False,0.0,0,120.5,0.0,1.166708622993358,2.857142857142857,-0.3685416130709657,1,False,False,False
2018-W04,fixed_telephony,1,32.09,474.46,621.07,174.9,1716.59,0.0,-0.71,False,0.0,0,16.05,0.0,0.06763478480799226,0.5333333333333333,-0.35068536606659484,1,False,False,False
2018-W05,fixed_telephony,1,171.0,382.32,625.76,109.49,1633.84,0.0,-0.34,False,0.0,0,85.5,0.0,0.4472693032015066,0.5714285714285714,-0.3380307097393814,1,False,False,False
2018-W06,fixed_telephony,5,7730.76,377.1,627.55,109.49,1632.2,0.0,11.72,True,0.0,0,1288.46,0.0,20.5005568814638,2.857142857142857,-0.6505761428650916,-1,True,False,False
2018-W07,fixed_telephony,2,345.93,1334.12,2656.91,154.0,6647.95,0.0,-0.37,False,0.0,0,172.97,0.0,0.2592945162354211,0.8888888888888888,-0.325643578064728,1,False,False,False
2018-W08,fixed_telephony,1,1423.52,1367.12,2640.73,258.47,6648.58,0.0,0.02,False,0.0,2,711.76,2.0,1.041254608227515,0.42105263157894735,-0.6598889411407377,-1,True,False,False
2018-W09,fixed_telephony,1,114.35,1538.1,2587.44,474.22,6712.97,0.0,-0.55,False,0.0,0,114.35,0.0,0.07434497106820102,0.42105263157894735,-0.3318755987813792,1,False,False,False
2018-W10,fixed_telephony,2,202.94,1319.64,2629.62,258.47,6578.88,0.0,-0.42,False,0.0,0,101.47,0.0,0.15378436543299687,0.8888888888888888,-0.3186633158093666,1,False,False,False
2018-W11,fixed_telephony,1,139.71,1327.89,2625.48,274.44,6578.85,0.0,-0.45,False,0.0,0,139.71,0.0,0.10521202810473759,0.4444444444444444,-0.33673959241427615,1,False,False,False
2018-W12,fixed_telephony,5,2160.47,1270.04,2648.74,186.97,6567.52,0.0,0.34,False,0.0,0,240.05,0.0,1.7011039022392995,2.857142857142857,-0.4204372638689147,1,False,False,False
2018-W13,fixed_telephony,4,524.66,1536.08,2613.29,274.44,6762.66,0.0,-0.39,False,0.0,0,131.16,0.0,0.3415577313681579,1.7777777777777777,-0.33761687045778543,1,False,False,False
2018-W14,fixed_telephony,6,1927.58,1580.29,2589.78,435.29,6759.86,0.0,0.13,False,0.0,0,240.95,0.0,1.21976346113688,2.2857142857142856,-0.430967328630252,1,False,False,False
2018-W15,fixed_telephony,2,322.54,854.89,847.82,435.29,2550.53,0.0,-0.63,False,0.0,0,161.27,0.0,0.37728830609786057,0.7272727272727273,-0.3310864431617846,1,False,False,False
2018-W16,fixed_telephony,1,35.22,851.97,849.86,423.6,2551.69,0.0,-0.96,False,0.0,0,35.22,0.0,0.0413394837846403,0.36363636363636365,-0.36269199614586395,1,False,False,False
2018-W17,fixed_telephony,1,410.84,678.43,858.18,262.74,2394.8,0.0,-0.31,False,0.0,0,410.84,0.0,0.6055746355556211,0.36363636363636365,-0.37764558679851534,1,False,False,False
2018-W18,fixed_telephony,1,103.07,715.49,836.47,366.69,2388.43,0.0,-0.73,False,0.0,0,103.07,0.0,0.14405512306251658,0.36363636363636365,-0.33936959520672894,1,False,False,False
2018-W19,fixed_telephony,3,588.88,703.01,845.9,366.69,2394.82,0.0,-0.13,False,0.0,1,196.29,0.3333333333333333,0.8376552253879745,1.1428571428571428,-0.4780684320206266,1,False,False,False
2018-W20,fixed_telephony,3,324.15,759.16,817.61,467.75,2394.37,0.0,-0.53,False,0.0,0,108.05,0.0,0.4269850887823384,1.0434782608695652,-0.32732288994110603,1,False,False,False
2018-W21,fixed_telephony,5,4280.43,529.62,595.63,367.5,1720.87,0.0,6.3,True,0.0,0,428.04,0.0,8.082077716098334,1.9047619047619047,-0.5467654342898204,1,False,False,False
2018-W22,fixed_telephony,2,57.98,999.09,1453.51,367.5,3906.1,0.0,-0.65,False,0.0,0,28.99,0.0,0.05803280985696984,0.7272727272727273,-0.3285625329541962,1,False,False,False
2018-W23,fixed_telephony,2,199.8,765.39,1433.05,323.35,3631.49,0.0,-0.39,False,0.0,0,99.9,0.0,0.26104338964449497,0.8888888888888888,-0.31762615065239147,1,False,False,False
2018-W24,fixed_telephony,4,480.48,750.05,1439.11,261.98,3628.27,0.0,-0.19,False,0.0,0,120.12,0.0,0.6405972935137658,1.7777777777777777,-0.3329396028329783,1,False,False,False
2018-W25,fixed_telephony,3,1777.51,805.7,1415.94,367.5,3637.59,0.0,0.69,False,0.0,0,444.38,0.0,2.20616854908775,1.1428571428571428,-0.41365239921381713,1,False,False,False
2018-W26,fixed_telephony,4,668.03,976.54,1443.67,402.32,3863.87,0.0,-0.21,False,0.0,0,133.61,0.0,0.6840784811682061,1.391304347826087,-0.334596054925689,1,False,False,False
2018-W27,fixed_telephony,1,52.42,1047.16,1408.22,534.68,3863.6,0.0,-0.71,False,0.0,0,52.42,0.0,0.0500592077619466,0.3076923076923077,-0.3413940108632523,1,False,False,False
2018-W29,fixed_telephony,3,619.47,980.1,1445.44,402.32,3870.98,0.0,-0.25,False,0.0,0,206.49,0.0,0.6320477502295684,1.0,-0.32880884836087354,1,False,False,False
2018-W30,fixed_telephony,2,339.19,1017.01,1429.98,549.98,3876.98,0.0,-0.47,False,0.0,0,169.59,0.0,0.33351687790680523,0.6666666666666666,-0.3270398534392108,1,False,False,False
2018-W31,fixed_telephony,4,2363.58,524.36,558.3,409.84,1640.95,0.0,3.29,True,0.0,0,590.89,0.0,4.5075520634678465,1.5238095238095237,-0.47640606950688835,1,False,False,False
2018-W32,fixed_telephony,6,1813.08,812.56,817.89,549.98,2448.34,0.0,1.22,False,0.0,0,302.18,0.0,2.23131830264842,2.0869565217391304,-0.45755841992740254,1,False,False,False
2018-W33,fixed_telephony,1,86.58,1014.22,843.7,643.75,2701.63,0.0,-1.1,False,0.0,0,86.58,0.0,0.08536609414131056,0.2962962962962963,-0.3648905347643603,1,False,False,False
2017-W45,flowers,3,129.86,,,,,,0.0,False,,0,43.29,0.0,1.0,1.0,-0.47448407452651015,1,False,False,False
2017-W46,flowers,3,175.94,,,,,,0.0,False,,0,58.65,0.0,1.0,1.0,-0.48748802786706963,1,False,False,False
2017-W48,flowers,1,74.07,,,,,,0.0,False,,0,74.07,0.0,1.0,0.34782608695652173,-0.4376561920016153,1,False,False,False
2017-W49,flowers,1,38.91,,,,,,0.0,False,,0,38.91,0.0,1.0,0.34782608695652173,-0.4397663217003078,1,False,False,False
2018-W01,flowers,1,130.84,104.7,60.48,101.96,225.66,0.0,0.43,False,0.0,0,65.42,0.0,1.249665711556829,0.38095238095238093,-0.4674392678715962,1,False,False,False
2018-W02,flowers,3,368.06,109.92,53.67,129.86,217.26,2.59,4.81,True,0.0,0,92.02,0.0,3.3484352256186316,1.2,-0.7047241990711397,-1,True,False,False
2018-W03,flowers,3,216.8,152.95,115.8,130.35,384.55,0.0,0.55,False,0.0,0,54.2,0.0,1.4174566851912391,1.263157894736842,-0.5475141100226797,1,False,False,False
2018-W05,flowers,1,30.29,162.07,108.43,130.84,378.93,0.0,-1.22,False,0.0,0,30.29,0.0,0.1868945517369038,0.5,-0.5121727210914911,1,False,False,False
2018-W06,flowers,2,118.73,145.6,110.67,130.35,366.94,0.0,-0.24,False,0.0,0,59.36,0.0,0.8154532967032968,1.0,-0.4554509749697975,1,False,False,False
2018-W07,flowers,1,38.68,144.2,110.97,124.78,366.14,0.0,-0.95,False,0.0,0,38.68,0.0,0.26823855755894593,0.5333333333333333,-0.44746947047814795,1,False,False,False
2018-W11,flowers,1,43.6,127.05,115.86,96.4,358.78,0.0,-0.72,False,0.0,0,43.6,0.0,0.3431719795356159,0.6153846153846154,-0.4022062615523114,1,False,False,False
2018-W12,flowers,1,43.6,123.24,118.33,81.17,359.9,0.0,-0.67,False,0.0,0,43.6,0.0,0.35378123985718923,0.6153846153846154,-0.3974937159210489,1,False,False,False
2018-W13,flowers,1,49.21,123.82,117.86,81.17,359.55,0.0,-0.63,False,0.0,0,49.21,0.0,0.3974317557745114,0.6153846153846154,-0.4179222590657803,1,False,False,False
2018-W15,flowers,1,64.93,113.62,120.67,46.4,354.96,0.0,-0.4,False,0.0,0,64.93,0.0,0.5714662911459251,0.6153846153846154,-0.43395132584530266,1,False,False,False
2018-W16,flowers,1,227.63,75.73,63.33,46.4,202.38,0.0,2.4,True,0.0,0,227.63,0.0,3.005810114881817,0.7272727272727273,-0.6335932214730987,1,False,False,False
2018-W18,flowers,2,97.1,77.08,66.79,46.4,210.67,0.0,0.3,False,0.0,0,48.55,0.0,1.2597301504929943,1.7777777777777777,-0.4559140122620529,1,False,False,False
2018-W24,flowers,1,281.4,85.44,64.24,57.07,213.91,0.0,3.05,True,0.0,0,140.7,0.0,3.2935393258426964,0.8,-0.60560623663067,1,False,False,False
2018-W29,flowers,2,83.36,105.77,94.77,57.07,295.31,0.0,-0.24,False,0.0,0,41.68,0.0,0.788125177271438,1.7777777777777777,-0.4459834079372116,1,False,False,False
2016-W41,food,1,96.23,,,,,,0.0,False,,0,96.23,0.0,1.0,0.8,-0.4005314703611893,1,False,False,False
2017-W04,food,2,78.82,,,,,,0.0,False,,0,39.41,0.0,1.0,1.6,-0.41637040430826044,1,False,False,False
2017-W05,food,1,167.1,,,,,,0.0,False,,0,167.1,0.0,1.0,0.7272727272727273,-0.4473829990935806,1,False,False,False
2017-W06,food,2,222.14,,,,,,0.0,False,,0,111.07,0.0,1.0,1.4545454545454546,-0.386940511884471,1,False,False,False
2017-W07,food,4,474.35,141.07,66.17,131.66,273.41,8.73,5.04,True,0.0,0,118.59,0.0,3.3625150634436807,2.6666666666666665,-0.5362216021282221,1,False,False,False
2017-W08,food,2,66.61,207.73,159.68,167.1,527.09,0.0,-0.88,False,0.0,0,22.2,0.0,0.3206566215760844,1.0666666666666667,-0.42273871982749833,1,False,False,False
2017-W09,food,1,177.38,184.21,154.01,131.66,492.22,0.0,-0.04,False,0.0,0,177.38,0.0,0.9629227512078605,0.5333333333333333,-0.4536414219006633,1,False,False,False
2017-W10,food,5,1223.65,183.23,140.61,167.1,464.46,0.0,7.4,True,0.0,0,203.94,0.0,6.678218632320036,2.6666666666666665,-0.7056020710110944,-1,True,False,False
2017-W11,food,10,1312.53,313.29,390.2,172.24,1093.68,0.0,2.56,True,0.0,0,131.25,0.0,4.189504931533084,4.444444444444445,-0.5303703408506906,1,False,False,False
2017-W12,food,2,230.92,465.32,511.61,199.76,1488.55,0.0,-0.46,False,0.0,0,115.46,0.0,0.4962606378406258,0.5925925925925926,-0.3922509302529666,1,False,False,False
2017-W13,food,5,819.64,484.34,497.84,226.53,1480.01,0.0,0.67,False,0.0,0,117.09,0.0,1.692282281042243,1.4814814814814814,-0.42453196013119554,1,False,False,False
2017-W14,food,4,289.3,565.9,491.86,352.64,1549.62,0.0,-0.56,False,0.0,0,57.86,0.0,0.5112210637921895,1.032258064516129,-0.3754218714228608,1,False,False,False
2017-W15,food,2,241.95,574.3,485.69,381.83,1545.67,0.0,-0.68,False,0.0,0,120.97,0.0,0.4212954901619363,0.48484848484848486,-0.393267489388737,1,False,False,False
2017-W16,food,1,26.28,545.25,499.28,265.62,1543.81,0.0,-1.04,False,0.0,0,26.28,0.0,0.0481980742778542,0.25806451612903225,-0.44856398951025434,1,False,False,False
2017-W18,food,1,187.91,540.21,504.97,265.62,1550.16,0.0,-0.7,False,0.0,0,187.91,0.0,0.34784620795616517,0.26666666666666666,-0.4657863315616499,1,False,False,False
2017-W20,food,2,264.34,541.52,503.91,265.62,1549.33,0.0,-0.55,False,0.0,0,132.17,0.0,0.48814448219825674,0.5333333333333333,-0.40186881379181405,1,False,False,False
2017-W24,food,1,171.79,421.61,426.61,253.14,1274.82,0.0,-0.59,False,0.0,0,171.79,0.0,0.4074618723464813,0.2962962962962963,-0.43401757266670304,1,False,False,False
2017-W27,food,1,78.68,279.02,232.98,236.44,744.98,0.0,-0.86,False,0.0,0,78.68,0.0,0.2819869543401907,0.4444444444444444,-0.3963360576044025,1,False,False,False
2017-W28,food,1,128.04,259.99,243.45,214.93,746.89,0.0,-0.54,False,0.0,0,128.04,0.0,0.4924804800184622,0.47058823529411764,-0.42611393108253504,1,False,False,False
2017-W29,food,2,294.06,173.54,92.03,179.85,357.6,0.0,1.31,False,0.0,0,147.03,0.0,1.6944796588682725,1.2307692307692308,-0.47658983774037955,1,False,False,False
2017-W30,food,3,349.39,174.13,92.9,179.85,359.93,0.0,1.89,False,0.0,0,116.46,0.0,2.0064894044679265,2.1818181818181817,-0.4332944344233549,1,False,False,False
2017-W31,food,2,210.06,187.56,110.25,179.85,408.06,0.0,0.2,False,0.0,0,105.03,0.0,1.119961612284069,1.3333333333333333,-0.3927233104487205,1,False,False,False
2017-W32,food,2,65.26,210.53,88.93,198.98,388.39,32.68,-1.63,False,0.0,0,9.32,0.0,0.30997957535743126,1.2307692307692308,-0.4992921770486065,1,False,False,False
2017-W33,food,1,35.0,195.2,102.87,190.92,400.93,0.0,-1.56,False,0.0,0,35.0,0.0,0.1793032786885246,0.5714285714285714,-0.46591931122210517,1,False,False,False
2017-W34,food,3,366.61,166.54,112.36,149.92,391.26,0.0,1.78,False,0.0,0,91.65,0.0,2.2013330130899487,1.8461538461538463,-0.42308898085947716,1,False,False,False
2017-W36,food,1,73.13,190.89,132.9,169.05,456.69,0.0,-0.89,False,0.0,0,73.13,0.0,0.38310021478338313,0.5333333333333333,-0.38673591484888425,1,False,False,False
2017-W37,food,3,997.13,190.19,133.58,169.05,457.36,0.0,6.04,True,0.0,0,142.45,0.0,5.242809821757191,1.6,-0.6022291088784837,1,False,False,False
2017-W38,food,7,684.92,298.83,311.17,252.06,921.17,0.0,1.24,False,0.0,0,97.85,0.0,2.2920054880701404,3.2941176470588234,-0.41401140581040813,1,False,False,False
2017-W39,food,4,391.18,347.69,339.69,279.73,1027.07,0.0,0.13,False,0.0,0,97.79,0.0,1.1250826886019156,1.4545454545454546,-0.37752534153468914,1,False,False,False
2017-W40,food,5,356.01,352.91,340.04,288.34,1032.99,0.0,0.01,False,0.0,0,71.2,0.0,1.0087841092629848,1.7391304347826086,-0.3764419728809018,1,False,False,False
2017-W41,food,1,73.13,371.16,335.16,361.31,1041.48,0.0,-0.89,False,0.0,0,73.13,0.0,0.1970309300571182,0.3076923076923077,-0.39100844591505385,1,False,False,False
2017-W42,food,1,73.13,372.14,334.15,361.31,1040.43,0.0,-0.89,False,0.0,0,73.13,0.0,0.19651206535174934,0.32,-0.39100844591505385,1,False,False,False
2017-W43,food,2,1101.12,376.9,328.88,361.31,1034.67,0.0,2.2,True,0.0,0,157.3,0.0,2.921517643937384,0.64,-0.5011032189186849,1,False,False,False
2017-W44,food,1,66.91,468.72,416.46,373.6,1301.64,0.0,-0.96,False,0.0,0,33.45,0.0,0.14275046936337257,0.3333333333333333,-0.4209418794122996,1,False,False,False
2017-W45,food,5,299.44,467.94,417.31,373.6,1302.56,0.0,-0.4,False,0.0,0,49.91,0.0,0.6399110997136385,1.6666666666666667,-0.38522813114188664,1,False,False,False
2017-W46,food,1,20.7,380.73,359.87,327.72,1100.47,0.0,-1.0,False,0.0,0,20.7,0.0,0.05436923804270743,0.3076923076923077,-0.46657841017390816,1,False,False,False
2017-W47,food,3,868.95,297.7,356.27,186.28,1010.24,0.0,1.6,False,0.0,0,108.62,0.0,2.918878065166275,1.2,-0.44038348950663203,1,False,False,False
2017-W48,food,3,349.5,357.42,410.15,186.28,1177.71,0.0,-0.02,False,0.0,0,87.38,0.0,0.9778411952324996,1.263157894736842,-0.37577559283869294,1,False,False,False
2017-W49,food,4,411.76,356.61,410.15,186.28,1176.92,0.0,0.13,False,0.0,0,102.94,0.0,1.1546507389024423,1.8823529411764706,-0.38360453247165155,1,False,False,False
2017-W50,food,1,164.1,398.94,393.87,324.47,1186.68,0.0,-0.6,False,0.0,0,164.1,0.0,0.4113400511355091,0.4,-0.4286837674177278,1,False,False,False
2017-W51,food,3,116.8,410.31,384.32,324.47,1178.95,0.0,-0.76,False,0.0,0,38.93,0.0,0.28466281591967046,1.2,-0.4008783307623972,1,False,False,False
2017-W52,food,3,770.13,287.27,273.0,231.77,833.28,0.0,1.77,False,0.0,0,154.03,0.0,2.6808577296619904,1.1428571428571428,-0.4902269382830626,1,False,False,False
2018-W01,food,2,351.71,375.17,303.43,324.47,982.04,0.0,-0.08,False,0.0,0,117.24,0.0,0.9374683476823839,0.6956521739130435,-0.39709442459405797,1,False,False,False
2018-W02,food,4,163.09,381.71,302.13,350.6,985.96,0.0,-0.72,False,0.0,0,40.77,0.0,0.4272615336250033,1.6,-0.39227659228368045,1,False,False,False
2018-W03,food,3,176.19,399.5,281.3,350.6,962.1,0.0,-0.79,False,0.0,0,58.73,0.0,0.44102628285356693,1.0434782608695652,-0.38216896634886677,1,False,False,False
2018-W04,food,9,556.05,312.91,214.94,262.85,742.8,0.0,1.13,False,0.0,0,61.78,0.0,1.7770285385574125,3.130434782608696,-0.43041278414248796,1,False,False,False
2018-W05,food,5,1298.18,338.73,231.72,263.95,802.17,0.0,4.14,True,0.0,1,129.82,0.2,3.83249195524459,1.3793103448275863,-0.6665565222337203,-1,True,False,False
2018-W06,food,3,185.84,449.53,412.8,263.95,1275.14,0.0,-0.64,False,0.0,0,61.95,0.0,0.41340956109714594,0.8,-0.36718093962191667,1,False,False,False
2018-W07,food,6,581.27,452.25,410.72,268.77,1273.69,0.0,0.31,False,0.0,0,83.04,0.0,1.2852846876727473,1.5,-0.395174999237921,1,False,False,False
2018-W08,food,10,560.35,510.31,388.77,453.88,1287.85,0.0,0.13,False,0.0,0,56.04,0.0,1.098058043150242,2.2857142857142856,-0.415185209340212,1,False,False,False
2018-W09,food,10,1269.85,484.08,375.6,453.88,1235.28,0.0,2.09,True,0.0,0,105.82,0.0,2.623223434143117,1.9047619047619047,-0.44431550431623146,1,False,False,False
2018-W10,food,7,394.46,598.85,460.13,558.2,1519.11,0.0,-0.44,False,0.0,0,56.35,0.0,0.6586958336812223,1.12,-0.3903117325096182,1,False,False,False
2018-W11,food,10,1026.53,627.77,435.44,558.2,1498.64,0.0,0.92,False,0.0,0,85.54,0.0,1.6352007900982843,1.509433962264151,-0.4172465730391728,1,False,False,False
2018-W12,food,10,560.06,734.07,412.64,570.81,1559.35,0.0,-0.42,False,0.0,0,56.01,0.0,0.7629517620935332,1.3333333333333333,-0.42675157143908005,1,False,False,False
2018-W13,food,5,262.43,734.57,412.4,570.81,1559.36,0.0,-1.14,False,0.0,0,52.49,0.0,0.35725662632560545,0.6557377049180327,-0.4046226770749935,1,False,False,False
2018-W14,food,5,429.57,605.1,370.65,560.2,1346.4,0.0,-0.47,False,0.0,0,71.59,0.0,0.7099157164105107,0.6557377049180327,-0.3784688970855129,1,False,False,False
2018-W15,food,6,454.55,635.56,340.02,560.2,1315.6,0.0,-0.53,False,0.0,0,64.94,0.0,0.7151960475800869,0.7619047619047619,-0.3818109088192546,1,False,False,False
2018-W16,food,9,642.22,619.72,345.81,507.3,1311.34,0.0,0.07,False,0.0,0,64.22,0.0,1.0363067191634932,1.1428571428571428,-0.4090747359237211,1,False,False,False
2018-W17,food,10,876.87,629.96,345.01,507.3,1319.98,0.0,0.72,False,0.0,0,79.72,0.0,1.3919455203504985,1.2903225806451613,-0.4054936561485143,1,False,False,False
2018-W18,food,11,843.94,580.84,257.86,507.3,1096.55,65.12,1.02,False,0.0,0,70.33,0.0,1.4529646718545555,1.4193548387096775,-0.4339456680026629,1,False,False,False
2018-W19,food,10,459.0,637.02,260.4,601.14,1157.82,116.22,-0.68,False,0.0,0,45.9,0.0,0.7205425261373269,1.2121212121212122,-0.44590068694941704,1,False,False,False
2018-W20,food,14,1533.54,566.08,211.92,509.53,989.92,142.24,4.57,True,0.0,0,76.68,0.0,2.7090517241379306,1.696969696969697,-0.5451438676353246,1,False,False,False
2018-W21,food,4,195.13,687.76,402.11,550.61,1491.99,0.0,-1.23,False,0.0,0,48.78,0.0,0.2837181574968012,0.45714285714285713,-0.4135541051149001,1,False,False,False
2018-W22,food,2,113.45,679.35,412.84,550.61,1505.04,0.0,-1.37,False,0.0,0,56.73,0.0,0.16699786560683005,0.2318840579710145,-0.4227921990960765,1,False,False,False
2018-W23,food,6,425.14,639.84,453.31,550.61,1546.46,0.0,-0.47,False,0.0,0,70.86,0.0,0.66444736184046,0.7272727272727273,-0.38311147173178595,1,False,False,False
2018-W24,food,9,737.89,636.16,455.14,550.61,1546.45,0.0,0.22,False,0.0,0,81.99,0.0,1.1599126006036218,1.0909090909090908,-0.39939381413502134,1,False,False,False
2018-W25,food,3,192.02,648.12,456.58,598.44,1561.28,0.0,-1.0,False,0.0,0,48.01,0.0,0.2962722952539653,0.36363636363636365,-0.3889298629008157,1,False,False,False
2018-W26,food,5,245.25,562.51,471.52,442.07,1505.56,0.0,-0.67,False,0.0,0,49.05,0.0,0.435992249026684,0.6779661016949152,-0.38823640627173345,1,False,False,False
2018-W27,food,11,747.67,487.68,467.97,335.2,1423.62,0.0,0.56,False,0.0,0,62.31,0.0,1.5331159776902885,1.6603773584905661,-0.433403491346586,1,False,False,False
2018-W28,food,12,871.16,523.76,476.5,335.2,1476.75,0.0,0.73,False,0.0,0,72.6,0.0,1.6632808920116084,1.7777777777777777,-0.4331187902753949,1,False,False,False
2018-W29,food,13,1457.19,440.96,301.31,335.2,1043.59,0.0,3.37,True,0.0,0,97.15,0.0,3.304585449927431,2.0,-0.5114841602107684,1,False,False,False
2018-W30,food,17,1627.66,598.72,448.6,581.52,1495.93,0.0,2.29,True,0.0,0,85.67,0.0,2.7185662747194015,2.2295081967213113,-0.5051041932871283,1,False,False,False
2018-W31,food,18,1764.97,788.0,527.17,742.78,1842.33,0.0,1.85,False,0.0,0,98.05,0.0,2.239809644670051,1.894736842105263,-0.5183306498055528,1,False,False,False
2018-W32,food,23,2760.23,955.48,602.82,809.42,2161.12,0.0,2.99,True,0.0,0,98.58,0.0,2.888841210700381,2.090909090909091,-0.5714007470500329,1,False,False,False
2018-W33,food,35,3776.35,1208.27,865.39,1164.18,2939.05,0.0,2.97,True,0.0,0,92.11,0.0,3.1254189874779645,2.7450980392156863,-0.6860953242713851,-1,True,False,False
2018-W34,food,26,2945.96,1656.31,1146.34,1542.43,3948.99,0.0,1.13,False,0.0,0,98.2,0.0,1.778628396858076,1.5522388059701493,-0.6090307992570362,-1,True,False,False
2018-W35,food,6,720.68,1993.9,1066.3,1696.32,4126.51,0.0,-1.19,False,0.0,0,90.08,0.0,0.3614423993179196,0.3096774193548387,-0.47352666647963104,1,False,False,False
2017-W09,food_drink,1,35.96,,,,,,0.0,False,,1,35.96,1.0,1.0,0.05333333333333334,-0.6292227116139433,-1,True,False,False
2017-W10,food_drink,1,34.42,,,,,,0.0,False,,0,34.42,0.0,1.0,0.05755395683453238,-0.39343945799585445,1,False,False,False
2017-W11,food_drink,2,65.65,,,,,,0.0,False,,0,32.83,0.0,1.0,0.12598425196850394,-0.3745947290486452,1,False,False,False
2017-W12,food_drink,1,32.86,,,,,,0.0,False,,0,32.86,0.0,1.0,0.07142857142857142,-0.39523240517739505,1,False,False,False
2017-W15,food_drink,1,24.86,42.22,15.67,35.19,73.56,10.88,-1.11,False,0.0,0,24.86,0.0,0.5888204642349597,0.08421052631578947,-0.4202379412398062,1,False,False,False
2017-W17,food_drink,1,111.84,38.75,15.63,34.42,70.02,7.48,4.67,True,0.0,0,55.92,0.0,2.886193548387097,0.1095890410958904,-0.522947249220665,1,False,False,False
2017-W18,food_drink,3,494.84,50.93,32.95,35.19,116.84,0.0,13.47,True,0.0,0,70.69,0.0,9.716080895346554,0.6153846153846154,-0.6526166509561541,-1,True,False,False
2017-W19,food_drink,3,90.17,114.35,170.46,35.96,455.26,0.0,-0.14,False,0.0,0,30.06,0.0,0.7885439440314823,1.5,-0.3728522681128379,1,False,False,False
2017-W20,food_drink,3,480.82,111.32,158.04,50.81,427.41,0.0,2.34,True,0.0,0,96.16,0.0,4.319259791591808,1.8461538461538463,-0.45648807553774534,1,False,False,False
2017-W21,food_drink,2,81.1,166.93,200.34,77.91,567.61,0.0,-0.43,False,0.0,0,40.55,0.0,0.48583238483196545,1.0666666666666667,-0.3566411241057382,1,False,False,False
2017-W22,food_drink,1,33.68,172.77,196.57,85.64,565.92,0.0,-0.71,False,0.0,0,33.68,0.0,0.19494125137465995,0.5,-0.39663801550279365,1,False,False,False
2017-W23,food_drink,2,82.78,168.77,199.37,85.64,567.51,0.0,-0.43,False,0.0,0,41.39,0.0,0.4904900159981039,1.0666666666666667,-0.3547094088747235,1,False,False,False
2017-W27,food_drink,3,120.86,175.01,195.24,86.48,565.5,0.0,-0.28,False,0.0,0,40.29,0.0,0.6905891091937604,1.5,-0.35372546907291863,1,False,False,False
2017-W28,food_drink,2,197.36,187.01,187.49,101.0,562.0,0.0,0.06,False,0.0,0,98.68,0.0,1.055344633976793,0.8888888888888888,-0.38039559251036975,1,False,False,False
2017-W29,food_drink,2,145.59,197.7,185.02,105.52,567.74,0.0,-0.28,False,0.0,0,48.53,0.0,0.7364188163884674,0.8421052631578947,-0.3510309560468936,1,False,False,False
2017-W31,food_drink,2,135.89,154.04,140.81,105.52,435.67,0.0,-0.13,False,0.0,0,45.3,0.0,0.8821734614385873,0.8888888888888888,-0.35681727280292735,1,False,False,False
2017-W32,food_drink,1,24.35,159.76,138.76,128.38,437.29,0.0,-0.98,False,0.0,0,24.35,0.0,0.15241612418627945,0.47058823529411764,-0.42000873920836435,1,False,False,False
2017-W33,food_drink,3,535.85,102.7,58.55,101.82,219.8,0.0,7.4,True,0.0,0,107.17,0.0,5.217624148003895,1.6,-0.5233029108901417,1,False,False,False
2017-W34,food_drink,3,202.73,159.55,162.7,128.38,484.94,0.0,0.27,False,0.0,0,50.68,0.0,1.2706361642118456,1.5,-0.3654614226789699,1,False,False,False
2017-W35,food_drink,3,277.46,180.68,154.8,140.74,490.28,0.0,0.63,False,0.0,0,69.36,0.0,1.535643125968563,1.3333333333333333,-0.3677589230800319,1,False,False,False
2017-W36,food_drink,1,54.6,205.01,152.5,171.48,510.01,0.0,-0.99,False,0.0,0,54.6,0.0,0.2663284717818643,0.42105263157894735,-0.38168711836590963,1,False,False,False
2017-W37,food_drink,2,74.63,196.73,159.37,171.48,515.47,0.0,-0.77,False,0.0,0,37.31,0.0,0.3793524119351395,0.9411764705882353,-0.36236487059537914,1,False,False,False
2017-W38,food_drink,2,932.52,181.39,165.1,140.74,511.59,0.0,4.55,True,0.0,0,186.5,0.0,5.14096697723138,0.9411764705882353,-0.5526053287927638,1,False,False,False
2017-W39,food_drink,1,73.16,279.75,310.83,169.31,901.42,0.0,-0.66,False,0.0,0,73.16,0.0,0.26151921358355673,0.47058823529411764,-0.3867930740620309,1,False,False,False
2017-W40,food_drink,4,424.91,271.91,315.73,138.68,903.38,0.0,0.48,False,0.0,0,84.98,0.0,1.5626861829281746,2.0,-0.3712605065852054,1,False,False,False
2017-W41,food_drink,2,173.92,321.98,302.34,240.09,926.67,0.0,-0.49,False,0.0,0,86.96,0.0,0.5401577737747686,0.8421052631578947,-0.3612645447072179,1,False,False,False
2017-W42,food_drink,5,1913.9,276.74,292.69,188.32,862.13,0.0,5.59,True,0.0,0,239.24,0.0,6.915877719158777,2.2222222222222223,-0.6835289963666272,-1,True,False,False
2017-W43,food_drink,4,750.26,490.64,644.59,225.69,1779.82,0.0,0.4,False,0.0,0,187.56,0.0,1.5291456057394424,1.6,-0.45204447981519164,1,False,False,False
2017-W44,food_drink,6,1080.1,549.74,643.93,299.42,1837.59,0.0,0.82,False,0.0,0,120.01,0.0,1.9647469712955212,2.2857142857142856,-0.47800619021428115,1,False,False,False
2017-W46,food_drink,6,443.58,677.92,633.27,587.58,1944.46,0.0,-0.37,False,0.0,0,73.93,0.0,0.6543249940995988,1.8461538461538463,-0.40309690965515943,1,False,False,False
2017-W47,food_drink,9,1141.63,724.04,595.35,596.92,1914.75,0.0,0.7,False,0.0,0,87.82,0.0,1.5767499033202588,2.4,-0.5224428948666747,1,False,False,False
2017-W48,food_drink,8,997.6,750.18,610.22,596.92,1970.62,0.0,0.41,False,0.0,0,110.84,0.0,1.32981417793063,1.7297297297297298,-0.497059512631404,1,False,False,False
2017-W49,food_drink,9,772.54,865.74,548.06,873.93,1961.86,0.0,-0.17,False,0.0,0,85.84,0.0,0.8923464319541663,1.6363636363636365,-0.4877582389723907,1,False,False,False
2017-W50,food_drink,6,744.33,909.19,521.24,885.07,1951.67,0.0,-0.32,False,0.0,0,93.04,0.0,0.818673764559663,0.9795918367346939,-0.4286539956643727,1,False,False,False
2017-W51,food_drink,1,54.17,980.49,438.79,885.07,1858.06,102.92,-2.11,True,48.75,0,54.17,0.0,0.05524788626095116,0.1509433962264151,-0.4477746125762978,1,False,True,False
2017-W52,food_drink,2,130.48,748.03,359.01,761.4,1466.05,30.0,-1.72,False,0.0,0,65.24,0.0,0.17443150675775035,0.32653061224489793,-0.38705985249126335,1,False,False,False
2018-W01,food_drink,2,159.07,670.55,420.13,758.44,1510.82,0.0,-1.22,False,0.0,0,53.02,0.0,0.23722317500559242,0.3404255319148936,-0.3582025358981152,1,False,False,False
2018-W02,food_drink,3,144.13,555.42,418.06,593.96,1391.55,0.0,-0.98,False,0.0,0,36.03,0.0,0.2594973173454323,0.5581395348837209,-0.36874273234514865,1,False,False,False
2018-W03,food_drink,3,127.85,517.99,442.21,451.7,1402.42,0.0,-0.88,False,0.0,0,42.62,0.0,0.24681943666866155,0.6,-0.36180412617545193,1,False,False,False
2018-W04,food_drink,2,151.41,391.27,378.66,151.6,1148.59,0.0,-0.63,False,0.0,0,75.7,0.0,0.38697063408899224,0.47058823529411764,-0.3545999559342511,1,False,False,False
2018-W05,food_drink,1,70.02,285.5,293.76,147.77,873.03,0.0,-0.73,False,0.0,0,70.02,0.0,0.2452539404553415,0.2857142857142857,-0.37926952863504887,1,False,False,False
2018-W06,food_drink,6,522.62,197.68,224.12,137.3,645.92,0.0,1.45,False,0.0,0,65.33,0.0,2.643767705382436,2.4,-0.43206671506119393,1,False,False,False
2018-W07,food_drink,3,196.48,169.97,147.47,137.3,464.9,0.0,0.18,False,0.0,0,65.49,0.0,1.1559687003588868,1.2,-0.355878374497469,1,False,False,False
2018-W08,food_drink,7,610.93,187.76,139.89,147.77,467.54,0.0,3.02,True,0.0,0,67.88,0.0,3.2537814230933106,2.5454545454545454,-0.4880757229372208,1,False,False,False
2018-W09,food_drink,9,881.93,247.81,201.4,155.24,650.61,0.0,3.15,True,0.0,0,73.49,0.0,3.55889592833219,2.6666666666666665,-0.5442664494849778,1,False,False,False
2018-W10,food_drink,4,207.93,338.17,295.89,173.94,929.94,0.0,-0.44,False,0.0,0,51.98,0.0,0.6148682615252683,0.9411764705882353,-0.3619796160262713,1,False,False,False
2018-W11,food_drink,2,792.62,346.15,290.72,202.2,927.59,0.0,1.54,False,0.0,0,396.31,0.0,2.2898165535172614,0.45714285714285713,-0.578442332997626,1,False,False,False
2018-W12,food_drink,3,857.17,429.24,313.53,365.28,1056.29,0.0,1.36,False,0.0,0,285.72,0.0,1.9969480943062154,0.7058823529411765,-0.504338842310256,1,False,False,False
2018-W13,food_drink,3,270.37,517.46,323.32,566.78,1164.11,0.0,-0.76,False,0.0,0,90.12,0.0,0.5224944923279093,0.6857142857142857,-0.36515972755705745,1,False,False,False
2018-W14,food_drink,4,204.91,542.51,289.73,566.78,1121.96,0.0,-1.17,False,0.0,0,51.23,0.0,0.3777073233673112,0.8648648648648649,-0.392679745020984,1,False,False,False
2018-W15,food_drink,2,345.45,502.79,313.63,440.65,1130.05,0.0,-0.5,False,0.0,0,115.15,0.0,0.6870661707671194,0.45714285714285713,-0.3995894805445165,1,False,False,False
2018-W16,food_drink,2,104.99,521.41,296.82,478.19,1115.05,0.0,-1.4,False,0.0,0,52.5,0.0,0.20135785658119332,0.47058823529411764,-0.3680687592265255,1,False,False,False
2018-W17,food_drink,6,357.13,458.17,327.35,307.91,1112.87,0.0,-0.31,False,0.0,0,51.02,0.0,0.7794705022153349,1.6551724137931034,-0.4099047122599264,1,False,False,False
2018-W18,food_drink,5,577.84,392.57,279.36,307.91,951.3,0.0,0.66,False,0.0,0,96.31,0.0,1.4719413098300942,1.5384615384615385,-0.39050295011984115,1,False,False,False
2018-W19,food_drink,1,62.92,438.81,275.02,351.29,988.84,0.0,-1.37,False,0.0,0,62.92,0.0,0.14338779881953465,0.2962962962962963,-0.39206769783570955,1,False,False,False
2018-W20,food_drink,8,2083.07,347.6,261.59,307.91,870.77,0.0,6.63,True,0.0,0,138.87,0.0,5.9927215189873415,2.4615384615384617,-0.6798961022045519,-1,True,False,False
2018-W21,food_drink,3,1340.0,500.84,659.37,307.91,1819.57,0.0,1.27,False,0.0,0,223.33,0.0,2.6755051513457393,0.7741935483870968,-0.5411453006118493,1,False,False,False
2018-W22,food_drink,1,36.96,634.54,712.28,351.29,2059.1,0.0,-0.84,False,0.0,0,36.96,0.0,0.05824691902795726,0.25806451612903225,-0.40516352630428254,1,False,False,False
2018-W23,food_drink,4,447.57,613.55,729.03,351.29,2071.61,0.0,-0.23,False,0.0,0,74.59,0.0,0.7294760003259718,1.1428571428571428,-0.36242055839214476,1,False,False,False
2018-W25,food_drink,3,177.43,626.31,724.55,402.35,2075.4,0.0,-0.62,False,0.0,0,59.14,0.0,0.2832942153246795,0.8,-0.3496921129388323,1,False,False,False
2018-W26,food_drink,1,62.17,635.36,717.52,402.35,2070.4,0.0,-0.8,False,0.0,0,62.17,0.0,0.09785003777386049,0.25806451612903225,-0.3801485966671462,1,False,False,False
2018-W27,food_drink,2,131.78,598.5,741.05,312.5,2080.6,0.0,-0.63,False,0.0,0,65.89,0.0,0.22018379281537176,0.6153846153846154,-0.3480694536329287,1,False,False,False
2018-W28,food_drink,2,116.53,542.74,759.38,154.61,2061.5,0.0,-0.56,False,0.0,0,58.27,0.0,0.2147068577956296,0.6956521739130435,-0.34557377265966455,1,False,False,False
2018-W29,food_drink,5,570.66,549.44,754.77,154.61,2058.97,0.0,0.03,False,0.0,0,95.11,0.0,1.0386211415259172,1.6666666666666667,-0.3890212037906984,1,False,False,False
2018-W30,food_drink,4,415.43,360.39,439.19,154.61,1238.76,0.0,0.13,False,0.0,0,83.09,0.0,1.1527234384971836,1.5238095238095237,-0.3668003665579631,1,False,False,False
2018-W31,food_drink,6,466.84,244.82,202.39,154.61,649.6,0.0,1.1,False,0.0,1,66.69,0.16666666666666666,1.9068703537292704,2.1818181818181817,-0.5593996747935044,1,False,False,False
2018-W32,food_drink,4,1255.08,298.55,196.3,296.43,691.14,0.0,4.87,True,0.0,0,156.88,0.0,4.203918941550828,1.1851851851851851,-0.5521514201237498,1,False,False,False
2018-W33,food_drink,3,131.16,399.49,392.97,296.43,1185.42,0.0,-0.68,False,0.0,0,43.72,0.0,0.32831860622293424,0.8888888888888888,-0.3533323698280185,1,False,False,False
2018-W34,food_drink,5,437.88,393.71,397.02,273.6,1187.75,0.0,0.11,False,0.0,0,72.98,0.0,1.1121891747733104,1.4814814814814814,-0.3748390578165892,1,False,False,False
2017-W01,furniture_bedroom,8,148.76,,,,,,0.0,False,,0,18.59,0.0,1.0,2.064516129032258,-0.6762485483140104,-1,True,False,False
2017-W07,furniture_bedroom,1,501.88,,,,,,0.0,False,,0,501.88,0.0,1.0,0.21621621621621623,-0.4463300392523538,1,False,False,False
2017-W15,furniture_bedroom,1,252.3,,,,,,0.0,False,,0,252.3,0.0,1.0,0.2222222222222222,-0.3724451927897501,1,False,False,False
2017-W17,furniture_bedroom,3,1098.9,,,,,,0.0,False,,0,274.73,0.0,1.0,0.75,-0.47735771196031485,1,False,False,False
2017-W19,furniture_bedroom,1,673.08,500.46,425.6,377.09,1351.66,0.0,0.41,False,0.0,0,336.54,0.0,1.344922671142549,0.25806451612903225,-0.44162661203675446,1,False,False,False
2017-W20,furniture_bedroom,3,4985.98,534.98,376.58,501.88,1288.14,0.0,11.82,True,0.0,0,997.2,0.0,9.31993719391379,0.9230769230769231,-0.8168998027395866,-1,True,False,False
2017-W21,furniture_bedroom,1,236.58,1276.82,1848.06,587.48,4972.95,0.0,-0.56,False,0.0,0,236.58,0.0,0.18528845099544183,0.32,-0.3711408658781714,1,False,False,False
2017-W22,furniture_bedroom,1,170.29,1128.21,1732.25,501.88,4592.72,0.0,-0.55,False,0.0,0,170.29,0.0,0.15093821185772152,0.34782608695652173,-0.4203247294547592,1,False,False,False
2017-W23,furniture_bedroom,1,249.56,1008.47,1639.13,377.09,4286.72,0.0,-0.46,False,0.0,0,249.56,0.0,0.24746398008864914,0.42105263157894735,-0.3709755884192954,1,False,False,False
2017-W24,furniture_bedroom,1,102.12,1021.07,1631.94,377.09,4284.96,0.0,-0.56,False,0.0,0,102.12,0.0,0.10001273174219201,0.6666666666666666,-0.4735791791726144,1,False,False,False
2017-W27,furniture_bedroom,1,332.16,971.1,1656.06,250.93,4283.21,0.0,-0.39,False,0.0,0,332.16,0.0,0.3420451034908866,0.6666666666666666,-0.39126491281664927,1,False,False,False
2017-W29,furniture_bedroom,1,406.65,981.08,1651.34,290.86,4283.76,0.0,-0.35,False,0.0,0,406.65,0.0,0.4144921922778978,0.6666666666666666,-0.4159779811897931,1,False,False,False
2017-W30,furniture_bedroom,3,857.82,894.55,1662.38,290.86,4219.32,0.0,-0.02,False,0.0,0,285.94,0.0,0.9589402492873513,2.4,-0.46379687067832576,1,False,False,False
2017-W32,furniture_bedroom,2,438.7,917.64,1660.15,290.86,4237.94,0.0,-0.29,False,0.0,0,219.35,0.0,0.47807419031428444,1.3333333333333333,-0.38898265495226825,1,False,False,False
2017-W35,furniture_bedroom,1,263.66,349.24,234.81,290.86,818.86,0.0,-0.36,False,0.0,0,263.66,0.0,0.7549536135608751,0.7272727272727273,-0.3560802886716769,1,False,False,False
2017-W36,furniture_bedroom,1,108.98,352.62,233.15,297.91,818.92,0.0,-1.05,False,0.0,0,108.98,0.0,0.3090579093641881,0.7272727272727273,-0.48151259067368135,1,False,False,False
2017-W38,furniture_bedroom,1,1255.32,344.96,240.88,297.91,826.71,0.0,3.78,True,0.0,0,627.66,0.0,3.639030612244898,0.7272727272727273,-0.6436891264973154,1,False,False,False
2017-W39,furniture_bedroom,1,187.34,470.68,396.3,369.4,1263.27,0.0,-0.71,False,0.0,0,187.34,0.0,0.3980198861222062,0.7272727272727273,-0.38427904016794406,1,False,False,False
2017-W40,furniture_bedroom,2,533.78,481.33,385.99,369.4,1253.3,0.0,0.14,False,0.0,0,266.89,0.0,1.1089688986765835,1.4545454545454546,-0.3754368222800068,1,False,False,False
2017-W41,furniture_bedroom,1,565.58,506.53,381.41,422.67,1269.35,0.0,0.15,False,0.0,0,565.58,0.0,1.1165774978777172,0.6666666666666666,-0.47414559904819004,1,False,False,False
2017-W44,furniture_bedroom,1,312.49,526.4,379.6,486.24,1285.6,0.0,-0.56,False,0.0,0,312.49,0.0,0.5936360182370821,0.6666666666666666,-0.37652651273414284,1,False,False,False
2017-W45,furniture_bedroom,1,578.38,458.23,360.04,375.6,1178.32,0.0,0.33,False,0.0,0,578.38,0.0,1.2622045697575452,0.8,-0.49270663390116975,1,False,False,False
2017-W46,furniture_bedroom,1,262.1,475.69,362.34,423.14,1200.37,0.0,-0.59,False,0.0,0,262.1,0.0,0.5509890895330993,0.8888888888888888,-0.3527430550683671,1,False,False,False
2017-W47,furniture_bedroom,1,209.98,475.5,362.47,423.14,1200.44,0.0,-0.73,False,0.0,0,209.98,0.0,0.44159831756046264,0.8888888888888888,-0.36725022204076896,1,False,False,False
2017-W52,furniture_bedroom,1,230.75,488.12,349.41,423.14,1186.93,0.0,-0.74,False,0.0,0,230.75,0.0,0.4727321150536753,0.8888888888888888,-0.35827119089411835,1,False,False,False
2018-W01,furniture_bedroom,2,441.35,360.05,169.46,287.3,698.97,21.13,0.48,False,0.0,0,220.68,0.0,1.2258019719483406,1.7777777777777777,-0.38699525538670276,1,False,False,False
2018-W02,furniture_bedroom,2,416.07,391.8,155.72,376.92,703.23,80.37,0.16,False,0.0,0,208.03,0.0,1.0619448698315466,1.6,-0.3720728651519522,1,False,False,False
2018-W03,furniture_bedroom,1,240.22,377.09,145.62,364.28,668.32,85.85,-0.94,False,0.0,0,240.22,0.0,0.6370362512927948,0.8,-0.37090321262538584,1,False,False,False
2018-W06,furniture_bedroom,1,280.56,336.42,130.06,287.3,596.53,76.3,-0.43,False,0.0,0,280.56,0.0,0.8339575530586766,0.8,-0.35878402986751196,1,False,False,False
2018-W07,furniture_bedroom,2,370.0,332.43,131.38,271.33,595.18,69.67,0.29,False,0.0,0,185.0,0.0,1.1130162741028187,1.6,-0.38893510067105685,1,False,False,False
2018-W08,furniture_bedroom,1,224.71,306.38,89.69,271.33,485.76,126.99,-0.91,False,0.0,0,224.71,0.0,0.7334356028461388,0.7272727272727273,-0.3811026322550389,1,False,False,False
2018-W09,furniture_bedroom,4,876.54,301.71,93.23,260.39,488.17,115.24,6.17,True,0.0,0,175.31,0.0,2.9052401312518645,2.909090909090909,-0.6236891378055391,1,False,False,False
2018-W10,furniture_bedroom,2,482.75,385.02,216.24,325.28,817.51,0.0,0.45,False,0.0,0,241.38,0.0,1.2538309698197496,1.1428571428571428,-0.39103367563709257,1,False,False,False
2018-W11,furniture_bedroom,1,275.69,416.52,208.79,393.04,834.1,0.0,-0.67,False,0.0,0,275.69,0.0,0.6618889849226928,0.5333333333333333,-0.3593566699448551,1,False,False,False
2018-W12,furniture_bedroom,2,254.3,395.82,214.12,325.28,824.06,0.0,-0.66,False,0.0,0,84.77,0.0,0.6424637461472387,1.1428571428571428,-0.4489295552106464,1,False,False,False
2018-W13,furniture_bedroom,1,236.55,375.6,219.51,278.12,814.61,0.0,-0.63,False,0.0,0,236.55,0.0,0.6297923322683706,0.5714285714285714,-0.35134155832630193,1,False,False,False
2018-W14,furniture_bedroom,2,461.34,375.14,219.83,278.12,814.8,0.0,0.39,False,0.0,0,230.67,0.0,1.2297808818041265,1.1428571428571428,-0.3816422732814729,1,False,False,False
2018-W15,furniture_bedroom,2,948.49,397.74,218.01,322.85,833.75,0.0,2.53,True,0.0,0,316.16,0.0,2.3846985467893598,1.0666666666666667,-0.5290611038012583,1,False,False,False
2018-W16,furniture_bedroom,1,352.16,470.05,291.16,368.52,1052.36,0.0,-0.4,False,0.0,0,352.16,0.0,0.7491968939474525,0.5333333333333333,-0.3834318873414441,1,False,False,False
2018-W18,furniture_bedroom,1,264.76,485.98,279.05,406.75,1044.08,0.0,-0.79,False,0.0,0,264.76,0.0,0.544796082143298,0.5333333333333333,-0.36295380163472457,1,False,False,False
2018-W19,furniture_bedroom,1,217.04,409.5,237.46,313.92,884.42,0.0,-0.81,False,0.0,0,217.04,0.0,0.53001221001221,0.6666666666666666,-0.3655412537159012,1,False,False,False
2018-W20,furniture_bedroom,2,1246.26,376.29,244.24,270.23,864.76,0.0,3.56,True,0.0,0,415.42,0.0,3.3119668340907276,1.4545454545454546,-0.5666522434160594,1,False,False,False
2018-W22,furniture_bedroom,2,602.57,497.61,386.66,308.46,1270.93,0.0,0.27,False,0.0,0,301.28,0.0,1.2109282369727297,1.3333333333333333,-0.3913305814204604,1,False,False,False
2018-W23,furniture_bedroom,2,534.2,541.15,374.77,406.75,1290.69,0.0,-0.02,False,0.0,0,267.1,0.0,0.9871569805044813,1.3333333333333333,-0.37694266762274364,1,False,False,False
2018-W24,furniture_bedroom,1,453.88,578.35,354.44,497.77,1287.23,0.0,-0.35,False,0.0,0,453.88,0.0,0.7847843001642604,0.6153846153846154,-0.42663867917721476,1,False,False,False
2018-W25,furniture_bedroom,2,562.45,577.42,354.8,494.04,1287.02,0.0,-0.04,False,0.0,0,187.48,0.0,0.9740743306432061,1.3333333333333333,-0.3936212578307737,1,False,False,False
2018-W26,furniture_bedroom,2,456.63,529.16,321.84,494.04,1172.85,0.0,-0.23,False,0.0,0,228.31,0.0,0.8629337062514174,1.3333333333333333,-0.3770510799725291,1,False,False,False
2018-W29,furniture_bedroom,1,218.62,542.22,315.7,495.42,1173.61,0.0,-1.03,False,0.0,0,218.62,0.0,0.40319427538637453,0.6153846153846154,-0.39444052967176496,1,False,False,False
2018-W30,furniture_bedroom,5,1789.35,536.46,321.85,495.42,1180.16,0.0,3.89,True,0.0,0,178.94,0.0,3.335477015993736,3.076923076923077,-0.6520230998067879,-1,True,False,False
2018-W31,furniture_bedroom,1,479.0,733.0,518.76,548.33,1770.52,0.0,-0.49,False,0.0,0,239.5,0.0,0.6534788540245566,0.47058823529411764,-0.3787738663855066,1,False,False,False
2018-W32,furniture_bedroom,2,1176.16,637.09,479.78,506.6,1596.64,0.0,1.12,False,0.0,0,392.05,0.0,1.8461441868495818,1.0,-0.5077068671746922,1,False,False,False
2018-W33,furniture_bedroom,4,1231.39,708.79,515.42,506.6,1739.62,0.0,1.01,False,0.0,0,307.85,0.0,1.7373128853398048,2.0,-0.5432671721459884,1,False,False,False
2018-W34,furniture_bedroom,2,419.92,795.94,540.03,520.72,1876.0,0.0,-0.7,False,0.0,0,209.96,0.0,0.5275774555871046,0.8888888888888888,-0.3966927122814149,1,False,False,False
2016-W35,furniture_decor,1,272.46,,,,,,0.0,False,,0,136.23,0.0,1.0,0.42105263157894735,-0.4689763609438178,1,False,False,False
2016-W40,furniture_decor,44,9202.65,,,,,,0.0,False,,0,139.43,0.0,1.0,19.555555555555557,-0.3577814538222171,1,False,False,False
2016-W41,furniture_decor,7,1649.89,,,,,,0.0,False,,0,183.32,0.0,1.0,0.9333333333333333,-0.4691051471100106,1,False,False,False
2017-W01,furniture_decor,3,349.61,,,,,,0.0,False,,0,116.54,0.0,1.0,0.36363636363636365,-0.4693643378823492,1,False,False,False
2017-W02,furniture_decor,23,3827.56,2868.65,4269.69,999.75,11408.03,0.0,0.22,False,0.0,0,123.47,0.0,1.3342722186394296,2.875,-0.43440898241796266,1,False,False,False
2017-W03,furniture_decor,56,9650.36,3060.43,3722.44,1649.89,10505.32,0.0,1.77,False,0.0,0,114.89,0.0,3.1532693118287303,5.209302325581396,-0.5042042158038654,1,False,False,False
2017-W04,furniture_decor,42,8630.66,4158.76,4280.55,2738.72,12719.86,0.0,1.04,False,0.0,0,148.8,0.0,2.075296482605392,2.4,-0.4262877257325328,1,False,False,False
2017-W05,furniture_decor,57,12318.6,4797.6,4257.48,3827.56,13312.55,0.0,1.77,False,0.0,0,173.5,0.0,2.5676588294147074,2.561797752808989,-0.45800342978857955,1,False,False,False
2017-W06,furniture_decor,53,6982.12,5737.72,4754.72,6229.11,15247.16,0.0,0.26,False,0.0,0,114.46,0.0,1.2168805727710659,1.8197424892703862,-0.3874461895491541,1,False,False,False
2017-W07,furniture_decor,52,9613.25,6576.43,4213.98,7806.39,15004.39,0.0,0.72,False,0.0,0,135.4,0.0,1.4617733329481193,1.4596491228070176,-0.37508784651733373,1,False,False,False
2017-W08,furniture_decor,57,10462.32,6627.76,4252.86,7806.39,15133.47,0.0,0.9,False,0.0,0,132.43,0.0,1.5785604789551824,1.5563139931740615,-0.37724370200731244,1,False,False,False
2017-W09,furniture_decor,82,14451.8,7729.31,3906.5,9121.96,15542.3,0.0,1.72,False,0.0,1,123.52,0.012195121951219513,1.869739989727414,1.912536443148688,-0.47201371648677565,1,False,False,False
2017-W10,furniture_decor,55,7895.9,9492.08,3222.64,9631.8,15937.36,3046.8,-0.5,False,0.0,0,112.8,0.0,0.8318408610125494,1.042654028436019,-0.37432830245902177,1,False,False,False
2017-W11,furniture_decor,60,9505.34,10000.63,2422.81,9631.8,14846.24,5155.01,-0.2,False,0.0,0,123.45,0.0,0.9504741201304319,1.0572687224669604,-0.35949676821899773,1,False,False,False
2017-W12,furniture_decor,52,7905.46,9982.5,2426.34,9559.3,14835.18,5129.82,-0.86,False,0.0,1,121.62,0.019230769230769232,0.7919318807913849,0.9082969432314411,-0.45553376832391246,1,False,False,False
2017-W13,furniture_decor,38,4913.64,9891.85,2496.59,9559.3,14885.03,4898.67,-1.99,False,0.0,0,111.67,0.0,0.4967362020248993,0.6495726495726496,-0.46367277898932274,1,False,False,False
2017-W14,furniture_decor,43,12046.17,8966.23,2820.08,8705.4,14606.39,3326.06,1.09,False,0.0,0,219.02,0.0,1.3435044606261495,0.7661469933184856,-0.4499422919237848,1,False,False,False
2017-W15,furniture_decor,27,6050.5,9599.24,2878.83,9559.3,15356.9,3841.57,-1.23,False,0.0,1,195.18,0.037037037037037035,0.6303103162333685,0.4920273348519362,-0.5749823143654584,-1,True,False,False
2017-W16,furniture_decor,46,11246.69,9153.89,3140.08,8705.4,15434.04,2873.74,0.67,False,0.0,1,181.4,0.021739130434782608,1.2286241149937351,0.8888888888888888,-0.45297980463593035,1,False,False,False
2017-W17,furniture_decor,46,10245.49,9251.94,3198.47,8705.4,15648.88,2855.0,0.31,False,0.0,0,182.96,0.0,1.1073882882941306,0.913151364764268,-0.3801809180433086,1,False,False,False
2017-W18,furniture_decor,58,7982.2,8726.15,2488.5,8705.4,13703.15,3749.15,-0.3,False,0.0,0,120.94,0.0,0.9147447614354555,1.2643051771117166,-0.36106524484419245,1,False,False,False
2017-W19,furniture_decor,43,8677.06,8736.94,2484.57,8743.77,13706.07,3767.8,-0.02,False,0.0,0,135.58,0.0,0.9931463418542418,0.9297297297297298,-0.35541989302726323,1,False,False,False
2017-W20,furniture_decor,66,11303.75,8633.4,2465.16,8329.63,13563.71,3703.09,1.08,False,0.0,0,109.75,0.0,1.3093045613547387,1.4957507082152974,-0.4009814337983638,1,False,False,False
2017-W21,furniture_decor,40,8148.79,9058.19,2610.32,9461.28,14278.82,3837.55,-0.35,False,0.0,0,159.78,0.0,0.8996046671575667,0.8719346049046321,-0.37282576517257476,1,False,False,False
2017-W22,furniture_decor,51,7475.65,9462.58,2071.5,9461.28,13605.58,5319.58,-0.96,False,0.0,0,111.58,0.0,0.7900223829019146,1.1056910569105691,-0.3790121328669965,1,False,False,False
2017-W23,furniture_decor,41,7273.35,8891.27,1878.43,8412.92,12648.13,5134.41,-0.86,False,0.0,0,115.45,0.0,0.8180327444785728,0.870026525198939,-0.3866358978742011,1,False,False,False
2017-W24,furniture_decor,34,4186.98,9044.12,1650.12,8412.92,12344.36,5743.88,-2.94,True,1556.9,1,97.37,0.029411764705882353,0.4629505137039313,0.6956521739130435,-0.6105013349760036,-1,True,True,True
2017-W25,furniture_decor,46,15050.97,8161.66,2123.71,8065.5,12409.07,3914.25,3.24,True,0.0,0,264.05,0.0,1.8441064685370379,0.9709762532981531,-0.5598214210061939,1,False,False,False
2017-W26,furniture_decor,53,14320.6,8762.34,3202.78,8065.5,15167.9,2356.79,1.74,False,0.0,0,216.98,0.0,1.6343351205271652,1.1187335092348285,-0.4527305689860947,1,False,False,False
2017-W27,furniture_decor,61,12438.01,9554.64,3723.83,8412.92,17002.3,2106.99,0.77,False,0.0,0,149.86,0.0,1.3017769376972865,1.304812834224599,-0.3586100585212893,1,False,False,False
2017-W28,furniture_decor,51,7885.16,10024.76,3833.01,9726.27,17690.78,2358.74,-0.56,False,0.0,0,115.96,0.0,0.7865684565017017,1.0408163265306123,-0.3676824595037228,1,False,False,False
2017-W29,furniture_decor,47,8588.42,9597.44,3860.51,8016.98,17318.47,1876.41,-0.26,False,0.0,0,138.52,0.0,0.8948657141904508,0.9973474801061007,-0.3581980617342348,1,False,False,False
2017-W30,furniture_decor,68,14048.04,9652.39,3840.02,8236.79,17332.44,1972.35,1.14,False,0.0,0,143.35,0.0,1.455394985076235,1.4166666666666667,-0.37112455107127507,1,False,False,False
2017-W31,furniture_decor,80,17070.69,10473.94,4007.21,10513.22,18488.37,2459.51,1.65,False,0.0,3,158.06,0.0375,1.629825070603803,1.5960099750623442,-0.4612415810830272,1,False,False,False
2017-W32,furniture_decor,65,10198.88,11698.61,4370.01,13243.03,20438.64,2958.58,-0.34,False,0.0,0,129.1,0.0,0.8718027184426183,1.1818181818181819,-0.35435149544516575,1,False,False,False
2017-W33,furniture_decor,82,14762.67,12450.1,3272.96,13243.03,18996.02,5904.17,0.71,False,0.0,0,143.33,0.0,1.1857471024329123,1.3927813163481952,-0.37090528744847223,1,False,False,False
2017-W34,furniture_decor,74,16887.25,12414.06,3241.67,13243.03,18897.4,5930.72,1.38,False,0.0,0,153.52,0.0,1.36033255840555,1.1676528599605522,-0.37669354684087036,1,False,False,False
2017-W35,furniture_decor,65,17921.95,12734.89,3567.91,13243.03,19870.72,5599.06,1.45,False,0.0,1,165.94,0.015384615384615385,1.407310938688909,0.9848484848484849,-0.43304632194605114,1,False,False,False
2017-W36,furniture_decor,70,13070.24,13420.38,4003.0,14405.36,21426.39,5414.37,-0.09,False,0.0,0,140.54,0.0,0.973909829676954,1.0526315789473684,-0.3478230675189459,1,False,False,False
2017-W37,furniture_decor,66,14679.69,14068.52,3344.33,14405.36,20757.17,7379.87,0.18,False,0.0,1,181.23,0.015151515151515152,1.0434423805773458,0.9582577132486388,-0.40744860485660045,1,False,False,False
2017-W38,furniture_decor,64,13898.02,14829.93,2507.01,14721.18,19843.95,9815.9,-0.37,False,0.0,0,151.07,0.0,0.937160188888282,0.8982456140350877,-0.34974862505315224,1,False,False,False
2017-W39,furniture_decor,56,7289.53,14811.17,2514.25,14721.18,19839.67,9782.68,-2.99,True,2493.15,0,113.9,0.0,0.49216435973660416,0.7915194346289752,-0.48071148448626194,1,False,True,False
2017-W40,furniture_decor,52,11935.77,13588.53,3459.17,14288.86,20506.86,6670.19,-0.48,False,0.0,0,172.98,0.0,0.8783709496170667,0.7675276752767528,-0.3591947321352182,1,False,False,False
2017-W41,furniture_decor,58,13475.58,13805.64,3265.09,14288.86,20335.82,7275.46,-0.1,False,0.0,1,175.01,0.017241379310344827,0.9760923796361487,0.8771266540642723,-0.41002520870164794,1,False,False,False
2017-W42,furniture_decor,69,17456.66,13644.75,3242.83,13686.8,20130.41,7159.09,1.18,False,0.0,0,166.25,0.0,1.279368255189725,1.0930693069306932,-0.3748194973418452,1,False,False,False
2017-W43,furniture_decor,63,15619.23,13715.93,3329.26,13686.8,20374.46,7057.4,0.57,False,0.0,0,161.02,0.0,1.1387656542429132,1.008,-0.3568723583828749,1,False,False,False
2017-W44,furniture_decor,54,11405.46,13428.09,2996.59,13686.8,19421.28,7434.9,-0.67,False,0.0,0,156.24,0.0,0.8493732168908608,0.8674698795180723,-0.358064873575461,1,False,False,False
2017-W45,furniture_decor,91,16061.69,13219.99,3081.6,13686.8,19383.18,7056.8,0.92,False,0.0,0,138.46,0.0,1.2149547768190445,1.5103734439834025,-0.38361337060787265,1,False,False,False
2017-W46,furniture_decor,95,27362.09,13392.74,3211.13,13686.8,19815.0,6970.49,4.35,True,0.0,6,182.41,0.06315789473684211,2.043053923244982,1.4990138067061145,-0.612606631459059,-1,True,False,False
2017-W47,furniture_decor,228,84865.89,15075.75,5908.91,14547.4,26893.57,3257.93,11.81,True,0.0,0,227.52,0.0,5.629298044873389,3.390334572490706,-0.8107096247002773,-1,True,False,False
2017-W48,furniture_decor,143,29065.98,24772.8,24791.08,15840.46,74354.96,0.0,0.17,False,0.0,0,149.82,0.0,1.1733021701220694,1.611267605633803,-0.477361639860525,1,False,False,False
2017-W49,furniture_decor,89,15155.59,26914.07,24257.97,16759.18,75430.02,0.0,-0.48,False,0.0,0,126.3,0.0,0.5631102988139661,0.8888888888888888,-0.40608346534633116,1,False,False,False
2017-W50,furniture_decor,80,12886.13,27124.07,24131.96,16759.18,75388.0,0.0,-0.59,False,0.0,0,130.16,0.0,0.4750809889518792,0.7692307692307693,-0.38633282366056293,1,False,False,False
2017-W51,furniture_decor,49,11792.54,26552.76,24445.6,15840.46,75443.95,0.0,-0.6,False,0.0,0,163.79,0.0,0.444117297034282,0.465005931198102,-0.38277822076787726,1,False,False,False
2017-W52,furniture_decor,54,8133.06,26074.42,24725.93,15608.64,75526.28,0.0,-0.73,False,0.0,0,117.87,0.0,0.31191719700764203,0.5211097708082026,-0.3953918896334052,1,False,False,False
2018-W01,furniture_decor,114,24348.86,25665.37,25028.49,15608.64,75722.35,0.0,-0.05,False,0.0,0,159.14,0.0,0.9487048111911108,1.1001206272617612,-0.3809078010393208,1,False,False,False
2018-W02,furniture_decor,114,25365.0,26701.27,24744.1,19752.22,76189.48,0.0,-0.05,False,0.0,0,162.6,0.0,0.949954814883337,1.0704225352112675,-0.39028212656933386,1,False,False,False
2018-W03,furniture_decor,131,29287.28,26451.63,24746.56,19752.22,75944.75,0.0,0.11,False,0.0,0,157.46,0.0,1.1072013331503578,1.2032146957520091,-0.435895768587011,1,False,False,False
2018-W04,furniture_decor,90,17657.8,19504.3,8421.38,19752.22,36347.07,2661.54,-0.22,False,0.0,4,154.89,0.044444444444444446,0.9053285685720585,0.9302325581395349,-0.4664138156901707,1,False,False,False
2018-W05,furniture_decor,67,10848.99,18078.28,7484.78,16406.7,33047.84,3108.72,-0.97,False,0.0,0,132.3,0.0,0.6001118469234905,0.7434119278779473,-0.37668498078688195,1,False,False,False
2018-W06,furniture_decor,59,10307.08,17539.96,7869.98,15271.96,33279.91,1800.01,-0.92,False,0.0,0,141.19,0.0,0.5876341793253804,0.6752503576537912,-0.3690915927578647,1,False,False,False
2018-W07,furniture_decor,97,18781.38,17217.58,8136.17,14725.17,33489.91,945.24,0.19,False,0.0,0,153.95,0.0,1.0908257722630008,1.1445427728613569,-0.3699120342605462,1,False,False,False
2018-W08,furniture_decor,99,20789.15,18091.18,7840.28,18219.59,33771.73,2410.63,0.34,False,0.0,7,153.99,0.0707070707070707,1.1491317868707294,1.0909090909090908,-0.517199454473398,1,False,False,False
2018-W09,furniture_decor,119,30849.15,19673.19,6744.12,19785.26,33161.44,6184.95,1.66,False,0.0,1,201.63,0.008403361344537815,1.5680807230550817,1.2347600518806745,-0.5113870817392899,1,False,False,False
2018-W10,furniture_decor,102,45331.22,20485.73,7710.3,19785.26,35906.32,5065.13,3.22,True,0.0,0,274.73,0.0,2.2128193625513957,1.0515463917525774,-0.6397829144467106,-1,True,False,False
2018-W11,furniture_decor,84,22116.91,22981.51,11709.59,19785.26,46400.68,0.0,-0.07,False,0.0,0,182.78,0.0,0.9623784511983765,0.8795811518324608,-0.38584097338978274,1,False,False,False
2018-W12,furniture_decor,104,19303.08,22085.21,11429.03,19785.26,44943.26,0.0,-0.24,False,0.0,0,142.99,0.0,0.8740274600060404,1.1603905160390515,-0.3867225981791378,1,False,False,False
2018-W13,furniture_decor,92,20303.56,22290.87,11352.52,20046.12,44995.92,0.0,-0.18,False,0.0,1,153.81,0.010869565217391304,0.9108464586622237,1.0068399452804377,-0.40184251426075523,1,False,False,False
2018-W14,furniture_decor,107,24423.56,23472.69,10447.27,20546.36,44367.23,2578.16,0.09,False,0.0,0,169.61,0.0,1.040509630553635,1.1322751322751323,-0.37580136289718846,1,False,False,False
2018-W15,furniture_decor,103,21087.9,25237.25,8997.45,21453.03,43232.16,7242.34,-0.46,False,0.0,0,166.05,0.0,0.8355862861444888,1.0248756218905473,-0.3837654398590193,1,False,False,False
2018-W16,furniture_decor,129,25492.03,25525.57,8795.72,21602.4,43117.01,7934.12,-0.0,False,0.0,0,147.35,0.0,0.9986860234658814,1.2740740740740741,-0.4169286705735267,1,False,False,False
2018-W17,furniture_decor,102,24835.03,26113.43,8588.66,23270.24,43290.75,8936.1,-0.15,False,0.0,1,174.89,0.00980392156862745,0.9510443476785699,0.9714285714285714,-0.41598967376514767,1,False,False,False
2018-W18,furniture_decor,111,22191.07,25361.66,8375.49,23270.24,42112.64,8610.68,-0.38,False,0.0,0,160.8,0.0,0.874984918179646,1.0789793438639126,-0.387400106523434,1,False,False,False
2018-W19,furniture_decor,129,29706.38,22469.14,2248.11,22153.99,26965.36,17972.93,3.22,True,0.0,0,164.12,0.0,1.3220968848829997,1.2403846153846154,-0.4939672939550384,1,False,False,False
2018-W20,furniture_decor,132,30071.61,23417.83,3389.72,23307.32,30197.27,16638.38,1.96,False,0.0,0,172.83,0.0,1.284133072961927,1.2041049030786772,-0.4555879083885185,1,False,False,False
2018-W21,furniture_decor,65,13435.32,24763.89,3650.4,24629.3,32064.7,17463.09,-3.1,True,4027.77,3,158.06,0.046153846153846156,0.5425367339299279,0.574585635359116,-0.5591757435107189,1,False,True,False
2018-W22,furniture_decor,61,14558.9,23905.36,5289.12,24629.3,34483.6,13327.13,-1.77,False,0.0,0,161.77,0.0,0.6090224117101771,0.5558086560364465,-0.4161638193182483,1,False,False,False
2018-W23,furniture_decor,53,13334.34,22672.28,6219.18,23513.05,35110.64,10233.92,-1.5,False,0.0,0,202.04,0.0,0.5881340562131379,0.5096153846153846,-0.44262293759348637,1,False,False,False
2018-W24,furniture_decor,78,17553.74,21703.08,7050.02,23513.05,35803.12,7603.05,-0.59,False,0.0,0,179.12,0.0,0.808813311290379,0.7979539641943734,-0.382401101938295,1,False,False,False
2018-W25,furniture_decor,73,13110.39,20710.8,6999.01,19872.4,34708.83,6712.77,-1.09,False,0.0,0,148.98,0.0,0.6330219016165479,0.79890560875513,-0.37378766465754365,1,False,False,False
2018-W26,furniture_decor,89,23654.01,19245.22,7235.6,16056.32,33716.41,4774.03,0.61,False,0.0,0,193.89,0.0,1.22908493641538,1.0142450142450143,-0.4267323703134158,1,False,False,False
2018-W27,furniture_decor,71,14241.89,19428.09,7338.44,16056.32,34104.96,4751.21,-0.71,False,0.0,0,153.14,0.0,0.7330566205942014,0.8352941176470589,-0.3588714248565708,1,False,False,False
2018-W28,furniture_decor,39,7490.71,17495.03,6191.33,14400.4,29877.69,5112.36,-1.62,False,0.0,0,174.2,0.0,0.4281621694847051,0.5016077170418006,-0.44030549490443976,1,False,False,False
2018-W29,furniture_decor,93,19577.7,14672.41,4574.88,13838.6,23822.18,5522.64,1.07,False,0.0,1,160.47,0.010752688172043012,1.3343206739724423,1.4064272211720228,-0.4125379477549161,1,False,False,False
2018-W30,furniture_decor,97,30061.42,15440.21,4845.06,14400.4,25130.33,5750.09,3.02,True,0.0,0,221.04,0.0,1.946956679993342,1.393177737881508,-0.523494439217332,1,False,False,False
2018-W31,furniture_decor,107,32655.96,17378.03,7043.58,15897.82,31465.19,3290.86,2.17,True,0.0,1,216.26,0.009345794392523364,1.879152009750242,1.4435075885328836,-0.5220223523266238,1,False,False,False
2018-W32,furniture_decor,110,25936.7,19793.23,8599.69,18565.72,36992.61,2593.85,0.71,False,0.0,0,175.25,0.0,1.3103823883216636,1.3601236476043277,-0.40719335153092634,1,False,False,False
2018-W33,furniture_decor,100,23176.11,20841.1,8796.31,21615.86,38433.72,3248.48,0.27,False,0.0,1,171.67,0.01,1.1120387119681783,1.1782032400589102,-0.4045086037423474,1,False,False,False
2018-W34,furniture_decor,52,8353.65,22099.31,8234.5,23415.06,38568.31,5630.31,-1.67,False,0.0,0,132.6,0.0,0.37800501463620356,0.5892351274787535,-0.4031990691120315,1,False,False,False
2018-W35,furniture_decor,2,215.59,20186.77,9501.22,21376.9,39189.21,1184.32,-2.1,True,968.73,0,107.8,0.0,0.010679766995908706,0.02391629297458894,-0.5681231907351183,1,False,True,False
2017-W04,furniture_living_room,3,948.54,,,,,,0.0,False,,0,237.13,0.0,1.0,0.04,-0.3560097690485601,1,False,False,False
2017-W05,furniture_living_room,9,4114.86,,,,,,0.0,False,,0,342.9,0.0,1.0,0.1276595744680851,-0.46251747251950837,1,False,False,False
2017-W06,furniture_living_room,3,1103.18,,,,,,0.0,False,,0,220.64,0.0,1.0,0.05,-0.35645392833991607,1,False,False,False
2017-W08,furniture_living_room,6,6284.88,,,,,,0.0,False,,1,523.74,0.16666666666666666,1.0,0.12435233160621761,-0.6346616283227194,-1,True,False,False
2017-W09,furniture_living_room,2,540.78,3112.86,2568.32,2609.02,8249.51,0.0,-1.0,False,0.0,1,90.13,0.5,0.17372448487885736,0.056140350877192984,-0.6178434594493888,1,False,False,False
2017-W10,furniture_living_room,4,512.71,2598.45,2504.06,1103.18,7606.57,0.0,-0.83,False,0.0,0,128.18,0.0,0.1973137832169178,0.1807909604519774,-0.35177563596468603,1,False,False,False
2017-W11,furniture_living_room,5,1144.87,2250.83,2396.1,1025.86,7043.03,0.0,-0.46,False,0.0,0,190.81,0.0,0.5086434781836033,0.49382716049382713,-0.3448355359910455,1,False,False,False
2017-W12,furniture_living_room,6,4225.19,2092.83,2226.92,1103.18,6546.67,0.0,0.96,False,0.0,0,384.11,0.0,2.018888299575216,1.411764705882353,-0.4519757840777464,1,False,False,False
2017-W13,furniture_living_room,4,2687.48,2359.38,2195.24,1124.03,6749.86,0.0,0.15,False,0.0,0,383.93,0.0,1.139061956954793,0.8421052631578947,-0.406791080974172,1,False,False,False
2017-W14,furniture_living_room,2,264.61,2576.74,2120.4,1916.18,6817.55,0.0,-1.09,False,0.0,0,132.31,0.0,0.10269177332598556,0.41025641025641024,-0.3667121291852654,1,False,False,False
2017-W15,furniture_living_room,6,2107.7,2095.46,2158.04,1124.03,6411.54,0.0,0.01,False,0.0,0,301.1,0.0,1.0058411995456844,1.5,-0.3739268022044995,1,False,False,False
2017-W16,furniture_living_room,1,127.98,2221.03,2120.96,1626.28,6462.94,0.0,-0.99,False,0.0,0,127.98,0.0,0.057621914156945196,0.22857142857142856,-0.39819955044172417,1,False,False,False
2017-W18,furniture_living_room,10,1990.44,1451.41,1445.03,842.82,4341.47,0.0,0.37,False,0.0,0,165.87,0.0,1.3713836889645241,2.6666666666666665,-0.40708700010135496,1,False,False,False
2017-W19,furniture_living_room,5,1135.47,1632.62,1404.86,1567.66,4442.34,0.0,-0.35,False,0.0,0,227.09,0.0,0.695489458661538,1.0526315789473684,-0.3484730989710989,1,False,False,False
2017-W20,furniture_living_room,4,1725.21,1710.47,1350.12,1567.66,4410.72,0.0,0.01,False,0.0,0,287.54,0.0,1.008617514484323,0.8205128205128205,-0.37448846586147644,1,False,False,False
2017-W21,furniture_living_room,7,1421.87,1783.01,1330.85,1857.82,4444.7,0.0,-0.27,False,0.0,0,177.73,0.0,0.7974548656485381,1.4736842105263157,-0.35680750566386,1,False,False,False
2017-W22,furniture_living_room,4,1205.39,1432.59,892.98,1573.54,3218.56,0.0,-0.25,False,0.0,0,241.08,0.0,0.8414061245715803,0.8205128205128205,-0.34637294896161086,1,False,False,False
2017-W23,furniture_living_room,6,2296.68,1247.33,735.26,1313.63,2717.85,0.0,1.43,False,0.0,0,229.67,0.0,1.8412769676027996,1.2307692307692308,-0.40365160950118323,1,False,False,False
2017-W24,furniture_living_room,2,221.04,1501.34,697.29,1573.54,2895.91,106.77,-1.84,False,0.0,0,110.52,0.0,0.14722847589486726,0.37209302325581395,-0.4323170297921766,1,False,False,False
2017-W25,furniture_living_room,3,444.25,1265.51,777.36,1313.63,2820.23,0.0,-1.06,False,0.0,0,148.08,0.0,0.3510442430324533,0.6153846153846154,-0.3541722691570612,1,False,False,False
2017-W26,furniture_living_room,1,160.79,1305.04,716.94,1313.63,2738.92,0.0,-1.6,False,0.0,0,80.39,0.0,0.1232069515110648,0.1951219512195122,-0.43809871133543526,1,False,False,False
2017-W27,furniture_living_room,4,868.04,1076.34,757.73,1170.43,2591.8,0.0,-0.27,False,0.0,0,217.01,0.0,0.8064737908095955,1.0,-0.34384812331448744,1,False,False,False
2017-W28,furniture_living_room,11,2884.88,1042.91,760.64,1036.72,2564.2,0.0,2.42,True,0.0,0,192.33,0.0,2.7661830838710912,2.838709677419355,-0.5148129070555253,1,False,False,False
2017-W29,furniture_living_room,4,1865.11,1187.87,986.28,1036.72,3160.43,0.0,0.69,False,0.0,0,266.44,0.0,1.5701297280005388,0.8421052631578947,-0.38218350867015266,1,False,False,False
2017-W30,furniture_living_room,6,791.37,1243.27,1013.38,1036.72,3270.04,0.0,-0.45,False,0.0,0,131.9,0.0,0.6365230400476164,1.3714285714285714,-0.3483749963114804,1,False,False,False
2017-W31,furniture_living_room,8,1573.07,1191.52,1026.09,829.7,3243.69,0.0,0.37,False,0.0,0,174.79,0.0,1.3202212300255136,1.7297297297297298,-0.38735704691335787,1,False,False,False
2017-W32,furniture_living_room,3,325.06,1101.07,943.3,829.7,2987.67,0.0,-0.82,False,0.0,0,108.35,0.0,0.29522192049551804,0.6153846153846154,-0.36270729138467417,1,False,False,False
2017-W33,furniture_living_room,3,458.47,1114.07,930.06,829.7,2974.2,0.0,-0.7,False,0.0,0,114.62,0.0,0.4115271033238486,0.6,-0.3459737715881019,1,False,False,False
2017-W34,furniture_living_room,6,856.18,1115.85,928.61,829.7,2973.07,0.0,-0.28,False,0.0,0,122.31,0.0,0.7672895102388314,1.2,-0.3510697627937978,1,False,False,False
2017-W35,furniture_living_room,3,509.82,1202.77,856.16,862.11,2915.1,0.0,-0.81,False,0.0,0,169.94,0.0,0.4238715631417478,0.5333333333333333,-0.34856941308855066,1,False,False,False
2017-W36,furniture_living_room,3,399.29,1157.99,885.05,823.78,2928.09,0.0,-0.86,False,0.0,0,133.1,0.0,0.3448129949308716,0.5454545454545454,-0.34591025059610064,1,False,False,False
2017-W37,furniture_living_room,4,333.98,847.3,573.76,650.6,1994.82,0.0,-0.89,False,0.0,0,83.5,0.0,0.3941697155670955,0.8888888888888888,-0.37844760099597435,1,False,False,False
2017-W38,furniture_living_room,1,36.58,655.9,420.7,484.14,1497.3,0.0,-1.47,False,0.0,0,36.58,0.0,0.05577069675255374,0.2222222222222222,-0.47880585643066653,1,False,False,False
2017-W39,furniture_living_room,2,585.41,561.56,467.96,428.88,1497.48,0.0,0.05,False,0.0,0,292.7,0.0,1.0424709737160767,0.5161290322580645,-0.39776913684619736,1,False,False,False
2017-W40,furniture_living_room,3,745.05,438.1,235.55,428.88,909.2,0.0,1.3,False,0.0,0,106.44,0.0,1.700639123487788,0.96,-0.4251632515132268,1,False,False,False
2017-W41,furniture_living_room,4,1182.35,490.6,252.92,484.14,996.44,0.0,2.74,True,0.0,0,236.47,0.0,2.4100081532816957,1.28,-0.4576624177343157,1,False,False,False
2017-W42,furniture_living_room,5,925.09,581.08,350.46,547.62,1282.01,0.0,0.98,False,0.0,0,115.64,0.0,1.592018310731741,1.5384615384615385,-0.3871408487847254,1,False,False,False
2017-W43,furniture_living_room,1,96.09,589.7,358.94,547.62,1307.57,0.0,-1.38,False,0.0,0,96.09,0.0,0.1629472613193149,0.32,-0.4256024236961635,1,False,False,False
2017-W44,furniture_living_room,4,469.02,537.98,399.59,492.35,1337.16,0.0,-0.17,False,0.0,0,117.25,0.0,0.8718167961634261,1.391304347826087,-0.3595796455410058,1,False,False,False
2017-W45,furniture_living_room,3,932.52,546.7,396.89,527.21,1340.47,0.0,0.97,False,0.0,0,310.84,0.0,1.7057252606548379,1.0,-0.39723412009818254,1,False,False,False
2017-W46,furniture_living_room,3,442.12,621.51,407.34,665.23,1436.19,0.0,-0.44,False,0.0,0,147.37,0.0,0.7113642580167656,1.0434782608695652,-0.35504540168053605,1,False,False,False
2017-W47,furniture_living_room,14,3878.48,672.21,344.54,665.23,1361.28,0.0,9.31,True,0.0,0,258.57,0.0,5.769744573868285,4.48,-0.6792684600605402,-1,True,False,False
2017-W48,furniture_living_room,12,16675.33,1083.84,1180.08,835.07,3443.99,0.0,13.21,True,0.0,0,757.97,0.0,15.38541666666667,2.5945945945945947,-0.7716380513090876,-1,True,False,False
2017-W49,furniture_living_room,4,1392.58,3075.13,5618.92,928.8,14312.97,0.0,-0.3,False,0.0,0,232.1,0.0,0.4528523997359461,0.6956521739130435,-0.3530053392749764,1,False,False,False
2017-W50,furniture_living_room,4,736.04,3101.4,5609.29,928.8,14319.98,0.0,-0.42,False,0.0,0,147.21,0.0,0.23732507899658217,0.6956521739130435,-0.3423540107271735,1,False,False,False
2017-W51,furniture_living_room,1,155.2,3077.77,5620.16,834.28,14318.08,0.0,-0.52,False,0.0,0,155.2,0.0,0.05042612021041208,0.17777777777777778,-0.4004992690507764,1,False,False,False
2018-W01,furniture_living_room,2,241.75,3085.16,5615.71,834.28,14316.59,0.0,-0.51,False,0.0,0,120.88,0.0,0.07835898300250231,0.35555555555555557,-0.3653869073892451,1,False,False,False
2018-W02,furniture_living_room,6,848.47,3056.75,5631.39,834.28,14319.54,0.0,-0.39,False,0.0,0,141.41,0.0,0.2775725852621248,1.1162790697674418,-0.3465988318297269,1,False,False,False
2018-W03,furniture_living_room,7,936.67,3046.25,5636.0,792.26,14318.24,0.0,-0.37,False,0.0,0,117.08,0.0,0.3074829708658186,1.2173913043478262,-0.3594250021671236,1,False,False,False
2018-W04,furniture_living_room,4,663.8,3108.07,5605.99,892.57,14320.04,0.0,-0.44,False,0.0,0,132.76,0.0,0.21357305337395874,0.64,-0.34528891502378206,1,False,False,False
2018-W05,furniture_living_room,7,877.24,2706.23,5657.85,792.26,14021.92,0.0,-0.32,False,0.0,0,125.32,0.0,0.3241557443380644,1.4,-0.3572081720123536,1,False,False,False
2018-W06,furniture_living_room,3,384.96,731.47,394.72,792.26,1520.91,0.0,-0.88,False,0.0,0,128.32,0.0,0.5262826910194539,0.6857142857142857,-0.35475390240154436,1,False,False,False
2018-W07,furniture_living_room,6,901.08,605.52,303.95,699.92,1213.42,0.0,0.97,False,0.0,0,150.18,0.0,1.4881093935790726,1.411764705882353,-0.38448082874503925,1,False,False,False
2018-W08,furniture_living_room,4,7443.17,626.15,319.29,756.14,1264.73,0.0,21.35,True,0.0,0,1240.53,0.0,11.887199552822807,0.8888888888888888,-0.7796252519708134,-1,True,False,False
2018-W09,furniture_living_room,7,6128.83,1537.14,2400.13,862.86,6337.4,0.0,1.91,False,0.0,0,510.74,0.0,3.987164474283409,1.435897435897436,-0.558092107935953,1,False,False,False
2018-W10,furniture_living_room,3,778.2,2273.03,2813.18,889.16,7899.38,0.0,-0.53,False,0.0,0,259.4,0.0,0.3423623973286758,0.5454545454545454,-0.3602033907288095,1,False,False,False
2018-W11,furniture_living_room,6,1450.71,2264.24,2818.36,889.16,7900.97,0.0,-0.29,False,0.0,0,207.24,0.0,0.640705048934742,1.170731707317073,-0.3504937531653287,1,False,False,False
2018-W12,furniture_living_room,3,370.18,2328.5,2789.48,889.16,7907.47,0.0,-0.7,False,0.0,0,123.39,0.0,0.15897788275713978,0.6,-0.3523411298393476,1,False,False,False
2018-W13,furniture_living_room,3,505.12,2291.8,2816.32,889.16,7924.43,0.0,-0.63,False,0.0,0,168.37,0.0,0.2204031765424557,0.6153846153846154,-0.3540987599194062,1,False,False,False
2018-W14,furniture_living_room,6,2121.36,2245.28,2845.94,839.64,7937.16,0.0,-0.04,False,0.0,0,212.14,0.0,0.9448086652889617,1.3714285714285714,-0.3575574462017775,1,False,False,False
2018-W15,furniture_living_room,2,423.75,2462.33,2748.33,1175.9,7958.99,0.0,-0.74,False,0.0,0,211.88,0.0,0.172093098812913,0.42105263157894735,-0.3765698784024141,1,False,False,False
2018-W16,furniture_living_room,7,2032.87,2402.66,2791.9,1114.46,7986.47,0.0,-0.13,False,0.0,0,254.11,0.0,0.8460914153479894,1.6470588235294117,-0.3690226027569247,1,False,False,False
2018-W17,furniture_living_room,7,2223.78,1726.38,1913.64,1114.46,5553.66,0.0,0.26,False,0.0,0,277.97,0.0,1.2881173322211796,1.5135135135135136,-0.38276875934808036,1,False,False,False
2018-W18,furniture_living_room,3,2196.64,1238.25,810.1,1114.46,2858.44,0.0,1.18,False,0.0,0,549.16,0.0,1.773987482333939,0.6486486486486487,-0.48628822761191925,1,False,False,False
2018-W19,furniture_living_room,2,253.0,1415.55,849.3,1741.79,3114.15,0.0,-1.37,False,0.0,0,126.5,0.0,0.17872911589134965,0.43243243243243246,-0.37668855219709213,1,False,False,False
2018-W20,furniture_living_room,4,2122.38,1265.84,942.65,1268.99,3151.14,0.0,0.91,False,0.0,0,424.48,0.0,1.6766573974593948,0.9696969696969697,-0.4153630220256003,1,False,False,False
2018-W22,furniture_living_room,4,3415.53,1484.86,907.73,2077.11,3300.33,0.0,2.13,True,0.0,0,569.25,0.0,2.3002370593860704,0.9411764705882353,-0.516256793257002,1,False,False,False
2018-W23,furniture_living_room,5,1035.67,1848.66,1033.48,2121.87,3915.63,0.0,-0.79,False,0.0,0,207.13,0.0,0.5602274079603605,1.1428571428571428,-0.3540053944277786,1,False,False,False
2018-W24,furniture_living_room,8,1368.21,1712.95,1063.41,2077.62,3839.77,0.0,-0.32,False,0.0,0,171.03,0.0,0.798744855366473,1.8823529411764706,-0.37745786577044066,1,False,False,False
2018-W25,furniture_living_room,6,753.21,1831.01,945.75,2077.62,3722.52,0.0,-1.14,False,0.0,0,107.6,0.0,0.4113631274542466,1.2,-0.37894287101913726,1,False,False,False
2018-W26,furniture_living_room,9,1894.08,1671.05,1012.59,1745.3,3696.23,0.0,0.22,False,0.0,0,145.7,0.0,1.1334669818377667,1.8461538461538463,-0.4045230295426878,1,False,False,False
2018-W27,furniture_living_room,7,1055.46,1629.84,993.41,1631.14,3616.66,0.0,-0.58,False,0.0,0,131.93,0.0,0.6475850390222354,1.3658536585365855,-0.36299650355556035,1,False,False,False
2018-W28,furniture_living_room,9,4043.69,1487.19,982.26,1211.84,3451.72,0.0,2.6,True,0.0,0,311.05,0.0,2.719013710420323,1.6,-0.49349222110799207,1,False,False,False
2018-W29,furniture_living_room,16,2557.03,1961.03,1193.44,1631.14,4347.92,0.0,0.5,False,0.0,0,142.06,0.0,1.3039219185836015,2.4615384615384617,-0.5101287321130671,1,False,False,False
2018-W30,furniture_living_room,10,2813.9,2015.36,1211.6,1631.14,4438.55,0.0,0.66,False,0.0,0,281.39,0.0,1.3962269768180375,1.25,-0.4323854785575032,1,False,False,False
2018-W31,furniture_living_room,17,2665.48,1940.16,1128.06,1631.14,4196.28,0.0,0.64,False,0.0,0,148.08,0.0,1.3738454560448623,1.9428571428571428,-0.5318425801123469,1,False,False,False
2018-W32,furniture_living_room,12,2459.34,2143.88,1087.83,2225.56,4319.55,0.0,0.29,False,0.0,0,204.95,0.0,1.1471444297255444,1.170731707317073,-0.45373373004198725,1,False,False,False
2018-W33,furniture_living_room,8,1533.0,2280.27,1044.21,2508.19,4368.7,191.85,-0.72,False,0.0,0,170.33,0.0,0.6722888079043271,0.7441860465116279,-0.39454609404218677,1,False,False,False
2018-W34,furniture_living_room,5,994.91,2377.75,908.94,2508.19,4195.62,559.87,-1.52,False,0.0,0,165.82,0.0,0.4184249816002523,0.45454545454545453,-0.3885185673145375,1,False,False,False
2017-W17,furniture_mattress_and_upholstery,1,130.8,,,,,,0.0,False,,0,130.8,0.0,1.0,0.09523809523809523,-0.3993469167308717,1,False,False,False
2017-W19,furniture_mattress_and_upholstery,1,145.83,,,,,,0.0,False,,0,48.61,0.0,1.0,0.10256410256410256,-0.47627127119132284,1,False,False,False
2017-W20,furniture_mattress_and_upholstery,1,482.69,,,,,,0.0,False,,0,482.69,0.0,1.0,0.11428571428571428,-0.5849806528723839,1,False,False,False
2017-W22,furniture_mattress_and_upholstery,1,103.36,,,,,,0.0,False,,0,103.36,0.0,1.0,0.14545454545454545,-0.4300122239862473,1,False,False,False
2017-W29,furniture_mattress_and_upholstery,1,178.53,215.67,178.88,138.32,573.43,0.0,-0.21,False,0.0,0,178.53,0.0,0.8277924607038532,0.17391304347826086,-0.42485717134752016,1,False,False,False
2017-W33,furniture_mattress_and_upholstery,1,150.97,208.24,155.8,145.83,519.85,0.0,-0.37,False,0.0,0,150.97,0.0,0.7249807913945447,0.26666666666666666,-0.395341685273445,1,False,False,False
2017-W35,furniture_mattress_and_upholstery,1,482.69,198.7,141.3,148.4,481.3,0.0,2.01,True,0.0,0,482.69,0.0,2.429240060392552,0.42105263157894735,-0.6556795671735972,-1,True,False,False
2017-W37,furniture_mattress_and_upholstery,1,133.82,239.27,167.81,150.97,574.89,0.0,-0.63,False,0.0,0,133.82,0.0,0.5592844903247377,0.6666666666666666,-0.3800219444068001,1,False,False,False
2017-W46,furniture_mattress_and_upholstery,1,124.52,226.09,159.77,148.4,545.63,0.0,-0.64,False,0.0,0,124.52,0.0,0.5507541244637091,1.0,-0.3940631412930766,1,False,False,False
2017-W48,furniture_mattress_and_upholstery,2,409.98,225.3,160.32,148.4,545.94,0.0,1.15,False,0.0,0,204.99,0.0,1.8197070572569907,2.0,-0.5705127448772704,1,False,False,False
2017-W49,furniture_mattress_and_upholstery,1,258.33,258.32,168.6,164.75,595.53,0.0,0.0,False,0.0,0,129.16,0.0,1.0000387116754412,0.8888888888888888,-0.43475835152105147,1,False,False,False
2017-W50,furniture_mattress_and_upholstery,2,195.9,230.27,142.61,164.75,515.49,0.0,-0.24,False,0.0,0,97.95,0.0,0.8507404351413558,1.7777777777777777,-0.4817367038098132,1,False,False,False
2017-W51,furniture_mattress_and_upholstery,4,512.48,241.84,134.36,187.22,510.55,0.0,2.01,True,0.0,0,128.12,0.0,2.1190869996692028,3.2,-0.5826381755835066,1,False,False,False
2018-W01,furniture_mattress_and_upholstery,1,111.62,283.59,161.09,227.12,605.77,0.0,-1.07,False,0.0,0,111.62,0.0,0.39359638915335526,0.6153846153846154,-0.4602005108888503,1,False,False,False
2018-W02,furniture_mattress_and_upholstery,3,366.73,278.67,166.24,227.12,611.15,0.0,0.53,False,0.0,0,122.24,0.0,1.3160010047726702,1.8461538461538463,-0.5404945788760611,1,False,False,False
2018-W03,furniture_mattress_and_upholstery,4,680.43,264.17,150.19,227.12,564.55,0.0,2.77,True,0.0,0,170.11,0.0,2.575727751069387,2.1333333333333333,-0.6820175845215528,-1,True,False,False
2018-W04,furniture_mattress_and_upholstery,1,111.62,332.5,198.86,312.53,730.23,0.0,-1.11,False,0.0,0,111.62,0.0,0.3356992481203008,0.4444444444444444,-0.4754045445976148,1,False,False,False
2018-W06,furniture_mattress_and_upholstery,2,235.52,330.89,200.83,312.53,732.55,0.0,-0.47,False,0.0,0,117.76,0.0,0.7117773278128684,0.8888888888888888,-0.47811863179659747,1,False,False,False
2018-W08,furniture_mattress_and_upholstery,4,455.96,309.08,200.49,246.92,710.06,0.0,0.73,False,0.0,0,113.99,0.0,1.4752167723566714,1.7777777777777777,-0.5476995972331763,1,False,False,False
2018-W09,furniture_mattress_and_upholstery,1,153.0,333.78,205.46,301.12,744.7,0.0,-0.88,False,0.0,0,153.0,0.0,0.4583857630774762,0.38095238095238093,-0.4262728905819885,1,False,False,False
2018-W10,furniture_mattress_and_upholstery,1,133.99,328.42,210.08,301.12,748.58,0.0,-0.93,False,0.0,0,133.99,0.0,0.40798367943487,0.4,-0.42841414074088874,1,False,False,False
2018-W11,furniture_mattress_and_upholstery,1,148.97,281.11,205.27,194.26,691.65,0.0,-0.64,False,0.0,0,148.97,0.0,0.5299349009284622,0.47058823529411764,-0.3790042589643466,1,False,False,False
2018-W12,furniture_mattress_and_upholstery,1,148.97,285.78,201.25,194.26,688.28,0.0,-0.68,False,0.0,0,148.97,0.0,0.5212751067254532,0.47058823529411764,-0.3864531385099825,1,False,False,False
2018-W27,furniture_mattress_and_upholstery,1,141.83,258.56,203.45,150.99,665.46,0.0,-0.57,False,0.0,0,141.83,0.0,0.5485380569306931,0.5333333333333333,-0.3827491923001342,1,False,False,False
2016-W40,garden_tools,5,1465.19,,,,,,0.0,False,,0,293.04,0.0,1.0,3.3333333333333335,-0.4471772571150217,1,False,False,False
2017-W01,garden_tools,2,348.71,,,,,,0.0,False,,0,174.36,0.0,1.0,1.0,-0.43732258755502534,1,False,False,False
2017-W02,garden_tools,9,3799.18,,,,,,0.0,False,,0,422.13,0.0,1.0,4.5,-0.5119361146942716,1,False,False,False
2017-W03,garden_tools,5,1296.1,,,,,,0.0,False,,0,162.01,0.0,1.0,1.9047619047619047,-0.4143684495223149,1,False,False,False
2017-W04,garden_tools,20,3743.98,1727.3,1466.04,1380.64,4659.38,0.0,1.38,False,0.0,0,149.76,0.0,2.1675331442135124,6.4,-0.4849606905685715,1,False,False,False
2017-W05,garden_tools,15,13483.86,2130.63,1557.36,1465.19,5245.35,0.0,7.29,True,0.0,0,464.96,0.0,6.328578871038143,2.727272727272727,-0.7258444796018947,-1,True,False,False
2017-W06,garden_tools,11,3056.54,4022.84,4839.72,2604.58,13702.28,0.0,-0.2,False,0.0,0,254.71,0.0,0.7597965616330751,1.5172413793103448,-0.4240045684679276,1,False,False,False
2017-W07,garden_tools,20,8165.47,3884.79,4433.11,3056.54,12751.02,0.0,0.97,False,0.0,1,302.42,0.05,2.101907696426319,2.3529411764705883,-0.5484515614032028,1,False,False,False
2017-W08,garden_tools,18,4463.49,4419.88,4374.42,3400.26,13168.71,0.0,0.01,False,0.0,0,234.92,0.0,1.0098667837135848,1.6551724137931034,-0.3814426363450398,1,False,False,False
2017-W09,garden_tools,15,5626.23,4794.67,4210.47,3771.58,13215.61,0.0,0.2,False,0.0,0,296.12,0.0,1.1734342509494917,1.2,-0.42984813361656626,1,False,False,False
2017-W10,garden_tools,25,4645.4,5454.36,3808.64,4131.34,13071.63,0.0,-0.21,False,0.0,0,76.15,0.0,0.851685623977882,1.7699115044247788,-0.42570464515346523,1,False,False,False
2017-W11,garden_tools,43,11154.47,5560.13,3767.63,4554.44,13095.4,0.0,1.48,False,0.0,1,199.19,0.023255813953488372,2.006152733838957,2.6666666666666665,-0.4653975907032988,1,False,False,False
2017-W12,garden_tools,26,11124.67,6792.43,3785.9,5135.81,14364.24,0.0,1.14,False,0.0,0,300.67,0.0,1.6378041437305941,1.2455089820359282,-0.43286349763122506,1,False,False,False
2017-W13,garden_tools,19,5726.57,7715.02,3835.87,6895.85,15386.76,43.27,-0.52,False,0.0,0,260.3,0.0,0.7422624957550336,0.8786127167630058,-0.4010264141978875,1,False,False,False
2017-W14,garden_tools,25,10040.76,6745.36,3074.08,5676.4,12893.52,597.19,1.07,False,0.0,0,346.23,0.0,1.4885432356464297,1.1299435028248588,-0.4726059514000942,1,False,False,False
2017-W15,garden_tools,23,4987.24,7618.38,2861.19,6946.02,13340.76,1896.01,-0.92,False,0.0,0,166.24,0.0,0.6546326121826425,0.9633507853403142,-0.3592330950089056,1,False,False,False
2017-W16,garden_tools,21,4709.44,7221.1,2992.03,5676.4,13205.17,1237.04,-0.84,False,0.0,0,92.34,0.0,0.6521776460650038,0.865979381443299,-0.4093688661703994,1,False,False,False
2017-W17,garden_tools,26,16224.2,7251.85,2960.75,5676.4,13173.34,1330.35,3.03,True,0.0,7,477.18,0.2692307692307692,2.237249805222116,1.0558375634517767,-0.7049054825118676,-1,True,False,False
2017-W18,garden_tools,33,11272.17,8576.59,4228.86,7883.66,17034.32,118.86,0.64,False,0.0,0,250.49,0.0,1.314295075315481,1.2692307692307692,-0.3848841977940301,1,False,False,False
2017-W19,garden_tools,29,6303.7,9404.94,3991.16,10582.72,17387.27,1422.61,-0.78,False,0.0,0,191.02,0.0,0.6702541430354685,1.0740740740740742,-0.36487359760048294,1,False,False,False
2017-W20,garden_tools,27,4512.2,8798.59,4055.35,8172.23,16909.3,687.89,-1.06,False,0.0,0,141.01,0.0,0.5128321696999179,1.0693069306930694,-0.36874155015672294,1,False,False,False
2017-W21,garden_tools,26,4863.42,7972.04,4185.32,6015.14,16342.67,0.0,-0.74,False,0.0,1,162.11,0.038461538461538464,0.6100596585064801,1.0246305418719213,-0.4617263701898762,1,False,False,False
2017-W22,garden_tools,22,4147.68,7864.14,4261.9,5645.47,16387.94,0.0,-0.87,False,0.0,0,159.53,0.0,0.5274168567700982,0.8380952380952381,-0.3728929401343464,1,False,False,False
2017-W23,garden_tools,31,6554.13,7127.51,4340.5,4925.33,15808.51,0.0,-0.13,False,0.0,0,192.77,0.0,0.9195539536247581,1.1980676328502415,-0.36248837471112066,1,False,False,False
2017-W24,garden_tools,28,5792.09,7323.37,4264.82,5583.56,15853.01,0.0,-0.36,False,0.0,0,170.36,0.0,0.7909050068479403,1.041860465116279,-0.35811504405322336,1,False,False,False
2017-W25,garden_tools,15,2775.48,7458.7,4186.49,6047.9,15831.67,0.0,-1.12,False,0.0,0,163.26,0.0,0.3721131028195262,0.5405405405405406,-0.41610765224602075,1,False,False,False
2017-W26,garden_tools,18,3417.38,5777.61,2540.43,5327.76,10858.48,696.74,-0.93,False,0.0,0,170.87,0.0,0.5914867912510536,0.6824644549763034,-0.38060344117169526,1,False,False,False
2017-W27,garden_tools,29,5190.14,4795.76,1354.62,4687.81,7504.99,2086.53,0.29,False,0.0,0,167.42,0.0,1.0822351410412532,1.183673469387755,-0.3716814923452901,1,False,False,False
2017-W28,garden_tools,25,4464.59,4656.57,1228.91,4687.81,7114.38,2198.75,-0.16,False,0.0,0,159.45,0.0,0.9587722293447754,1.0204081632653061,-0.36132245132474855,1,False,False,False
2017-W29,garden_tools,70,15766.07,4650.61,1229.82,4664.0,7110.26,2190.97,9.04,True,0.0,0,177.15,0.0,3.390107964331561,2.88659793814433,-0.6629486225321041,-1,True,False,False
2017-W30,garden_tools,26,4690.37,6013.45,4127.21,4827.36,14267.86,0.0,-0.32,False,0.0,1,156.35,0.038461538461538464,0.7799798784391655,0.8739495798319328,-0.4610614245388326,1,False,False,False
2017-W31,garden_tools,40,5613.54,6081.28,4096.51,4940.26,14274.29,0.0,-0.11,False,0.0,0,122.03,0.0,0.9230852715217849,1.322314049586777,-0.3856554837155813,1,False,False,False
2017-W32,garden_tools,37,9959.65,5963.71,4094.49,4940.26,14152.69,0.0,0.98,False,0.0,0,199.19,0.0,1.6700426412417773,1.1792828685258965,-0.38536670722071614,1,False,False,False
2017-W33,garden_tools,63,12533.87,6484.65,4328.0,4940.26,15140.65,0.0,1.4,False,0.0,0,171.7,0.0,1.9328521971116408,1.9384615384615385,-0.4140520498912136,1,False,False,False
2017-W34,garden_tools,30,5176.65,7704.45,4504.81,5401.84,16714.06,0.0,-0.56,False,0.0,1,143.8,0.03333333333333333,0.6719038996943325,0.7792207792207793,-0.4637389871062557,1,False,False,False
2017-W35,garden_tools,50,10749.23,7924.36,4304.1,5401.84,16532.56,0.0,0.66,False,0.0,0,143.32,0.0,1.356479261416695,1.25,-0.37550434236559027,1,False,False,False
2017-W36,garden_tools,43,6806.63,8619.25,4247.99,7786.59,17115.22,123.27,-0.43,False,0.0,0,136.13,0.0,0.7897009600603301,1.0087976539589443,-0.3685115451313437,1,False,False,False
2017-W37,garden_tools,51,11003.49,8912.0,3993.86,8383.14,16899.73,924.27,0.52,False,0.0,0,174.66,0.0,1.2346824506283662,1.1364902506963788,-0.36612707021977164,1,False,False,False
2017-W38,garden_tools,36,9904.87,8316.68,3075.65,8383.14,14467.98,2165.38,0.52,False,0.0,0,210.74,0.0,1.19096442330353,0.8470588235294118,-0.36824770000332196,1,False,False,False
2017-W39,garden_tools,42,12661.8,8968.49,2730.54,9932.26,14429.56,3507.42,1.35,False,0.0,0,200.98,0.0,1.4118095688348875,0.96,-0.3721879589822843,1,False,False,False
2017-W40,garden_tools,56,17803.97,9849.52,2628.58,10354.44,15106.67,4592.37,3.03,True,0.0,0,204.64,0.0,1.8075977306508337,1.2727272727272727,-0.45636515486750695,1,False,False,False
2017-W41,garden_tools,38,7167.42,10830.06,3853.3,10876.36,18536.66,3123.47,-0.95,False,0.0,0,140.54,0.0,0.661807967822893,0.8194070080862533,-0.36522878334125125,1,False,False,False
2017-W42,garden_tools,43,8564.55,10159.26,3979.37,10327.05,18117.99,2200.53,-0.4,False,0.0,0,145.16,0.0,0.8430289213978183,0.9942196531791907,-0.36032354869867034,1,False,False,False
2017-W43,garden_tools,50,10395.85,10582.74,3528.04,10327.05,17638.82,3526.67,-0.05,False,0.0,0,165.01,0.0,0.9823401122960594,1.1142061281337048,-0.3596962146800221,1,False,False,False
2017-W44,garden_tools,50,17311.46,10538.57,3527.87,10150.36,17594.31,3482.83,1.92,False,0.0,0,243.82,0.0,1.6426763782942087,1.1142061281337048,-0.4252485326199656,1,False,False,False
2017-W45,garden_tools,56,15584.84,11851.68,3877.99,10699.67,19607.66,4095.69,0.96,False,0.0,0,205.06,0.0,1.3149899423541642,1.2240437158469946,-0.3858731022377676,1,False,False,False
2017-W46,garden_tools,67,18297.36,12424.34,4068.44,11528.82,20561.22,4287.47,1.44,False,0.0,1,212.76,0.014925373134328358,1.4727027753586912,1.4447439353099731,-0.4641009374363639,1,False,False,False
2017-W47,garden_tools,219,32036.58,13473.41,4394.89,14123.32,22263.19,4683.62,4.22,True,0.0,0,112.41,0.0,2.377763313073676,4.358208955223881,-0.7424283198136364,-1,True,False,False
2017-W48,garden_tools,75,15376.97,15895.25,7857.8,16448.15,31610.86,179.65,-0.07,False,0.0,0,149.29,0.0,0.9673940328085434,1.0362694300518134,-0.434750591395825,1,False,False,False
2017-W49,garden_tools,86,18651.62,15591.88,7820.35,15480.9,31232.57,0.0,0.39,False,0.0,0,169.56,0.0,1.1962393245715077,1.1505016722408026,-0.4722335482157778,1,False,False,False
2017-W50,garden_tools,49,27296.58,17027.4,7071.16,16448.15,31169.73,2885.08,1.45,False,0.0,1,349.96,0.02040816326530612,1.6030973607244794,0.6068111455108359,-0.5986553002314846,-1,True,False,False
2017-W51,garden_tools,36,9282.71,19368.91,6969.16,17804.41,33307.23,5430.59,-1.45,False,0.0,0,197.5,0.0,0.4792582545946054,0.44171779141104295,-0.4168233365638582,1,False,False,False
2017-W52,garden_tools,59,9154.86,19229.76,7181.77,17804.41,33593.31,4866.22,-1.4,False,0.0,0,120.46,0.0,0.47607770455793524,0.7398119122257053,-0.4502888446884519,1,False,False,False
2018-W01,garden_tools,29,5583.33,18210.19,8022.76,16941.1,34255.71,2164.67,-1.57,False,0.0,0,150.9,0.0,0.3066047086823367,0.35857805255023184,-0.40286495749877865,1,False,False,False
2018-W02,garden_tools,49,8427.17,16960.0,9185.34,16837.16,35330.69,0.0,-0.93,False,0.0,0,133.76,0.0,0.49688502358490566,0.632258064516129,-0.3848403544729308,1,False,False,False
2018-W03,garden_tools,48,7389.74,15726.23,9632.07,12329.84,34990.36,0.0,-0.87,False,0.0,0,136.85,0.0,0.46989901584804494,0.6378737541528239,-0.38253529218445365,1,False,False,False
2018-W04,garden_tools,59,14559.56,12645.37,7338.48,9218.78,27322.33,0.0,0.26,False,0.0,1,207.99,0.01694915254237288,1.1513747719521057,1.0951276102088168,-0.4360616397927444,1,False,False,False
2018-W05,garden_tools,46,9110.47,12543.2,7300.61,9218.78,27144.41,0.0,-0.47,False,0.0,2,149.35,0.043478260869565216,0.7263274124625294,0.8867469879518072,-0.47497126055460065,1,False,False,False
2018-W06,garden_tools,68,11352.09,11350.55,6930.1,9132.67,25210.74,0.0,0.0,False,0.0,0,133.55,0.0,1.0001356762447635,1.4506666666666668,-0.39799093132184427,1,False,False,False
2018-W07,garden_tools,69,16591.73,9357.49,2676.07,9132.67,14709.63,4005.35,2.7,True,0.0,0,174.65,0.0,1.7730962042171565,1.401015228426396,-0.45344581819295937,1,False,False,False
2018-W08,garden_tools,39,5553.35,10271.12,3699.04,9132.67,17669.2,2873.04,-1.28,False,0.0,0,129.15,0.0,0.5406761872123002,0.7306791569086651,-0.3904255977429277,1,False,False,False
2018-W09,garden_tools,56,16521.73,9820.93,4056.22,8768.82,17933.36,1708.5,1.65,False,0.0,0,214.57,0.0,1.682297908650199,1.1007371007371007,-0.40908937932156025,1,False,False,False
2018-W10,garden_tools,44,14371.95,11188.23,4262.09,10231.28,19712.4,2664.06,0.75,False,0.0,0,239.53,0.0,1.284559756100831,0.8110599078341014,-0.38150050013584724,1,False,False,False
2018-W11,garden_tools,44,11237.88,11931.33,4230.04,12862.02,20391.41,3471.24,-0.16,False,0.0,2,190.47,0.045454545454545456,0.9418799077722265,0.8205128205128205,-0.4739458504187858,1,False,False,False
2018-W12,garden_tools,47,10614.58,12412.34,3840.7,12862.02,20093.74,4730.95,-0.47,False,0.0,0,171.2,0.0,0.8551634905263633,0.8847058823529412,-0.3636656913759214,1,False,False,False
2018-W13,garden_tools,52,12751.86,11919.22,3778.37,11294.98,19475.97,4362.48,0.22,False,0.0,0,196.18,0.0,1.069856920167595,1.0072639225181599,-0.374538338051296,1,False,False,False
2018-W14,garden_tools,40,7003.46,12374.4,3607.12,12051.98,19588.64,5160.15,-1.49,False,0.0,0,142.93,0.0,0.5659636022756659,0.7637231503579952,-0.3919821406885134,1,False,False,False
2018-W15,garden_tools,45,7477.77,11830.82,4079.87,11994.87,19990.56,3671.08,-1.07,False,0.0,0,146.62,0.0,0.6320584710104625,0.9207161125319693,-0.3740698247083568,1,False,False,False
2018-W16,garden_tools,63,14423.79,10691.57,3825.05,10926.23,18341.67,3041.47,0.98,False,0.0,0,163.91,0.0,1.3490806308147447,1.3732970027247957,-0.38866461630827753,1,False,False,False
2018-W17,garden_tools,65,16343.7,11800.38,3382.93,11994.87,18566.24,5034.51,1.34,False,0.0,0,217.92,0.0,1.3850147198649536,1.329923273657289,-0.40572517384971873,1,False,False,False
2018-W18,garden_tools,72,12929.23,11778.12,3347.84,11994.87,18473.81,5082.44,0.34,False,0.0,0,123.14,0.0,1.0977329149303963,1.44,-0.428859140604752,1,False,False,False
2018-W19,garden_tools,56,15867.96,11597.78,3224.75,11994.87,18047.29,5148.28,1.32,False,0.0,0,251.87,0.0,1.3681894293563077,1.0467289719626167,-0.40685091785325406,1,False,False,False
2018-W20,garden_tools,66,20328.68,12176.54,3550.02,12840.54,19276.58,5076.51,2.3,True,0.0,0,233.66,0.0,1.6694956038414852,1.2,-0.4728928511920499,1,False,False,False
2018-W21,garden_tools,28,8673.74,13390.81,4479.17,13676.51,22349.14,4432.47,-1.05,False,0.0,0,197.13,0.0,0.6477382622858513,0.4880174291938998,-0.3818960672027971,1,False,False,False
2018-W22,garden_tools,27,4169.02,12881.04,4783.96,13676.51,22448.97,3313.12,-1.82,False,0.0,0,134.48,0.0,0.32365554334122093,0.496551724137931,-0.4255583497918017,1,False,False,False
2018-W23,garden_tools,36,8403.01,12526.74,5352.61,13676.51,23231.96,1821.51,-0.77,False,0.0,0,175.06,0.0,0.6708058122065278,0.6824644549763034,-0.3626382991287137,1,False,False,False
2018-W24,garden_tools,40,5341.25,12642.39,5236.67,13676.51,23115.74,2169.04,-1.39,False,0.0,0,124.22,0.0,0.42248736196241377,0.774818401937046,-0.4065343494945847,1,False,False,False
2018-W25,garden_tools,23,5127.88,11507.07,5754.26,10801.48,23015.6,0.0,-1.11,False,0.0,0,165.42,0.0,0.4456286439554118,0.4717948717948718,-0.37512946949184905,1,False,False,False
2018-W26,garden_tools,47,15113.08,10105.1,5773.81,8538.38,21652.71,0.0,0.87,False,0.0,0,222.25,0.0,1.4955893558698083,1.0804597701149425,-0.37688997484362613,1,False,False,False
2018-W27,garden_tools,33,8358.46,10378.08,5974.54,8538.38,22327.16,0.0,-0.34,False,0.0,0,225.9,0.0,0.805395603040254,0.8173374613003096,-0.3760796938670049,1,False,False,False
2018-W28,garden_tools,20,4661.2,9439.39,5564.64,8380.74,20568.68,0.0,-0.86,False,0.0,0,202.66,0.0,0.4938030953271345,0.5333333333333333,-0.3937883338802199,1,False,False,False
2018-W29,garden_tools,40,7878.26,7480.96,3592.2,6849.86,14665.36,296.55,0.11,False,0.0,0,175.07,0.0,1.0531081572418513,1.2598425196850394,-0.35822737548084177,1,False,False,False
2018-W30,garden_tools,45,14128.86,7381.52,3565.38,6609.76,14512.28,250.76,1.89,False,0.0,0,227.88,0.0,1.914085445816038,1.3533834586466165,-0.42331614632780346,1,False,False,False
2018-W31,garden_tools,29,4418.54,8626.5,3996.25,8118.36,16619.0,634.0,-1.05,False,0.0,1,122.74,0.034482758620689655,0.5122054135512665,0.8169014084507042,-0.494193411243501,1,False,False,False
2018-W32,garden_tools,47,12197.71,8128.44,4267.19,6609.76,16662.83,0.0,0.95,False,0.0,0,221.78,0.0,1.5006212754230823,1.3574007220216606,-0.3722559130271478,1,False,False,False
2018-W33,garden_tools,36,8015.04,8985.5,4315.7,8118.36,17616.9,354.1,-0.22,False,0.0,0,186.4,0.0,0.8919971064492794,1.0140845070422535,-0.35329838308045164,1,False,False,False
2018-W34,garden_tools,17,2193.25,9346.39,4060.18,8186.75,17466.75,1226.04,-1.76,False,0.0,0,121.85,0.0,0.2346627949400785,0.45791245791245794,-0.4727538401964306,1,False,False,False
2018-W35,garden_tools,1,361.98,7731.41,4007.9,7946.65,15747.22,0.0,-1.84,False,0.0,0,180.99,0.0,0.04681940292909056,0.0299625468164794,-0.5480403974305418,1,False,False,False
2016-W40,health_beauty,39,5334.89,,,,,,0.0,False,,2,121.25,0.05128205128205128,1.0,1.327659574468085,-0.5639981047951679,-1,True,False,False
2016-W41,health_beauty,5,727.27,,,,,,0.0,False,,0,121.21,0.0,1.0,0.15748031496062992,-0.45736428114138883,1,False,False,False
2017-W01,health_beauty,2,1056.14,,,,,,0.0,False,,0,176.02,0.0,1.0,0.0730593607305936,-0.46195301211810386,1,False,False,False
2017-W02,health_beauty,4,775.6,,,,,,0.0,False,,0,193.9,0.0,1.0,0.18181818181818182,-0.47270526506936816,1,False,False,False
2017-W03,health_beauty,17,4029.44,1973.48,2245.63,915.87,6464.73,0.0,0.92,False,0.0,0,223.86,0.0,2.0417941909722925,0.9006622516556292,-0.5258744620174312,1,False,False,False
2017-W04,health_beauty,44,5644.56,2384.67,2151.17,1056.14,6687.01,0.0,1.52,False,0.0,0,122.71,0.0,2.367019336008756,2.909090909090909,-0.4946923171648877,1,False,False,False
2017-W05,health_beauty,60,13816.76,2927.98,2339.48,2542.79,7606.95,0.0,4.65,True,0.0,0,209.34,0.0,4.718871030539826,3.7209302325581395,-0.6378868288659763,-1,True,False,False
2017-W06,health_beauty,48,5966.01,4483.52,4636.69,4029.44,13756.9,0.0,0.32,False,0.0,0,104.67,0.0,1.330653147526943,2.2325581395348837,-0.4340664237961857,1,False,False,False
2017-W07,health_beauty,26,5514.83,4668.83,4324.62,4682.16,13318.08,0.0,0.2,False,0.0,0,190.17,0.0,1.1812017143481344,0.9497716894977168,-0.42038642722772995,1,False,False,False
2017-W08,health_beauty,34,6276.99,4691.33,4329.05,4772.14,13349.42,0.0,0.37,False,0.0,0,130.77,0.0,1.3379979664615365,1.3203883495145632,-0.4050403998409678,1,False,False,False
2017-W09,health_beauty,25,4648.89,5385.04,4037.95,5579.7,13460.94,0.0,-0.18,False,0.0,0,149.96,0.0,0.863297208562982,0.851063829787234,-0.4089478621436689,1,False,False,False
2017-W10,health_beauty,40,7007.76,5834.14,3670.82,5579.7,13175.77,0.0,0.32,False,0.0,0,162.97,0.0,1.2011641818674217,1.2403100775193798,-0.3764998338476245,1,False,False,False
2017-W11,health_beauty,50,9261.04,6613.16,3053.29,5805.28,12719.73,506.58,0.87,False,0.0,1,171.5,0.02,1.4003955748840193,1.3605442176870748,-0.4478867589544317,1,False,False,False
2017-W12,health_beauty,53,7607.06,7267.1,2980.23,6121.5,13227.56,1306.65,0.11,False,0.0,0,135.84,0.0,1.0467806965639663,1.2966360856269112,-0.37065652108773944,1,False,False,False
2017-W13,health_beauty,39,5840.56,7512.42,2907.47,6642.38,13327.37,1697.47,-0.58,False,0.0,0,129.79,0.0,0.7774538697250687,0.9285714285714286,-0.3942477553212878,1,False,False,False
2017-W14,health_beauty,35,4381.26,6515.39,1427.87,6121.5,9371.14,3659.65,-1.49,False,0.0,0,112.34,0.0,0.6724478503972902,0.8888888888888888,-0.463851831995561,1,False,False,False
2017-W15,health_beauty,34,6155.63,6317.3,1612.92,6058.78,9543.13,3091.46,-0.1,False,0.0,1,170.99,0.029411764705882353,0.9744083706646827,0.9006622516556292,-0.47849432581365264,1,False,False,False
2017-W16,health_beauty,46,8731.97,6397.4,1583.01,6216.31,9563.41,3231.38,1.47,False,0.0,0,164.75,0.0,1.3649248132053646,1.1870967741935483,-0.3947320799552779,1,False,False,False
2017-W17,health_beauty,49,7753.79,6704.27,1781.8,6581.7,10267.88,3140.67,0.59,False,0.0,0,146.3,0.0,1.1565450078830357,1.2173913043478262,-0.379017880940506,1,False,False,False
2017-W18,health_beauty,65,12918.73,7092.38,1598.91,7307.41,10290.2,3894.56,3.64,True,0.0,0,179.43,0.0,1.8214943361748805,1.5028901734104045,-0.471898468844483,1,False,False,False
2017-W19,health_beauty,58,16041.31,7831.26,2604.04,7680.42,13039.34,2623.17,3.15,True,0.0,0,229.16,0.0,2.0483689725535865,1.2506738544474394,-0.5156916955247249,1,False,False,False
2017-W20,health_beauty,58,10810.74,8678.79,3911.18,7680.42,16501.16,856.42,0.55,False,0.0,0,174.37,0.0,1.2456506033675199,1.2242744063324538,-0.3713600653289011,1,False,False,False
2017-W21,health_beauty,54,11067.31,9079.25,3949.6,8242.88,16978.44,1180.06,0.5,False,0.0,0,187.58,0.0,1.2189674257234904,1.125,-0.3815928829550006,1,False,False,False
2017-W22,health_beauty,73,14524.4,9732.59,3765.32,9771.36,17263.24,2201.95,1.27,False,0.0,0,170.88,0.0,1.492346847036606,1.463659147869674,-0.38303090346266594,1,False,False,False
2017-W23,health_beauty,52,13575.98,11000.48,3395.54,10939.02,17791.56,4209.41,0.76,False,0.0,0,242.43,0.0,1.2341261472226666,0.9519450800915332,-0.4598271139134549,1,False,False,False
2017-W24,health_beauty,51,5727.1,11928.03,2853.21,11993.02,17634.45,6221.61,-2.17,True,494.51,1,98.74,0.0196078431372549,0.4801379607529491,0.8967032967032967,-0.5453310345436374,1,False,True,False
2017-W25,health_beauty,54,10057.33,11552.42,3466.03,11993.02,18484.49,4620.35,-0.43,False,0.0,0,162.22,0.0,0.8705820944875619,0.9391304347826087,-0.3762722906567397,1,False,False,False
2017-W26,health_beauty,55,10961.79,11840.36,3190.08,11993.02,18220.52,5460.21,-0.28,False,0.0,0,171.28,0.0,0.9257987088230426,0.946236559139785,-0.3687646737417254,1,False,False,False
2017-W27,health_beauty,59,9110.76,11595.74,3170.54,11014.55,17936.83,5254.66,-0.78,False,0.0,1,144.62,0.01694915254237288,0.7856988859701926,1.0373626373626375,-0.44701016495408447,1,False,False,False
2017-W28,health_beauty,62,11976.03,10729.43,2693.23,10886.26,16115.89,5342.96,0.46,False,0.0,0,126.06,0.0,1.116185109553816,1.087719298245614,-0.3766194890176705,1,False,False,False
2017-W29,health_beauty,68,9227.08,10875.09,2729.53,11014.55,16334.14,5416.03,-0.6,False,0.0,0,126.4,0.0,0.848460104697984,1.182608695652174,-0.38103018036410147,1,False,False,False
2017-W30,health_beauty,66,15103.88,10645.06,2787.93,10509.56,16220.92,5069.2,1.6,False,0.0,0,218.9,0.0,1.4188628340281784,1.1139240506329113,-0.4206515125032902,1,False,False,False
2017-W31,health_beauty,75,12765.29,10717.49,2908.06,10509.56,16533.61,4901.37,0.7,False,0.0,0,159.57,0.0,1.1910708570756774,1.284796573875803,-0.3634646908105118,1,False,False,False
2017-W32,health_beauty,66,14539.72,10616.16,2806.58,10509.56,16229.31,5003.01,1.4,False,0.0,0,196.48,0.0,1.3695837289566095,1.0775510204081633,-0.3938007774398894,1,False,False,False
2017-W33,health_beauty,81,16497.57,11717.74,2296.64,11468.91,16311.01,7124.46,2.08,True,0.0,0,191.83,0.0,1.4079139834131837,1.2831683168316832,-0.39886988060637146,1,False,False,False
2017-W34,health_beauty,76,11027.12,12522.76,2721.0,12370.66,17964.77,7080.76,-0.55,False,0.0,1,139.58,0.013157894736842105,0.8805662649447886,1.1428571428571428,-0.42541946596324937,1,False,False,False
2017-W35,health_beauty,85,11550.25,12530.93,2715.74,12370.66,17962.42,7099.45,-0.36,False,0.0,0,126.93,0.0,0.9217392484037498,1.2296564195298372,-0.3839097370391833,1,False,False,False
2017-W36,health_beauty,81,17270.4,12835.87,2394.85,12370.66,17625.56,8046.17,1.85,False,0.0,0,198.51,0.0,1.3454795039214327,1.1191709844559585,-0.4037895292773803,1,False,False,False
2017-W37,health_beauty,100,18563.37,13497.66,2817.52,13652.5,19132.71,7862.62,1.8,False,0.0,0,168.76,0.0,1.3753028302683576,1.3377926421404682,-0.390879264507381,1,False,False,False
2017-W38,health_beauty,78,14667.39,14664.7,2728.08,14821.8,20120.85,9208.55,0.0,False,0.0,0,161.18,0.0,1.000183433687699,0.9904761904761905,-0.36541189280974284,1,False,False,False
2017-W39,health_beauty,79,13758.31,14610.14,2722.4,14603.56,20054.93,9165.35,-0.31,False,0.0,0,167.78,0.0,0.9416959727969753,0.9844236760124611,-0.3724435649666452,1,False,False,False
2017-W40,health_beauty,72,11075.54,14734.27,2647.88,14603.56,20030.03,9438.5,-1.38,False,0.0,0,145.73,0.0,0.7516856959998697,0.891640866873065,-0.40241233830737894,1,False,False,False
2017-W41,health_beauty,66,9859.76,14301.24,2950.24,14212.85,20201.72,8400.77,-1.51,False,0.0,2,138.87,0.030303030303030304,0.6894339232122529,0.8098159509202454,-0.4944886886758763,1,False,False,False
2017-W42,health_beauty,99,18235.39,13471.52,3169.56,12654.28,19810.63,7132.4,1.5,False,0.0,0,161.38,0.0,1.353625277622718,1.2433281004709575,-0.38616008916406663,1,False,False,False
2017-W43,health_beauty,73,12190.89,14372.55,3392.16,14212.85,21156.87,7588.23,-0.64,False,0.0,0,125.68,0.0,0.8482064769299811,0.8848484848484849,-0.38457771954708947,1,False,False,False
2017-W44,health_beauty,56,9856.02,14452.63,3322.87,14212.85,21098.37,7806.9,-1.38,False,0.0,0,151.63,0.0,0.6819533884144271,0.691358024691358,-0.4048877553280489,1,False,False,False
2017-W45,health_beauty,78,12842.25,13525.83,3456.0,12974.6,20437.83,6613.83,-0.2,False,0.0,0,145.93,0.0,0.9494611421258436,1.0016051364365972,-0.36848329747974246,1,False,False,False
2017-W46,health_beauty,82,17349.13,12810.69,2793.02,12516.57,18396.73,7224.66,1.62,False,0.0,1,197.15,0.012195121951219513,1.3542697544004265,1.0915141430948418,-0.4666359111733395,1,False,False,False
2017-W47,health_beauty,221,45208.54,13145.91,3181.59,12516.57,19509.1,6782.72,10.08,True,0.0,0,177.29,0.0,3.4389814018200338,2.922314049586777,-0.6920914261242115,-1,True,False,False
2017-W48,health_beauty,172,30133.93,17077.19,11801.06,12516.57,40679.31,0.0,1.11,False,0.0,0,155.33,0.0,1.764571923132553,1.8420348058902276,-0.47960009449078755,1,False,False,False
2017-W49,health_beauty,130,21905.53,19459.49,12328.31,15095.69,44116.12,0.0,0.2,False,0.0,0,157.59,0.0,1.125699080500054,1.2278630460448643,-0.39090980760680316,1,False,False,False
2017-W50,health_beauty,112,24090.98,20965.21,11708.37,17792.26,44381.95,0.0,0.27,False,0.0,0,199.1,0.0,1.149093188191294,0.9835345773874863,-0.4255739458080784,1,False,False,False
2017-W51,health_beauty,69,11031.25,21697.16,11696.36,19627.33,45089.89,0.0,-0.91,False,0.0,0,134.53,0.0,0.5084190742014162,0.5974025974025974,-0.404155263776053,1,False,False,False
2017-W52,health_beauty,57,7545.64,21552.2,11837.34,19627.33,45226.89,0.0,-1.18,False,0.0,0,117.9,0.0,0.35010996557196017,0.4956521739130435,-0.43672235059830655,1,False,False,False
2018-W01,health_beauty,99,15302.08,21263.41,12186.5,19627.33,45636.4,0.0,-0.49,False,0.0,0,137.86,0.0,0.719643744817976,0.8599348534201955,-0.39014550303322265,1,False,False,False
2018-W02,health_beauty,146,20450.88,21570.88,11972.83,19627.33,45516.54,0.0,-0.09,False,0.0,0,129.44,0.0,0.9480781498019553,1.2399150743099787,-0.42039326504775804,1,False,False,False
2018-W03,health_beauty,144,21875.18,21958.6,11866.33,21178.2,45691.26,0.0,-0.01,False,0.0,0,133.39,0.0,0.9962010328527321,1.1451292246520874,-0.412738792769624,1,False,False,False
2018-W04,health_beauty,136,26786.48,19041.93,7339.33,21163.03,33720.59,4363.28,1.06,False,0.0,1,172.82,0.007352941176470588,1.4067103492135513,1.171151776103337,-0.4347710433927585,1,False,False,False
2018-W05,health_beauty,124,23473.79,18623.5,6682.65,21163.03,31988.81,5258.19,0.73,False,0.0,4,166.48,0.03225806451612903,1.260439230005101,1.110862262038074,-0.49516734562651554,1,False,False,False
2018-W06,health_beauty,136,24793.71,18819.54,6814.39,21163.03,32448.31,5190.76,0.88,False,0.0,3,164.2,0.022058823529411766,1.3174450597623533,1.2266065388951521,-0.451965688911898,1,False,False,False
2018-W07,health_beauty,152,28362.92,18907.38,6896.09,21163.03,32699.55,5115.2,1.37,False,0.0,0,161.15,0.0,1.5000978453915876,1.3347969264544457,-0.4131599526331759,1,False,False,False
2018-W08,health_beauty,156,28440.93,21073.84,6789.89,22674.48,34653.61,7494.06,1.09,False,0.0,3,158.01,0.019230769230769232,1.349584603470464,1.255533199195171,-0.47149355422938327,1,False,False,False
2018-W09,health_beauty,184,37863.11,23685.75,4462.59,24133.75,32610.93,14760.56,3.18,True,0.0,2,187.44,0.010869565217391304,1.5985607379964748,1.3467520585544372,-0.5243222138351877,1,False,False,False
2018-W10,health_beauty,160,33913.19,26505.88,5431.26,25790.1,37368.39,15643.36,1.36,False,0.0,0,189.46,0.0,1.279459123786873,1.0865874363327674,-0.43308931958836494,1,False,False,False
2018-W11,health_beauty,131,26514.17,28188.66,5372.43,27574.7,38933.52,17443.8,-0.31,False,0.0,0,185.41,0.0,0.9405970344102912,0.8791946308724832,-0.414435748107492,1,False,False,False
2018-W12,health_beauty,131,22058.23,28768.54,4815.08,27574.7,38398.69,19138.38,-1.39,False,0.0,0,151.08,0.0,0.7667483299465319,0.8888888888888888,-0.4294013527684995,1,False,False,False
2018-W13,health_beauty,124,18247.96,28177.51,5353.24,27438.54,38883.98,17471.03,-1.85,False,0.0,2,129.42,0.016129032258064516,0.6476072584128264,0.8449744463373083,-0.5137357884174314,1,False,False,False
2018-W14,health_beauty,130,25768.63,27524.28,6252.51,27438.54,40029.3,15019.25,-0.28,False,0.0,0,177.71,0.0,0.936214498617221,0.8858603066439523,-0.4042701648982015,1,False,False,False
2018-W15,health_beauty,139,29680.34,27646.14,6200.98,27438.54,40048.1,15244.19,0.33,False,0.0,0,178.8,0.0,1.073579892165778,0.952054794520548,-0.40842623387805194,1,False,False,False
2018-W16,health_beauty,141,25829.4,27810.82,6240.1,27477.55,40291.02,15330.62,-0.32,False,0.0,0,169.93,0.0,0.9287536289832519,0.9766233766233766,-0.39864309745467186,1,False,False,False
2018-W17,health_beauty,165,27562.65,27484.38,6270.66,26171.78,40025.7,14943.05,0.01,False,0.0,0,148.99,0.0,1.002847799368223,1.1578947368421053,-0.41149296160748466,1,False,False,False
2018-W18,health_beauty,198,40765.75,26196.82,4694.59,26171.78,35586.0,16807.64,3.1,True,0.0,1,168.45,0.005050505050505051,1.5561335307109794,1.4130240856378233,-0.5168269750324717,1,False,False,False
2018-W19,health_beauty,218,40181.98,27053.39,6558.7,26171.78,40170.79,13935.99,2.0,True,0.0,0,158.2,0.0,1.4852844689704323,1.5047454702329595,-0.4789902581312929,1,False,False,False
2018-W20,health_beauty,152,30348.31,28761.87,8016.36,26696.02,44794.58,12729.16,0.2,False,0.0,1,175.42,0.006578947368421052,1.0551577487833719,0.9759229534510433,-0.44152944258469745,1,False,False,False
2018-W21,health_beauty,90,13780.42,29798.13,7548.14,28621.5,44894.41,14701.84,-2.12,True,921.42,3,133.79,0.03333333333333333,0.4624592214343652,0.5682715074980268,-0.5404583710965047,1,False,True,False
2018-W22,health_beauty,106,27906.61,29239.68,8614.66,28621.5,46469.01,12010.36,-0.15,False,0.0,0,234.51,0.0,0.9544088717797186,0.6877534468775345,-0.49101792254260707,1,False,False,False
2018-W23,health_beauty,183,36755.09,29506.93,8524.29,28793.48,46555.51,12458.36,0.85,False,0.0,1,184.7,0.00546448087431694,1.2456426337812845,1.2109181141439207,-0.4581513534017464,1,False,False,False
2018-W24,health_beauty,194,37028.24,30391.28,8903.4,29127.46,48198.07,12584.48,0.75,False,0.0,0,165.3,0.0,1.2183836942701984,1.2386272944932162,-0.43360780076085925,1,False,False,False
2018-W25,health_beauty,205,33059.05,31791.13,8963.86,33551.7,49718.85,13863.41,0.14,False,0.0,0,143.74,0.0,1.039882822661541,1.2557427258805514,-0.47729082379273247,1,False,False,False
2018-W26,health_beauty,167,25914.88,32478.18,8802.65,34907.07,50083.48,14872.88,-0.75,False,0.0,0,133.58,0.0,0.7979166320280262,0.9925705794947994,-0.455534293515129,1,False,False,False
2018-W27,health_beauty,164,28388.61,30621.82,8360.03,31703.68,47341.89,13901.75,-0.27,False,0.0,0,155.13,0.0,0.9270712844631704,0.9977186311787072,-0.40598314274729247,1,False,False,False
2018-W28,health_beauty,133,30466.7,29147.65,7420.4,29368.46,43988.45,14306.85,0.18,False,0.0,0,205.86,0.0,1.045254077086832,0.8437747819191118,-0.4480324863747366,1,False,False,False
2018-W29,health_beauty,204,34273.01,29162.45,7423.25,29427.66,44008.96,14315.94,0.69,False,0.0,2,156.5,0.00980392156862745,1.1752445353528254,1.3140096618357489,-0.46321285067199663,1,False,False,False
2018-W30,health_beauty,140,39610.56,31724.02,4187.58,31762.88,40099.18,23348.87,1.88,False,0.0,0,222.53,0.0,1.2485983806591976,0.8259587020648967,-0.5093778143404297,1,False,False,False
2018-W31,health_beauty,221,44352.85,33187.02,4679.02,33666.03,42545.06,23828.98,2.39,True,0.0,1,178.12,0.004524886877828055,1.3364517211849694,1.2719424460431654,-0.5115934868772106,1,False,False,False
2018-W32,health_beauty,239,48992.05,34136.74,6070.79,33666.03,46278.32,21995.16,2.45,True,0.0,3,181.45,0.012552301255230125,1.4351707280777253,1.3389355742296918,-0.5905497453578047,-1,True,False,False
2018-W33,health_beauty,219,40044.94,35632.21,8039.27,33666.03,51710.76,19553.67,0.55,False,0.0,3,163.45,0.0136986301369863,1.1238410415744633,1.189409368635438,-0.506028601327746,1,False,False,False
2018-W34,health_beauty,136,24993.02,36505.45,8099.03,36941.79,52703.51,20307.39,-1.42,False,0.0,0,170.02,0.0,0.6846380471956928,0.7316745124411567,-0.4458686147330604,1,False,False,False
2018-W35,health_beauty,14,1570.04,36390.22,8275.87,36941.79,52941.95,19838.48,-4.21,True,18268.44,0,104.67,0.0,0.043144559170018755,0.07692307692307693,-0.6268085378651982,-1,True,True,True
2017-W06,home_appliances,1,174.28,,,,,,0.0,False,,0,174.28,0.0,1.0,0.006125574272588055,-0.40594816475949663,1,False,False,False
2017-W07,home_appliances,6,681.12,,,,,,0.0,False,,0,113.52,0.0,1.0,0.04088586030664395,-0.3589063390222871,1,False,False,False
2017-W09,home_appliances,2,229.9,,,,,,0.0,False,,0,76.63,0.0,1.0,0.01639344262295082,-0.37825230478542493,1,False,False,False
2017-W10,home_appliances,1,41.52,,,,,,0.0,False,,0,41.52,0.0,1.0,0.00954653937947494,-0.4114630984947035,1,False,False,False
2017-W11,home_appliances,4,186.0,281.7,277.76,202.09,837.22,0.0,-0.34,False,0.0,0,46.5,0.0,0.6602768903088392,0.05177993527508091,-0.3732268005435926,1,False,False,False
2017-W12,home_appliances,2,98.43,262.56,244.32,186.0,751.21,0.0,-0.67,False,0.0,0,49.22,0.0,0.3748857404021938,0.04177545691906005,-0.3687877282336616,1,False,False,False
2017-W14,home_appliances,2,83.14,235.21,228.57,180.14,692.35,0.0,-0.67,False,0.0,0,41.57,0.0,0.3534713660133498,0.0963855421686747,-0.37727986406717384,1,False,False,False
2017-W15,home_appliances,2,91.79,213.48,216.43,174.28,646.34,0.0,-0.56,False,0.0,0,45.89,0.0,0.4299700206108301,0.5,-0.37129266079489465,1,False,False,False
2017-W16,home_appliances,2,142.62,198.27,204.94,136.36,608.15,0.0,-0.27,False,0.0,0,71.31,0.0,0.7193221364805568,0.8,-0.379040566755842,1,False,False,False
2017-W17,home_appliances,3,412.86,194.32,205.77,120.52,605.86,0.0,1.06,False,0.0,0,103.22,0.0,2.12463976945245,1.1428571428571428,-0.42113938699320996,1,False,False,False
2017-W18,home_appliances,10,734.71,160.78,118.43,120.52,397.65,0.0,4.85,True,0.0,0,73.47,0.0,4.569660405523075,4.444444444444445,-0.5515996004031061,1,False,False,False
2017-W19,home_appliances,6,794.59,223.88,236.33,120.52,696.53,0.0,2.41,True,0.0,0,132.43,0.0,3.5491781311416832,1.8461538461538463,-0.4624132312243644,1,False,False,False
2017-W20,home_appliances,5,357.4,318.02,295.81,164.31,909.63,0.0,0.13,False,0.0,0,71.48,0.0,1.1238286900194956,1.2903225806451613,-0.3687304634243924,1,False,False,False
2017-W21,home_appliances,2,93.85,339.44,291.05,250.01,921.54,0.0,-0.84,False,0.0,0,46.92,0.0,0.27648479849163327,0.5,-0.3807380622467597,1,False,False,False
2017-W22,home_appliances,8,673.42,338.87,291.59,250.01,922.05,0.0,1.15,False,0.0,0,67.34,0.0,1.9872517484581107,2.0,-0.40083551326514205,1,False,False,False
2017-W23,home_appliances,7,400.89,412.66,292.32,385.13,997.29,0.0,-0.04,False,0.0,0,50.11,0.0,0.9714777298502398,1.4736842105263157,-0.3720685543162961,1,False,False,False
2017-W24,home_appliances,10,712.14,451.29,262.79,406.88,976.87,0.0,0.99,False,0.0,0,71.21,0.0,1.5780097055108688,1.8604651162790697,-0.3823387829016254,1,False,False,False
2017-W25,home_appliances,11,1088.87,522.48,243.67,543.14,1009.82,35.15,2.32,True,0.0,0,98.99,0.0,2.084041494411269,1.7254901960784315,-0.41235079507270495,1,False,False,False
2017-W26,home_appliances,13,926.49,606.98,308.75,692.78,1224.48,0.0,1.03,False,0.0,0,66.18,0.0,1.5263929618768328,1.7627118644067796,-0.3895453972441583,1,False,False,False
2017-W27,home_appliances,5,303.82,630.96,326.99,692.78,1284.93,0.0,-1.0,False,0.0,0,60.76,0.0,0.48152022315202225,0.6451612903225806,-0.3747686189632061,1,False,False,False
2017-W28,home_appliances,3,149.38,569.61,337.76,537.16,1245.13,0.0,-1.24,False,0.0,0,49.79,0.0,0.26224960938185776,0.39344262295081966,-0.40200196229793955,1,False,False,False
2017-W29,home_appliances,13,2114.05,543.61,363.46,537.16,1270.53,0.0,4.32,True,0.0,0,162.62,0.0,3.8889093283788014,1.7627118644067796,-0.4930822910139815,1,False,False,False
2017-W30,home_appliances,12,1352.59,796.13,618.59,692.78,2033.31,0.0,0.9,False,0.0,0,112.72,0.0,1.6989562006205017,1.3714285714285714,-0.3891673734118663,1,False,False,False
2017-W31,home_appliances,5,1161.01,881.03,645.37,819.32,2171.77,0.0,0.43,False,0.0,0,165.86,0.0,1.3177871355118442,0.5405405405405406,-0.4055144127558495,1,False,False,False
2017-W32,home_appliances,11,1408.27,976.04,620.04,1007.68,2216.12,0.0,0.7,False,0.0,0,128.02,0.0,1.4428404573583051,1.2222222222222223,-0.383141266401734,1,False,False,False
2017-W33,home_appliances,16,1435.76,1063.06,626.53,1124.94,2316.11,0.0,0.59,False,0.0,0,84.46,0.0,1.3505916881455422,1.7534246575342465,-0.3832637361560223,1,False,False,False
2017-W34,home_appliances,6,424.04,1106.42,640.42,1256.8,2387.26,0.0,-1.07,False,0.0,0,70.67,0.0,0.3832540988051554,0.6153846153846154,-0.3681971044713499,1,False,False,False
2017-W35,home_appliances,17,2427.5,1043.62,683.76,1256.8,2411.13,0.0,2.02,True,0.0,0,142.79,0.0,2.326038213142715,1.9154929577464788,-0.4498387078996876,1,False,False,False
2017-W36,home_appliances,1,670.3,1309.08,763.15,1380.43,2835.37,0.0,-0.84,False,0.0,0,670.3,0.0,0.512038989213799,0.0963855421686747,-0.5821103315342696,-1,True,False,False
2017-W38,home_appliances,3,262.92,1374.19,666.12,1380.43,2706.42,41.96,-1.67,False,0.0,0,87.64,0.0,0.19132725460089217,0.2962962962962963,-0.4302477017079415,1,False,False,False
2017-W39,home_appliances,2,200.87,1142.8,693.35,1256.8,2529.5,0.0,-1.36,False,0.0,0,100.44,0.0,0.1757700385019251,0.22535211267605634,-0.4016459167587986,1,False,False,False
2017-W40,home_appliances,2,180.31,998.83,759.94,915.66,2518.72,0.0,-1.08,False,0.0,0,90.16,0.0,0.1805212098154841,0.26229508196721313,-0.3895013479300733,1,False,False,False
2017-W41,home_appliances,2,898.06,876.25,807.64,547.17,2491.54,0.0,0.03,False,0.0,0,449.03,0.0,1.0248901569186875,0.27586206896551724,-0.48148679962663354,1,False,False,False
2017-W42,home_appliances,3,990.65,812.47,779.28,547.17,2371.03,0.0,0.23,False,0.0,0,330.22,0.0,1.2193065590114096,0.4897959183673469,-0.44340834774034393,1,False,False,False
2017-W43,home_appliances,1,164.26,756.83,743.49,547.17,2243.8,0.0,-0.8,False,0.0,0,164.26,0.0,0.21703685107619938,0.2222222222222222,-0.40599736122984903,1,False,False,False
2017-W45,home_appliances,1,50.63,724.36,765.45,466.61,2255.25,0.0,-0.88,False,0.0,0,50.63,0.0,0.06989618421779226,0.25806451612903225,-0.4135380045084317,1,False,False,False
2017-W46,home_appliances,1,33.23,427.25,368.08,231.9,1163.41,0.0,-1.07,False,0.0,0,33.23,0.0,0.07777647747220597,0.5333333333333333,-0.4442642938073104,1,False,False,False
2017-W47,home_appliances,10,3108.36,347.62,376.8,190.59,1101.21,0.0,7.33,True,0.0,0,310.84,0.0,8.941833036073874,5.333333333333333,-0.7049497581284543,-1,True,False,False
2017-W48,home_appliances,18,2279.35,703.3,1041.72,190.59,2786.74,0.0,1.51,False,0.0,0,126.63,0.0,3.2409355893644247,6.545454545454546,-0.450451165705191,1,False,False,False
2017-W49,home_appliances,7,597.52,963.11,1151.88,539.18,3266.87,0.0,-0.32,False,0.0,0,85.36,0.0,0.6204068071144521,1.4736842105263157,-0.3490961576846377,1,False,False,False
2017-W51,home_appliances,1,188.56,1015.26,1120.39,747.79,3256.04,0.0,-0.74,False,0.0,0,188.56,0.0,0.18572582392687587,0.18604651162790697,-0.4153049400807485,1,False,False,False
2017-W52,home_appliances,3,485.17,926.57,1158.43,393.04,3243.43,0.0,-0.38,False,0.0,0,161.72,0.0,0.5236193703659734,0.5714285714285714,-0.3767211866836325,1,False,False,False
2018-W01,home_appliances,4,338.83,863.38,1168.18,336.86,3199.74,0.0,-0.45,False,0.0,0,67.77,0.0,0.3924459681716046,0.7619047619047619,-0.35558087781426945,1,False,False,False
2018-W02,home_appliances,9,621.84,885.21,1154.81,412.0,3194.82,0.0,-0.23,False,0.0,0,69.09,0.0,0.702477378249229,1.6,-0.35296878475212495,1,False,False,False
2018-W03,home_appliances,9,673.54,956.61,1112.73,541.34,3182.06,0.0,-0.25,False,0.0,0,74.84,0.0,0.7040904861960464,1.3584905660377358,-0.3519417216113281,1,False,False,False
2018-W04,home_appliances,3,394.82,1036.65,1058.53,609.68,3153.7,0.0,-0.61,False,0.0,0,131.61,0.0,0.3808614286403318,0.39344262295081966,-0.3728632454738062,1,False,False,False
2018-W05,home_appliances,8,982.58,697.45,659.32,541.34,2016.09,0.0,0.43,False,0.0,0,109.18,0.0,1.4088178364040433,1.1851851851851851,-0.38348993068870507,1,False,False,False
2018-W06,home_appliances,9,1715.31,535.36,242.49,541.34,1020.34,50.38,4.87,True,0.0,0,190.59,0.0,3.2040309324566647,1.6363636363636365,-0.5096211504064535,1,False,False,False
2018-W07,home_appliances,8,537.49,675.08,484.6,553.5,1644.28,0.0,-0.28,False,0.0,1,67.19,0.125,0.7961871185637257,1.391304347826087,-0.6014442815915736,-1,True,False,False
2018-W08,home_appliances,15,2747.07,718.7,448.94,579.66,1616.59,0.0,4.52,True,0.0,0,183.14,0.0,3.8222763322665925,2.2641509433962264,-0.511367403173221,1,False,False,False
2018-W09,home_appliances,14,1026.75,1001.44,830.76,647.69,2662.95,0.0,0.03,False,0.0,0,68.45,0.0,1.0252736060073493,1.7230769230769232,-0.37381072827914447,1,False,False,False
2018-W10,home_appliances,17,3449.88,1087.42,786.81,828.06,2661.05,0.0,3.0,True,0.0,0,202.93,0.0,3.1725368302955617,1.8133333333333332,-0.5202602101678846,1,False,False,False
2018-W11,home_appliances,14,1222.65,1440.93,1114.72,1004.66,3670.37,0.0,-0.2,False,0.0,0,81.51,0.0,0.8485145010514044,1.3493975903614457,-0.37024918439141746,1,False,False,False
2018-W12,home_appliances,23,4551.95,1509.57,1076.99,1124.7,3663.54,0.0,2.82,True,0.0,0,197.91,0.0,3.0153951125154848,2.090909090909091,-0.5786662745096325,1,False,False,False
2018-W13,home_appliances,13,1901.2,2029.21,1412.82,1468.98,4854.86,0.0,-0.09,False,0.0,0,146.25,0.0,0.9369163368995816,0.9629629629629629,-0.390439243083082,1,False,False,False
2018-W14,home_appliances,24,3279.51,2144.04,1351.61,1808.26,4847.26,0.0,0.84,False,0.0,0,131.18,0.0,1.529593664297308,1.6991150442477876,-0.4826070785286575,1,False,False,False
2018-W15,home_appliances,37,8865.9,2339.56,1393.23,2324.14,5126.02,0.0,4.68,True,0.0,0,233.31,0.0,3.7895587204431602,2.3125,-0.7315248582823727,-1,True,False,False
2018-W16,home_appliances,25,3533.13,3380.61,2514.61,3013.29,8409.84,0.0,0.06,False,0.0,0,141.33,0.0,1.0451161180970299,1.2738853503184713,-0.49797399992788216,1,False,False,False
2018-W17,home_appliances,19,1642.15,3478.87,2501.64,3364.7,8482.16,0.0,-0.73,False,0.0,0,78.2,0.0,0.4720354597901043,0.9101796407185628,-0.42353243290109294,1,False,False,False
2018-W18,home_appliances,10,690.25,3555.8,2423.72,3364.7,8403.23,0.0,-1.18,False,0.0,0,69.03,0.0,0.1941194667866584,0.46511627906976744,-0.3911608215281138,1,False,False,False
2018-W19,home_appliances,12,1792.46,3210.84,2628.66,2590.36,8468.17,0.0,-0.54,False,0.0,0,149.37,0.0,0.5582526690834797,0.5818181818181818,-0.38701372450059185,1,False,False,False
2018-W20,home_appliances,22,3182.0,3282.07,2574.25,2590.36,8430.57,0.0,-0.04,False,0.0,0,138.35,0.0,0.9695100957627351,1.0797546012269938,-0.4616239791642805,1,False,False,False
2018-W21,home_appliances,13,1030.45,3110.82,2522.76,2541.6,8156.34,0.0,-0.82,False,0.0,0,73.6,0.0,0.3312470666898117,0.6419753086419753,-0.38711829168095363,1,False,False,False
2018-W22,home_appliances,17,1707.64,3001.98,2600.01,2487.23,8201.99,0.0,-0.5,False,0.0,0,100.45,0.0,0.5688379003191227,0.8395061728395061,-0.39297202321809865,1,False,False,False
2018-W23,home_appliances,14,1486.26,2805.5,2635.19,1750.05,8075.88,0.0,-0.5,False,0.0,0,106.16,0.0,0.5297665300302976,0.7225806451612903,-0.37353397532161303,1,False,False,False
2018-W24,home_appliances,15,1518.5,1883.04,986.64,1674.9,3856.32,0.0,-0.37,False,0.0,0,101.23,0.0,0.8064087857931855,0.9090909090909091,-0.3732093046073925,1,False,False,False
2018-W25,home_appliances,12,1678.58,1631.21,728.69,1580.32,3088.6,173.83,0.07,False,0.0,0,139.88,0.0,1.029039792546637,0.7868852459016393,-0.37645209890169623,1,False,False,False
2018-W26,home_appliances,17,1821.37,1635.77,728.88,1598.54,3093.54,178.0,0.25,False,0.0,0,107.14,0.0,1.1134633842166075,1.182608695652174,-0.39161826528236093,1,False,False,False
2018-W27,home_appliances,14,1195.57,1777.16,620.99,1693.11,3019.14,535.17,-0.94,False,0.0,0,85.4,0.0,0.6727419028112268,0.9180327868852459,-0.3867844703160088,1,False,False,False
2018-W28,home_appliances,10,560.72,1702.55,653.88,1598.54,3010.3,394.79,-1.75,False,0.0,0,56.07,0.0,0.32934128219435554,0.6451612903225806,-0.41621139995166273,1,False,False,False
2018-W29,home_appliances,21,2077.16,1374.89,422.41,1502.38,2219.7,530.07,1.66,False,0.0,0,98.91,0.0,1.5107826807962816,1.5,-0.4275397561622586,1,False,False,False
2018-W30,home_appliances,19,1522.95,1505.72,460.84,1598.54,2427.4,584.05,0.04,False,0.0,0,80.16,0.0,1.0114430305767341,1.2666666666666666,-0.3895881452789206,1,False,False,False
2018-W31,home_appliances,22,2130.5,1482.64,453.85,1520.72,2390.34,574.94,1.43,False,0.0,0,92.63,0.0,1.4369637943128473,1.4426229508196722,-0.43592990567721046,1,False,False,False
2018-W32,home_appliances,19,1705.68,1563.17,508.45,1600.76,2580.08,546.26,0.28,False,0.0,0,77.53,0.0,1.0911673074585617,1.1692307692307693,-0.3977647618452664,1,False,False,False
2018-W33,home_appliances,26,2406.31,1586.57,510.41,1692.13,2607.38,565.75,1.61,False,0.0,1,89.12,0.038461538461538464,1.5166743352010943,1.5522388059701493,-0.5745128326910841,1,False,False,False
2018-W34,home_appliances,9,575.29,1677.53,588.09,1763.52,2853.71,501.36,-1.87,False,0.0,0,63.92,0.0,0.34293872538792153,0.4864864864864865,-0.42466253962479494,1,False,False,False
2017-W03,home_appliances_2,1,485.38,,,,,,0.0,False,,0,485.38,0.0,1.0,0.05714285714285714,-0.39796151803502705,1,False,False,False
2017-W04,home_appliances_2,3,928.34,,,,,,0.0,False,,0,71.41,0.0,1.0,0.1889763779527559,-0.39137130871831494,1,False,False,False
2017-W05,home_appliances_2,4,934.97,,,,,,0.0,False,,0,186.99,0.0,1.0,0.26666666666666666,-0.38429519513425164,1,False,False,False
2017-W09,home_appliances_2,1,32.53,,,,,,0.0,False,,0,32.53,0.0,1.0,0.07766990291262135,-0.46490301908370124,1,False,False,False
2017-W11,home_appliances_2,1,535.9,595.31,430.15,706.86,1455.6,0.0,-0.14,False,0.0,0,535.9,0.0,0.9002032554467421,0.09411764705882353,-0.4024632293464981,1,False,False,False
2017-W15,home_appliances_2,1,477.13,583.42,373.47,535.9,1330.36,0.0,-0.28,False,0.0,0,477.13,0.0,0.8178156388193755,0.125,-0.38887512738350627,1,False,False,False
2017-W16,home_appliances_2,1,469.84,565.71,336.84,510.64,1239.4,0.0,-0.28,False,0.0,0,469.84,0.0,0.830531544430892,0.17391304347826086,-0.38767261658306884,1,False,False,False
2017-W18,home_appliances_2,3,2602.84,552.01,309.62,485.38,1171.26,0.0,6.62,True,0.0,0,867.61,0.0,4.715204434702271,1.1428571428571428,-0.6583725018474976,-1,True,False,False
2017-W19,home_appliances_2,2,217.02,808.37,779.68,510.64,2367.74,0.0,-0.76,False,0.0,0,108.51,0.0,0.2684661726684563,1.0666666666666667,-0.4066845076138387,1,False,False,False
2017-W20,home_appliances_2,3,528.16,774.82,801.05,506.52,2376.91,0.0,-0.31,False,0.0,0,176.05,0.0,0.6816550940863684,1.5,-0.3635743367712586,1,False,False,False
2017-W21,home_appliances_2,1,105.37,724.8,802.58,502.64,2329.97,0.0,-0.77,False,0.0,0,105.37,0.0,0.1453780353200883,0.5,-0.4250424084561209,1,False,False,False
2017-W22,home_appliances_2,1,257.3,621.1,824.84,473.48,2270.77,0.0,-0.44,False,0.0,0,257.3,0.0,0.41426501368539687,0.6153846153846154,-0.38522075935855943,1,False,False,False
2017-W23,home_appliances_2,1,160.65,649.2,805.52,473.48,2260.24,0.0,-0.61,False,0.0,0,160.65,0.0,0.24745841035120147,0.6153846153846154,-0.4050370122660301,1,False,False,False
2017-W24,home_appliances_2,1,302.91,602.29,823.78,363.57,2249.85,0.0,-0.36,False,0.0,0,302.91,0.0,0.502930481993724,0.6153846153846154,-0.3933167478334466,1,False,False,False
2017-W25,home_appliances_2,2,498.14,580.51,829.84,280.1,2240.2,0.0,-0.1,False,0.0,0,124.54,0.0,0.8581075261408072,1.2307692307692308,-0.38474782284529063,1,False,False,False
2017-W26,home_appliances_2,3,519.39,584.05,829.37,280.1,2242.78,0.0,-0.08,False,0.0,0,173.13,0.0,0.889290300487972,1.7142857142857142,-0.3660323461570507,1,False,False,False
2017-W27,home_appliances_2,1,202.48,323.62,169.45,280.1,662.53,0.0,-0.71,False,0.0,0,202.48,0.0,0.6256720845436005,0.5714285714285714,-0.39342813377382324,1,False,False,False
2017-W28,home_appliances_2,1,176.36,321.8,170.83,280.1,663.47,0.0,-0.85,False,0.0,0,176.36,0.0,0.5480422622747048,0.6153846153846154,-0.3952317040952527,1,False,False,False
2017-W30,home_appliances_2,3,624.72,277.82,154.64,229.89,587.1,0.0,2.24,True,0.0,0,208.24,0.0,2.2486502051688144,2.1818181818181817,-0.4603529850897857,1,False,False,False
2017-W31,home_appliances_2,1,839.4,342.74,178.99,280.1,700.73,0.0,2.77,True,0.0,0,419.7,0.0,2.449086771313532,0.6153846153846154,-0.5211538480785286,1,False,False,False
2017-W32,home_appliances_2,3,752.68,415.51,245.32,400.52,906.15,0.0,1.37,False,0.0,1,250.89,0.3333333333333333,1.8114606146663137,1.8461538461538463,-0.602415928213454,1,False,False,False
2017-W33,home_appliances_2,7,1635.27,489.51,246.75,508.76,983.01,0.0,4.64,True,0.0,1,233.61,0.14285714285714285,3.340626340626341,3.7333333333333334,-0.6527970895249345,-1,True,False,False
2017-W34,home_appliances_2,4,1187.1,656.06,460.16,572.06,1576.38,0.0,1.15,False,0.0,0,296.77,0.0,1.8094381611437977,1.5238095238095237,-0.42271909476572445,1,False,False,False
2017-W35,home_appliances_2,2,384.03,742.18,489.9,688.7,1721.97,0.0,-0.73,False,0.0,0,192.01,0.0,0.5174351235549328,0.6956521739130435,-0.3704054074499241,1,False,False,False
2017-W36,home_appliances_2,3,1289.53,725.26,500.9,688.7,1727.06,0.0,1.13,False,0.0,0,429.84,0.0,1.7780244326172683,1.0909090909090908,-0.41976664664353913,1,False,False,False
2017-W38,home_appliances_2,3,682.09,861.14,486.05,796.04,1833.24,0.0,-0.37,False,0.0,0,227.36,0.0,0.7920779431915833,1.0,-0.35923074514040093,1,False,False,False
2017-W40,home_appliances_2,1,674.83,924.35,411.43,796.04,1747.21,101.5,-0.61,False,0.0,0,674.83,0.0,0.7300589603505167,0.3076923076923077,-0.42919115823612425,1,False,False,False
2017-W41,home_appliances_2,2,1023.45,930.62,406.57,796.04,1743.75,117.48,0.23,False,0.0,0,511.72,0.0,1.0997507038318541,0.6666666666666666,-0.3961824242387097,1,False,False,False
2017-W42,home_appliances_2,3,953.18,953.62,405.87,888.06,1765.37,141.88,-0.0,False,0.0,0,317.73,0.0,0.9995386002810344,0.96,-0.36545599387720135,1,False,False,False
2017-W43,home_appliances_2,3,350.93,978.68,397.8,988.32,1774.29,183.08,-1.58,False,0.0,0,87.73,0.0,0.3585748150570156,0.96,-0.43247470874218247,1,False,False,False
2017-W44,home_appliances_2,2,794.71,818.14,351.43,817.64,1521.0,115.29,-0.07,False,0.0,0,397.36,0.0,0.9713618696066688,0.7619047619047619,-0.36756541500582335,1,False,False,False
2017-W45,home_appliances_2,1,75.16,769.09,318.41,738.4,1405.91,132.28,-2.18,True,57.12,0,75.16,0.0,0.09772588383674212,0.42105263157894735,-0.4876113855315345,1,False,True,False
2017-W46,home_appliances_2,4,2252.73,730.48,383.78,738.4,1498.05,0.0,3.97,True,0.0,0,563.18,0.0,3.0839037345307196,1.7777777777777777,-0.5042338480487748,1,False,False,False
2017-W47,home_appliances_2,4,1975.97,850.88,645.84,738.4,2142.56,0.0,1.74,False,0.0,0,493.99,0.0,2.3222663595336592,1.6842105263157894,-0.44134287709395853,1,False,False,False
2017-W48,home_appliances_2,4,814.68,1012.62,750.98,873.94,2514.58,0.0,-0.26,False,0.0,0,203.67,0.0,0.804526870889376,1.6,-0.3863412310289808,1,False,False,False
2017-W49,home_appliances_2,3,738.16,1030.1,743.59,883.93,2517.28,0.0,-0.39,False,0.0,0,246.05,0.0,0.7165906222696826,1.0434782608695652,-0.35870252867786157,1,False,False,False
2017-W50,home_appliances_2,2,430.42,994.44,750.76,804.7,2495.96,0.0,-0.75,False,0.0,0,215.21,0.0,0.4328265154257673,0.6666666666666666,-0.3677170092190807,1,False,False,False
2017-W51,home_appliances_2,2,695.06,929.1,777.15,766.44,2483.39,0.0,-0.3,False,0.0,0,347.53,0.0,0.7481003121300183,0.6956521739130435,-0.3648381881309323,1,False,False,False
2018-W01,home_appliances_2,3,3320.72,972.11,749.61,766.44,2471.33,0.0,3.13,True,0.0,0,1106.91,0.0,3.4159920173642897,1.0909090909090908,-0.5501657090316568,1,False,False,False
2018-W02,home_appliances_2,2,1169.11,1287.86,1109.72,776.42,3507.3,0.0,-0.11,False,0.0,0,389.7,0.0,0.9077927725063283,0.6956521739130435,-0.38138864159549196,1,False,False,False
2018-W03,home_appliances_2,1,669.71,1424.61,1001.01,991.9,3426.63,0.0,-0.75,False,0.0,0,669.71,0.0,0.4701005889331116,0.3333333333333333,-0.42890824387296,1,False,False,False
2018-W04,home_appliances_2,2,1171.05,1226.73,969.91,776.42,3166.54,0.0,-0.06,False,0.0,0,585.52,0.0,0.9546110391039593,0.7619047619047619,-0.4074779341337525,1,False,False,False
2018-W05,home_appliances_2,6,4291.3,1126.11,921.63,776.42,2969.37,0.0,3.43,True,0.0,0,715.22,0.0,3.8107289696388458,2.526315789473684,-0.5717900336416728,1,False,False,False
2018-W06,home_appliances_2,4,4381.72,1560.69,1432.1,953.64,4424.89,0.0,1.97,False,0.0,0,1095.43,0.0,2.8075530694756807,1.5238095238095237,-0.5039805217765093,1,False,False,False
2018-W07,home_appliances_2,7,2244.8,2016.14,1689.4,1170.08,5394.94,0.0,0.14,False,0.0,0,320.69,0.0,1.113414743023798,2.5454545454545454,-0.45969960105074203,1,False,False,False
2018-W08,home_appliances_2,4,1292.24,2242.93,1563.18,1707.93,5369.3,0.0,-0.61,False,0.0,0,323.06,0.0,0.5761392464321223,1.1851851851851851,-0.4016196342136272,1,False,False,False
2018-W09,home_appliances_2,4,670.66,2317.58,1491.32,1768.52,5300.21,0.0,-1.1,False,0.0,0,167.67,0.0,0.28937943889747064,1.103448275862069,-0.4224224411211873,1,False,False,False
2018-W10,home_appliances_2,1,415.83,1986.32,1530.47,1231.64,5047.26,0.0,-1.03,False,0.0,0,415.83,0.0,0.20934693302186957,0.26666666666666666,-0.4214064889407446,1,False,False,False
2018-W11,home_appliances_2,4,2068.85,1892.16,1609.08,1231.64,5110.33,0.0,0.11,False,0.0,0,517.21,0.0,1.093380052426856,1.103448275862069,-0.4027648638817974,1,False,False,False
2018-W12,home_appliances_2,3,1113.5,2067.06,1531.39,1680.54,5129.84,0.0,-0.62,False,0.0,0,371.17,0.0,0.5386877981287432,0.75,-0.3829313238808435,1,False,False,False
2018-W13,home_appliances_2,5,4088.32,2059.86,1536.33,1680.54,5132.52,0.0,1.32,False,0.0,0,817.66,0.0,1.9847562455700873,1.2121212121212122,-0.4552624040822883,1,False,False,False
2018-W14,home_appliances_2,3,4730.33,2034.49,1495.34,1680.54,5025.18,0.0,1.8,False,0.0,0,1576.78,0.0,2.325069181957149,0.75,-0.5725496478930714,1,False,False,False
2018-W15,home_appliances_2,6,5555.96,2078.07,1576.4,1680.54,5230.86,0.0,2.21,True,0.0,0,925.99,0.0,2.673615422002146,1.5483870967741935,-0.5105160239326637,1,False,False,False
2018-W16,home_appliances_2,5,4979.47,2491.96,2003.31,1680.54,6498.58,0.0,1.24,False,0.0,0,829.91,0.0,1.9982142570506751,1.3333333333333333,-0.4769853801950775,1,False,False,False
2018-W17,home_appliances_2,6,4375.83,2952.86,2109.22,3078.58,7171.3,0.0,0.67,False,0.0,0,729.3,0.0,1.4818955182433302,1.5483870967741935,-0.48197112616371984,1,False,False,False
2018-W18,home_appliances_2,7,7023.61,3416.01,1936.2,4232.08,7288.4,0.0,1.86,False,0.0,0,1003.37,0.0,2.0560859013878763,1.696969696969697,-0.6103687653759433,-1,True,False,False
2018-W19,home_appliances_2,6,2911.82,4241.98,1882.16,4553.08,8006.31,477.66,-0.71,False,0.0,0,485.3,0.0,0.6864294503981633,1.2307692307692308,-0.47525665610485296,1,False,False,False
2018-W20,home_appliances_2,5,2925.18,4347.35,1762.94,4553.08,7873.24,821.47,-0.81,False,0.0,0,585.04,0.0,0.6728650787261204,0.975609756097561,-0.45896140434381816,1,False,False,False
2018-W21,home_appliances_2,2,307.63,4573.81,1358.06,4553.08,7289.93,1857.7,-3.14,True,1550.07,0,153.81,0.0,0.06725902475179335,0.37209302325581395,-0.5116437048478703,1,False,True,False
2018-W22,home_appliances_2,2,538.6,4101.23,2038.49,4553.08,8178.22,24.24,-1.75,False,0.0,0,179.53,0.0,0.13132645572182006,0.4,-0.41733515883411415,1,False,False,False
2018-W23,home_appliances_2,5,1708.75,3577.26,2366.08,3650.5,8309.43,0.0,-0.79,False,0.0,0,341.75,0.0,0.47767006032550047,1.0256410256410255,-0.43539107494600177,1,False,False,False
2018-W24,home_appliances_2,1,36.67,3096.36,2296.41,2918.5,7689.18,0.0,-1.33,False,0.0,0,36.67,0.0,0.01184293815964552,0.21052631578947367,-0.47141436664731645,1,False,False,False
2018-W25,home_appliances_2,6,5165.12,2478.51,2380.76,2310.28,7240.03,0.0,1.13,False,0.0,0,860.85,0.0,2.083961735074702,1.411764705882353,-0.49350611840842934,1,False,False,False
2018-W26,home_appliances_2,5,2139.08,2577.17,2484.7,2310.28,7546.58,0.0,-0.18,False,0.0,0,112.58,0.0,0.8300112138508519,1.1764705882352942,-0.46307100224601305,1,False,False,False
2018-W27,home_appliances_2,3,3709.59,1966.61,1717.77,1923.92,5402.14,0.0,1.01,False,0.0,0,1236.53,0.0,1.8862865540193532,0.75,-0.5210517746630631,1,False,False,False
2018-W28,home_appliances_2,6,5829.3,2066.33,1801.59,1923.92,5669.51,0.0,2.09,True,0.0,0,971.55,0.0,2.8210885966907515,1.6551724137931034,-0.52485392553617,1,False,False,False
2018-W29,home_appliances_2,9,3377.1,2429.34,2238.88,1923.92,6907.11,0.0,0.42,False,0.0,0,337.71,0.0,1.390130652769888,2.4,-0.5692799995330714,1,False,False,False
2018-W30,home_appliances_2,3,765.8,2813.03,2080.76,2758.09,6974.55,0.0,-0.98,False,0.0,0,255.27,0.0,0.27223314362093537,0.6486486486486487,-0.38752692890712137,1,False,False,False
2018-W31,home_appliances_2,5,2948.94,2841.43,2046.56,2758.09,6934.54,0.0,0.05,False,0.0,0,589.79,0.0,1.0378365822842723,1.0526315789473684,-0.44060810353958785,1,False,False,False
2018-W32,home_appliances_2,4,5916.46,2996.45,1994.82,3163.02,6986.08,0.0,1.46,False,0.0,1,1479.12,0.25,1.9744898129453188,0.8421052631578947,-0.6505857261692409,-1,True,False,False
2018-W33,home_appliances_2,6,2069.85,3731.42,1824.43,3543.34,7380.28,82.57,-0.91,False,0.0,0,295.69,0.0,0.5547083951953947,1.170731707317073,-0.4604464652603492,1,False,False,False
2018-W34,home_appliances_2,1,197.49,3344.52,1805.05,3163.02,6954.62,0.0,-1.74,False,0.0,0,197.49,0.0,0.05904883211940727,0.1951219512195122,-0.4347331989673024,1,False,False,False
2017-W04,home_comfort_2,2,95.57,,,,,,0.0,False,,0,47.78,0.0,1.0,0.43243243243243246,-0.478243152534413,1,False,False,False
2017-W11,home_comfort_2,1,23.86,,,,,,0.0,False,,0,11.93,0.0,1.0,0.2222222222222222,-0.45313971736701325,1,False,False,False
2017-W13,home_comfort_2,2,367.03,,,,,,0.0,False,,0,183.51,0.0,1.0,0.5161290322580645,-0.6663407217673606,1,False,False,False
2017-W14,home_comfort_2,1,23.86,,,,,,0.0,False,,0,23.86,0.0,1.0,0.3333333333333333,-0.415613386129364,1,False,False,False
2017-W23,home_comfort_2,1,28.0,127.58,163.17,59.72,453.93,0.0,-0.61,False,0.0,0,28.0,0.0,0.21947013638501334,0.36363636363636365,-0.4036485299694945,1,False,False,False
2017-W26,home_comfort_2,1,28.0,107.66,148.16,28.0,403.99,0.0,-0.54,False,0.0,0,28.0,0.0,0.26007802340702213,0.4444444444444444,-0.39657027276332735,1,False,False,False
2017-W33,home_comfort_2,1,122.97,94.39,136.45,28.0,367.29,0.0,0.21,False,0.0,0,122.97,0.0,1.3027863121093335,0.5333333333333333,-0.5356146793410783,1,False,False,False
2017-W35,home_comfort_2,1,99.0,98.47,125.03,28.0,348.53,0.0,0.0,False,0.0,0,49.5,0.0,1.0053823499543009,0.8,-0.40218280067222395,1,False,False,False
2017-W36,home_comfort_2,1,29.69,98.54,115.76,61.78,330.05,0.0,-0.59,False,0.0,0,29.69,0.0,0.30129896488735536,0.8,-0.3955679031375941,1,False,False,False
2017-W42,home_comfort_2,2,56.0,90.3,118.31,28.84,326.93,0.0,-0.29,False,0.0,0,28.0,0.0,0.6201550387596899,1.7777777777777777,-0.4890634842503884,1,False,False,False
2017-W43,home_comfort_2,1,252.0,94.32,116.26,42.84,326.85,0.0,1.36,False,0.0,0,84.0,0.0,2.67175572519084,0.8,-0.6713566945945538,-1,True,False,False
2017-W45,home_comfort_2,1,24.75,79.94,78.79,42.84,237.53,0.0,-0.7,False,0.0,0,24.75,0.0,0.30960720540405307,0.8888888888888888,-0.43247525582723784,1,False,False,False
2017-W47,home_comfort_2,2,56.0,80.05,78.7,42.84,237.46,0.0,-0.31,False,0.0,0,28.0,0.0,0.6995627732667083,1.7777777777777777,-0.48705000045273933,1,False,False,False
2018-W08,home_comfort_2,2,140.0,83.55,76.65,56.0,236.86,0.0,0.74,False,0.0,0,46.67,0.0,1.6756433273488929,1.6,-0.5941697847602767,1,False,False,False
2018-W10,home_comfort_2,1,44.33,97.55,75.27,77.5,248.1,0.0,-0.71,False,0.0,0,44.33,0.0,0.45443362378267554,0.7272727272727273,-0.4662761597898798,1,False,False,False
2018-W14,home_comfort_2,1,78.06,87.72,76.6,56.0,240.93,0.0,-0.13,False,0.0,0,78.06,0.0,0.8898768809849522,0.7272727272727273,-0.4484473477799003,1,False,False,False
2018-W23,home_comfort_2,1,102.76,85.1,76.52,56.0,238.14,0.0,0.23,False,0.0,0,51.38,0.0,1.2075205640423032,0.7272727272727273,-0.41975548987597944,1,False,False,False
2018-W28,home_comfort_2,1,106.44,94.24,73.25,67.03,240.74,0.0,0.17,False,0.0,0,53.22,0.0,1.1294567062818337,0.7272727272727273,-0.4140398582921347,1,False,False,False
2018-W30,home_comfort_2,1,32.22,100.54,71.64,90.41,243.83,0.0,-0.95,False,0.0,0,32.22,0.0,0.32046946488959616,0.8,-0.4788669464048455,1,False,False,False
2017-W05,home_confort,1,124.35,,,,,,0.0,False,,0,124.35,0.0,1.0,0.8,-0.4316113619437828,1,False,False,False
2017-W07,home_confort,1,245.78,,,,,,0.0,False,,0,245.78,0.0,1.0,0.8,-0.42304571058341955,1,False,False,False
2017-W09,home_confort,1,101.14,,,,,,0.0,False,,0,101.14,0.0,1.0,0.8888888888888888,-0.4354278268455731,1,False,False,False
2017-W10,home_confort,3,311.81,,,,,,0.0,False,,0,103.94,0.0,1.0,3.0,-0.39410340776706676,1,False,False,False
2017-W11,home_confort,1,338.83,195.77,100.04,185.06,395.84,0.0,1.43,False,0.0,0,338.83,0.0,1.730755478367472,0.8,-0.5201136805617215,1,False,False,False
2017-W12,home_confort,3,1384.15,224.38,107.7,245.78,439.78,8.99,10.77,True,0.0,0,346.04,0.0,6.16877618326054,2.4,-0.7129024131358725,-1,True,False,False
2017-W13,home_confort,6,1293.32,417.68,483.17,278.8,1384.02,0.0,1.81,False,0.0,0,215.55,0.0,3.0964374640873396,4.0,-0.48658169929287143,1,False,False,False
2017-W14,home_confort,2,388.17,542.77,551.44,311.81,1645.64,0.0,-0.28,False,0.0,0,194.08,0.0,0.7151648027709712,0.9411764705882353,-0.3782060935879369,1,False,False,False
2017-W16,home_confort,12,2411.11,523.44,513.45,325.32,1550.34,0.0,3.68,True,0.0,0,120.56,0.0,4.6062777013602325,5.333333333333333,-0.6433969928277025,-1,True,False,False
2017-W17,home_confort,1,57.56,809.29,810.27,363.5,2429.83,0.0,-0.93,False,0.0,0,57.56,0.0,0.0711240717171842,0.27586206896551724,-0.492089660838591,1,False,False,False
2017-W18,home_confort,7,1759.47,785.76,831.43,363.5,2448.61,0.0,1.17,False,0.0,0,219.93,0.0,2.2391951740989615,1.9310344827586208,-0.4282868552826434,1,False,False,False
2017-W19,home_confort,5,1163.19,993.05,843.0,840.74,2679.05,0.0,0.2,False,0.0,0,193.87,0.0,1.1713307487034894,1.1428571428571428,-0.3625148701092646,1,False,False,False
2017-W20,home_confort,8,1205.58,1099.47,797.21,1228.26,2693.89,0.0,0.13,False,0.0,0,150.7,0.0,1.0965101367022292,1.7297297297297298,-0.38681245387888336,1,False,False,False
2017-W21,home_confort,9,1636.5,1207.82,735.58,1249.45,2678.98,0.0,0.58,False,0.0,0,148.77,0.0,1.3549204351641801,1.6363636363636365,-0.4144190181104008,1,False,False,False
2017-W22,home_confort,7,1114.92,1239.36,749.5,1249.45,2738.36,0.0,-0.17,False,0.0,0,159.27,0.0,0.8995933384972891,1.12,-0.37681598483237805,1,False,False,False
2017-W23,home_confort,8,1923.67,1217.06,750.32,1184.38,2717.7,0.0,0.94,False,0.0,0,106.87,0.0,1.5805876456378487,1.2549019607843137,-0.44605852839588095,1,False,False,False
2017-W24,home_confort,2,286.91,1409.0,702.89,1421.04,2814.78,3.22,-1.6,False,0.0,0,143.45,0.0,0.2036266855926189,0.2807017543859649,-0.4325219822410574,1,False,False,False
2017-W25,home_confort,4,696.18,1143.47,670.74,1184.38,2484.95,0.0,-0.67,False,0.0,0,174.05,0.0,0.6088310143685448,0.6808510638297872,-0.36366608219806357,1,False,False,False
2017-W26,home_confort,4,803.01,1223.3,550.21,1184.38,2323.71,122.89,-0.76,False,0.0,0,160.6,0.0,0.6564293304994687,0.64,-0.36241953178261543,1,False,False,False
2017-W27,home_confort,7,1739.91,1103.74,520.15,1139.06,2144.05,63.44,1.22,False,0.0,0,217.49,0.0,1.5763766829144545,1.1914893617021276,-0.39715695059532946,1,False,False,False
2017-W28,home_confort,14,4121.1,1175.84,567.39,1160.25,2310.61,41.06,5.19,True,0.0,0,242.42,0.0,3.504813580078923,2.2857142857142856,-0.6720664785227665,-1,True,False,False
2017-W29,home_confort,8,1148.62,1540.28,1187.11,1375.71,3914.5,0.0,-0.33,False,0.0,0,114.86,0.0,0.7457215571194847,1.1636363636363636,-0.40291351128810177,1,False,False,False
2017-W30,home_confort,5,1352.84,1479.29,1193.98,1131.77,3867.24,0.0,-0.11,False,0.0,0,225.47,0.0,0.9145198034192078,0.7407407407407407,-0.3810609015539817,1,False,False,False
2017-W31,home_confort,5,952.68,1509.03,1186.54,1250.73,3882.12,0.0,-0.47,False,0.0,0,158.78,0.0,0.6313194568696447,0.7692307692307693,-0.36646537505147647,1,False,False,False
2017-W32,home_confort,8,2058.79,1387.66,1187.73,1050.65,3763.12,0.0,0.57,False,0.0,0,205.88,0.0,1.4836415260222244,1.3061224489795917,-0.4344468181648877,1,False,False,False
2017-W33,home_confort,2,213.06,1609.14,1116.2,1250.73,3841.54,0.0,-1.25,False,0.0,0,71.02,0.0,0.1324061299824751,0.2909090909090909,-0.4508657234822871,1,False,False,False
2017-W34,home_confort,4,1168.43,1548.75,1183.68,1250.73,3916.11,0.0,-0.32,False,0.0,1,233.69,0.25,0.7544342211460856,0.6037735849056604,-0.6079226917814491,1,False,False,False
2017-W35,home_confort,9,1667.99,1594.43,1157.55,1260.64,3909.53,0.0,0.06,False,0.0,0,185.33,0.0,1.0461356095908882,1.3584905660377358,-0.41972049574551007,1,False,False,False
2017-W36,home_confort,1,2769.4,1585.44,1156.54,1260.64,3898.52,0.0,1.02,False,0.0,0,553.88,0.0,1.7467706125744273,0.14545454545454545,-0.6357202633928928,1,False,False,False
2017-W37,home_confort,5,2215.89,1416.48,765.96,1260.64,2948.4,0.0,1.04,False,0.0,0,369.31,0.0,1.5643637749915282,0.9523809523809523,-0.49318424662832,1,False,False,False
2017-W38,home_confort,12,2461.19,1549.88,804.61,1510.42,3159.11,0.0,1.13,False,0.0,0,189.32,0.0,1.5879874570934522,2.4615384615384617,-0.505094310620413,1,False,False,False
2017-W39,home_confort,5,1130.81,1688.43,859.39,1863.39,3407.22,0.0,-0.65,False,0.0,0,188.47,0.0,0.6697405281829865,0.8695652173913043,-0.3693046528215365,1,False,False,False
2017-W40,home_confort,6,1319.43,1710.7,839.69,1863.39,3390.07,31.32,-0.47,False,0.0,0,219.91,0.0,0.7712807622610628,1.0434782608695652,-0.39855426578684305,1,False,False,False
2017-W41,home_confort,8,1593.67,1618.28,836.59,1493.71,3291.45,0.0,-0.03,False,0.0,0,177.07,0.0,0.9847924957362139,1.4545454545454546,-0.40422616606438505,1,False,False,False
2017-W42,home_confort,9,1264.42,1790.85,619.54,1630.83,3029.94,551.76,-0.85,False,0.0,0,140.49,0.0,0.7060446156852892,1.44,-0.44210653005425143,1,False,False,False
2017-W44,home_confort,7,1639.34,1802.85,606.56,1630.83,3015.97,589.73,-0.27,False,0.0,0,204.92,0.0,0.9093047119838035,1.018181818181818,-0.4064635857362764,1,False,False,False
2017-W45,home_confort,3,585.23,1799.27,607.55,1616.5,3014.38,584.16,-2.0,False,0.0,0,195.08,0.0,0.32525968865150867,0.4528301886792453,-0.4460242631430316,1,False,False,False
2017-W46,home_confort,5,668.18,1526.25,600.03,1456.55,2726.31,326.18,-1.43,False,0.0,0,111.36,0.0,0.43779197379197377,0.7272727272727273,-0.4086169142711075,1,False,False,False
2017-W47,home_confort,16,3924.0,1332.78,595.4,1291.93,2523.59,141.98,4.35,True,0.0,0,218.0,0.0,2.9442218520686083,2.327272727272727,-0.6418444890442184,-1,True,False,False
2017-W48,home_confort,15,3399.77,1515.64,1045.75,1291.93,3607.13,0.0,1.8,False,0.0,0,212.49,0.0,2.243125016494682,2.0338983050847457,-0.5937187676939137,1,False,False,False
2017-W49,home_confort,3,870.28,1799.26,1219.69,1456.55,4238.63,0.0,-0.76,False,0.0,0,290.09,0.0,0.4836877382924091,0.34782608695652173,-0.4116374170723287,1,False,False,False
2017-W50,home_confort,5,941.25,1743.11,1254.76,1429.04,4252.64,0.0,-0.64,False,0.0,0,188.25,0.0,0.5399831335945523,0.6060606060606061,-0.3710419573524537,1,False,False,False
2017-W51,home_confort,1,104.76,1661.56,1286.66,1102.84,4234.88,0.0,-1.21,False,0.0,0,104.76,0.0,0.06304918269577987,0.12698412698412698,-0.44070857026941923,1,False,False,False
2017-W52,home_confort,1,100.53,1516.6,1398.28,905.76,4313.16,0.0,-1.01,False,0.0,0,100.53,0.0,0.06628643017275485,0.14545454545454545,-0.44245460661745895,1,False,False,False
2018-W01,home_confort,5,1697.5,1324.25,1482.3,769.23,4288.85,0.0,0.25,False,0.0,0,339.5,0.0,1.2818576552765717,0.8163265306122449,-0.4472087817460234,1,False,False,False
2018-W02,home_confort,4,710.7,1463.28,1454.99,905.76,4373.27,0.0,-0.52,False,0.0,0,118.45,0.0,0.48568968345087754,0.6274509803921569,-0.37286718456736534,1,False,False,False
2018-W03,home_confort,4,666.32,1468.6,1451.75,905.76,4372.09,0.0,-0.55,False,0.0,0,166.58,0.0,0.45371101729538343,0.64,-0.3642205864923038,1,False,False,False
2018-W04,home_confort,4,591.77,1061.39,1071.79,790.49,3204.96,0.0,-0.44,False,0.0,0,147.94,0.0,0.5575424678958724,0.8421052631578947,-0.360464390998934,1,False,False,False
2018-W05,home_confort,2,282.13,710.39,508.21,688.51,1726.82,0.0,-0.84,False,0.0,0,141.06,0.0,0.39714804543982885,0.5925925925925926,-0.381433587153299,1,False,False,False
2018-W06,home_confort,7,1264.23,636.87,524.07,629.05,1685.02,0.0,1.2,False,0.0,0,180.6,0.0,1.985067596212728,2.1538461538461537,-0.3936545578993371,1,False,False,False
2018-W07,home_confort,5,810.2,677.24,561.94,629.05,1801.13,0.0,0.24,False,0.0,0,162.04,0.0,1.196326265430276,1.4285714285714286,-0.3684152877662833,1,False,False,False
2018-W08,home_confort,5,1456.73,765.42,512.45,688.51,1790.31,0.0,1.35,False,0.0,0,242.79,0.0,1.9031773405450603,1.25,-0.42041492719930734,1,False,False,False
2018-W09,home_confort,4,421.73,934.95,484.64,760.45,1904.22,0.0,-1.06,False,0.0,0,105.43,0.0,0.4510722498529333,0.8888888888888888,-0.3941066364777331,1,False,False,False
2018-W10,home_confort,4,561.76,775.48,400.46,688.51,1576.4,0.0,-0.53,False,0.0,0,140.44,0.0,0.7244029504307009,0.9142857142857143,-0.360711442413987,1,False,False,False
2018-W11,home_confort,7,1091.69,756.86,407.31,629.05,1571.47,0.0,0.82,False,0.0,0,155.96,0.0,1.4423935734481939,1.6,-0.3894966516837175,1,False,False,False
2018-W12,home_confort,4,638.0,810.03,421.32,700.98,1652.67,0.0,-0.41,False,0.0,0,159.5,0.0,0.7876251496858141,0.8421052631578947,-0.36033360660110003,1,False,False,False
2018-W13,home_confort,4,750.32,815.81,418.21,724.1,1652.22,0.0,-0.16,False,0.0,0,187.58,0.0,0.9197239553327369,0.8421052631578947,-0.3649557572134965,1,False,False,False
2018-W14,home_confort,5,602.84,874.33,361.81,780.26,1597.95,150.71,-0.75,False,0.0,0,33.49,0.0,0.6894879507737354,1.0,-0.4267320805344224,1,False,False,False
2018-W15,home_confort,5,972.2,791.66,334.53,694.16,1460.71,122.61,0.54,False,0.0,0,194.44,0.0,1.2280524467574465,1.0526315789473684,-0.37023963496977297,1,False,False,False
2018-W16,home_confort,2,1126.45,811.91,340.66,694.16,1493.22,130.6,0.92,False,0.0,0,281.61,0.0,1.3874074712714464,0.42105263157894735,-0.43607486194259903,1,False,False,False
2018-W17,home_confort,3,507.64,770.62,262.36,694.16,1295.35,245.9,-1.0,False,0.0,0,101.53,0.0,0.6587423113856375,0.6857142857142857,-0.38040612654786476,1,False,False,False
2018-W18,home_confort,1,372.06,781.36,247.37,694.16,1276.1,286.62,-1.65,False,0.0,0,372.06,0.0,0.47616975529845396,0.23529411764705882,-0.5149230128124616,1,False,False,False
2018-W19,home_confort,7,1830.05,757.65,278.55,694.16,1314.76,200.54,3.85,True,0.0,0,203.34,0.0,2.4154292879297827,1.8064516129032258,-0.5153446663557637,1,False,False,False
2018-W20,home_confort,5,1157.39,849.94,464.98,694.16,1779.91,0.0,0.66,False,0.0,0,192.9,0.0,1.3617314163352707,1.2903225806451613,-0.36834107306875846,1,False,False,False
2018-W21,home_confort,6,764.07,914.87,467.42,861.26,1849.7,0.0,-0.32,False,0.0,0,127.34,0.0,0.835167838053494,1.5,-0.38309291090447284,1,False,False,False
2018-W23,home_confort,8,1590.77,916.59,466.75,868.14,1850.09,0.0,1.44,False,0.0,0,159.08,0.0,1.7355306080144883,1.8823529411764706,-0.41530064116467796,1,False,False,False
2018-W24,home_confort,2,416.28,1040.08,501.29,1049.32,2042.67,37.49,-1.24,False,0.0,0,208.14,0.0,0.4002384431966772,0.43243243243243246,-0.39725601673937905,1,False,False,False
2018-W25,home_confort,3,471.37,970.59,548.37,945.26,2067.32,0.0,-0.91,False,0.0,0,157.12,0.0,0.4856530563883823,0.7058823529411765,-0.36733716879487893,1,False,False,False
2018-W26,home_confort,3,452.42,888.7,570.24,635.86,2029.19,0.0,-0.77,False,0.0,0,150.81,0.0,0.5090806796444244,0.6857142857142857,-0.3670017200035525,1,False,False,False
2018-W27,home_confort,1,103.26,881.8,575.82,617.72,2033.44,0.0,-1.35,False,0.0,0,103.26,0.0,0.11710138353368112,0.22857142857142856,-0.44852484231844,1,False,False,False
2018-W28,home_confort,3,610.96,848.2,616.24,617.72,2080.68,0.0,-0.38,False,0.0,0,203.65,0.0,0.7203018156095261,0.6857142857142857,-0.3661167079636588,1,False,False,False
2018-W29,home_confort,9,1368.98,695.82,472.79,541.16,1641.4,0.0,1.42,False,0.0,0,152.11,0.0,1.9674341065218015,2.3225806451612905,-0.42919943317918563,1,False,False,False
2018-W30,home_confort,8,1326.97,722.26,506.98,541.16,1736.23,0.0,1.19,False,0.0,0,165.87,0.0,1.8372469747736273,1.8285714285714285,-0.3921242188209756,1,False,False,False
2018-W31,home_confort,8,1080.27,792.63,550.79,541.16,1894.2,0.0,0.52,False,0.0,0,98.21,0.0,1.362893153173612,1.7297297297297298,-0.42671873592467247,1,False,False,False
2018-W32,home_confort,4,865.61,728.81,468.54,541.16,1665.89,0.0,0.29,False,0.0,0,173.12,0.0,1.1877032422716485,0.8648648648648649,-0.37252388011826104,1,False,False,False
2018-W33,home_confort,5,822.99,784.98,452.37,738.29,1689.72,0.0,0.08,False,0.0,0,164.6,0.0,1.048421615837346,1.0256410256410255,-0.36420680301403463,1,False,False,False
2018-W34,home_confort,1,286.18,828.93,434.27,844.3,1697.47,0.0,-1.25,False,0.0,0,286.18,0.0,0.34524024947824306,0.1951219512195122,-0.44508947021164835,1,False,False,False
2017-W06,home_construction,1,203.42,,,,,,0.0,False,,0,203.42,0.0,1.0,0.20512820512820512,-0.4107220644313057,1,False,False,False
2017-W07,home_construction,1,820.2,,,,,,0.0,False,,0,410.1,0.0,1.0,0.20512820512820512,-0.4322022405901691,1,False,False,False
2017-W08,home_construction,1,151.05,,,,,,0.0,False,,0,151.05,0.0,1.0,0.21621621621621623,-0.4094602219735805,1,False,False,False
2017-W10,home_construction,1,925.56,,,,,,0.0,False,,0,154.26,0.0,1.0,0.27586206896551724,-0.40463740942581405,1,False,False,False
2017-W11,home_construction,2,257.07,525.06,404.49,511.81,1334.04,0.0,-0.66,False,0.0,0,85.69,0.0,0.4896011884356074,0.7272727272727273,-0.4061051234387588,1,False,False,False
2017-W12,home_construction,2,307.36,471.46,370.24,257.07,1211.93,0.0,-0.44,False,0.0,0,153.68,0.0,0.6519322954227295,1.0,-0.4002984971147544,1,False,False,False
2017-W14,home_construction,1,141.08,444.11,337.86,282.22,1119.82,0.0,-0.9,False,0.0,0,141.08,0.0,0.31766904595708273,0.5714285714285714,-0.39073814666928336,1,False,False,False
2017-W15,home_construction,1,641.18,400.82,329.0,257.07,1058.82,0.0,0.73,False,0.0,0,641.18,0.0,1.5996706751160121,0.8,-0.5048348876692947,1,False,False,False
2017-W16,home_construction,2,800.8,430.86,316.23,282.22,1063.32,0.0,1.17,False,0.0,0,400.4,0.0,1.8586083646660165,1.6,-0.4653237186166233,1,False,False,False
2017-W17,home_construction,1,113.88,505.54,325.25,474.27,1156.04,0.0,-1.2,False,0.0,0,113.88,0.0,0.2252640740594216,0.7272727272727273,-0.43691005365727936,1,False,False,False
2017-W18,home_construction,1,637.02,417.25,323.49,282.22,1064.23,0.0,0.68,False,0.0,0,637.02,0.0,1.5267106051527861,0.7272727272727273,-0.49779997486778416,1,False,False,False
2017-W19,home_construction,1,141.63,477.99,311.78,472.19,1101.56,0.0,-1.08,False,0.0,0,141.63,0.0,0.2963032699428858,0.7272727272727273,-0.40544447258088967,1,False,False,False
2017-W20,home_construction,2,2526.25,380.0,271.62,282.22,923.25,0.0,7.9,True,0.0,0,631.56,0.0,6.6480263157894735,1.4545454545454546,-0.6852572149227476,-1,True,False,False
2017-W21,home_construction,1,53.53,663.65,798.58,472.19,2260.8,0.0,-0.76,False,0.0,0,53.53,0.0,0.08065998643863483,0.7272727272727273,-0.4293926684176092,1,False,False,False
2017-W22,home_construction,1,6579.5,631.92,819.52,389.32,2270.97,0.0,7.26,True,0.0,0,1315.9,0.0,10.411919230282315,0.8,-0.787284399831707,-1,True,False,False
2017-W24,home_construction,1,74.97,1436.72,2224.94,639.1,5886.6,0.0,-0.61,False,0.0,0,74.97,0.0,0.05218135753661117,0.8,-0.4073506198036389,1,False,False,False
2017-W26,home_construction,2,750.31,1365.95,2262.55,389.32,5891.04,0.0,-0.27,False,0.0,0,375.15,0.0,0.5492953622021304,1.6,-0.41264698143072504,1,False,False,False
2017-W30,home_construction,1,247.6,1359.64,2264.42,389.32,5888.47,0.0,-0.49,False,0.0,0,123.8,0.0,0.1821070283310288,0.8,-0.3967171632567359,1,False,False,False
2017-W33,home_construction,1,141.43,1376.35,2254.38,442.31,5885.11,0.0,-0.55,False,0.0,0,141.43,0.0,0.10275729283975735,0.8,-0.3863468056828945,1,False,False,False
2017-W36,home_construction,1,129.86,1314.4,2284.21,194.62,5882.82,0.0,-0.52,False,0.0,0,129.86,0.0,0.09879793061472916,0.8,-0.3941624526414021,1,False,False,False
2017-W37,home_construction,5,2581.37,1312.93,2285.08,194.52,5883.09,0.0,0.56,False,0.0,0,368.77,0.0,1.9661139588553844,4.0,-0.4362230700053136,1,False,False,False
2017-W38,home_construction,1,47.02,1319.82,2289.34,194.52,5898.5,0.0,-0.56,False,0.0,0,47.02,0.0,0.0356260702216969,0.6153846153846154,-0.4404344605241218,1,False,False,False
2017-W39,home_construction,2,369.47,1319.01,2289.85,194.52,5898.72,0.0,-0.41,False,0.0,0,184.74,0.0,0.2801115988506532,1.2307692307692308,-0.40448920441926833,1,False,False,False
2017-W40,home_construction,3,1283.29,542.75,854.59,194.52,2251.94,0.0,0.87,False,0.0,0,256.66,0.0,2.364421925380009,1.7142857142857142,-0.43868152630708823,1,False,False,False
2017-W41,home_construction,6,2591.27,693.79,866.8,308.54,2427.39,0.0,2.19,True,0.0,0,370.18,0.0,3.7349486155753184,3.0,-0.5341811791880317,1,False,False,False
2017-W42,home_construction,2,674.89,923.91,1097.59,308.54,3119.1,0.0,-0.23,False,0.0,0,337.44,0.0,0.7304715827299196,0.8,-0.4016282300354677,1,False,False,False
2017-W43,home_construction,4,1148.41,977.32,1070.03,522.18,3117.38,0.0,0.16,False,0.0,0,287.1,0.0,1.17506036917284,1.5238095238095237,-0.4142632625240174,1,False,False,False
2017-W44,home_construction,1,77.86,1103.2,1015.49,911.65,3134.18,0.0,-1.01,False,0.0,0,77.86,0.0,0.07057650471356054,0.3333333333333333,-0.4294474854027882,1,False,False,False
2017-W45,home_construction,3,281.95,1096.7,1022.75,911.65,3142.2,0.0,-0.8,False,0.0,0,93.98,0.0,0.25708945016868784,1.0,-0.40885395567363436,1,False,False,False
2017-W46,home_construction,8,1727.85,809.27,855.3,522.18,2519.87,0.0,1.07,False,0.0,0,215.98,0.0,2.135072349154176,2.909090909090909,-0.43042024232876375,1,False,False,False
2017-W47,home_construction,15,2911.58,1019.37,847.72,911.65,2714.81,0.0,2.23,True,0.0,0,145.58,0.0,2.856254353178924,4.137931034482759,-0.5151305042403151,1,False,False,False
2017-W48,home_construction,11,3647.89,1337.14,1026.83,1215.85,3390.8,0.0,2.25,True,0.0,0,280.61,0.0,2.728128692582676,2.0952380952380953,-0.4856811914301135,1,False,False,False
2017-W49,home_construction,8,2755.22,1632.71,1310.31,1438.13,4253.34,0.0,0.86,False,0.0,0,229.6,0.0,1.6875133979702457,1.28,-0.41995522344315894,1,False,False,False
2017-W50,home_construction,11,3307.89,1653.21,1328.6,1438.13,4310.41,0.0,1.25,False,0.0,0,254.45,0.0,2.0008891792331283,1.6923076923076923,-0.4269066490035444,1,False,False,False
2017-W51,home_construction,3,966.18,1982.33,1376.88,2241.54,4736.09,0.0,-0.74,False,0.0,0,241.55,0.0,0.4873961449405497,0.39344262295081966,-0.39140702818791545,1,False,False,False
2017-W52,home_construction,3,1990.08,1959.55,1394.05,2241.54,4747.64,0.0,0.02,False,0.0,0,398.02,0.0,1.015580107677783,0.4,-0.42717666841258906,1,False,False,False
2018-W01,home_construction,3,1183.89,2198.58,1171.48,2372.65,4541.55,0.0,-0.87,False,0.0,0,295.97,0.0,0.5384793821466584,0.3870967741935484,-0.4069374347568231,1,False,False,False
2018-W02,home_construction,10,6306.11,2311.32,990.03,2372.65,4291.37,331.27,4.04,True,0.0,0,485.09,0.0,2.7283586868109992,1.2903225806451613,-0.6364021607053238,-1,True,False,False
2018-W03,home_construction,5,1812.35,2883.6,1684.34,2833.4,6252.28,0.0,-0.64,False,0.0,0,181.24,0.0,0.6285025662366486,0.625,-0.39073952926418964,1,False,False,False
2018-W04,home_construction,8,1381.3,2746.2,1726.05,2372.65,6198.29,0.0,-0.79,False,0.0,0,106.25,0.0,0.5029859442138227,1.1851851851851851,-0.41227991797909186,1,False,False,False
2018-W05,home_construction,6,2314.19,2462.88,1742.84,1901.22,5948.55,0.0,-0.09,False,0.0,1,330.6,0.16666666666666666,0.9396275904631975,0.9411764705882353,-0.614357712770407,1,False,False,False
2018-W06,home_construction,7,864.42,2407.75,1739.24,1901.22,5886.23,0.0,-0.89,False,0.0,0,123.49,0.0,0.35901567853805416,1.1428571428571428,-0.4093859760708007,1,False,False,False
2018-W07,home_construction,6,1084.67,2102.32,1772.81,1596.82,5647.94,0.0,-0.57,False,0.0,0,180.78,0.0,0.515939533467788,1.0666666666666667,-0.38816849193022296,1,False,False,False
2018-W08,home_construction,8,1759.91,2117.13,1762.43,1596.82,5641.98,0.0,-0.2,False,0.0,0,195.55,0.0,0.8312715799218754,1.3333333333333333,-0.39346568362860057,1,False,False,False
2018-W09,home_construction,11,4353.2,2088.36,1766.67,1570.6,5621.7,0.0,1.28,False,0.0,0,229.12,0.0,2.0845065027102603,1.6603773584905661,-0.442465723415999,1,False,False,False
2018-W10,home_construction,5,1097.12,2484.52,1886.18,1786.13,6256.88,0.0,-0.74,False,0.0,0,219.42,0.0,0.4415822774620449,0.6557377049180327,-0.3914829768911455,1,False,False,False
2018-W11,home_construction,4,513.86,1833.4,1123.29,1570.6,4079.97,0.0,-1.17,False,0.0,0,102.77,0.0,0.28027708083342423,0.5714285714285714,-0.4317951142027827,1,False,False,False
2018-W12,home_construction,10,3215.77,1671.08,1216.69,1239.21,4104.47,0.0,1.27,False,0.0,0,178.65,0.0,1.924366278095603,1.4545454545454546,-0.4248576821197459,1,False,False,False
2018-W13,home_construction,11,2475.73,1900.39,1322.54,1428.52,4545.48,0.0,0.44,False,0.0,0,137.54,0.0,1.3027483832266007,1.543859649122807,-0.4106026150701346,1,False,False,False
2018-W14,home_construction,14,2778.51,1920.58,1330.97,1428.52,4582.52,0.0,0.64,False,0.0,0,163.44,0.0,1.4467035999541806,1.8064516129032258,-0.4190603608534051,1,False,False,False
2018-W15,home_construction,11,2984.57,2159.85,1285.24,2117.82,4730.33,0.0,0.64,False,0.0,0,186.54,0.0,1.381841331573952,1.2753623188405796,-0.40255981417187287,1,False,False,False
2018-W16,home_construction,14,4420.03,2397.33,1232.64,2627.12,4862.62,0.0,1.64,False,0.0,0,200.91,0.0,1.843730316643933,1.5135135135135136,-0.4493467474058587,1,False,False,False
2018-W17,home_construction,19,3852.53,2729.85,1385.45,2881.54,5500.75,0.0,0.81,False,0.0,0,183.45,0.0,1.4112606919794128,1.9,-0.5040264401979041,1,False,False,False
2018-W18,home_construction,13,2088.41,2667.27,1310.95,2881.54,5289.17,45.36,-0.44,False,0.0,0,74.59,0.0,0.7829766015439007,1.1818181818181819,-0.4595072163217151,1,False,False,False
2018-W19,home_construction,10,5138.8,2791.18,1181.83,2881.54,5154.83,427.52,1.99,False,0.0,0,302.28,0.0,1.8410851324529411,0.8333333333333334,-0.4914073134710883,1,False,False,False
2018-W20,home_construction,13,3130.13,3369.29,1030.15,3100.17,5429.59,1309.0,-0.23,False,0.0,0,195.63,0.0,0.9290176862187582,1.0196078431372548,-0.4171015144765545,1,False,False,False
2018-W21,home_construction,15,4742.65,3358.59,1032.41,3057.35,5423.42,1293.76,1.34,False,0.0,0,263.48,0.0,1.4120955520024772,1.1428571428571428,-0.4698954285154614,1,False,False,False
2018-W22,home_construction,18,5511.99,3641.95,1066.03,3491.33,5774.02,1509.89,1.75,False,0.0,0,239.65,0.0,1.5134721783659852,1.3211009174311927,-0.5399433536468876,1,False,False,False
2018-W23,home_construction,14,3614.22,3983.64,1181.55,4136.28,6346.75,1620.53,-0.31,False,0.0,0,200.79,0.0,0.9072657167816369,0.9911504424778761,-0.4447236914391374,1,False,False,False
2018-W24,home_construction,16,2687.94,4062.34,1125.12,4136.28,6312.58,1812.11,-1.22,False,0.0,0,168.0,0.0,0.6616728289606483,1.103448275862069,-0.47748111125032777,1,False,False,False
2018-W25,home_construction,13,2120.64,3845.83,1209.92,3733.38,6265.67,1426.0,-1.43,False,0.0,0,132.54,0.0,0.5514128289601984,0.8813559322033898,-0.44249247848225975,1,False,False,False
2018-W26,home_construction,11,2222.66,3629.35,1354.81,3372.18,6338.97,919.72,-1.04,False,0.0,0,170.97,0.0,0.6124126909777232,0.7857142857142857,-0.42059907695610466,1,False,False,False
2018-W27,home_construction,13,1873.66,3646.13,1333.67,3372.18,6313.46,978.8,-1.33,False,0.0,0,144.13,0.0,0.5138763565753278,0.9454545454545454,-0.4381971213567652,1,False,False,False
2018-W28,home_construction,11,1286.12,3237.99,1311.03,2909.04,5860.04,615.93,-1.49,False,0.0,0,107.18,0.0,0.3971970265504217,0.7787610619469026,-0.47664188579377437,1,False,False,False
2018-W29,home_construction,14,2564.11,3007.48,1483.47,2455.3,5974.42,40.55,-0.3,False,0.0,0,170.94,0.0,0.8525775732506949,1.009009009009009,-0.41190910364896033,1,False,False,False
2018-W30,home_construction,15,2691.62,2735.17,1309.16,2393.39,5353.48,116.86,-0.03,False,0.0,0,158.33,0.0,0.9840777721311654,1.0909090909090908,-0.41669444800701977,1,False,False,False
2018-W31,home_construction,12,3039.97,2382.62,685.99,2393.39,3754.6,1010.65,0.96,False,0.0,0,217.14,0.0,1.275893764007689,0.897196261682243,-0.41973048001012625,1,False,False,False
2018-W32,home_construction,21,4641.27,2310.84,556.53,2393.39,3423.91,1197.77,4.19,True,0.0,0,201.79,0.0,2.0084774367762375,1.6,-0.6219714666781824,-1,True,False,False
2018-W33,home_construction,10,1285.42,2555.01,998.56,2393.39,4552.13,557.88,-1.27,False,0.0,0,128.54,0.0,0.5030978352335216,0.7272727272727273,-0.4187355894751111,1,False,False,False
2018-W34,home_construction,4,1548.68,2450.6,1089.94,2393.39,4630.49,270.72,-0.83,False,0.0,0,387.17,0.0,0.6319595201175223,0.29906542056074764,-0.43390827148608924,1,False,False,False
2016-W40,housewares,8,2687.97,,,,,,0.0,False,,0,244.36,0.0,1.0,0.64,-0.46399537728687285,1,False,False,False
2016-W41,housewares,1,48.55,,,,,,0.0,False,,0,48.55,0.0,1.0,0.08421052631578947,-0.5039222070048545,1,False,False,False
2017-W02,housewares,2,548.45,,,,,,0.0,False,,0,274.23,0.0,1.0,0.18823529411764706,-0.508519520299651,1,False,False,False
2017-W03,housewares,4,764.09,,,,,,0.0,False,,0,191.02,0.0,1.0,0.4383561643835616,-0.44672415367903445,1,False,False,False
2017-W04,housewares,13,2716.82,1012.26,1156.64,656.27,3325.55,0.0,1.47,False,0.0,0,135.84,0.0,2.6839151996522634,1.6774193548387097,-0.5010258663426914,1,False,False,False
2017-W05,housewares,4,608.28,1353.18,1258.75,764.09,3870.69,0.0,-0.59,False,0.0,0,121.66,0.0,0.4495189110096217,0.5079365079365079,-0.447330564591104,1,False,False,False
2017-W06,housewares,24,10325.51,1229.03,1166.21,686.18,3561.45,0.0,7.8,True,0.0,1,356.05,0.041666666666666664,8.401349031349927,4.173913043478261,-0.7418371987423821,-1,True,False,False
2017-W07,housewares,18,2672.51,2528.52,3599.2,764.09,9726.92,0.0,0.04,False,0.0,0,140.66,0.0,1.0569463559710819,2.4,-0.3838852566117928,1,False,False,False
2017-W08,housewares,19,3710.22,2546.52,3332.6,1718.3,9211.72,0.0,0.35,False,0.0,1,132.51,0.05263157894736842,1.4569765798030252,2.054054054054054,-0.4769126779404065,1,False,False,False
2017-W09,housewares,29,2922.12,2674.3,3358.3,1718.3,9390.9,0.0,0.07,False,0.0,0,94.26,0.0,1.0926672400254271,2.7294117647058824,-0.39943470843404605,1,False,False,False
2017-W10,housewares,35,6101.72,3033.5,3186.62,2694.66,9406.74,0.0,0.96,False,0.0,0,135.59,0.0,2.0114455249711556,2.47787610619469,-0.42484885784957543,1,False,False,False
2017-W11,housewares,42,9122.62,3727.66,3172.77,2819.47,10073.2,0.0,1.7,False,0.0,1,144.8,0.023809523809523808,2.447277916977407,2.3013698630136985,-0.446941613341722,1,False,False,False
2017-W12,housewares,51,5525.23,4772.48,3423.76,3316.17,11620.0,0.0,0.22,False,0.0,1,92.09,0.0196078431372549,1.157727219391176,2.217391304347826,-0.41454915089443567,1,False,False,False
2017-W13,housewares,30,2065.51,5123.53,3325.45,4617.72,11774.42,0.0,-0.92,False,0.0,0,62.59,0.0,0.40314197438094446,1.0810810810810811,-0.4572463597863831,1,False,False,False
2017-W14,housewares,35,4237.42,5305.68,3073.13,4617.72,11451.93,0.0,-0.35,False,0.0,0,90.16,0.0,0.7986572880384795,1.1290322580645162,-0.3857954191961023,1,False,False,False
2017-W15,housewares,24,2872.56,4544.67,2312.02,3973.82,9168.71,0.0,-0.72,False,0.0,0,114.9,0.0,0.6320722956782341,0.7413127413127413,-0.39970352957856053,1,False,False,False
2017-W16,housewares,26,5511.75,4569.67,2289.86,3973.82,9149.39,0.0,0.41,False,0.0,1,172.24,0.038461538461538464,1.2061593069083762,0.7849056603773585,-0.448551208767649,1,False,False,False
2017-W17,housewares,55,13322.22,4794.87,2281.83,4874.58,9358.53,231.21,3.74,True,0.0,5,160.51,0.09090909090909091,2.7784319491456495,1.6176470588235294,-0.55104601155517,1,False,False,False
2017-W18,housewares,52,7457.82,6094.88,3627.98,5518.49,13350.83,0.0,0.38,False,0.0,0,114.74,0.0,1.2236204814532854,1.395973154362416,-0.35981861537845555,1,False,False,False
2017-W19,housewares,42,3982.23,6264.39,3659.88,5518.49,13584.16,0.0,-0.62,False,0.0,0,86.57,0.0,0.6356931800223166,1.0666666666666667,-0.3907737212059768,1,False,False,False
2017-W20,housewares,82,16355.04,5621.84,3535.52,4874.58,12692.87,0.0,3.04,True,0.0,2,168.61,0.024390243902439025,2.909196988886201,2.0825396825396827,-0.5058604595260338,1,False,False,False
2017-W21,housewares,51,7223.06,6975.57,5182.81,4874.58,17341.19,0.0,0.05,False,0.0,1,104.68,0.0196078431372549,1.0354795378728907,1.1791907514450868,-0.3816440832565343,1,False,False,False
2017-W22,housewares,72,8241.76,7620.26,4790.74,6367.41,17201.74,0.0,0.13,False,0.0,1,99.3,0.013888888888888888,1.0815588969405243,1.569482288828338,-0.3908830308740627,1,False,False,False
2017-W23,housewares,64,7053.27,8120.8,4591.86,7340.44,17304.53,0.0,-0.23,False,0.0,0,96.62,0.0,0.868543739533051,1.2673267326732673,-0.3668967664248319,1,False,False,False
2017-W24,housewares,55,9141.8,8643.39,4123.23,7340.44,16889.86,396.93,0.12,False,0.0,1,123.54,0.01818181818181818,1.0576637175922872,0.990990990990991,-0.36973742262233117,1,False,False,False
2017-W25,housewares,71,10566.87,9097.15,3924.31,7849.79,16945.77,1248.53,0.37,False,0.0,1,118.73,0.014084507042253521,1.1615582902337547,1.200845665961945,-0.37183651023789765,1,False,False,False
2017-W26,housewares,74,11465.84,8752.73,3608.74,7849.79,15970.22,1535.24,0.75,False,0.0,0,120.69,0.0,1.3099730027088692,1.2106339468302658,-0.36748655489568616,1,False,False,False
2017-W27,housewares,47,7558.97,9253.73,3680.79,8691.78,16615.31,1892.16,-0.46,False,0.0,0,130.33,0.0,0.8168565540598224,0.735812133072407,-0.3529144445909789,1,False,False,False
2017-W28,housewares,44,7316.01,9700.83,3124.14,8691.78,15949.1,3452.55,-0.76,False,0.0,0,130.64,0.0,0.7541633035523765,0.6821705426356589,-0.3611830321702522,1,False,False,False
2017-W29,housewares,46,7266.07,8570.95,1669.79,7900.36,11910.53,5231.36,-0.78,False,0.0,0,121.1,0.0,0.8477554996820654,0.7698744769874477,-0.3621256243015322,1,False,False,False
2017-W30,housewares,65,9412.76,8576.32,1664.9,7900.36,11906.11,5246.53,0.5,False,0.0,9,103.44,0.13846153846153847,1.0975290101115631,1.0993657505285412,-0.5201239397291001,1,False,False,False
2017-W31,housewares,65,9416.24,8722.7,1682.66,8350.38,12088.02,5357.38,0.41,False,0.0,0,114.83,0.0,1.079509784814335,1.1158798283261802,-0.3587111125567403,1,False,False,False
2017-W32,housewares,56,8138.09,9018.07,1549.91,9277.28,12117.88,5918.26,-0.57,False,0.0,0,99.25,0.0,0.9024203626718356,0.9593147751605996,-0.37320535025316715,1,False,False,False
2017-W33,housewares,53,8300.46,8892.61,1578.82,8775.42,12050.24,5734.98,-0.38,False,0.0,5,122.07,0.09433962264150944,0.9334110008197817,0.905982905982906,-0.45372972494964675,1,False,False,False
2017-W34,housewares,47,4634.3,8609.3,1431.98,8219.28,11473.27,5745.34,-2.78,True,1111.04,0,89.12,0.0,0.5382899887331143,0.8355555555555556,-0.46349755550316735,1,False,True,False
2017-W35,housewares,65,13084.59,7755.36,1519.45,7848.53,10794.27,4716.46,3.51,True,0.0,0,157.65,0.0,1.6871673268552332,1.2293144208037825,-0.46057071141572004,1,False,False,False
2017-W36,housewares,42,6740.97,8446.06,2411.48,8219.28,13269.03,3623.1,-0.71,False,0.0,0,120.37,0.0,0.7981200701865723,0.7619047619047619,-0.3583055842926758,1,False,False,False
2017-W37,housewares,69,8154.99,8374.18,2458.1,8219.28,13290.38,3457.99,-0.09,False,0.0,0,98.25,0.0,0.9738254969441783,1.2574031890660593,-0.3665134341527826,1,False,False,False
2017-W38,housewares,48,4981.11,8485.3,2420.66,8227.72,13326.61,3643.99,-1.45,False,0.0,0,97.67,0.0,0.5870281545732031,0.8311688311688312,-0.4001615368087138,1,False,False,False
2017-W39,housewares,43,7372.24,7931.34,2672.11,8146.54,13275.57,2587.12,-0.21,False,0.0,0,136.52,0.0,0.9295074981024644,0.7730337078651686,-0.3518098861578101,1,False,False,False
2017-W40,housewares,41,5480.49,7675.84,2606.77,7755.16,12889.38,2462.31,-0.84,False,0.0,0,109.61,0.0,0.713992214532872,0.7754137115839244,-0.3694557961602794,1,False,False,False
2017-W41,housewares,46,9746.03,7343.64,2706.86,7056.6,12757.37,1929.92,0.89,False,0.0,0,145.46,0.0,1.3271388575692709,0.9019607843137255,-0.369512231385417,1,False,False,False
2017-W42,housewares,49,8815.25,7524.34,2825.51,7056.6,13175.36,1873.32,0.46,False,0.0,0,129.64,0.0,1.1715645491830513,0.9775561097256857,-0.35274963661827624,1,False,False,False
2017-W43,housewares,40,5688.78,8046.96,2591.57,7763.62,13230.09,2863.82,-0.91,False,0.0,0,111.54,0.0,0.7069477169017865,0.794044665012407,-0.36857700042392916,1,False,False,False
2017-W44,housewares,42,8023.63,7122.48,1705.44,7056.6,10533.35,3711.61,0.53,False,0.0,0,154.3,0.0,1.1265219417955545,0.8888888888888888,-0.35832279471180073,1,False,False,False
2017-W45,housewares,57,7239.19,7282.82,1724.63,7697.94,10732.08,3833.55,-0.03,False,0.0,0,109.68,0.0,0.9940091887483146,1.2063492063492063,-0.3583316560189873,1,False,False,False
2017-W46,housewares,62,9952.67,7168.34,1688.48,7305.72,10545.31,3791.37,1.65,False,0.0,1,132.7,0.016129032258064516,1.3884204711272066,1.355191256830601,-0.40411205537680417,1,False,False,False
2017-W47,housewares,140,30051.97,7789.78,1683.36,7697.94,11156.5,4423.07,13.22,True,0.0,1,164.22,0.007142857142857143,3.857871467486887,2.9473684210526314,-0.6940616163045974,-1,True,False,False
2017-W48,housewares,96,14695.73,10624.75,8026.47,8419.44,26677.7,0.0,0.51,False,0.0,0,119.48,0.0,1.3831600743546906,1.610062893081761,-0.38954557432736775,1,False,False,False
2017-W49,housewares,75,11120.46,11776.66,7841.87,9280.64,27460.4,0.0,-0.08,False,0.0,0,122.2,0.0,0.9442796174806778,1.1278195488721805,-0.35726952842339676,1,False,False,False
2017-W50,housewares,59,9041.47,11948.46,7806.0,9383.96,27560.46,0.0,-0.37,False,0.0,0,117.42,0.0,0.7567058851098802,0.8413547237076648,-0.3528586329198987,1,False,False,False
2017-W51,housewares,52,9433.55,11976.74,7793.43,9497.07,27563.59,0.0,-0.33,False,0.0,0,147.4,0.0,0.7876559063651711,0.7285464098073555,-0.35971277643623184,1,False,False,False
2017-W52,housewares,31,5627.08,12444.83,7467.44,9693.11,27379.72,0.0,-0.91,False,0.0,0,156.31,0.0,0.4521620624789571,0.42538593481989706,-0.40733038683558637,1,False,False,False
2018-W01,housewares,51,9378.13,12145.26,7714.14,9693.11,27573.55,0.0,-0.36,False,0.0,0,144.28,0.0,0.7721637906475447,0.7132867132867133,-0.35953495948157793,1,False,False,False
2018-W02,housewares,79,13995.95,12412.63,7555.24,9693.11,27523.11,0.0,0.21,False,0.0,0,157.26,0.0,1.1275571736207397,1.11660777385159,-0.36276467971474785,1,False,False,False
2018-W03,housewares,73,19804.88,12918.04,7502.22,10277.0,27922.49,0.0,0.92,False,0.0,1,220.05,0.0136986301369863,1.5331180271929796,1.0017152658662092,-0.4550253009575854,1,False,False,False
2018-W04,housewares,81,11572.46,11637.16,4386.91,10277.0,20410.99,2863.33,-0.01,False,0.0,0,120.55,0.0,0.9944402242471531,1.255813953488372,-0.36163378037497945,1,False,False,False
2018-W05,housewares,75,13647.62,11246.75,4211.3,10277.0,19669.34,2824.16,0.57,False,0.0,4,156.87,0.05333333333333334,1.213472336452753,1.1976047904191616,-0.415468839185711,1,False,False,False
2018-W06,housewares,63,13844.07,11562.64,4294.43,10503.0,20151.51,2973.78,0.53,False,0.0,2,160.98,0.031746031746031744,1.1973104758082929,1.0059880239520957,-0.39325078951956766,1,False,False,False
2018-W07,housewares,86,14591.36,12162.97,4226.79,12610.04,20616.56,3709.38,0.57,False,0.0,2,127.99,0.023255813953488372,1.1996543607359058,1.3623762376237625,-0.38051891763226764,1,False,False,False
2018-W08,housewares,104,15809.72,12807.69,4143.54,13745.84,21094.78,4520.61,0.72,False,0.0,0,125.47,0.0,1.2343927749656651,1.5435992578849722,-0.3939250862339801,1,False,False,False
2018-W09,housewares,87,15157.35,14080.52,3039.56,13920.01,20159.65,8001.39,0.35,False,0.0,0,144.36,0.0,1.0764765789899804,1.1372549019607843,-0.36834922457436386,1,False,False,False
2018-W10,housewares,86,20204.9,14802.93,2376.82,14293.66,19556.56,10049.29,2.27,True,0.0,1,177.24,0.011627906976744186,1.3649257275417772,1.0617283950617284,-0.4467746136062731,1,False,False,False
2018-W11,housewares,73,10688.89,15579.04,3006.09,14874.36,21591.22,9566.87,-1.63,False,0.0,0,121.46,0.0,0.6861071028766855,0.8916030534351145,-0.4107180591668467,1,False,False,False
2018-W12,housewares,88,28754.31,14439.55,2901.34,14217.72,20242.22,8636.87,4.93,True,0.0,0,241.63,0.0,1.991357763919236,1.0748091603053436,-0.5747782652276244,-1,True,False,False
2018-W13,housewares,72,10137.02,16587.28,5589.72,14874.36,27766.71,5407.84,-1.15,False,0.0,1,123.62,0.013888888888888888,0.6111321446313079,0.8700906344410876,-0.40042122588233997,1,False,False,False
2018-W14,housewares,75,10422.28,16148.45,5977.8,14874.36,28104.04,4192.86,-0.96,False,0.0,0,125.57,0.0,0.6454043576937725,0.9104704097116844,-0.3800475741812213,1,False,False,False
2018-W15,housewares,100,15206.79,15720.73,6280.96,14874.36,28282.66,3158.8,-0.08,False,0.0,0,128.87,0.0,0.9673081339098122,1.1922503725782414,-0.3915475768539913,1,False,False,False
2018-W16,housewares,109,15672.69,15797.66,6268.91,15182.07,28335.48,3259.83,-0.02,False,0.0,0,124.39,0.0,0.9920893347495768,1.272992700729927,-0.4010663268318864,1,False,False,False
2018-W17,housewares,105,23462.0,15780.53,6269.06,15182.07,28318.65,3242.4,1.23,False,0.0,0,177.74,0.0,1.4867688220864572,1.2173913043478262,-0.4458183313590611,1,False,False,False
2018-W18,housewares,109,27430.43,16818.61,6814.94,15439.74,30448.49,3188.73,1.56,False,0.0,0,200.22,0.0,1.6309570172564796,1.231638418079096,-0.4758251071484012,1,False,False,False
2018-W19,housewares,129,28057.52,17721.8,7743.4,15439.74,33208.6,2235.01,1.33,False,0.0,0,159.42,0.0,1.5832206660722952,1.411764705882353,-0.4776693005872014,1,False,False,False
2018-W20,housewares,136,41250.58,19892.88,7922.64,19567.34,35738.17,4047.59,2.7,True,0.0,0,225.41,0.0,2.0736353911550265,1.3824650571791615,-0.5940240669117293,-1,True,False,False
2018-W21,housewares,75,11791.66,21454.91,10673.63,19567.34,42802.18,107.65,-0.91,False,0.0,0,140.38,0.0,0.5496019326112298,0.718562874251497,-0.3933394379258379,1,False,False,False
2018-W22,housewares,93,27241.44,21661.74,10436.38,19567.34,42534.51,788.98,0.53,False,0.0,0,206.37,0.0,1.2575831858382567,0.8878281622911695,-0.45738862582814055,1,False,False,False
2018-W23,housewares,113,29102.3,23764.14,9500.93,25351.72,42765.99,4762.28,0.56,False,0.0,0,174.27,0.0,1.2246308934386012,1.0560747663551402,-0.4504106759794563,1,False,False,False
2018-W24,housewares,116,20096.07,25501.08,8968.24,27335.94,43437.56,7564.59,-0.6,False,0.0,1,151.1,0.008620689655172414,0.7880478003284566,1.0678941311852703,-0.46148239046467576,1,False,False,False
2018-W25,housewares,96,15577.0,26054.0,8393.68,27335.94,42841.35,9266.65,-1.25,False,0.0,2,132.01,0.020833333333333332,0.5978736470407615,0.8767123287671232,-0.45239115446096,1,False,False,False
2018-W26,housewares,111,25817.6,25068.38,9168.69,27335.94,43405.75,6731.0,0.08,False,0.0,2,166.57,0.018018018018018018,1.0298870529328181,1.0242214532871972,-0.4643016726615432,1,False,False,False
2018-W27,housewares,85,30496.88,24866.77,9126.97,26529.52,43120.71,6612.83,0.62,False,0.0,0,269.88,0.0,1.22641098944495,0.7825086306098964,-0.5192261805049337,1,False,False,False
2018-W28,housewares,59,12692.23,25171.69,9288.12,26529.52,43747.93,6595.45,-1.34,False,0.0,3,169.23,0.05084745762711865,0.5042263749474112,0.5721212121212121,-0.4895247962731671,1,False,False,False
2018-W29,housewares,114,16536.15,21601.9,7551.19,22956.84,36704.28,6499.52,-0.67,False,0.0,0,129.19,0.0,0.7654951647771724,1.2192513368983957,-0.4359101648892993,1,False,False,False
2018-W30,housewares,134,38829.25,22194.96,6821.71,22956.84,35838.39,8551.53,2.44,True,0.0,2,224.45,0.014925373134328358,1.749462490583448,1.3621346886912324,-0.5714757525047262,-1,True,False,False
2018-W31,housewares,176,29322.78,23643.44,8945.86,22956.84,41535.15,5751.72,0.63,False,0.0,3,136.39,0.017045454545454544,1.2402078546945792,1.7004830917874396,-0.5121207533505515,1,False,False,False
2018-W32,housewares,156,22085.93,23671.0,8965.39,22956.84,41601.78,5740.21,-0.18,False,0.0,1,124.08,0.00641025641025641,0.9330374720121668,1.4006734006734007,-0.5098149356034404,1,False,False,False
2018-W33,housewares,180,29864.77,23919.73,8879.23,23951.76,41678.19,6161.26,0.67,False,0.0,2,152.37,0.011111111111111112,1.2485412669791842,1.5467239527389904,-0.5072061969699668,1,False,False,False
2018-W34,housewares,86,15244.75,25705.7,8384.6,27570.19,42474.9,8936.5,-1.25,False,0.0,2,139.86,0.023255813953488372,0.5930494014946102,0.677832512315271,-0.43526841200462285,1,False,False,False
2018-W35,housewares,17,2249.65,24384.09,9161.69,25704.36,42707.48,6060.71,-2.42,True,3811.06,0,97.81,0.0,0.09225892785008585,0.13737373737373737,-0.5074288916747354,1,False,True,False
2016-W40,industry_commerce_and_business,3,640.78,,,,,,0.0,False,,0,160.19,0.0,1.0,0.026030368763557483,-0.3742370313634203,1,False,False,False
2017-W08,industry_commerce_and_business,1,134.94,,,,,,0.0,False,,0,134.94,0.0,1.0,0.009237875288683603,-0.3961993936027949,1,False,False,False
2017-W09,industry_commerce_and_business,2,282.03,,,,,,0.0,False,,0,141.01,0.0,1.0,0.021248339973439574,-0.38014839508897696,1,False,False,False
2017-W18,industry_commerce_and_business,1,156.64,,,,,,0.0,False,,0,156.64,0.0,1.0,0.01288244766505636,-0.3904909031797105,1,False,False,False
2017-W21,industry_commerce_and_business,1,395.58,303.6,233.95,219.33,771.5,0.0,0.39,False,0.0,0,395.58,0.0,1.3029644268774703,0.017937219730941704,-0.4399348068181899,1,False,False,False
2017-W22,industry_commerce_and_business,1,154.79,321.99,206.74,282.03,735.48,0.0,-0.81,False,0.0,0,154.79,0.0,0.48072921519301837,0.027491408934707903,-0.3808414828063085,1,False,False,False
2017-W25,industry_commerce_and_business,1,187.38,294.13,197.11,219.33,688.35,0.0,-0.54,False,0.0,0,187.38,0.0,0.6370652432597831,0.07142857142857142,-0.38372904120692203,1,False,False,False
2017-W27,industry_commerce_and_business,1,236.12,278.88,184.41,187.38,647.69,0.0,-0.23,False,0.0,0,236.12,0.0,0.8466724039013196,0.2962962962962963,-0.40725085215391604,1,False,False,False
2017-W28,industry_commerce_and_business,1,116.13,273.53,171.39,211.75,616.32,0.0,-0.92,False,0.0,0,116.13,0.0,0.42456037728951124,0.7272727272727273,-0.3993607311557513,1,False,False,False
2017-W33,industry_commerce_and_business,2,891.67,207.95,93.45,172.01,394.85,21.05,7.32,True,0.0,0,445.83,0.0,4.287905746573696,1.7777777777777777,-0.6439656543756038,1,False,False,False
2017-W34,industry_commerce_and_business,1,152.28,302.54,254.02,211.75,810.59,0.0,-0.59,False,0.0,0,152.28,0.0,0.5033384015336815,0.8,-0.37608311558761437,1,False,False,False
2017-W37,industry_commerce_and_business,1,126.2,286.32,259.6,172.01,805.52,0.0,-0.62,False,0.0,0,126.2,0.0,0.4407655769768092,0.8888888888888888,-0.38039706216371827,1,False,False,False
2017-W39,industry_commerce_and_business,1,125.51,282.52,261.98,171.08,806.49,0.0,-0.6,False,0.0,0,125.51,0.0,0.44425173439048565,0.8888888888888888,-0.3789141371199195,1,False,False,False
2017-W40,industry_commerce_and_business,1,1787.72,248.76,262.73,153.54,774.23,0.0,5.86,True,0.0,0,1787.72,0.0,7.186525164817495,0.8888888888888888,-0.7467712179086962,-1,True,False,False
2017-W41,industry_commerce_and_business,2,531.15,452.88,598.74,169.83,1650.36,0.0,0.13,False,0.0,0,265.57,0.0,1.1728272390037096,1.7777777777777777,-0.3991352537637952,1,False,False,False
2017-W42,industry_commerce_and_business,1,44.01,495.85,589.23,194.2,1674.3,0.0,-0.77,False,0.0,0,44.01,0.0,0.08875668044771604,0.8,-0.47276281862197983,1,False,False,False
2017-W44,industry_commerce_and_business,1,105.3,471.83,605.03,139.24,1681.89,0.0,-0.61,False,0.0,0,105.3,0.0,0.2231736006612551,0.8,-0.41065614238516496,1,False,False,False
2017-W45,industry_commerce_and_business,4,1338.77,470.48,605.95,139.24,1682.38,0.0,1.43,False,0.0,0,334.69,0.0,2.845540724366604,3.2,-0.47073325850776543,1,False,False,False
2017-W46,industry_commerce_and_business,1,842.96,526.37,667.81,139.24,1861.98,0.0,0.47,False,0.0,0,842.96,0.0,1.6014590497178791,0.6666666666666666,-0.5101143082609989,1,False,False,False
2017-W48,industry_commerce_and_business,2,168.85,612.7,657.1,328.68,1926.89,0.0,-0.68,False,0.0,0,84.42,0.0,0.27558348294434465,1.3333333333333333,-0.408463270372558,1,False,False,False
2017-W49,industry_commerce_and_business,1,780.05,618.03,652.74,350.0,1923.52,0.0,0.25,False,0.0,0,780.05,0.0,1.2621555587916444,0.6153846153846154,-0.4884197167611286,1,False,False,False
2017-W50,industry_commerce_and_business,3,484.48,699.85,622.51,655.6,1944.87,0.0,-0.35,False,0.0,0,161.49,0.0,0.6922626277059369,1.8461538461538463,-0.37539795304774204,1,False,False,False
2017-W51,industry_commerce_and_business,2,291.56,536.95,441.31,507.82,1419.56,0.0,-0.56,False,0.0,0,145.78,0.0,0.5429928298724276,1.0666666666666667,-0.37478553343872034,1,False,False,False
2017-W52,industry_commerce_and_business,3,453.77,507.0,449.8,388.02,1406.6,0.0,-0.12,False,0.0,0,151.26,0.0,0.8950098619329389,1.6,-0.376506268478332,1,False,False,False
2018-W01,industry_commerce_and_business,6,683.38,558.22,411.23,469.12,1380.67,0.0,0.3,False,0.0,0,113.9,0.0,1.2242126760058758,2.823529411764706,-0.41063312526421836,1,False,False,False
2018-W02,industry_commerce_and_business,3,1452.25,630.48,368.88,583.93,1368.24,0.0,2.23,True,0.0,0,242.04,0.0,2.3034037558685445,1.0909090909090908,-0.4602075857785483,1,False,False,False
2018-W03,industry_commerce_and_business,3,1380.44,644.66,400.81,583.93,1446.28,0.0,1.84,False,0.0,0,460.15,0.0,2.141345825706574,1.1428571428571428,-0.4711879264557517,1,False,False,False
2018-W04,industry_commerce_and_business,4,1671.5,711.85,476.66,583.93,1665.18,0.0,2.01,True,0.0,0,417.88,0.0,2.34810704502353,1.391304347826087,-0.4671494991876677,1,False,False,False
2018-W05,industry_commerce_and_business,5,1955.18,899.68,525.67,731.71,1951.02,0.0,2.01,True,0.0,0,325.86,0.0,2.1731949137471105,1.6,-0.47325279941974485,1,False,False,False
2018-W06,industry_commerce_and_business,5,710.62,1046.57,639.36,1031.91,2325.29,0.0,-0.53,False,0.0,0,118.44,0.0,0.6789990158326725,1.3793103448275863,-0.3971123196187595,1,False,False,False
2018-W07,industry_commerce_and_business,9,1582.77,1074.84,615.51,1045.53,2305.86,0.0,0.83,False,0.0,0,143.89,0.0,1.472563358267277,2.3225806451612905,-0.4627158548766232,1,False,False,False
2018-W08,industry_commerce_and_business,8,2165.7,1236.24,546.16,1416.34,2328.56,143.91,1.7,False,0.0,0,166.59,0.0,1.7518443020772665,1.6842105263157894,-0.4895406270871704,1,False,False,False
2018-W09,industry_commerce_and_business,3,1068.21,1450.23,530.95,1517.51,2512.13,388.33,-0.72,False,0.0,0,267.05,0.0,0.7365797149417679,0.5581395348837209,-0.4234932340040212,1,False,False,False
2018-W10,industry_commerce_and_business,5,1056.45,1498.33,464.87,1517.51,2428.07,568.6,-0.95,False,0.0,0,176.08,0.0,0.7050849946273519,1.0,-0.4193157556280074,1,False,False,False
2018-W11,industry_commerce_and_business,3,366.94,1448.86,490.81,1481.6,2430.48,467.23,-2.2,True,100.29,0,122.31,0.0,0.2532611846555223,0.5714285714285714,-0.46082952341183225,1,False,True,False
2018-W12,industry_commerce_and_business,7,1313.48,1322.17,623.78,1325.49,2569.74,74.6,-0.01,False,0.0,0,145.94,0.0,0.9934274715051771,1.3333333333333333,-0.40804986367973833,1,False,False,False
2018-W13,industry_commerce_and_business,10,1416.38,1277.42,607.78,1190.84,2492.98,61.86,0.23,False,0.0,0,141.64,0.0,1.1087817632415338,1.7777777777777777,-0.47077721735702216,1,False,False,False
2018-W14,industry_commerce_and_business,15,3216.11,1210.07,548.95,1190.84,2307.97,112.17,3.65,True,0.0,0,178.67,0.0,2.657788392407051,2.4,-0.6465432243018228,-1,True,False,False
2018-W15,industry_commerce_and_business,9,1017.63,1523.26,853.52,1364.93,3230.3,0.0,-0.59,False,0.0,0,113.07,0.0,0.6680606068563476,1.2,-0.47055712498009555,1,False,False,False
2018-W16,industry_commerce_and_business,7,1001.99,1452.61,871.1,1190.84,3194.81,0.0,-0.52,False,0.0,0,143.14,0.0,0.6897859714582717,0.9333333333333333,-0.40985045223137145,1,False,False,False
2018-W17,industry_commerce_and_business,13,2913.53,1307.15,831.26,1062.33,2969.67,0.0,1.93,False,0.0,0,182.1,0.0,2.2289178747657115,1.7627118644067796,-0.5413733103748828,1,False,False,False
2018-W18,industry_commerce_and_business,6,744.67,1537.81,995.32,1184.97,3528.46,0.0,-0.8,False,0.0,0,124.11,0.0,0.4842405758838868,0.6956521739130435,-0.4071905990217477,1,False,False,False
2018-W19,industry_commerce_and_business,14,3412.14,1498.84,1022.6,1165.56,3544.03,0.0,1.87,False,0.0,0,200.71,0.0,2.2765205091937766,1.6,-0.5807417869864403,1,False,False,False
2018-W20,industry_commerce_and_business,12,2160.02,1879.49,1104.55,1364.93,4088.6,0.0,0.25,False,0.0,0,144.0,0.0,1.1492585754646207,1.1851851851851851,-0.5255151682826616,1,False,False,False
2018-W21,industry_commerce_and_business,3,369.28,1985.31,1082.92,1788.2,4151.15,0.0,-1.49,False,0.0,0,123.09,0.0,0.18600621565397846,0.27906976744186046,-0.44482994072916354,1,False,False,False
2018-W22,industry_commerce_and_business,7,921.47,1854.42,1216.54,1588.82,4287.51,0.0,-0.77,False,0.0,0,131.64,0.0,0.49690469257234066,0.7088607594936709,-0.42132511535999156,1,False,False,False
2018-W23,industry_commerce_and_business,4,1746.06,1567.59,1115.98,1009.81,3799.55,0.0,0.16,False,0.0,0,249.44,0.0,1.1138499224924885,0.4507042253521127,-0.4188537155982556,1,False,False,False
2018-W24,industry_commerce_and_business,4,458.04,1658.64,1094.2,1374.02,3847.05,0.0,-1.1,False,0.0,0,114.51,0.0,0.27615395745912313,0.48484848484848486,-0.4270249694159591,1,False,False,False
2018-W25,industry_commerce_and_business,4,797.88,1590.65,1155.99,1333.76,3902.63,0.0,-0.69,False,0.0,0,199.47,0.0,0.5016062615911734,0.5079365079365079,-0.3970268407307585,1,False,False,False
2018-W26,industry_commerce_and_business,6,1937.22,1326.2,1046.98,859.68,3420.16,0.0,0.58,False,0.0,0,242.15,0.0,1.4607299049917055,0.8888888888888888,-0.4358878431548867,1,False,False,False
2018-W27,industry_commerce_and_business,3,3752.53,1475.26,1037.21,1333.76,3549.68,0.0,2.2,True,0.0,0,1250.84,0.0,2.543639765193932,0.4444444444444444,-0.6520225989303177,-1,True,False,False
2018-W28,industry_commerce_and_business,2,251.28,1517.81,1130.77,1333.76,3779.36,0.0,-1.12,False,0.0,0,125.64,0.0,0.16555431839294774,0.37209302325581395,-0.42728507637720076,1,False,False,False
2018-W29,industry_commerce_and_business,7,1408.12,1279.22,1176.36,859.68,3631.95,0.0,0.11,False,0.0,0,176.01,0.0,1.1007645283844842,1.696969696969697,-0.41822760047605817,1,False,False,False
2018-W31,industry_commerce_and_business,1,420.53,1409.08,1117.43,1164.8,3643.94,0.0,-0.88,False,0.0,0,420.53,0.0,0.29844295568739887,0.21621621621621623,-0.4530088912747629,1,False,False,False
2018-W32,industry_commerce_and_business,3,870.61,1346.46,1161.81,1103.0,3670.08,0.0,-0.41,False,0.0,0,217.65,0.0,0.6465918036926459,0.7741935483870968,-0.39377170787677246,1,False,False,False
2018-W33,industry_commerce_and_business,2,319.86,1237.03,1160.02,834.24,3557.07,0.0,-0.79,False,0.0,0,159.93,0.0,0.2585709319903317,0.5333333333333333,-0.38830022626365407,1,False,False,False
2018-W34,industry_commerce_and_business,4,1774.82,1219.75,1174.22,834.24,3568.2,0.0,0.47,False,0.0,0,443.71,0.0,1.4550686616109858,1.1428571428571428,-0.4532520016190536,1,False,False,False
2017-W04,kitchen_dining_laundry_garden_furniture,1,128.2,,,,,,0.0,False,,0,128.2,0.0,1.0,0.2857142857142857,-0.393121053835521,1,False,False,False
2017-W07,kitchen_dining_laundry_garden_furniture,1,131.34,,,,,,0.0,False,,0,65.67,0.0,1.0,0.34782608695652173,-0.3914161864130189,1,False,False,False
2017-W09,kitchen_dining_laundry_garden_furniture,1,46.99,,,,,,0.0,False,,0,23.5,0.0,1.0,0.38095238095238093,-0.4333922862259836,1,False,False,False
2017-W10,kitchen_dining_laundry_garden_furniture,1,66.94,,,,,,0.0,False,,0,66.94,0.0,1.0,0.4,-0.3923265619621906,1,False,False,False
2017-W12,kitchen_dining_laundry_garden_furniture,2,102.11,93.37,42.83,97.57,179.04,7.7,0.2,False,0.0,0,51.05,0.0,1.0936060833244081,1.1428571428571428,-0.39867774614691326,1,False,False,False
2017-W14,kitchen_dining_laundry_garden_furniture,3,570.01,95.12,37.3,102.11,169.72,20.51,12.73,True,0.0,0,142.5,0.0,5.99253574432296,1.6,-0.6440041051383779,-1,True,False,False
2017-W15,kitchen_dining_laundry_garden_furniture,2,162.54,174.26,196.72,115.16,567.71,0.0,-0.06,False,0.0,0,81.27,0.0,0.9327441753701365,1.0666666666666667,-0.37583842222428754,1,False,False,False
2017-W16,kitchen_dining_laundry_garden_furniture,1,619.07,172.59,179.64,128.2,531.87,0.0,2.49,True,0.0,0,619.07,0.0,3.5869401471695928,0.5333333333333333,-0.5665336028732921,1,False,False,False
2017-W17,kitchen_dining_laundry_garden_furniture,2,127.36,228.4,229.3,129.77,687.0,0.0,-0.44,False,0.0,0,63.68,0.0,0.5576182136602452,1.3333333333333333,-0.3689412317796408,1,False,False,False
2017-W18,kitchen_dining_laundry_garden_furniture,2,128.98,228.3,229.35,129.35,687.0,0.0,-0.43,False,0.0,0,64.49,0.0,0.5649583880858519,1.2307692307692308,-0.36927317250419084,1,False,False,False
2017-W20,kitchen_dining_laundry_garden_furniture,4,417.8,228.0,229.5,128.17,686.99,0.0,0.83,False,0.0,0,104.45,0.0,1.8324561403508772,2.2857142857142856,-0.41964500807635047,1,False,False,False
2017-W21,kitchen_dining_laundry_garden_furniture,3,1090.43,274.35,225.12,145.76,724.59,0.0,3.63,True,0.0,0,363.48,0.0,3.9745944960816475,1.411764705882353,-0.5094869884576553,1,False,False,False
2017-W22,kitchen_dining_laundry_garden_furniture,1,95.78,402.29,347.8,290.17,1097.9,0.0,-0.88,False,0.0,0,47.89,0.0,0.23808695219866266,0.42105263157894735,-0.4024251984969206,1,False,False,False
2017-W23,kitchen_dining_laundry_garden_furniture,1,86.8,401.5,348.59,290.17,1098.68,0.0,-0.9,False,0.0,0,86.8,0.0,0.2161892901618929,0.4444444444444444,-0.3853935315079356,1,False,False,False
2017-W25,kitchen_dining_laundry_garden_furniture,1,292.42,341.1,356.98,145.76,1055.06,0.0,-0.14,False,0.0,0,292.42,0.0,0.8572852535913221,0.5,-0.39138737034869886,1,False,False,False
2017-W26,kitchen_dining_laundry_garden_furniture,1,67.59,357.33,350.6,210.7,1058.53,0.0,-0.83,False,0.0,0,67.59,0.0,0.18915288388884227,0.5333333333333333,-0.39138568839404486,1,False,False,False
2017-W28,kitchen_dining_laundry_garden_furniture,2,197.58,288.4,345.97,128.17,980.33,0.0,-0.26,False,0.0,0,98.79,0.0,0.6850901525658808,1.0666666666666667,-0.37266154379040933,1,False,False,False
2017-W29,kitchen_dining_laundry_garden_furniture,4,1240.88,297.17,342.17,163.28,981.51,0.0,2.76,True,0.0,0,206.81,0.0,4.1756570313288695,2.1333333333333333,-0.493595663287212,1,False,False,False
2017-W30,kitchen_dining_laundry_garden_furniture,2,698.88,436.16,467.11,245.0,1370.37,0.0,0.56,False,0.0,0,349.44,0.0,1.602347762289068,0.9411764705882353,-0.3935357975541275,1,False,False,False
2017-W31,kitchen_dining_laundry_garden_furniture,2,114.19,471.3,476.01,245.0,1423.32,0.0,-0.75,False,0.0,0,38.06,0.0,0.24228729047315933,1.0666666666666667,-0.39412985638206527,1,False,False,False
2017-W32,kitchen_dining_laundry_garden_furniture,3,511.31,349.26,415.97,155.88,1181.2,0.0,0.39,False,0.0,0,170.44,0.0,1.4639809883754225,1.7142857142857142,-0.379016021943398,1,False,False,False
2017-W33,kitchen_dining_laundry_garden_furniture,2,645.11,401.21,405.61,245.0,1212.42,0.0,0.6,False,0.0,0,322.56,0.0,1.607911069016226,1.0,-0.39550153883036737,1,False,False,False
2017-W35,kitchen_dining_laundry_garden_furniture,2,165.9,471.0,391.57,401.86,1254.13,0.0,-0.78,False,0.0,0,82.95,0.0,0.35222929936305736,0.9411764705882353,-0.3711164835533284,1,False,False,False
2017-W37,kitchen_dining_laundry_garden_furniture,2,332.51,455.18,402.22,354.44,1259.62,0.0,-0.3,False,0.0,0,166.25,0.0,0.7305022189024122,0.8888888888888888,-0.3620959513019999,1,False,False,False
2017-W38,kitchen_dining_laundry_garden_furniture,2,130.53,488.29,375.79,421.91,1239.88,0.0,-0.95,False,0.0,0,65.27,0.0,0.2673206496139589,0.8421052631578947,-0.3795868264530118,1,False,False,False
2017-W40,kitchen_dining_laundry_garden_furniture,4,566.84,479.91,383.86,421.91,1247.64,0.0,0.23,False,0.0,0,113.37,0.0,1.181138130066054,1.6842105263157894,-0.37727875774349523,1,False,False,False
2017-W42,kitchen_dining_laundry_garden_furniture,4,982.67,395.66,239.98,421.91,875.62,0.0,2.45,True,0.0,0,245.67,0.0,2.4836223019764443,1.6842105263157894,-0.434782185051499,1,False,False,False
2017-W43,kitchen_dining_laundry_garden_furniture,5,4094.92,431.13,303.72,421.91,1038.57,0.0,12.06,True,0.0,0,682.49,0.0,9.49810961890845,1.9047619047619047,-0.7352365122540772,-1,True,False,False
2017-W44,kitchen_dining_laundry_garden_furniture,2,425.51,928.72,1308.64,539.08,3546.01,0.0,-0.38,False,0.0,0,212.75,0.0,0.4581682315444913,0.6666666666666666,-0.369815466236543,1,False,False,False
2017-W45,kitchen_dining_laundry_garden_furniture,7,1665.61,918.0,1312.9,496.18,3543.79,0.0,0.57,False,0.0,0,166.56,0.0,1.8143899782135076,2.4347826086956523,-0.43976384939820545,1,False,False,False
2017-W46,kitchen_dining_laundry_garden_furniture,4,301.62,1045.56,1332.03,496.18,3709.63,0.0,-0.56,False,0.0,0,75.41,0.0,0.2884769884081258,1.1428571428571428,-0.394585047217646,1,False,False,False
2017-W47,kitchen_dining_laundry_garden_furniture,12,4616.89,1062.53,1320.04,496.18,3702.6,0.0,2.69,True,0.0,0,288.56,0.0,4.345185547702183,3.2,-0.658714527887381,-1,True,False,False
2017-W48,kitchen_dining_laundry_garden_furniture,6,1900.27,1598.07,1772.96,774.76,5143.98,0.0,0.17,False,0.0,0,316.71,0.0,1.1891031056211556,1.2,-0.4204711199053661,1,False,False,False
2017-W49,kitchen_dining_laundry_garden_furniture,4,1258.15,1819.29,1671.17,1324.14,5161.64,0.0,-0.34,False,0.0,0,314.54,0.0,0.6915609935744165,0.7272727272727273,-0.354152362748491,1,False,False,False
2017-W50,kitchen_dining_laundry_garden_furniture,3,904.67,1905.71,1614.06,1461.88,5133.82,0.0,-0.62,False,0.0,0,301.56,0.0,0.474715460379596,0.5454545454545454,-0.3696368588658855,1,False,False,False
2017-W51,kitchen_dining_laundry_garden_furniture,4,3342.78,1895.96,1620.65,1461.88,5137.26,0.0,0.89,False,0.0,0,477.54,0.0,1.7631068165995063,0.7441860465116279,-0.5257962936979321,1,False,False,False
2017-W52,kitchen_dining_laundry_garden_furniture,3,1274.17,1801.94,1491.53,1461.88,4785.0,0.0,-0.35,False,0.0,0,318.54,0.0,0.707110114654206,0.5714285714285714,-0.3584979472512681,1,False,False,False
2018-W01,kitchen_dining_laundry_garden_furniture,4,1511.6,1908.02,1407.46,1469.89,4722.95,0.0,-0.28,False,0.0,0,377.9,0.0,0.7922348822339388,0.7441860465116279,-0.388061537335593,1,False,False,False
2018-W02,kitchen_dining_laundry_garden_furniture,3,618.66,1888.77,1412.3,1392.88,4713.36,0.0,-0.9,False,0.0,0,206.22,0.0,0.3275464985149065,0.6,-0.38237964953756415,1,False,False,False
2018-W03,kitchen_dining_laundry_garden_furniture,2,1186.8,1928.4,1365.06,1392.88,4658.51,0.0,-0.54,False,0.0,0,395.6,0.0,0.6154324828873677,0.41025641025641024,-0.4051018408305987,1,False,False,False
2018-W04,kitchen_dining_laundry_garden_furniture,6,1213.85,1499.64,836.23,1266.16,3172.1,0.0,-0.34,False,0.0,0,202.31,0.0,0.8094275959563627,1.6551724137931034,-0.3863647178911721,1,False,False,False
2018-W05,kitchen_dining_laundry_garden_furniture,10,4208.25,1413.84,824.38,1236.0,3062.6,0.0,3.39,True,0.0,0,350.69,0.0,2.9764683415379394,2.7586206896551726,-0.6217293078227117,1,False,False,False
2018-W06,kitchen_dining_laundry_garden_furniture,4,2237.8,1782.6,1279.17,1244.01,4340.93,0.0,0.36,False,0.0,1,447.56,0.25,1.2553573432065523,0.9142857142857143,-0.6325266273664474,1,False,False,False
2018-W08,kitchen_dining_laundry_garden_furniture,5,1856.96,1949.24,1234.51,1392.88,4418.26,0.0,-0.07,False,0.0,0,309.49,0.0,0.9526584720198642,1.1111111111111112,-0.40705976474635996,1,False,False,False
2018-W09,kitchen_dining_laundry_garden_furniture,4,1245.02,1763.51,1099.27,1392.88,3962.05,0.0,-0.47,False,0.0,0,311.25,0.0,0.7059897590600563,0.8648648648648649,-0.3557209050009826,1,False,False,False
2018-W10,kitchen_dining_laundry_garden_furniture,1,85.99,1759.87,1101.17,1378.31,3962.21,0.0,-1.52,False,0.0,0,85.99,0.0,0.048861563638223277,0.21052631578947367,-0.41775278846062885,1,False,False,False
2018-W11,kitchen_dining_laundry_garden_furniture,3,1396.24,1581.67,1252.1,1229.44,4085.86,0.0,-0.15,False,0.0,0,465.41,0.0,0.8827631553990403,0.6857142857142857,-0.4172506878480447,1,False,False,False
2018-W12,kitchen_dining_laundry_garden_furniture,3,391.42,1678.86,1195.57,1320.63,4069.99,0.0,-1.08,False,0.0,0,130.47,0.0,0.23314630165707684,0.6857142857142857,-0.3813603540755974,1,False,False,False
2018-W13,kitchen_dining_laundry_garden_furniture,4,1156.89,1579.44,1272.9,1320.63,4125.24,0.0,-0.33,False,0.0,0,289.22,0.0,0.7324684698374108,0.8888888888888888,-0.35277425410248237,1,False,False,False
2018-W14,kitchen_dining_laundry_garden_furniture,1,364.1,1572.32,1275.39,1320.63,4123.11,0.0,-0.95,False,0.0,0,364.1,0.0,0.2315686374274957,0.23529411764705882,-0.42213311176138946,1,False,False,False
2018-W15,kitchen_dining_laundry_garden_furniture,5,1476.16,1091.8,760.72,1200.96,2613.25,0.0,0.51,False,0.0,0,295.23,0.0,1.3520424986261221,1.6,-0.3883028070820845,1,False,False,False
2018-W16,kitchen_dining_laundry_garden_furniture,6,1167.74,996.6,633.9,1200.96,2264.4,0.0,0.27,False,0.0,0,166.82,0.0,1.1717238611278347,1.8461538461538463,-0.397164359142625,1,False,False,False
2018-W17,kitchen_dining_laundry_garden_furniture,7,1774.7,910.44,540.17,1162.32,1990.79,0.0,1.6,False,0.0,0,253.53,0.0,1.949277272527569,2.074074074074074,-0.47386097097018504,1,False,False,False
2018-W18,kitchen_dining_laundry_garden_furniture,3,1286.62,976.66,614.4,1162.32,2205.46,0.0,0.5,False,0.0,0,321.66,0.0,1.3173673540433724,0.8,-0.3715394315081628,1,False,False,False
2018-W19,kitchen_dining_laundry_garden_furniture,1,166.06,1126.73,502.14,1227.18,2131.02,122.44,-1.91,False,0.0,0,166.06,0.0,0.14738224774347003,0.25,-0.44305453131971034,1,False,False,False
2018-W20,kitchen_dining_laundry_garden_furniture,3,2416.73,972.96,588.72,1162.32,2150.4,0.0,2.45,True,0.0,0,604.18,0.0,2.4838945074823218,0.8,-0.5362699089188913,1,False,False,False
2018-W21,kitchen_dining_laundry_garden_furniture,3,534.81,1226.12,723.06,1227.18,2672.24,0.0,-0.96,False,0.0,0,133.7,0.0,0.4361807979643102,0.8,-0.3750374561334367,1,False,False,False
2018-W22,kitchen_dining_laundry_garden_furniture,3,1245.0,1148.36,763.87,1227.18,2676.1,0.0,0.13,False,0.0,0,311.25,0.0,1.0841547946636945,0.8275862068965517,-0.367125777929916,1,False,False,False
2018-W23,kitchen_dining_laundry_garden_furniture,4,5581.88,1258.48,695.05,1265.81,2648.58,0.0,6.22,True,0.0,0,697.74,0.0,4.435414150403662,1.032258064516129,-0.6747961222220059,-1,True,False,False
2018-W24,kitchen_dining_laundry_garden_furniture,3,1052.29,1771.69,1686.88,1265.81,5145.46,0.0,-0.43,False,0.0,0,75.16,0.0,0.593947022334607,0.8,-0.38793704315516797,1,False,False,False
2018-W25,kitchen_dining_laundry_garden_furniture,8,1139.97,1757.26,1693.27,1265.81,5143.8,0.0,-0.36,False,0.0,1,126.66,0.125,0.6487201666230381,2.3703703703703702,-0.5999151009491253,1,False,False,False
2018-W26,kitchen_dining_laundry_garden_furniture,4,950.92,1677.92,1707.15,1192.49,5092.22,0.0,-0.43,False,0.0,0,190.18,0.0,0.5667254696290646,1.1428571428571428,-0.3646386782726281,1,False,False,False
2018-W27,kitchen_dining_laundry_garden_furniture,7,1633.92,1635.96,1722.2,1096.13,5080.36,0.0,-0.0,False,0.0,0,204.24,0.0,0.9987530257463508,1.9310344827586208,-0.42215830820627565,1,False,False,False
2018-W28,kitchen_dining_laundry_garden_furniture,2,136.74,1819.44,1618.28,1192.49,5056.01,0.0,-1.04,False,0.0,0,68.37,0.0,0.07515499274502045,0.45714285714285713,-0.3862237526892396,1,False,False,False
2018-W29,kitchen_dining_laundry_garden_furniture,4,1382.88,1534.44,1696.92,1096.13,4928.29,0.0,-0.09,False,0.0,0,345.72,0.0,0.9012278094940174,0.9411764705882353,-0.36853689855826594,1,False,False,False
2018-W30,kitchen_dining_laundry_garden_furniture,6,1452.63,1640.45,1651.43,1192.49,4943.32,0.0,-0.11,False,0.0,0,207.52,0.0,0.8855070255112927,1.3714285714285714,-0.38566158753865093,1,False,False,False
2018-W31,kitchen_dining_laundry_garden_furniture,9,1446.26,1666.4,1645.95,1261.43,4958.31,0.0,-0.13,False,0.0,0,160.7,0.0,0.8678948631781085,1.894736842105263,-0.4619139459154999,1,False,False,False
2018-W32,kitchen_dining_laundry_garden_furniture,1,75.1,1149.45,469.61,1261.43,2088.67,210.23,-2.29,True,135.13,0,75.1,0.0,0.06533559528470137,0.18604651162790697,-0.4737925184199813,1,False,True,False
2018-W33,kitchen_dining_laundry_garden_furniture,7,1006.58,1027.3,605.83,1261.43,2238.95,0.0,-0.03,False,0.0,0,143.8,0.0,0.9798306239657355,1.3658536585365855,-0.4239222725292504,1,False,False,False
2018-W34,kitchen_dining_laundry_garden_furniture,4,468.72,1010.63,604.11,1194.73,2218.86,0.0,-0.9,False,0.0,0,117.18,0.0,0.46378991322244545,0.8,-0.3829921427446306,1,False,False,False
2018-W35,kitchen_dining_laundry_garden_furniture,1,1021.92,950.35,634.23,1194.73,2218.81,0.0,0.11,False,0.0,0,510.96,0.0,1.075309096648603,0.2,-0.4758490778936365,1,False,False,False
2018-W36,kitchen_dining_laundry_garden_furniture,1,166.46,873.85,574.05,1014.25,2021.96,0.0,-1.23,False,0.0,0,166.46,0.0,0.19049035875722378,0.23529411764705882,-0.40185599428348373,1,False,False,False
2017-W14,la_cuisine,1,63.25,,,,,,0.0,False,,0,63.25,0.0,1.0,0.24242424242424243,-0.4460800648467674,1,False,False,False
2017-W21,la_cuisine,1,232.19,,,,,,0.0,False,,0,232.19,0.0,1.0,0.26666666666666666,-0.3976781139394371,1,False,False,False
2017-W28,la_cuisine,1,147.15,,,,,,0.0,False,,0,73.58,0.0,1.0,0.32,-0.3809249216931741,1,False,False,False
2017-W29,la_cuisine,2,256.9,,,,,,0.0,False,,0,128.45,0.0,1.0,0.9411764705882353,-0.5600430408049519,1,False,False,False
2017-W31,la_cuisine,1,155.18,174.87,88.02,189.67,350.91,0.0,-0.22,False,0.0,0,77.59,0.0,0.887402070109224,0.4444444444444444,-0.38983439556318056,1,False,False,False
2017-W32,la_cuisine,1,213.06,170.93,76.73,155.18,324.4,17.47,0.55,False,0.0,0,213.06,0.0,1.2464751652723336,0.6666666666666666,-0.4303490329297968,1,False,False,False
2017-W35,la_cuisine,1,160.46,177.96,70.75,184.12,319.46,36.45,-0.25,False,0.0,0,160.46,0.0,0.9016632951224994,0.8888888888888888,-0.3651739221113792,1,False,False,False
2017-W40,la_cuisine,1,160.83,175.46,64.93,160.46,305.31,45.6,-0.23,False,0.0,0,160.83,0.0,0.9166191724609598,0.8888888888888888,-0.3647780233483461,1,False,False,False
2017-W48,la_cuisine,1,299.54,173.63,60.33,160.65,294.29,52.96,2.09,True,0.0,0,299.54,0.0,1.72516270229799,0.8888888888888888,-0.5162265343124094,1,False,False,False
2018-W01,la_cuisine,1,130.03,203.16,56.28,186.94,315.72,90.6,-1.3,False,0.0,0,130.03,0.0,0.6400374089387675,0.8888888888888888,-0.4971528129795104,1,False,False,False
2018-W13,la_cuisine,1,426.7,190.39,60.21,160.65,310.81,69.98,3.92,True,0.0,0,426.7,0.0,2.2411891380849838,0.8888888888888888,-0.5996553340354833,1,False,False,False
2018-W16,la_cuisine,1,668.24,225.34,99.7,186.94,424.73,25.94,4.44,True,0.0,0,334.12,0.0,2.965474394248691,0.8888888888888888,-0.6195807816164434,-1,True,False,False
2017-W04,luggage_accessories,3,426.48,,,,,,0.0,False,,0,142.16,0.0,1.0,3.0,-0.4269679384702454,1,False,False,False
2017-W05,luggage_accessories,8,994.59,,,,,,0.0,False,,0,110.51,0.0,1.0,6.4,-0.3922512134260594,1,False,False,False
2017-W06,luggage_accessories,7,1169.16,,,,,,0.0,False,,0,73.07,0.0,1.0,3.2941176470588234,-0.4306283196929485,1,False,False,False
2017-W07,luggage_accessories,2,220.0,,,,,,0.0,False,,0,110.0,0.0,1.0,0.6956521739130435,-0.46170054559577817,1,False,False,False
2017-W08,luggage_accessories,4,370.69,702.56,451.69,710.54,1605.94,0.0,-0.73,False,0.0,0,92.67,0.0,0.5276275335914371,1.3333333333333333,-0.4525143679816883,1,False,False,False
2017-W09,luggage_accessories,4,591.5,636.18,418.39,426.48,1472.96,0.0,-0.11,False,0.0,0,147.88,0.0,0.9297683045678896,1.1851851851851851,-0.4206437745633664,1,False,False,False
2017-W10,luggage_accessories,7,1435.12,628.74,374.66,508.99,1378.06,0.0,2.15,True,0.0,0,130.47,0.0,2.2825333206094727,1.8666666666666667,-0.504825125866959,1,False,False,False
2017-W11,luggage_accessories,8,1423.83,743.93,458.11,591.5,1660.16,0.0,1.48,False,0.0,0,177.98,0.0,1.9139300740661085,1.7777777777777777,-0.4418011622643187,1,False,False,False
2017-W12,luggage_accessories,8,2728.59,828.92,487.51,793.04,1803.95,0.0,3.9,True,0.0,0,341.07,0.0,3.291741060657241,1.4883720930232558,-0.6544736724748605,-1,True,False,False
2017-W13,luggage_accessories,10,2039.64,1116.68,797.14,1081.88,2710.96,0.0,1.16,False,0.0,0,185.42,0.0,1.8265214743704552,1.6666666666666667,-0.4046364850599506,1,False,False,False
2017-W14,luggage_accessories,10,2183.82,1247.32,857.61,1296.49,2962.53,0.0,1.09,False,0.0,0,181.99,0.0,1.7508097360741433,1.6,-0.3989514619451221,1,False,False,False
2017-W15,luggage_accessories,10,1873.13,1374.15,917.35,1429.48,3208.84,0.0,0.54,False,0.0,0,187.31,0.0,1.3631190190299458,1.509433962264151,-0.38416731296652634,1,False,False,False
2017-W16,luggage_accessories,10,2316.26,1580.79,798.75,1654.12,3178.29,0.0,0.92,False,0.0,0,210.57,0.0,1.4652547144149446,1.3114754098360655,-0.40825450127536994,1,False,False,False
2017-W17,luggage_accessories,15,2611.87,1823.99,662.18,1956.39,3148.35,499.62,1.19,False,0.0,0,163.24,0.0,1.4319541225554964,1.791044776119403,-0.3892177222597369,1,False,False,False
2017-W18,luggage_accessories,9,2919.68,2076.53,487.11,2111.73,3050.75,1102.32,1.73,False,0.0,0,291.97,0.0,1.4060379575541888,0.9230769230769231,-0.4956546480657636,1,False,False,False
2017-W19,luggage_accessories,11,1830.29,2262.1,490.61,2250.04,3243.33,1280.88,-0.88,False,0.0,0,166.39,0.0,0.8091110030502631,1.1,-0.372610003412019,1,False,False,False
2017-W20,luggage_accessories,17,5344.77,2312.91,404.97,2250.04,3122.85,1502.97,7.49,True,0.0,0,242.94,0.0,2.310842185817866,1.6385542168674698,-0.6449941074212613,-1,True,False,False
2017-W21,luggage_accessories,18,5150.21,2639.93,1153.37,2250.04,4946.67,333.19,2.18,True,0.0,0,245.25,0.0,1.9508888493255505,1.565217391304348,-0.5364441344550577,1,False,False,False
2017-W22,luggage_accessories,19,3448.44,3028.75,1416.41,2464.06,5861.58,195.93,0.3,False,0.0,0,156.75,0.0,1.1385687164671894,1.52,-0.42063981445757864,1,False,False,False
2017-W23,luggage_accessories,14,3278.16,3186.83,1378.71,2765.77,5944.25,429.41,0.07,False,0.0,0,218.54,0.0,1.028658572939253,1.0275229357798166,-0.419422208800027,1,False,False,False
2017-W24,luggage_accessories,14,1813.06,3362.46,1272.88,3098.92,5908.23,816.69,-1.22,False,0.0,0,129.5,0.0,0.5392064143513975,0.9911504424778761,-0.41078894229462665,1,False,False,False
2017-W25,luggage_accessories,10,1447.99,3299.56,1342.5,3098.92,5984.55,614.57,-1.38,False,0.0,0,144.8,0.0,0.4388433609329729,0.6837606837606838,-0.4021612113408954,1,False,False,False
2017-W26,luggage_accessories,14,2277.78,3154.08,1483.34,3098.92,6120.76,187.39,-0.59,False,0.0,0,162.7,0.0,0.7221693806117792,1.0,-0.37877311689191473,1,False,False,False
2017-W27,luggage_accessories,17,3098.14,3073.84,1514.86,2777.97,6103.56,44.12,0.02,False,0.0,0,106.83,0.0,1.0079054212320744,1.1623931623931625,-0.40574296927162357,1,False,False,False
2017-W28,luggage_accessories,21,3278.11,3232.32,1430.13,3188.15,6092.57,372.07,0.03,False,0.0,0,156.1,0.0,1.0141662954162953,1.3658536585365855,-0.4187730052628175,1,False,False,False
2017-W29,luggage_accessories,11,1425.65,2973.99,1154.04,3188.12,5282.06,665.91,-1.34,False,0.0,0,129.6,0.0,0.4793728290949197,0.6929133858267716,-0.3985859834621208,1,False,False,False
2017-W30,luggage_accessories,18,2521.69,2508.42,866.02,2687.96,4240.46,776.37,0.02,False,0.0,0,132.72,0.0,1.005290182664785,1.2,-0.38869861548634105,1,False,False,False
2017-W31,luggage_accessories,15,2054.39,2392.57,780.03,2399.74,3952.63,832.51,-0.43,False,0.0,0,136.96,0.0,0.8586540832661113,1.0084033613445378,-0.38985260423602097,1,False,False,False
2017-W32,luggage_accessories,20,3399.57,2239.6,697.14,2166.08,3633.88,845.32,1.66,False,0.0,0,141.65,0.0,1.5179362386140383,1.3333333333333333,-0.4259153193001258,1,False,False,False
2017-W33,luggage_accessories,10,1584.64,2437.92,779.28,2399.74,3996.48,879.35,-1.09,False,0.0,0,132.05,0.0,0.6499967185141432,0.6349206349206349,-0.3757299045762112,1,False,False,False
2017-W34,luggage_accessories,9,1598.09,2455.0,755.62,2399.74,3966.25,943.75,-1.13,False,0.0,0,145.28,0.0,0.6509531568228105,0.5714285714285714,-0.37218202371644327,1,False,False,False
2017-W35,luggage_accessories,11,1743.81,2370.04,814.33,2288.04,3998.69,741.38,-0.77,False,0.0,0,158.53,0.0,0.7357723920271387,0.7272727272727273,-0.3710485377575953,1,False,False,False
2017-W36,luggage_accessories,9,954.42,2200.74,781.45,1899.1,3763.65,637.84,-1.59,False,0.0,0,79.53,0.0,0.4336813980751929,0.6260869565217392,-0.432015958662735,1,False,False,False
2017-W37,luggage_accessories,10,1700.2,1910.28,755.2,1670.95,3420.69,399.88,-0.28,False,0.0,0,170.02,0.0,0.8900265929601944,0.7766990291262136,-0.36335402246857595,1,False,False,False
2017-W38,luggage_accessories,12,1311.24,1944.6,736.03,1722.0,3416.66,472.54,-0.86,False,0.0,0,100.86,0.0,0.6742980561555076,0.9411764705882353,-0.39826264422984214,1,False,False,False
2017-W39,luggage_accessories,7,627.42,1793.29,724.78,1649.14,3242.85,343.74,-1.61,False,0.0,0,62.74,0.0,0.34987090766133755,0.5833333333333334,-0.4617094059370724,1,False,False,False
2017-W40,luggage_accessories,16,2216.18,1614.92,820.6,1591.36,3256.13,0.0,0.73,False,0.0,0,138.51,0.0,1.3723156565031083,1.4545454545454546,-0.3935800686694468,1,False,False,False
2017-W41,luggage_accessories,11,1559.9,1467.0,495.0,1591.36,2457.01,476.99,0.19,False,0.0,0,119.99,0.0,1.06332651670075,1.0476190476190477,-0.38552532825673813,1,False,False,False
2017-W42,luggage_accessories,12,2372.77,1463.91,494.24,1579.0,2452.39,475.43,1.84,False,0.0,0,169.48,0.0,1.6208441775792226,1.1294117647058823,-0.4182466140306272,1,False,False,False
2017-W43,luggage_accessories,11,1842.83,1560.74,590.75,1630.05,2742.25,379.24,0.48,False,0.0,0,122.86,0.0,1.1807411868728936,1.0,-0.38990344310264924,1,False,False,False
2017-W44,luggage_accessories,11,1687.33,1573.12,596.15,1630.05,2765.42,380.82,0.19,False,0.0,0,129.79,0.0,1.0726009458909682,1.0,-0.3849576269412977,1,False,False,False
2017-W45,luggage_accessories,15,2259.73,1664.73,541.28,1693.76,2747.29,582.18,1.1,False,0.0,0,141.23,0.0,1.3574153165978868,1.3333333333333333,-0.38851887293582205,1,False,False,False
2017-W46,luggage_accessories,21,4067.96,1734.68,581.19,1765.08,2897.06,572.29,4.01,True,0.0,1,193.71,0.047619047619047616,2.345078054742085,1.768421052631579,-0.6073480038895559,-1,True,False,False
2017-W47,luggage_accessories,14,3676.74,2079.26,976.84,2029.5,4032.94,125.59,1.64,False,0.0,0,193.51,0.0,1.7682925656243083,1.0769230769230769,-0.4249027608330866,1,False,False,False
2017-W48,luggage_accessories,9,1832.36,2460.43,922.83,2237.96,4306.08,614.78,-0.68,False,0.0,0,166.58,0.0,0.744731611954008,0.6486486486486487,-0.36726669024068537,1,False,False,False
2017-W49,luggage_accessories,20,3501.76,2412.45,947.0,2051.28,4306.45,518.45,1.15,False,0.0,0,175.09,0.0,1.4515368194159466,1.5384615384615385,-0.41361873522127246,1,False,False,False
2017-W50,luggage_accessories,6,1049.25,2655.19,946.12,2316.25,4547.43,762.94,-1.7,False,0.0,0,174.88,0.0,0.3951694605659105,0.4247787610619469,-0.4563713394453521,1,False,False,False
2017-W51,luggage_accessories,4,617.89,2489.74,1104.95,2051.28,4699.64,279.85,-1.69,False,0.0,0,154.47,0.0,0.2481745081815772,0.29906542056074764,-0.47840916265035494,1,False,False,False
2017-W52,luggage_accessories,12,2313.99,2336.63,1278.62,2046.04,4893.87,0.0,-0.02,False,0.0,0,178.0,0.0,0.9903108322669827,0.96,-0.37930834528563584,1,False,False,False
2018-W01,luggage_accessories,13,2393.01,2414.96,1252.08,2286.86,4919.12,0.0,-0.02,False,0.0,0,170.93,0.0,0.9909108225395038,1.0297029702970297,-0.3730259924812002,1,False,False,False
2018-W02,luggage_accessories,28,4735.95,2431.62,1250.61,2353.5,4932.84,0.0,1.84,False,0.0,0,143.51,0.0,1.94765218249562,2.2626262626262625,-0.5307246554609609,1,False,False,False
2018-W03,luggage_accessories,43,9320.21,2515.12,1390.0,2353.5,5295.12,0.0,4.9,True,0.0,0,207.12,0.0,3.705672095168421,3.2452830188679247,-0.743428192960291,-1,True,False,False
2018-W04,luggage_accessories,27,5145.41,3220.55,2790.38,2353.5,8801.31,0.0,0.69,False,0.0,0,165.98,0.0,1.5976805204080047,1.6,-0.5194306535183402,1,False,False,False
2018-W05,luggage_accessories,17,2871.79,3634.68,2800.75,2947.38,9236.19,0.0,-0.27,False,0.0,0,159.54,0.0,0.7901080700364269,0.8888888888888888,-0.390600419139942,1,False,False,False
2018-W06,luggage_accessories,15,2151.0,3555.94,2813.85,2632.4,9183.63,0.0,-0.5,False,0.0,1,134.44,0.06666666666666667,0.6049033448258407,0.8,-0.5431384865343204,1,False,False,False
2018-W07,luggage_accessories,14,2351.97,3693.66,2698.22,2632.4,9090.1,0.0,-0.5,False,0.0,1,138.35,0.07142857142857142,0.6367586621399912,0.7044025157232704,-0.5490631491480864,1,False,False,False
2018-W08,luggage_accessories,10,2055.79,3910.42,2476.37,2632.4,8863.15,0.0,-0.75,False,0.0,0,186.89,0.0,0.5257210222942804,0.47337278106508873,-0.40266591387833744,1,False,False,False
2018-W09,luggage_accessories,7,791.1,3878.14,2501.7,2632.4,8881.54,0.0,-1.23,False,0.0,0,113.01,0.0,0.2039895413780833,0.33532934131736525,-0.441061790144034,1,False,False,False
2018-W10,luggage_accessories,14,2831.64,3677.9,2694.25,2611.88,9066.4,0.0,-0.31,False,0.0,0,188.78,0.0,0.7699067402593871,0.6956521739130435,-0.39023408412451493,1,False,False,False
2018-W11,luggage_accessories,10,3056.04,3439.86,2671.44,2591.8,8782.75,0.0,-0.14,False,0.0,0,254.67,0.0,0.8884198775531562,0.54421768707483,-0.4536451392573797,1,False,False,False
2018-W12,luggage_accessories,14,1783.96,2656.84,1231.73,2591.8,5120.31,193.38,-0.71,False,0.0,0,118.93,0.0,0.6714593276222881,0.9824561403508771,-0.3831495727440472,1,False,False,False
2018-W13,luggage_accessories,9,1827.26,2236.66,734.53,2251.48,3705.71,767.61,-0.56,False,0.0,0,166.11,0.0,0.8169592159738182,0.7128712871287128,-0.36662307090743235,1,False,False,False
2018-W14,luggage_accessories,9,1252.61,2106.09,697.4,2103.4,3500.89,711.3,-1.22,False,0.0,0,139.18,0.0,0.594756159518349,0.7741935483870968,-0.3765758575604136,1,False,False,False
2018-W15,luggage_accessories,13,2543.65,1993.8,758.77,1941.52,3511.33,476.27,0.72,False,0.0,0,181.69,0.0,1.2757799177450095,1.1954022988505748,-0.37821476006711585,1,False,False,False
2018-W16,luggage_accessories,13,3382.11,2017.76,774.55,1941.52,3566.86,468.65,1.76,False,0.0,0,187.9,0.0,1.676170605027357,1.2093023255813953,-0.4141004425956435,1,False,False,False
2018-W17,luggage_accessories,14,3079.3,2183.55,913.37,2185.46,4010.28,356.81,0.98,False,0.0,0,192.46,0.0,1.4102264660758856,1.2584269662921348,-0.39701145909222485,1,False,False,False
2018-W18,luggage_accessories,10,1215.62,2469.57,760.51,2687.64,3990.59,948.55,-1.65,False,0.0,0,121.56,0.0,0.4922395396769477,0.8333333333333334,-0.4100981438364712,1,False,False,False
2018-W19,luggage_accessories,11,3638.78,2267.57,858.86,2185.46,3985.29,549.85,1.6,False,0.0,0,279.91,0.0,1.6047045956684909,0.9565217391304348,-0.48966703099343434,1,False,False,False
2018-W20,luggage_accessories,11,2896.93,2340.41,954.66,2185.46,4249.73,431.1,0.58,False,0.0,0,193.13,0.0,1.2377873962254478,0.946236559139785,-0.3859627342885849,1,False,False,False
2018-W21,luggage_accessories,7,1033.77,2479.53,943.01,2720.29,4365.55,593.52,-1.53,False,0.0,0,147.68,0.0,0.4169217553326638,0.6222222222222222,-0.4253843174957128,1,False,False,False
2018-W22,luggage_accessories,5,1583.32,2380.35,1056.33,2720.29,4493.01,267.68,-0.75,False,0.0,0,316.66,0.0,0.6651626861595984,0.45454545454545453,-0.5241561703377577,1,False,False,False
2018-W23,luggage_accessories,10,1462.09,2421.69,1011.41,2720.29,4444.51,398.86,-0.95,False,0.0,0,146.21,0.0,0.6037477959606721,0.9523809523809523,-0.3690690066638523,1,False,False,False
2018-W24,luggage_accessories,10,1454.06,2286.49,1063.71,2240.12,4413.92,159.06,-0.78,False,0.0,0,145.41,0.0,0.6359354294136428,0.9876543209876543,-0.3643689801095859,1,False,False,False
2018-W25,luggage_accessories,10,1548.03,2045.48,996.3,1522.7,4038.08,52.88,-0.5,False,0.0,0,140.73,0.0,0.7568052486457946,1.0256410256410255,-0.36017259746214025,1,False,False,False
2018-W26,luggage_accessories,3,318.62,1854.08,912.91,1505.06,3679.9,28.25,-1.68,False,0.0,0,79.66,0.0,0.17184803244735936,0.32432432432432434,-0.5105109601483205,1,False,False,False
2018-W27,luggage_accessories,8,494.61,1741.95,1047.67,1505.06,3837.29,0.0,-1.19,False,0.0,0,61.83,0.0,0.283940411607681,0.9552238805970149,-0.45323278788406934,1,False,False,False
2018-W28,luggage_accessories,10,1156.45,1348.93,793.32,1458.07,2935.56,0.0,-0.24,False,0.0,0,105.13,0.0,0.8573091264928498,1.25,-0.38512556205093795,1,False,False,False
2018-W29,luggage_accessories,13,1524.53,1131.37,488.08,1305.26,2107.53,155.21,0.81,False,0.0,0,117.27,0.0,1.3475078886659537,1.6507936507936507,-0.4108611343403098,1,False,False,False
2018-W30,luggage_accessories,15,3084.96,1192.71,504.62,1458.07,2201.96,183.47,3.75,True,0.0,0,205.66,0.0,2.5865130668813037,1.7391304347826086,-0.5215473627132556,1,False,False,False
2018-W31,luggage_accessories,19,2842.21,1380.42,839.1,1458.07,3058.62,0.0,1.74,False,0.0,1,135.34,0.05263157894736842,2.0589458280813084,1.9240506329113924,-0.5566520791604886,1,False,False,False
2018-W32,luggage_accessories,23,3424.53,1552.93,987.11,1489.3,3527.16,0.0,1.9,False,0.0,0,142.69,0.0,2.2052056435254648,2.090909090909091,-0.48248190652164424,1,False,False,False
2018-W33,luggage_accessories,19,2511.6,1799.24,1184.93,1536.28,4169.11,0.0,0.6,False,0.0,0,119.6,0.0,1.3959227229274582,1.504950495049505,-0.4098009896460262,1,False,False,False
2018-W34,luggage_accessories,9,1126.44,1919.69,1204.56,2018.06,4328.81,0.0,-0.66,False,0.0,0,125.16,0.0,0.5867822408826425,0.6545454545454545,-0.3736131326594896,1,False,False,False
2018-W35,luggage_accessories,1,26.29,2020.67,1078.43,2018.06,4177.52,0.0,-1.85,False,0.0,0,26.29,0.0,0.013010536109310277,0.06896551724137931,-0.625960662814207,-1,True,False,False
2016-W40,market_place,4,4423.73,,,,,,0.0,False,,0,402.16,0.0,1.0,0.29357798165137616,-0.6581761187137523,-1,True,False,False
2016-W41,market_place,3,532.14,,,,,,0.0,False,,0,177.38,0.0,1.0,0.23300970873786409,-0.37395033330681265,1,False,False,False
2017-W03,market_place,3,219.92,,,,,,0.0,False,,0,73.31,0.0,1.0,0.25806451612903225,-0.35904275374874867,1,False,False,False
2017-W04,market_place,1,239.9,,,,,,0.0,False,,0,239.9,0.0,1.0,0.09876543209876543,-0.4410169045345634,1,False,False,False
2017-W05,market_place,4,207.49,1353.92,2051.51,386.02,5456.94,0.0,-0.56,False,0.0,0,51.87,0.0,0.15325129992909478,0.5079365079365079,-0.3866515340476867,1,False,False,False
2017-W06,market_place,6,285.41,1124.64,1849.16,239.9,4822.95,0.0,-0.45,False,0.0,0,40.77,0.0,0.25377898705363494,1.0909090909090908,-0.4426512530943557,1,False,False,False
2017-W07,market_place,6,844.94,984.76,1689.05,262.66,4362.86,0.0,-0.08,False,0.0,1,140.82,0.16666666666666666,0.8580161663755637,1.5483870967741935,-0.625015572317245,1,False,False,False
2017-W08,market_place,4,772.3,964.79,1542.79,285.41,4050.37,0.0,-0.12,False,0.0,0,128.72,0.0,0.8004850796546399,1.1428571428571428,-0.36793951748360726,1,False,False,False
2017-W09,market_place,6,1347.95,940.73,1429.96,408.78,3800.66,0.0,0.28,False,0.0,0,192.56,0.0,1.4328765958351493,1.5483870967741935,-0.4762435195744555,1,False,False,False
2017-W10,market_place,7,1050.35,556.26,408.06,408.78,1372.37,0.0,1.21,False,0.0,0,131.29,0.0,1.8882357171107036,1.696969696969697,-0.45978726147,1,False,False,False
2017-W11,market_place,2,153.56,621.03,443.29,528.86,1507.62,0.0,-1.05,False,0.0,0,76.78,0.0,0.24726663768255963,0.43243243243243246,-0.3785057648704547,1,False,False,False
2017-W12,market_place,2,291.0,612.74,452.4,528.86,1517.53,0.0,-0.71,False,0.0,0,145.5,0.0,0.4749159513007148,0.4444444444444444,-0.384258863132225,1,False,False,False
2017-W13,market_place,1,30.86,619.13,446.71,531.65,1512.54,0.0,-1.32,False,0.0,0,30.86,0.0,0.049844136126500085,0.21621621621621623,-0.4454073375839927,1,False,False,False
2017-W14,market_place,6,2494.28,597.05,473.52,531.65,1544.08,0.0,4.01,True,0.0,0,356.33,0.0,4.177673561678252,1.411764705882353,-0.6585508688493724,-1,True,False,False
2017-W15,market_place,1,45.04,873.16,798.39,808.62,2469.94,0.0,-1.04,False,0.0,0,22.52,0.0,0.05158275688304549,0.23529411764705882,-0.4310299927548431,1,False,False,False
2017-W16,market_place,5,444.25,773.17,850.8,531.65,2474.77,0.0,-0.39,False,0.0,0,88.85,0.0,0.5745825626964316,1.3793103448275863,-0.3811978121036123,1,False,False,False
2017-W17,market_place,8,1528.15,732.16,858.72,367.62,2449.59,0.0,0.93,False,0.0,0,138.92,0.0,2.087180397727273,2.1333333333333333,-0.5560991554292115,1,False,False,False
2017-W18,market_place,5,795.28,754.69,879.29,367.62,2513.27,0.0,0.05,False,0.0,0,159.06,0.0,1.0537836727663012,1.25,-0.385907816014134,1,False,False,False
2017-W19,market_place,3,603.28,722.8,871.63,367.62,2466.07,0.0,-0.14,False,0.0,0,201.09,0.0,0.8346430547869397,0.8,-0.3928496190123823,1,False,False,False
2017-W20,market_place,8,1215.91,779.02,843.73,523.76,2466.48,0.0,0.52,False,0.0,0,121.59,0.0,1.5608200046211909,2.064516129032258,-0.5181914144463188,1,False,False,False
2017-W21,market_place,1,143.12,894.63,830.57,699.28,2555.78,0.0,-0.9,False,0.0,0,143.12,0.0,0.15997675016487264,0.21621621621621623,-0.4032729813973226,1,False,False,False
2017-W22,market_place,6,789.26,908.66,814.69,699.28,2538.04,0.0,-0.15,False,0.0,0,131.54,0.0,0.8685977153170603,1.2972972972972974,-0.3969977638766445,1,False,False,False
2017-W23,market_place,5,524.48,695.54,504.65,696.27,1704.85,0.0,-0.34,False,0.0,0,87.41,0.0,0.7540615924317797,1.0810810810810811,-0.37916217522021395,1,False,False,False
2017-W24,market_place,2,232.83,755.47,440.8,696.27,1637.06,0.0,-1.19,False,0.0,0,116.41,0.0,0.30819225118138377,0.3902439024390244,-0.40155437604360933,1,False,False,False
2017-W25,market_place,3,214.36,729.04,467.64,696.27,1664.32,0.0,-1.1,False,0.0,0,71.45,0.0,0.29403050587073415,0.631578947368421,-0.3797489774556128,1,False,False,False
2017-W26,market_place,3,394.84,564.82,366.72,563.88,1298.25,0.0,-0.46,False,0.0,0,131.61,0.0,0.6990545660564427,0.7272727272727273,-0.3655157875758723,1,False,False,False
2017-W27,market_place,4,563.88,514.76,357.99,459.66,1230.75,0.0,0.14,False,0.0,0,140.97,0.0,1.0954231097987412,1.032258064516129,-0.3697219100281933,1,False,False,False
2017-W28,market_place,3,520.77,509.84,356.87,459.66,1223.58,0.0,0.03,False,0.0,0,173.59,0.0,1.0214380982268947,0.75,-0.37194459259817847,1,False,False,False
2017-W29,market_place,2,471.41,422.94,218.0,457.8,858.94,0.0,0.22,False,0.0,0,235.71,0.0,1.1146025440960894,0.5925925925925926,-0.42354940182225953,1,False,False,False
2017-W30,market_place,3,179.04,463.98,186.41,496.09,836.8,91.15,-1.53,False,0.0,0,44.76,0.0,0.38587870166817534,0.8571428571428571,-0.4217569431699506,1,False,False,False
2017-W31,market_place,5,885.25,387.7,156.79,433.12,701.28,74.12,3.17,True,0.0,0,126.46,0.0,2.2833376321898378,1.6,-0.49346135291796256,1,False,False,False
2017-W32,market_place,6,758.12,432.8,234.42,433.12,901.63,0.0,1.39,False,0.0,0,126.35,0.0,1.7516635859519407,1.92,-0.42441936390999513,1,False,False,False
2017-W33,market_place,5,316.73,498.46,243.79,496.09,986.03,10.89,-0.75,False,0.0,0,63.35,0.0,0.6354170846206316,1.3793103448275863,-0.40022969972503214,1,False,False,False
2017-W34,market_place,6,718.55,511.26,228.98,496.09,969.21,53.3,0.91,False,0.0,0,119.76,0.0,1.40544928216563,1.5483870967741935,-0.4172558922853377,1,False,False,False
2017-W35,market_place,3,455.71,551.72,234.02,542.33,1019.75,83.69,-0.41,False,0.0,0,151.9,0.0,0.8259805698542738,0.7058823529411765,-0.36255466146116144,1,False,False,False
2017-W36,market_place,2,130.99,538.2,236.33,496.09,1010.85,65.55,-1.72,False,0.0,0,65.5,0.0,0.2433853586027499,0.48484848484848486,-0.4392837655721104,1,False,False,False
2017-W37,market_place,4,352.35,489.48,277.1,463.56,1043.67,0.0,-0.49,False,0.0,0,58.72,0.0,0.7198455503799951,1.0,-0.3686937757660471,1,False,False,False
2017-W38,market_place,2,398.64,474.59,281.37,404.03,1037.33,0.0,-0.27,False,0.0,0,199.32,0.0,0.8399671295223246,0.47058823529411764,-0.40398794346665773,1,False,False,False
2017-W39,market_place,1,75.07,502.04,258.17,427.17,1018.38,0.0,-1.65,False,0.0,0,75.07,0.0,0.1495299179348259,0.24242424242424243,-0.4456377484967879,1,False,False,False
2017-W40,market_place,1,76.99,400.77,244.94,375.5,890.65,0.0,-1.32,False,0.0,0,76.99,0.0,0.19210519749482247,0.27586206896551724,-0.40830245630808215,1,False,False,False
2017-W41,market_place,5,496.8,315.63,220.1,334.54,755.83,0.0,0.82,False,0.0,0,99.36,0.0,1.573994867408041,1.6666666666666667,-0.4128821861454808,1,False,False,False
2017-W42,market_place,1,139.9,338.14,229.25,375.5,796.64,0.0,-0.86,False,0.0,0,139.9,0.0,0.4137339563494411,0.3333333333333333,-0.39005807654718233,1,False,False,False
2017-W43,market_place,3,846.43,265.81,177.53,246.12,620.86,0.0,3.27,True,0.0,0,211.61,0.0,3.1843421993153003,1.263157894736842,-0.54258913570719,1,False,False,False
2017-W44,market_place,4,591.4,314.65,267.95,246.12,850.55,0.0,1.03,False,0.0,0,147.85,0.0,1.8795487049102177,1.6842105263157894,-0.40184107254554724,1,False,False,False
2017-W45,market_place,1,147.06,372.2,272.28,375.5,916.76,0.0,-0.83,False,0.0,0,147.06,0.0,0.3951101558301988,0.38095238095238093,-0.3925647430626211,1,False,False,False
2017-W46,market_place,3,191.24,346.54,283.85,272.85,914.23,0.0,-0.55,False,0.0,0,47.81,0.0,0.5518554856582213,1.3333333333333333,-0.3646537452973874,1,False,False,False
2017-W47,market_place,2,1456.85,320.61,287.85,169.15,896.31,0.0,3.95,True,0.0,0,242.81,0.0,4.5439942609400825,0.8421052631578947,-0.6263723106476418,-1,True,False,False
2017-W48,market_place,1,202.06,493.33,473.9,344.02,1441.14,0.0,-0.61,False,0.0,0,202.06,0.0,0.4095838485395172,0.4,-0.43008644481460107,1,False,False,False
2017-W49,market_place,4,500.75,508.97,460.07,349.43,1429.1,0.0,-0.02,False,0.0,0,100.15,0.0,0.9838497357408098,1.6,-0.36305664822769645,1,False,False,False
2017-W50,market_place,3,215.5,509.46,460.05,351.4,1429.57,0.0,-0.64,False,0.0,0,71.83,0.0,0.4229968986770306,1.263157894736842,-0.3574888561094224,1,False,False,False
2017-W51,market_place,5,395.43,518.91,452.09,358.12,1423.08,0.0,-0.27,False,0.0,0,79.09,0.0,0.7620396600566572,1.9047619047619047,-0.3717951896489241,1,False,False,False
2017-W52,market_place,1,135.49,462.54,433.13,305.47,1328.8,0.0,-0.76,False,0.0,0,135.49,0.0,0.29292601720932243,0.34782608695652173,-0.3975035168154864,1,False,False,False
2018-W01,market_place,2,107.35,405.55,443.62,208.78,1292.79,0.0,-0.67,False,0.0,0,53.67,0.0,0.2647022561952903,0.8,-0.3878173104809993,1,False,False,False
2018-W02,market_place,3,155.38,400.58,447.14,208.78,1294.85,0.0,-0.55,False,0.0,0,51.79,0.0,0.3878875630336013,1.1428571428571428,-0.3677969693129099,1,False,False,False
2018-W03,market_place,4,585.14,396.1,449.71,208.78,1295.51,0.0,0.42,False,0.0,0,117.03,0.0,1.47725321888412,1.5238095238095237,-0.3906912804037781,1,False,False,False
2018-W04,market_place,1,36.65,287.14,181.74,208.78,650.62,0.0,-1.38,False,0.0,0,36.65,0.0,0.12763808595110399,0.34782608695652173,-0.4308905289461227,1,False,False,False
2018-W05,market_place,3,2881.63,266.46,201.17,185.44,668.81,0.0,13.0,True,0.0,0,720.41,0.0,10.814493732642799,1.0434782608695652,-0.8055916977480134,-1,True,False,False
2018-W06,market_place,7,3026.25,564.07,953.11,185.44,2470.29,0.0,2.58,True,0.0,0,201.75,0.0,5.3650256173879125,2.5454545454545454,-0.6709568747682022,-1,True,False,False
2018-W07,market_place,6,663.57,915.42,1271.23,275.4,3457.88,0.0,-0.2,False,0.0,0,110.6,0.0,0.7248803827751197,1.8461538461538463,-0.4051386463321701,1,False,False,False
2018-W08,market_place,6,398.16,948.93,1259.04,370.26,3467.01,0.0,-0.44,False,0.0,0,49.77,0.0,0.41958837848945657,1.7777777777777777,-0.43229098331437643,1,False,False,False
2018-W09,market_place,3,591.62,981.77,1238.05,491.65,3457.86,0.0,-0.32,False,0.0,0,197.21,0.0,0.6026054982327836,0.75,-0.4027142996834221,1,False,False,False
2018-W10,market_place,4,488.6,1042.3,1200.45,588.38,3443.21,0.0,-0.46,False,0.0,0,122.15,0.0,0.4687709872397583,0.9696969696969697,-0.375463000279217,1,False,False,False
2018-W11,market_place,1,36.22,1083.95,1170.7,588.38,3425.34,0.0,-0.89,False,0.0,0,36.22,0.0,0.03341482540707597,0.23529411764705882,-0.4195601501372852,1,False,False,False
2018-W12,market_place,4,782.22,1015.34,1219.19,540.11,3453.72,0.0,-0.19,False,0.0,0,156.44,0.0,0.7704020328165935,1.032258064516129,-0.3703442813013359,1,False,False,False
2018-W13,market_place,4,240.18,1108.53,1160.79,627.6,3430.11,0.0,-0.75,False,0.0,0,60.05,0.0,0.21666531352331467,0.9411764705882353,-0.3859413322674212,1,False,False,False
2018-W14,market_place,2,49.68,778.35,938.84,540.11,2656.04,0.0,-0.78,False,0.0,0,24.84,0.0,0.06382732703796493,0.45714285714285713,-0.42189374749071845,1,False,False,False
2018-W15,market_place,3,236.73,406.28,277.85,443.38,961.99,0.0,-0.61,False,0.0,0,78.91,0.0,0.5826769715467166,0.8,-0.35124645817959776,1,False,False,False
2018-W16,market_place,5,338.26,352.93,261.91,319.17,876.76,0.0,-0.06,False,0.0,0,67.65,0.0,0.9584336837333182,1.4814814814814814,-0.3874795094097178,1,False,False,False
2018-W17,market_place,4,176.98,345.44,261.29,289.22,868.02,0.0,-0.64,False,0.0,0,25.28,0.0,0.5123320981936081,1.2307692307692308,-0.39665481863366603,1,False,False,False
2018-W18,market_place,3,199.06,293.61,246.17,238.46,785.95,0.0,-0.38,False,0.0,0,66.35,0.0,0.6779741834406184,0.8888888888888888,-0.3561514490564434,1,False,False,False
2018-W19,market_place,6,612.87,257.42,234.41,217.9,726.24,0.0,1.52,False,0.0,0,102.14,0.0,2.3808173413099216,1.8461538461538463,-0.47974680131718034,1,False,False,False
2018-W20,market_place,3,355.18,329.5,245.09,238.46,819.68,0.0,0.1,False,0.0,0,88.8,0.0,1.0779362670713202,0.7741935483870968,-0.36336270427804396,1,False,False,False
2018-W21,market_place,1,169.52,276.12,166.22,238.46,608.55,0.0,-0.64,False,0.0,0,84.76,0.0,0.6139359698681733,0.26666666666666666,-0.3957249005617162,1,False,False,False
2018-W22,market_place,1,67.22,267.29,170.23,217.9,607.74,0.0,-1.18,False,0.0,0,67.22,0.0,0.251487148789704,0.2962962962962963,-0.3994915341515999,1,False,False,False
2018-W23,market_place,3,277.47,269.48,167.11,217.9,603.7,0.0,0.05,False,0.0,0,92.49,0.0,1.0296496957102568,0.9230769230769231,-0.35853446394024835,1,False,False,False
2018-W24,market_place,2,72.58,274.57,166.59,238.26,607.75,0.0,-1.21,False,0.0,0,36.29,0.0,0.26434060531012127,0.6153846153846154,-0.4113504342019471,1,False,False,False
2018-W25,market_place,1,64.43,241.36,178.16,188.02,597.68,0.0,-0.99,False,0.0,0,64.43,0.0,0.26694564136559495,0.34782608695652173,-0.39303010118366305,1,False,False,False
2018-W26,market_place,1,264.31,227.29,188.13,184.29,603.56,0.0,0.2,False,0.0,0,264.31,0.0,1.1628756214527696,0.4,-0.4759708603440457,1,False,False,False
2018-W28,market_place,1,71.39,235.45,188.15,216.92,611.75,0.0,-0.87,False,0.0,0,71.39,0.0,0.303206625610533,0.4444444444444444,-0.38836699131488067,1,False,False,False
2018-W30,market_place,3,205.95,167.76,116.88,121.05,401.51,0.0,0.33,False,0.0,0,41.19,0.0,1.2276466380543634,1.8461538461538463,-0.39928717557620247,1,False,False,False
2018-W31,market_place,1,122.05,149.11,91.94,121.05,332.99,0.0,-0.29,False,0.0,0,122.05,0.0,0.8185232378780765,0.6153846153846154,-0.406839713168562,1,False,False,False
2018-W32,market_place,2,305.96,143.17,91.96,97.32,327.1,0.0,1.77,False,0.0,0,152.98,0.0,2.1370398826569814,1.2307692307692308,-0.4700464313830469,1,False,False,False
2018-W33,market_place,3,337.68,173.02,101.99,164.0,376.99,0.0,1.61,False,0.0,0,112.56,0.0,1.9516818864871113,1.7142857142857142,-0.4419422732621283,1,False,False,False
2018-W34,market_place,2,342.28,180.54,112.48,164.0,405.5,0.0,1.44,False,0.0,0,171.14,0.0,1.8958679517004542,1.1428571428571428,-0.44675800481815553,1,False,False,False
2017-W01,music,2,37.24,,,,,,0.0,False,,0,18.62,0.0,1.0,1.1428571428571428,-0.46448520828304674,1,False,False,False
2017-W10,music,1,42.51,,,,,,0.0,False,,0,42.51,0.0,1.0,0.5333333333333333,-0.3723141360899996,1,False,False,False
2017-W15,music,1,49.42,,,,,,0.0,False,,0,49.42,0.0,1.0,0.5333333333333333,-0.3771433356623924,1,False,False,False
2017-W17,music,1,39.42,,,,,,0.0,False,,0,39.42,0.0,1.0,0.5333333333333333,-0.375060341431568,1,False,False,False
2017-W23,music,1,344.32,42.15,5.31,40.96,52.76,31.53,56.92,True,0.0,0,344.32,0.0,8.168920521945433,0.6153846153846154,-0.7023565203839,-1,True,False,False
2017-W25,music,1,97.71,102.58,135.21,42.51,373.01,0.0,-0.04,False,0.0,0,97.71,0.0,0.9525248586469097,0.6153846153846154,-0.3831328919802411,1,False,False,False
2017-W26,music,2,699.09,101.77,120.96,45.96,343.68,0.0,4.94,True,0.0,0,349.55,0.0,6.869313157118994,1.3333333333333333,-0.6389233762724,1,False,False,False
2017-W27,music,1,350.54,187.1,251.32,49.42,689.74,0.0,0.65,False,0.0,0,350.54,0.0,1.8735435595938004,0.7272727272727273,-0.47642466771653214,1,False,False,False
2017-W42,music,1,70.03,207.53,239.75,73.56,687.02,0.0,-0.57,False,0.0,0,70.03,0.0,0.33744518864742445,0.8,-0.374822745191485,1,False,False,False
2018-W02,music,1,40.07,211.63,236.68,83.87,684.99,0.0,-0.72,False,0.0,0,40.07,0.0,0.1893398856494826,0.8888888888888888,-0.37506353209338694,1,False,False,False
2018-W07,music,1,40.07,211.32,236.93,83.87,685.18,0.0,-0.72,False,0.0,0,40.07,0.0,0.18961764149157675,0.8888888888888888,-0.37506353209338694,1,False,False,False
2018-W08,music,1,237.17,210.16,237.86,83.87,685.88,0.0,0.11,False,0.0,0,118.59,0.0,1.1285211267605633,0.8888888888888888,-0.4039866095718321,1,False,False,False
2018-W12,music,1,75.51,234.88,227.64,167.44,690.16,0.0,-0.7,False,0.0,0,75.51,0.0,0.32148331062670304,0.8888888888888888,-0.371638923141173,1,False,False,False
2018-W13,music,1,322.17,201.27,229.01,86.61,659.3,0.0,0.53,False,0.0,0,322.17,0.0,1.6006856461469667,0.8888888888888888,-0.4588177723532979,1,False,False,False
2018-W14,music,1,169.64,229.33,228.26,156.34,685.85,0.0,-0.26,False,0.0,0,169.64,0.0,0.7397200540705533,0.8888888888888888,-0.3925297186939503,1,False,False,False
2018-W15,music,1,26.22,163.15,126.81,122.57,416.78,0.0,-1.08,False,0.0,0,26.22,0.0,0.16071100214526507,1.0,-0.4026236564645756,1,False,False,False
2018-W17,music,1,233.45,122.61,108.93,72.77,340.47,0.0,1.02,False,0.0,0,233.45,0.0,1.9040045673272978,1.0,-0.4511357320701825,1,False,False,False
2018-W18,music,3,455.2,143.04,112.91,122.57,368.86,0.0,2.76,True,0.0,0,151.73,0.0,3.1823266219239374,3.0,-0.5872319263733161,1,False,False,False
2018-W19,music,2,476.18,194.93,148.59,201.54,492.1,0.0,1.89,False,0.0,0,238.09,0.0,2.4428256297132305,1.6,-0.5285060298040741,1,False,False,False
2018-W22,music,1,205.9,249.44,162.96,235.31,575.36,0.0,-0.27,False,0.0,0,205.9,0.0,0.8254490057729313,0.7272727272727273,-0.4095884379914223,1,False,False,False
2018-W24,music,2,158.0,245.53,163.67,219.68,572.87,0.0,-0.53,False,0.0,0,79.0,0.0,0.6435058852278744,1.4545454545454546,-0.44765100683490044,1,False,False,False
2018-W25,music,1,11.56,255.84,153.72,219.68,563.29,0.0,-1.59,False,0.0,0,5.78,0.0,0.045184490306441526,0.6666666666666666,-0.4827471275151486,1,False,False,False
2018-W27,music,1,781.51,217.02,172.64,187.77,562.3,0.0,3.27,True,0.0,0,781.51,0.0,3.6010966731176848,0.6666666666666666,-0.6893135382962212,-1,True,False,False
2018-W28,music,1,87.48,293.5,261.38,219.68,816.27,0.0,-0.79,False,0.0,0,87.48,0.0,0.29805792163543443,0.6666666666666666,-0.3848967305979085,1,False,False,False
2018-W29,music,1,24.29,301.16,253.2,219.68,807.56,0.0,-1.09,False,0.0,0,24.29,0.0,0.08065480143445344,0.6666666666666666,-0.4117126295650687,1,False,False,False
2018-W31,music,1,119.02,275.02,271.34,181.95,817.7,0.0,-0.57,False,0.0,0,119.02,0.0,0.4327685259253873,0.6666666666666666,-0.39188313696194,1,False,False,False
2018-W32,music,3,129.79,232.99,265.42,138.51,763.83,0.0,-0.39,False,0.0,0,43.26,0.0,0.5570625348727413,2.4,-0.5494205600711021,1,False,False,False
2018-W33,music,2,333.8,189.69,247.74,124.4,685.18,0.0,0.58,False,0.0,0,166.9,0.0,1.7597132163002795,1.4545454545454546,-0.47637192219156826,1,False,False,False
2017-W04,musical_instruments,1,357.74,,,,,,0.0,False,,0,357.74,0.0,1.0,0.6666666666666666,-0.425261389604694,1,False,False,False
2017-W05,musical_instruments,2,1622.44,,,,,,0.0,False,,0,811.22,0.0,1.0,1.4545454545454546,-0.477573340864087,1,False,False,False
2017-W06,musical_instruments,2,713.98,,,,,,0.0,False,,0,237.99,0.0,1.0,1.3333333333333333,-0.38067438954377714,1,False,False,False
2017-W07,musical_instruments,2,175.23,,,,,,0.0,False,,0,87.62,0.0,1.0,1.2307692307692308,-0.432917180275398,1,False,False,False
2017-W08,musical_instruments,1,274.82,717.35,643.54,535.86,2004.42,0.0,-0.69,False,0.0,0,274.82,0.0,0.383104481773193,0.5714285714285714,-0.42755398580362286,1,False,False,False
2017-W09,musical_instruments,3,628.17,628.84,591.41,357.74,1811.67,0.0,-0.0,False,0.0,0,209.39,0.0,0.9989345461484638,1.7142857142857142,-0.37950624903355573,1,False,False,False
2017-W10,musical_instruments,2,478.6,628.73,528.98,492.96,1686.68,0.0,-0.28,False,0.0,0,239.3,0.0,0.7612170566061743,1.0,-0.37750872905260696,1,False,False,False
2017-W11,musical_instruments,2,402.43,607.28,486.21,478.6,1579.7,0.0,-0.42,False,0.0,0,201.22,0.0,0.6626761954946647,1.0666666666666667,-0.3955912134776605,1,False,False,False
2017-W12,musical_instruments,1,32.51,581.68,455.93,440.52,1493.54,0.0,-1.2,False,0.0,0,32.51,0.0,0.05588983633612983,0.5333333333333333,-0.49793188640803815,1,False,False,False
2017-W13,musical_instruments,3,1113.73,541.02,491.84,440.52,1524.7,0.0,1.16,False,0.0,0,278.43,0.0,2.0585745443791357,1.6,-0.44667588575016265,1,False,False,False
2017-W14,musical_instruments,3,765.78,477.43,342.16,440.52,1161.75,0.0,0.84,False,0.0,0,255.26,0.0,1.6039628846113565,1.5,-0.43888887287823697,1,False,False,False
2017-W15,musical_instruments,4,622.4,483.91,347.72,440.52,1179.35,0.0,0.4,False,0.0,0,155.6,0.0,1.2861895807071562,1.8823529411764706,-0.4200924696639378,1,False,False,False
2017-W16,musical_instruments,6,1844.66,539.81,326.29,550.5,1192.39,0.0,4.0,True,0.0,0,307.44,0.0,3.417239399047814,2.526315789473684,-0.5383647196685757,1,False,False,False
2017-W17,musical_instruments,2,530.92,736.04,543.75,625.28,1823.53,0.0,-0.38,False,0.0,0,265.46,0.0,0.7213194935057877,0.6666666666666666,-0.37664584174272037,1,False,False,False
2017-W18,musical_instruments,5,2970.71,723.88,547.58,576.66,1819.04,0.0,4.1,True,0.0,0,330.08,0.0,4.10387080731613,1.7391304347826086,-0.5620728337638841,-1,True,False,False
2017-W19,musical_instruments,2,120.87,1035.39,949.49,694.09,2934.36,0.0,-0.96,False,0.0,0,60.44,0.0,0.11673862023005824,0.6153846153846154,-0.43421261307808867,1,False,False,False
2017-W20,musical_instruments,4,3137.56,1000.2,981.0,694.09,2962.19,0.0,2.18,True,0.0,0,627.51,0.0,3.1369326134773043,1.2307692307692308,-0.5342714522313625,1,False,False,False
2017-W21,musical_instruments,6,3374.46,1388.33,1144.13,939.76,3676.58,0.0,1.74,False,0.0,0,562.41,0.0,2.430589269121895,1.6551724137931034,-0.4653335214030949,1,False,False,False
2017-W22,musical_instruments,4,1379.11,1670.92,1330.61,1305.22,4332.14,0.0,-0.22,False,0.0,0,76.62,0.0,0.825359682091303,1.0,-0.4028699175719765,1,False,False,False
2017-W23,musical_instruments,4,1660.31,1747.59,1287.99,1611.88,4323.57,0.0,-0.07,False,0.0,0,332.06,0.0,0.9500569355512448,0.9696969696969697,-0.3674829596056962,1,False,False,False
2017-W24,musical_instruments,2,2084.24,1877.32,1208.27,1752.48,4293.87,0.0,0.17,False,0.0,0,694.75,0.0,1.1102209532738159,0.48484848484848486,-0.4652616725772674,1,False,False,False
2017-W25,musical_instruments,7,2097.77,1907.27,1210.31,1872.28,4327.9,0.0,0.16,False,0.0,0,262.22,0.0,1.0998809817173236,1.9310344827586208,-0.3687438804516789,1,False,False,False
2017-W26,musical_instruments,2,636.85,2103.13,1074.98,2091.0,4253.09,0.0,-1.36,False,0.0,0,318.42,0.0,0.3028105728129027,0.47058823529411764,-0.42572211278329314,1,False,False,False
2017-W27,musical_instruments,4,317.63,1811.4,1121.57,1872.28,4054.54,0.0,-1.33,False,0.0,0,45.38,0.0,0.17535055757977255,1.032258064516129,-0.4391095198742726,1,False,False,False
2017-W28,musical_instruments,7,3414.26,1835.99,1080.61,1872.28,3997.22,0.0,1.46,False,0.0,0,487.75,0.0,1.8596288650809647,1.696969696969697,-0.4391762178263856,1,False,False,False
2017-W29,musical_instruments,5,838.87,1870.58,1131.46,1872.28,4133.49,0.0,-0.91,False,0.0,0,139.81,0.0,0.44845449005121407,1.1111111111111112,-0.39069185281364627,1,False,False,False
2017-W30,musical_instruments,10,4044.53,1553.63,997.17,1519.71,3547.98,0.0,2.5,True,0.0,2,288.9,0.2,2.603277485630427,2.2857142857142856,-0.5717650044830175,-1,True,False,False
2017-W31,musical_instruments,6,2609.0,1886.81,1322.69,1872.28,4532.19,0.0,0.55,False,0.0,0,434.83,0.0,1.3827571403585948,1.170731707317073,-0.3924587369911436,1,False,False,False
2017-W32,musical_instruments,3,900.3,2005.39,1341.87,2091.0,4689.13,0.0,-0.82,False,0.0,4,150.05,1.3333333333333333,0.44894010641321636,0.5581395348837209,-0.6241717286297944,-1,True,False,False
2017-W33,musical_instruments,5,2461.89,1857.4,1396.12,1499.04,4649.65,0.0,0.43,False,0.0,0,492.38,0.0,1.325449553138796,0.9090909090909091,-0.41034570544056,1,False,False,False
2017-W34,musical_instruments,6,1140.4,1902.92,1410.94,1681.09,4724.79,0.0,-0.54,False,0.0,0,190.07,0.0,0.5992895129590314,1.1428571428571428,-0.38021092691931735,1,False,False,False
2017-W35,musical_instruments,11,5003.36,1965.86,1356.57,1801.14,4679.0,0.0,2.24,True,0.0,0,454.85,0.0,2.545125288677729,1.9130434782608696,-0.4854563077891962,1,False,False,False
2017-W36,musical_instruments,4,1374.82,2551.58,1542.13,2535.44,5635.84,0.0,-0.76,False,0.0,0,343.7,0.0,0.5388112463649973,0.6037735849056604,-0.38527430487088227,1,False,False,False
2017-W37,musical_instruments,6,1891.76,2296.65,1547.71,1918.36,5392.07,0.0,-0.26,False,0.0,0,210.2,0.0,0.8237040907408617,0.96,-0.36842589584032015,1,False,False,False
2017-W38,musical_instruments,4,489.51,2428.26,1447.56,2176.82,5323.38,0.0,-1.34,False,0.0,0,122.38,0.0,0.20158879197450025,0.6274509803921569,-0.40670790218982356,1,False,False,False
2017-W39,musical_instruments,6,8967.31,1983.88,1426.02,1633.29,4835.92,0.0,4.9,True,0.0,0,896.73,0.0,4.520086900417364,1.0666666666666667,-0.7278319640958089,-1,True,False,False
2017-W40,musical_instruments,2,147.02,2778.67,2867.52,1633.29,8513.71,0.0,-0.92,False,0.0,0,73.51,0.0,0.05291020524207625,0.35555555555555557,-0.4332306145949673,1,False,False,False
2017-W41,musical_instruments,4,843.97,2684.51,2949.22,1633.29,8582.94,0.0,-0.62,False,0.0,0,210.99,0.0,0.31438512056203927,0.7272727272727273,-0.382872522096105,1,False,False,False
2017-W42,musical_instruments,11,5786.07,2482.27,3021.26,1257.61,8524.78,0.0,1.09,False,0.0,0,361.63,0.0,2.330959162379596,2.046511627906977,-0.4578986096148526,1,False,False,False
2017-W43,musical_instruments,4,2657.28,3062.98,3169.33,1633.29,9401.64,0.0,-0.13,False,0.0,1,664.32,0.25,0.8675472905471143,0.6666666666666666,-0.5577941078413259,1,False,False,False
2017-W44,musical_instruments,4,2036.99,2769.72,3071.16,1633.29,8912.04,0.0,-0.24,False,0.0,0,509.25,0.0,0.7354497927588349,0.7804878048780488,-0.41173782611165183,1,False,False,False
2017-W45,musical_instruments,10,3634.62,2852.49,3036.93,1964.38,8926.34,0.0,0.26,False,0.0,2,242.31,0.2,1.2741920217073506,1.951219512195122,-0.4963883813701147,1,False,False,False
2017-W46,musical_instruments,5,1882.31,3070.35,3020.63,2347.14,9111.61,0.0,-0.39,False,0.0,0,376.46,0.0,0.6130604002800983,0.8888888888888888,-0.3787417519741656,1,False,False,False
2017-W47,musical_instruments,19,9345.1,3244.45,2887.85,2347.14,9020.15,0.0,2.11,True,0.0,0,491.85,0.0,2.8803341090169368,3.3043478260869565,-0.6261381966257128,-1,True,False,False
2017-W48,musical_instruments,11,5302.15,3291.67,2995.87,2347.14,9283.41,0.0,0.67,False,0.0,0,482.01,0.0,1.6107781156677308,1.4915254237288136,-0.42676428502734354,1,False,False,False
2017-W49,musical_instruments,11,1807.2,3936.06,2768.65,3145.95,9473.36,0.0,-0.77,False,0.0,0,164.29,0.0,0.45913934238807336,1.2941176470588236,-0.4039741485253619,1,False,False,False
2017-W50,musical_instruments,13,3391.12,4056.46,2632.57,3145.95,9321.61,0.0,-0.25,False,0.0,0,260.86,0.0,0.8359801403193917,1.3866666666666667,-0.3964899497606427,1,False,False,False
2017-W51,musical_instruments,7,2894.42,3757.1,2542.42,3024.2,8841.93,0.0,-0.34,False,0.0,0,361.8,0.0,0.7703867344494424,0.7272727272727273,-0.38117622887814606,1,False,False,False
2017-W52,musical_instruments,5,1610.3,3786.74,2529.11,3142.77,8844.96,0.0,-0.86,False,0.0,0,268.38,0.0,0.4252470462719912,0.5,-0.37562607108808527,1,False,False,False
2018-W01,musical_instruments,12,2575.52,3733.4,2575.36,3142.77,8884.12,0.0,-0.45,False,0.0,0,214.63,0.0,0.6898591096587561,1.1851851851851851,-0.3935240422469413,1,False,False,False
2018-W02,musical_instruments,17,4863.61,3601.02,2608.17,2734.97,8817.36,0.0,0.48,False,0.0,0,286.09,0.0,1.3506201020821877,1.6385542168674698,-0.4709844682497457,1,False,False,False
2018-W03,musical_instruments,7,3765.1,3973.68,2539.61,3142.77,9052.89,0.0,-0.08,False,0.0,0,537.87,0.0,0.9475096132552193,0.5894736842105263,-0.4270042888725656,1,False,False,False
2018-W04,musical_instruments,12,5484.28,3276.18,1333.44,3142.77,5943.06,609.29,1.66,False,0.0,0,391.73,0.0,1.673986166816231,1.1566265060240963,-0.4305101172958251,1,False,False,False
2018-W05,musical_instruments,12,1596.35,3298.94,1373.91,3142.77,6046.77,551.12,-1.24,False,0.0,1,114.02,0.08333333333333333,0.48389785809987446,1.1428571428571428,-0.5097232174768432,1,False,False,False
2018-W06,musical_instruments,7,2514.59,3272.59,1408.21,3142.77,6089.01,456.16,-0.54,False,0.0,0,359.23,0.0,0.7683791736820073,0.6588235294117647,-0.3785085846135026,1,False,False,False
2018-W07,musical_instruments,11,4116.18,3163.02,1431.58,2734.97,6026.18,299.86,0.67,False,0.0,0,316.63,0.0,1.3013449171993854,1.1139240506329113,-0.4123784366756879,1,False,False,False
2018-W08,musical_instruments,8,3933.52,3315.74,1463.64,3170.31,6243.02,388.46,0.42,False,0.0,0,302.58,0.0,1.1863173831482565,0.7710843373493976,-0.397863808863987,1,False,False,False
2018-W09,musical_instruments,8,1047.06,3606.14,1298.03,3849.31,6202.2,1010.09,-1.97,False,0.0,0,116.34,0.0,0.2903547837854326,0.7441860465116279,-0.47193359976317023,1,False,False,False
2018-W10,musical_instruments,11,2705.15,3415.09,1557.88,3849.31,6530.84,299.33,-0.46,False,0.0,0,245.92,0.0,0.7921167524135528,1.0731707317073171,-0.3758099154138022,1,False,False,False
2018-W11,musical_instruments,11,1762.75,3145.28,1454.66,3235.12,6054.6,235.96,-0.95,False,0.0,0,146.9,0.0,0.5604429494353443,1.1578947368421053,-0.410697372004991,1,False,False,False
2018-W12,musical_instruments,18,5590.73,2894.98,1504.2,2609.87,5903.38,0.0,1.79,False,0.0,0,266.23,0.0,1.9311808717158667,1.8,-0.5064663064899213,1,False,False,False
2018-W13,musical_instruments,9,3465.67,2908.29,1530.61,2609.87,5969.52,0.0,0.36,False,0.0,0,385.07,0.0,1.1916521392295816,0.8372093023255814,-0.3942691360488597,1,False,False,False
2018-W14,musical_instruments,13,5412.58,3141.96,1441.83,3085.41,6025.62,258.29,1.57,False,0.0,0,360.84,0.0,1.7226762912322244,1.2530120481927711,-0.4342222992022004,1,False,False,False
2018-W15,musical_instruments,14,6704.86,3504.2,1615.31,3699.6,6734.82,273.59,1.98,False,0.0,0,394.4,0.0,1.9133782318360824,1.2584269662921348,-0.47545730628000504,1,False,False,False
2018-W16,musical_instruments,14,3450.26,3827.79,1974.72,3699.6,7777.22,0.0,-0.19,False,0.0,0,230.02,0.0,0.9013712873485745,1.2173913043478262,-0.4134348369562943,1,False,False,False
2018-W17,musical_instruments,12,3670.64,3767.38,1978.41,3457.96,7724.2,0.0,-0.05,False,0.0,0,305.89,0.0,0.9743216771337109,0.9795918367346939,-0.3819124417854894,1,False,False,False
2018-W18,musical_instruments,11,5715.25,4095.33,1653.89,3568.16,7403.11,787.55,0.98,False,0.0,0,476.27,0.0,1.3955529835202536,0.8627450980392157,-0.4344665233422639,1,False,False,False
2018-W19,musical_instruments,17,7451.45,4471.59,1634.73,4541.61,7741.06,1202.13,1.82,False,0.0,0,438.32,0.0,1.6663983057480671,1.3333333333333333,-0.5029450853911279,1,False,False,False
2018-W20,musical_instruments,19,5656.51,5182.68,1521.42,5501.66,8225.52,2139.84,0.31,False,0.0,0,282.83,0.0,1.0914256716602222,1.4074074074074074,-0.5090952613306352,1,False,False,False
2018-W21,musical_instruments,6,1092.18,5190.9,1524.11,5534.54,8239.13,2142.67,-2.69,True,1050.49,0,156.03,0.0,0.2104028203201757,0.44036697247706424,-0.5105304211181799,1,False,True,False
2018-W22,musical_instruments,13,4114.33,4894.22,2048.67,5534.54,8991.56,796.87,-0.38,False,0.0,0,316.49,0.0,0.840650808504726,0.9811320754716981,-0.41380320299354073,1,False,False,False
2018-W23,musical_instruments,10,4750.17,4731.94,2053.16,4885.42,8838.25,625.62,0.01,False,0.0,0,475.02,0.0,1.0038525425089921,0.7547169811320755,-0.4189383550704812,1,False,False,False
2018-W24,musical_instruments,12,4290.75,4487.6,1895.05,4432.25,8277.7,697.5,-0.1,False,0.0,0,306.48,0.0,0.9561346822354932,0.9411764705882353,-0.401770446333638,1,False,False,False
2018-W25,musical_instruments,5,1750.91,4592.66,1852.14,4520.46,8296.94,888.38,-1.53,False,0.0,0,291.82,0.0,0.38124093662496245,0.4,-0.40721119471639405,1,False,False,False
2018-W26,musical_instruments,13,8175.99,4352.69,2096.86,4520.46,8546.41,158.98,1.82,False,0.0,0,545.07,0.0,1.8783763603656591,1.118279569892473,-0.515184525021236,1,False,False,False
2018-W28,musical_instruments,10,5519.98,4660.29,2472.18,4520.46,9604.65,0.0,0.35,False,0.0,0,460.0,0.0,1.1844713526411446,0.8421052631578947,-0.4217972420859257,1,False,False,False
2018-W29,musical_instruments,9,1093.11,4418.85,2244.48,4520.46,8907.82,0.0,-1.48,False,0.0,0,121.46,0.0,0.24737431684714345,0.8181818181818182,-0.4443840901504824,1,False,False,False
2018-W30,musical_instruments,10,3732.77,3848.43,2455.01,4202.54,8758.45,0.0,-0.05,False,0.0,1,339.34,0.1,0.9699461858472157,1.0256410256410255,-0.45373897534614543,1,False,False,False
2018-W31,musical_instruments,12,6704.09,4178.5,2195.27,4202.54,8569.04,0.0,1.15,False,0.0,0,558.67,0.0,1.6044250329065455,1.170731707317073,-0.4902664614460826,1,False,False,False
2018-W32,musical_instruments,16,2744.4,4502.22,2368.56,4520.46,9239.35,0.0,-0.74,False,0.0,0,144.44,0.0,0.6095659474659167,1.5802469135802468,-0.4838418978439421,1,False,False,False
2018-W33,musical_instruments,8,2462.62,4251.5,2443.54,4011.76,9138.58,0.0,-0.73,False,0.0,0,307.83,0.0,0.579235563918617,0.735632183908046,-0.3824738259696538,1,False,False,False
2018-W34,musical_instruments,5,506.7,4022.98,2523.52,3238.58,9070.02,0.0,-1.39,False,0.0,0,101.34,0.0,0.12595140915440792,0.4819277108433735,-0.4239589462967103,1,False,False,False
2016-W40,office_furniture,5,1323.47,,,,,,0.0,False,,0,264.69,0.0,1.0,0.4819277108433735,-0.4056505912058821,1,False,False,False
2016-W41,office_furniture,1,264.08,,,,,,0.0,False,,0,264.08,0.0,1.0,0.10666666666666667,-0.4461134711511904,1,False,False,False
2017-W04,office_furniture,4,670.56,,,,,,0.0,False,,0,167.64,0.0,1.0,0.48484848484848486,-0.4306941587340803,1,False,False,False
2017-W05,office_furniture,18,6318.95,,,,,,0.0,False,,0,263.29,0.0,1.0,2.360655737704918,-0.370194695834727,1,False,False,False
2017-W06,office_furniture,25,7351.03,2144.26,2817.13,997.02,7778.52,0.0,1.85,False,0.0,0,245.03,0.0,3.4282363146260244,2.898550724637681,-0.5152164167347453,1,False,False,False
2017-W07,office_furniture,11,4243.33,3185.62,3372.57,1323.47,9930.76,0.0,0.31,False,0.0,0,303.09,0.0,1.332026418719119,1.0731707317073171,-0.3990326622202408,1,False,False,False
2017-W09,office_furniture,3,2792.84,3361.9,3047.27,2783.4,9456.44,0.0,-0.19,False,0.0,0,698.21,0.0,0.830732621434308,0.3116883116883117,-0.4414358145524356,1,False,False,False
2017-W10,office_furniture,16,10092.43,3280.61,2790.07,2792.84,8860.74,0.0,2.44,True,0.0,0,403.7,0.0,3.07638823267624,1.7777777777777777,-0.4798267276943155,1,False,False,False
2017-W11,office_furniture,22,8577.14,4132.09,3531.64,3518.08,11195.38,0.0,1.26,False,0.0,0,276.68,0.0,2.075738911785561,2.1204819277108435,-0.42712621964944736,1,False,False,False
2017-W12,office_furniture,12,3266.93,5038.8,3637.13,5281.14,12313.05,0.0,-0.49,False,0.0,0,217.8,0.0,0.6483547670080178,0.96,-0.35553490527748616,1,False,False,False
2017-W13,office_furniture,16,2660.58,5414.15,3203.02,5281.14,11820.19,0.0,-0.86,False,0.0,0,166.29,0.0,0.49141231772300364,1.1531531531531531,-0.3979910370526016,1,False,False,False
2017-W14,office_furniture,10,3593.64,5662.9,2838.53,5281.14,11339.96,0.0,-0.73,False,0.0,0,326.69,0.0,0.6345935827932685,0.6504065040650406,-0.3607159536031996,1,False,False,False
2017-W15,office_furniture,1,475.47,5322.24,2911.16,3918.48,11144.55,0.0,-1.66,False,0.0,0,475.47,0.0,0.08933644480519481,0.06956521739130435,-0.4962170725022267,1,False,False,False
2017-W16,office_furniture,9,3845.85,4462.8,3224.68,3430.28,10912.15,0.0,-0.19,False,0.0,0,295.83,0.0,0.8617571927937617,0.7912087912087912,-0.36540219742323843,1,False,False,False
2017-W17,office_furniture,21,6090.67,4413.11,3231.6,3430.28,10876.3,0.0,0.52,False,0.0,0,234.26,0.0,1.3801310187146933,1.8876404494382022,-0.4007994755135886,1,False,False,False
2017-W18,office_furniture,11,2632.06,4825.34,3205.62,3719.74,11236.58,0.0,-0.68,False,0.0,0,219.34,0.0,0.5454662262141113,0.822429906542056,-0.36423742882016025,1,False,False,False
2017-W19,office_furniture,15,13766.98,3892.79,2450.75,3430.28,8794.28,0.0,4.03,True,0.0,0,458.9,0.0,3.536532923687124,1.1764705882352942,-0.5648114984910529,1,False,False,False
2017-W20,office_furniture,7,1111.27,4541.52,4039.67,3430.28,12620.87,0.0,-0.85,False,0.0,0,158.75,0.0,0.24469120470679417,0.5894736842105263,-0.400136519272799,1,False,False,False
2017-W21,office_furniture,4,894.35,4272.06,4205.34,3127.11,12682.74,0.0,-0.8,False,0.0,0,178.87,0.0,0.20934865147025086,0.35555555555555557,-0.4053837684341291,1,False,False,False
2017-W22,office_furniture,10,1815.96,4051.29,4346.03,3112.85,12743.35,0.0,-0.51,False,0.0,0,181.6,0.0,0.4482424116762809,1.0256410256410255,-0.39599127510800514,1,False,False,False
2017-W23,office_furniture,6,1125.74,3829.08,4417.63,2224.01,12664.34,0.0,-0.61,False,0.0,0,187.62,0.0,0.29399751376309713,0.6153846153846154,-0.4002485245861357,1,False,False,False
2017-W24,office_furniture,11,2466.23,3910.36,4352.61,2224.01,12615.59,0.0,-0.33,False,0.0,0,205.52,0.0,0.6306912918503667,1.0602409638554218,-0.36796022291060665,1,False,False,False
2017-W25,office_furniture,16,4775.61,3737.91,4382.76,2141.1,12503.43,0.0,0.24,False,0.0,0,251.35,0.0,1.277615030859491,1.5058823529411764,-0.38412392225664915,1,False,False,False
2017-W26,office_furniture,9,2883.99,3573.52,4305.9,2141.1,12185.32,0.0,-0.16,False,0.0,0,262.18,0.0,0.8070445946853522,0.9,-0.36753353396524574,1,False,False,False
2017-W27,office_furniture,22,5465.58,3605.02,4298.95,2141.1,12202.91,0.0,0.43,False,0.0,0,218.62,0.0,1.5161025458943362,2.2564102564102564,-0.41063040554185903,1,False,False,False
2017-W28,office_furniture,22,5279.73,2567.34,1729.93,2141.1,6027.2,0.0,1.57,False,0.0,0,170.31,0.0,2.056498165416345,2.070588235294118,-0.45892409701468906,1,False,False,False
2017-W29,office_furniture,22,9318.03,3088.4,1852.16,2675.11,6792.72,0.0,3.36,True,0.0,0,258.83,0.0,3.0171059448257997,1.76,-0.5069196842612778,1,False,False,False
2017-W30,office_furniture,26,8651.06,4141.36,2649.48,3829.8,9440.31,0.0,1.7,False,0.0,0,247.17,0.0,2.0889417968976374,1.7627118644067796,-0.4433011573688045,1,False,False,False
2017-W31,office_furniture,11,3533.4,4995.75,2884.15,5027.67,10764.04,0.0,-0.51,False,0.0,0,271.8,0.0,0.7072811890106591,0.6567164179104478,-0.35489289773603416,1,False,False,False
2017-W32,office_furniture,13,5413.52,5296.7,2526.01,5027.67,10348.73,244.68,0.05,False,0.0,0,284.92,0.0,1.0220552419430968,0.7482014388489209,-0.36101658445976625,1,False,False,False
2017-W33,office_furniture,12,5825.71,5665.12,2254.56,5346.62,10174.24,1155.99,0.07,False,0.0,0,364.11,0.0,1.0283471488688678,0.6808510638297872,-0.3761346426443471,1,False,False,False
2017-W34,office_furniture,6,1473.64,5796.38,2225.76,5439.55,10247.9,1344.85,-1.94,False,0.0,0,245.61,0.0,0.2542345394884393,0.35036496350364965,-0.4556139106427267,1,False,False,False
2017-W35,office_furniture,10,11777.24,5620.08,2525.12,5439.55,10670.32,569.85,2.44,True,0.0,0,692.78,0.0,2.0955644759505203,0.5970149253731343,-0.5178738735012752,1,False,False,False
2017-W36,office_furniture,8,4541.97,6409.04,3328.25,5619.62,13065.54,0.0,-0.56,False,0.0,0,412.91,0.0,0.7086817994582653,0.5245901639344263,-0.37974528458072226,1,False,False,False
2017-W37,office_furniture,8,1672.83,6316.82,3373.92,5619.62,13064.65,0.0,-1.38,False,0.0,0,209.1,0.0,0.2648215399520645,0.5925925925925926,-0.41295771479616666,1,False,False,False
2017-W38,office_furniture,12,12213.42,5361.17,3483.36,4977.75,12327.89,0.0,1.97,False,0.0,0,200.22,0.0,2.2781258568558727,1.0212765957446808,-0.4883788307300152,1,False,False,False
2017-W39,office_furniture,8,3090.79,5806.47,4131.41,4977.75,14069.29,0.0,-0.66,False,0.0,0,280.98,0.0,0.5323010366022729,0.8,-0.3623865446963804,1,False,False,False
2017-W40,office_furniture,10,24112.4,5751.14,4169.0,4977.75,14089.13,0.0,4.4,True,0.0,0,1269.07,0.0,4.192629635167984,1.0389610389610389,-0.7035890414193504,-1,True,False,False
2017-W41,office_furniture,16,8693.11,8088.5,7699.53,5183.84,23487.56,0.0,0.08,False,0.0,0,413.96,0.0,1.0747493354762936,1.7297297297297298,-0.38340390822951775,1,False,False,False
2017-W42,office_furniture,19,5891.35,8446.93,7645.7,6617.54,23738.33,0.0,-0.33,False,0.0,0,280.54,0.0,0.697454578172188,1.9487179487179487,-0.36784040875335694,1,False,False,False
2017-W43,office_furniture,17,18989.63,8999.14,7217.66,7292.23,23434.45,0.0,1.38,False,0.0,0,654.81,0.0,2.1101605264503056,1.4945054945054945,-0.48290647743799087,1,False,False,False
2017-W44,office_furniture,17,26235.2,9900.69,8020.08,7292.23,25940.84,0.0,2.04,True,0.0,0,749.58,0.0,2.6498355165145053,1.3877551020408163,-0.5842808357401458,-1,True,False,False
2017-W45,office_furniture,16,5327.57,12612.34,9483.27,10453.26,31578.89,0.0,-0.77,False,0.0,0,295.98,0.0,0.4224093229329371,1.1962616822429906,-0.37415003423360216,1,False,False,False
2017-W46,office_furniture,24,9327.28,13069.18,8954.27,10453.26,30977.73,0.0,-0.42,False,0.0,0,310.91,0.0,0.7136851738211579,1.6695652173913043,-0.4019846817761517,1,False,False,False
2017-W47,office_furniture,12,4549.27,12708.42,9051.29,9010.2,30811.0,0.0,-0.9,False,0.0,0,303.28,0.0,0.35797290300446477,0.7559055118110236,-0.37260578909608805,1,False,False,False
2017-W48,office_furniture,16,6848.35,12890.73,8842.17,9010.2,30575.07,0.0,-0.68,False,0.0,0,297.75,0.0,0.5312616120266269,0.9770992366412213,-0.3717785489848283,1,False,False,False
2017-W49,office_furniture,15,6947.05,10732.72,7751.65,7770.73,26236.02,0.0,-0.49,False,0.0,0,330.81,0.0,0.6472776705252723,0.8759124087591241,-0.3601564318751783,1,False,False,False
2017-W50,office_furniture,12,2968.09,10514.46,7841.34,6897.7,26197.15,0.0,-0.96,False,0.0,0,212.01,0.0,0.2822864892728681,0.7058823529411765,-0.37593005907283134,1,False,False,False
2017-W51,office_furniture,4,600.68,10149.06,8149.61,6897.7,26448.28,0.0,-1.17,False,0.0,0,150.17,0.0,0.059185776810857356,0.24806201550387597,-0.44172803950563444,1,False,False,False
2017-W52,office_furniture,4,1196.95,7850.44,7889.05,6087.96,23628.54,0.0,-0.84,False,0.0,0,299.24,0.0,0.15246916096422622,0.27586206896551724,-0.40946722680156206,1,False,False,False
2018-W01,office_furniture,19,5034.55,4720.66,3013.42,4938.42,10747.49,0.0,0.1,False,0.0,0,228.84,0.0,1.066492820919109,1.4757281553398058,-0.37547410077852844,1,False,False,False
2018-W02,office_furniture,25,10125.04,4684.03,3006.76,4791.91,10697.55,0.0,1.81,False,0.0,0,306.82,0.0,2.161608700200469,1.8867924528301887,-0.44895695466163793,1,False,False,False
2018-W03,office_furniture,26,8889.39,4783.75,3190.38,4791.91,11164.5,0.0,1.29,False,0.0,0,261.45,0.0,1.858247191011236,1.9439252336448598,-0.444899540617947,1,False,False,False
2018-W04,office_furniture,29,13578.81,5326.26,3498.9,5941.45,12324.07,0.0,2.36,True,0.0,0,308.61,0.0,2.549408027396334,1.9173553719008265,-0.500910266849739,1,False,False,False
2018-W05,office_furniture,21,32692.32,6167.57,4564.17,5990.8,15295.91,0.0,5.81,True,0.0,0,778.39,0.0,5.300680819188108,1.2537313432835822,-0.7376064210039576,-1,True,False,False
2018-W06,office_furniture,21,8161.59,9385.73,10460.29,6961.97,30306.31,0.0,-0.12,False,0.0,0,291.49,0.0,0.8695743431784209,1.2,-0.3751361112696078,1,False,False,False
2018-W07,office_furniture,3,7996.69,10034.92,10162.01,8525.49,30358.93,0.0,-0.2,False,0.0,0,1142.38,0.0,0.7968862731342152,0.1610738255033557,-0.561877863011852,1,False,False,False
2018-W08,office_furniture,15,3744.89,10959.42,9495.69,8525.49,29950.8,0.0,-0.76,False,0.0,0,220.29,0.0,0.3417051267311591,0.8108108108108109,-0.37556174809244036,1,False,False,False
2018-W09,office_furniture,42,26792.84,11277.91,9158.2,8525.49,29594.32,0.0,1.69,False,0.0,0,412.2,0.0,2.3756919500155615,2.1132075471698113,-0.5986229501672569,-1,True,False,False
2018-W10,office_furniture,40,23230.96,13997.7,10209.69,9507.22,34417.08,0.0,0.9,False,0.0,0,414.84,0.0,1.6596269387113596,1.7582417582417582,-0.5583386341368157,1,False,False,False
2018-W11,office_furniture,36,8876.88,15635.94,10545.48,11234.1,36726.89,0.0,-0.64,False,0.0,0,211.35,0.0,0.5677228231881165,1.4619289340101522,-0.5071126382755115,1,False,False,False
2018-W12,office_furniture,22,9628.39,15634.37,10546.62,11227.84,36727.62,0.0,-0.57,False,0.0,0,310.59,0.0,0.6158476484821581,0.8502415458937198,-0.3891800133754342,1,False,False,False
2018-W13,office_furniture,32,19277.04,15140.57,10747.19,9252.63,36634.95,0.0,0.38,False,0.0,0,385.54,0.0,1.2732043773781305,1.28,-0.4983821042786429,1,False,False,False
2018-W14,office_furniture,16,20169.25,13463.66,8409.73,9252.63,30283.12,0.0,0.8,False,0.0,0,650.62,0.0,1.498051050011661,0.6066350710900474,-0.47735539015670286,1,False,False,False
2018-W15,office_furniture,22,9853.23,14964.62,8399.78,14452.72,31764.19,0.0,-0.61,False,0.0,0,364.93,0.0,0.6584350287544889,0.8543689320388349,-0.39197874601894567,1,False,False,False
2018-W16,office_furniture,28,16923.18,15196.68,8203.12,14565.14,31602.92,0.0,0.21,False,0.0,0,412.76,0.0,1.1136103412061056,0.9955555555555555,-0.4713790690735138,1,False,False,False
2018-W17,office_furniture,19,17329.0,16843.97,6773.55,18100.11,30391.07,3296.87,0.07,False,0.0,0,541.53,0.0,1.0287954680517715,0.6386554621848739,-0.43603126376608153,1,False,False,False
2018-W18,office_furniture,13,2682.19,15660.99,5493.2,17126.09,26647.39,4674.6,-2.36,True,1992.41,0,178.81,0.0,0.17126567349829097,0.48372093023255813,-0.48609733028390173,1,False,True,False
2018-W19,office_furniture,21,15429.87,13092.4,6205.87,13388.2,25504.14,680.65,0.38,False,0.0,0,497.74,0.0,1.1785364027985703,0.8936170212765957,-0.43150413055999426,1,False,False,False
2018-W20,office_furniture,20,9289.29,13911.52,5998.99,16176.53,25909.5,1913.53,-0.77,False,0.0,0,387.05,0.0,0.6677408363715828,0.9248554913294798,-0.4002658695809076,1,False,False,False
2018-W21,office_furniture,17,13417.66,13869.13,6034.67,16176.53,25938.47,1799.79,-0.07,False,0.0,0,536.71,0.0,0.9674478500093373,0.7953216374269005,-0.41770014471342193,1,False,False,False
2018-W22,office_furniture,12,4452.53,13136.71,5626.31,14423.76,24389.33,1884.09,-1.54,False,0.0,0,318.04,0.0,0.3389379837112945,0.6153846153846154,-0.4118063280654189,1,False,False,False
2018-W23,office_furniture,14,5332.49,11172.12,5563.52,11635.44,22299.15,45.08,-1.05,False,0.0,0,313.68,0.0,0.4773033229145408,0.7368421052631579,-0.3840810135535427,1,False,False,False
2018-W24,office_furniture,10,3663.67,10607.03,5933.88,11353.48,22474.78,0.0,-1.17,False,0.0,0,281.82,0.0,0.34540017328130496,0.5555555555555556,-0.38060881387462836,1,False,False,False
2018-W25,office_furniture,19,7610.67,8949.59,5767.1,7310.89,20483.78,0.0,-0.23,False,0.0,0,304.43,0.0,0.8503931465016833,1.2063492063492063,-0.36702903539237797,1,False,False,False
2018-W26,office_furniture,12,3879.72,7734.8,4668.87,6471.58,17072.53,0.0,-0.83,False,0.0,0,215.54,0.0,0.5015928013652583,0.7619047619047619,-0.3629619607524824,1,False,False,False
2018-W27,office_furniture,10,2863.13,7884.49,4499.87,6471.58,16884.22,0.0,-1.12,False,0.0,0,238.59,0.0,0.36313445765039976,0.64,-0.3745337187476469,1,False,False,False
2018-W28,office_furniture,11,2799.7,6313.64,3591.31,4892.51,13496.27,0.0,-0.98,False,0.0,0,233.31,0.0,0.4434367496404609,0.7719298245614035,-0.37312613371749825,1,False,False,False
2018-W29,office_furniture,22,13935.88,5502.45,3555.91,4166.12,12614.27,0.0,2.37,True,0.0,0,435.5,0.0,2.5326681750856435,1.6761904761904762,-0.4720561625951339,1,False,False,False
2018-W30,office_furniture,10,5327.33,5567.22,3721.56,4166.12,13010.35,0.0,-0.06,False,0.0,0,443.94,0.0,0.9569102711945998,0.7272727272727273,-0.38360527841085984,1,False,False,False
2018-W31,office_furniture,15,7447.71,5676.57,3696.9,4603.52,13070.38,0.0,0.48,False,0.0,1,391.98,0.06666666666666667,1.312008836321934,1.1111111111111112,-0.6053315749561802,-1,True,False,False
2018-W32,office_furniture,9,4631.81,5940.98,3744.12,4603.52,13429.21,0.0,-0.35,False,0.0,0,356.29,0.0,0.7796373662257743,0.6605504587155964,-0.36554944238209114,1,False,False,False
2018-W33,office_furniture,4,1110.57,6061.99,3675.0,4979.57,13412.0,0.0,-1.35,False,0.0,0,277.64,0.0,0.183202215774028,0.2962962962962963,-0.42147707907973925,1,False,False,False
2018-W34,office_furniture,1,126.9,5249.48,3988.85,4255.77,13227.17,0.0,-1.28,False,0.0,0,126.9,0.0,0.024173822931033172,0.08602150537634409,-0.4991507574503374,1,False,False,False
2018-W35,office_furniture,1,712.9,4780.38,4374.93,3747.47,13530.25,0.0,-0.93,False,0.0,0,712.9,0.0,0.14913040385910742,0.0975609756097561,-0.4985183202368977,1,False,False,False
2017-W30,party_supplies,1,83.41,,,,,,0.0,False,,0,83.41,0.0,1.0,0.1095890410958904,-0.398132336455428,1,False,False,False
2017-W37,party_supplies,1,606.4,,,,,,0.0,False,,0,303.2,0.0,1.0,0.12698412698412698,-0.5357418055064667,1,False,False,False
2017-W41,party_supplies,1,84.63,,,,,,0.0,False,,0,84.63,0.0,1.0,0.19047619047619047,-0.3982036044928832,1,False,False,False
2017-W43,party_supplies,1,79.24,,,,,,0.0,False,,0,79.24,0.0,1.0,0.24242424242424243,-0.4077712205704824,1,False,False,False
2017-W46,party_supplies,2,303.99,213.42,262.0,84.02,737.41,0.0,0.35,False,0.0,0,151.99,0.0,1.4243744728703964,0.8421052631578947,-0.5346377525487227,1,False,False,False
2017-W47,party_supplies,1,27.77,231.53,230.48,84.63,692.5,0.0,-0.88,False,0.0,0,27.77,0.0,0.11994126031183863,0.6666666666666666,-0.4362831094363062,1,False,False,False
2017-W48,party_supplies,1,602.58,197.57,222.3,84.02,642.18,0.0,1.82,False,0.0,0,602.58,0.0,3.0499569772738777,0.8888888888888888,-0.6686170577297519,-1,True,False,False
2017-W49,party_supplies,1,273.27,255.43,254.19,84.63,763.82,0.0,0.07,False,0.0,0,273.27,0.0,1.0698430098265668,0.8888888888888888,-0.43569011533476437,1,False,False,False
2017-W50,party_supplies,1,276.65,257.66,235.42,178.95,728.51,0.0,0.08,False,0.0,0,276.65,0.0,1.073701777536288,0.8888888888888888,-0.4361194389912145,1,False,False,False
2018-W03,party_supplies,1,85.63,281.82,224.66,274.96,731.13,0.0,-0.87,False,0.0,0,85.63,0.0,0.30384642679724644,0.8888888888888888,-0.4209708630060601,1,False,False,False
2018-W04,party_supplies,1,84.63,216.72,189.94,179.45,596.59,0.0,-0.7,False,0.0,0,84.63,0.0,0.3905038759689922,0.8888888888888888,-0.40508337392615995,1,False,False,False
2018-W09,party_supplies,3,592.92,216.72,189.94,179.45,596.59,0.0,1.98,False,0.0,0,148.23,0.0,2.735880398671096,2.6666666666666665,-0.5629202945154693,1,False,False,False
2018-W10,party_supplies,1,252.99,280.93,221.09,274.96,723.11,0.0,-0.13,False,0.0,0,252.99,0.0,0.9005446196561421,0.7272727272727273,-0.4545155342527752,1,False,False,False
2018-W13,party_supplies,1,292.88,274.55,221.07,263.13,716.69,0.0,0.08,False,0.0,0,292.88,0.0,1.0667637953014022,0.8,-0.45332035737414245,1,False,False,False
2018-W15,party_supplies,1,160.52,307.69,197.39,274.96,702.48,0.0,-0.75,False,0.0,0,80.26,0.0,0.5216939127043453,0.8,-0.4396211808131108,1,False,False,False
2018-W19,party_supplies,1,58.23,252.44,161.7,263.13,575.83,0.0,-1.2,False,0.0,0,58.23,0.0,0.23066867374425606,0.8,-0.47022451550913696,1,False,False,False
2018-W21,party_supplies,1,24.29,225.56,175.06,206.76,575.67,0.0,-1.15,False,0.0,0,24.29,0.0,0.10768753325057634,0.8,-0.4889122860932648,1,False,False,False
2018-W22,party_supplies,1,175.84,194.01,186.88,123.08,567.76,0.0,-0.1,False,0.0,0,87.92,0.0,0.9063450337611464,0.8,-0.4098905188384636,1,False,False,False
2018-W23,party_supplies,1,29.69,205.29,182.06,168.18,569.41,0.0,-0.96,False,0.0,0,29.69,0.0,0.14462467728579084,0.8,-0.43064765036126135,1,False,False,False
2018-W24,party_supplies,1,82.69,198.42,188.19,168.18,574.81,0.0,-0.61,False,0.0,0,82.69,0.0,0.41674226388468905,0.8,-0.409209066641152,1,False,False,False
2018-W28,party_supplies,1,54.44,134.64,102.22,121.6,339.08,0.0,-0.78,False,0.0,0,54.44,0.0,0.4043374925727867,1.0,-0.4314057676719019,1,False,False,False
2018-W29,party_supplies,1,29.92,109.82,93.08,70.46,295.97,0.0,-0.86,False,0.0,0,29.92,0.0,0.27244582043343657,1.0,-0.4283967250789509,1,False,False,False
2018-W31,party_supplies,4,427.72,76.95,59.61,56.33,196.17,0.0,5.88,True,0.0,0,106.93,0.0,5.5584145549057835,4.0,-0.6886303800064622,-1,True,False,False
2018-W32,party_supplies,3,541.1,110.35,137.32,56.33,385.0,0.0,3.14,True,0.0,0,180.37,0.0,4.903488898957862,2.1818181818181817,-0.6001724291239628,1,False,False,False
2018-W33,party_supplies,4,501.5,170.71,202.02,68.56,574.75,0.0,1.64,False,0.0,0,71.64,0.0,2.93773065432605,2.4615384615384617,-0.5904623484894034,1,False,False,False
2018-W34,party_supplies,2,200.15,230.36,222.07,129.26,674.5,0.0,-0.14,False,0.0,0,100.08,0.0,0.8688574405278694,1.0,-0.5169282359764543,1,False,False,False
2018-W35,party_supplies,1,33.23,233.4,221.38,141.42,676.16,0.0,-0.9,False,0.0,0,33.23,0.0,0.14237360754070263,0.47058823529411764,-0.43547893485515865,1,False,False,False
2016-W40,perfumery,29,7173.98,,,,,,0.0,False,,2,217.39,0.06896551724137931,1.0,29.0,-0.5272107622402041,1,False,False,False
2016-W41,perfumery,1,27.86,,,,,,0.0,False,,0,9.29,0.0,1.0,0.2222222222222222,-0.5748117040197024,-1,True,False,False
2017-W03,perfumery,2,216.14,,,,,,0.0,False,,0,72.05,0.0,1.0,0.4444444444444444,-0.5112651456162696,1,False,False,False
2017-W04,perfumery,22,5306.62,,,,,,0.0,False,,0,196.54,0.0,1.0,4.756756756756757,-0.38112950661476347,1,False,False,False
2017-W05,perfumery,20,2564.51,3181.15,3614.55,2761.38,10410.24,0.0,-0.17,False,0.0,0,106.85,0.0,0.8061581503544316,2.7586206896551726,-0.40783439772552865,1,False,False,False
2017-W06,perfumery,15,3671.94,3057.82,3142.41,2564.51,9342.65,0.0,0.2,False,0.0,0,229.5,0.0,1.20083588962071,1.5584415584415585,-0.43876773550340953,1,False,False,False
2017-W07,perfumery,8,1719.09,3160.18,2821.82,3118.23,8803.81,0.0,-0.51,False,0.0,0,191.01,0.0,0.5439848363067926,0.7032967032967034,-0.48066318204133707,1,False,False,False
2017-W08,perfumery,8,1419.46,2954.31,2632.91,2564.51,8220.13,0.0,-0.58,False,0.0,1,177.43,0.125,0.4804709052198314,0.6530612244897959,-0.6320262881428631,-1,True,False,False
2017-W09,perfumery,13,2419.94,2762.45,2497.27,2141.8,7757.0,0.0,-0.14,False,0.0,0,186.15,0.0,0.876012235515575,0.9904761904761905,-0.42821870661767136,1,False,False,False
2017-W10,perfumery,18,4469.76,2168.2,1751.95,2069.52,5672.09,0.0,1.31,False,0.0,0,235.25,0.0,2.0615072410294255,1.6179775280898876,-0.4943318398841825,1,False,False,False
2017-W11,perfumery,33,7093.13,2723.43,1679.08,2492.23,6081.59,0.0,2.6,True,0.0,0,214.94,0.0,2.6044840513617022,2.490566037735849,-0.5369817692521905,1,False,False,False
2017-W12,perfumery,29,6105.66,3583.06,1950.5,3118.23,7484.06,0.0,1.29,False,0.0,0,196.96,0.0,1.7040350984912338,1.6934306569343065,-0.4244959688626668,1,False,False,False
2017-W13,perfumery,18,5001.48,3682.94,2068.27,3118.23,7819.48,0.0,0.64,False,0.0,0,250.07,0.0,1.3580128918744263,1.0,-0.4736765253212439,1,False,False,False
2017-W14,perfumery,32,8524.77,3987.56,2059.46,4070.85,8106.48,0.0,2.2,True,0.0,0,224.34,0.0,2.1378411860887363,1.8028169014084507,-0.5047955766840713,1,False,False,False
2017-W15,perfumery,22,3769.07,4594.16,2597.6,4735.62,9789.35,0.0,-0.32,False,0.0,0,163.87,0.0,0.8204046006234003,1.1069182389937107,-0.3731894593289496,1,False,False,False
2017-W16,perfumery,26,5080.68,4850.41,2364.08,4735.62,9578.56,122.26,0.1,False,0.0,0,175.2,0.0,1.0474743372209774,1.2023121387283238,-0.36944916124438165,1,False,False,False
2017-W17,perfumery,17,3625.61,5308.06,1917.14,5041.08,9142.35,1473.78,-0.88,False,0.0,0,213.27,0.0,0.6830386242808106,0.7120418848167539,-0.4235635007207268,1,False,False,False
2017-W18,perfumery,27,4196.06,5458.77,1691.82,5041.08,8842.4,2075.14,-0.75,False,0.0,0,149.86,0.0,0.7686823222081165,1.1076923076923078,-0.3680245799313866,1,False,False,False
2017-W19,perfumery,26,4903.29,5424.56,1717.25,5041.08,8859.06,1990.06,-0.3,False,0.0,0,175.12,0.0,0.9039055702213635,1.0196078431372548,-0.3666183071649355,1,False,False,False
2017-W20,perfumery,37,6590.56,5150.83,1582.53,4952.38,8315.89,1985.77,0.91,False,0.0,0,164.76,0.0,1.2795141753853263,1.50253807106599,-0.3839621490187394,1,False,False,False
2017-W21,perfumery,33,8151.51,5211.44,1632.81,4952.38,8477.07,1945.81,1.8,False,0.0,0,194.08,0.0,1.5641569316733956,1.2878048780487805,-0.4272477337939783,1,False,False,False
2017-W22,perfumery,33,5407.36,5605.19,1928.07,4991.99,9461.33,1749.06,-0.1,False,0.0,0,146.14,0.0,0.9647059243308433,1.2,-0.3488507996577385,1,False,False,False
2017-W23,perfumery,46,7245.63,5215.52,1527.02,4991.99,8269.56,2161.47,1.33,False,0.0,0,139.34,0.0,1.3892440255238212,1.665158371040724,-0.3783460826820412,1,False,False,False
2017-W24,perfumery,35,7556.86,5650.09,1551.08,5244.02,8752.24,2547.93,1.23,False,0.0,0,215.91,0.0,1.3374760402046693,1.1428571428571428,-0.41952755023312305,1,False,False,False
2017-W25,perfumery,23,6280.5,5959.61,1664.16,5998.96,9287.93,2631.29,0.19,False,0.0,0,209.35,0.0,1.0538441273841745,0.7244094488188977,-0.39644141439425856,1,False,False,False
2017-W26,perfumery,25,5220.81,6291.47,1371.15,6435.53,9033.77,3549.17,-0.78,False,0.0,0,186.46,0.0,0.829823554749526,0.7692307692307693,-0.37661505410515606,1,False,False,False
2017-W27,perfumery,21,2064.51,6419.56,1182.29,6435.53,8784.15,4054.98,-3.68,True,1990.47,2,93.84,0.09523809523809523,0.3215968072578183,0.6511627906976745,-0.6429293134203743,-1,True,True,True
2017-W28,perfumery,31,4255.36,6064.72,1906.56,6435.53,9877.84,2251.6,-0.95,False,0.0,0,121.58,0.0,0.7016581144718964,0.9802371541501976,-0.36521175254776544,1,False,False,False
2017-W29,perfumery,35,5380.71,5772.82,1991.42,5843.93,9755.67,1789.97,-0.2,False,0.0,0,134.52,0.0,0.9320765241251243,1.1336032388663968,-0.35143528745391983,1,False,False,False
2017-W30,perfumery,26,4270.55,5426.47,1744.23,5394.04,8914.92,1938.01,-0.66,False,0.0,0,152.52,0.0,0.7869849091582557,0.8353413654618473,-0.36616456956799603,1,False,False,False
2017-W31,perfumery,20,2147.98,5284.37,1791.67,5300.76,8867.7,1701.03,-1.75,False,0.0,0,97.64,0.0,0.406477971830133,0.6611570247933884,-0.4703072327657252,1,False,False,False
2017-W32,perfumery,20,3819.99,4647.16,1897.84,4745.68,8442.85,851.47,-0.44,False,0.0,0,159.17,0.0,0.8220052677334113,0.7407407407407407,-0.37817945121263463,1,False,False,False
2017-W33,perfumery,30,4904.51,4180.05,1496.9,4262.96,7173.85,1186.25,0.48,False,0.0,0,140.13,0.0,1.173313716343106,1.1940298507462686,-0.3632563164425536,1,False,False,False
2017-W34,perfumery,31,4869.0,4008.05,1285.15,4262.96,6578.35,1437.75,0.67,False,0.0,0,131.59,0.0,1.2148052045258917,1.1923076923076923,-0.36328727427206575,1,False,False,False
2017-W35,perfumery,27,3022.93,3964.08,1243.05,4262.96,6450.18,1477.97,-0.76,False,0.0,0,104.24,0.0,0.7625804726443463,1.0093457943925233,-0.3843683998398181,1,False,False,False
2017-W36,perfumery,28,5928.25,4083.88,1067.63,4262.96,6219.14,1948.62,1.73,False,0.0,0,156.01,0.0,1.4516219869339941,1.018181818181818,-0.39801100682698326,1,False,False,False
2017-W37,perfumery,39,4965.66,4292.99,1253.64,4569.77,6800.27,1785.71,0.54,False,0.0,0,90.28,0.0,1.156690325390928,1.4377880184331797,-0.3891158096651365,1,False,False,False
2017-W38,perfumery,37,5448.58,4241.11,1210.03,4569.77,6661.16,1821.06,1.0,False,0.0,0,126.71,0.0,1.2847061264621762,1.339366515837104,-0.3686237601055214,1,False,False,False
2017-W39,perfumery,36,4244.9,4388.36,1283.57,4886.76,6955.49,1821.23,-0.11,False,0.0,1,108.84,0.027777777777777776,0.9673089719166158,1.2413793103448276,-0.4343502532684436,1,False,False,False
2017-W40,perfumery,32,3723.53,4650.48,924.62,4886.76,6499.71,2801.24,-1.0,False,0.0,0,112.83,0.0,0.8006764893086307,1.032258064516129,-0.3674515495192844,1,False,False,False
2017-W41,perfumery,42,4905.71,4638.42,937.53,4886.76,6513.48,2763.36,0.29,False,0.0,0,98.11,0.0,1.0576252258312098,1.2923076923076924,-0.3674733105309852,1,False,False,False
2017-W42,perfumery,44,4627.37,4638.57,937.58,4887.35,6513.73,2763.41,-0.01,False,0.0,0,96.4,0.0,0.9975854627611527,1.2941176470588236,-0.3720710621641279,1,False,False,False
2017-W43,perfumery,41,6180.47,4608.37,932.98,4766.54,6474.32,2742.41,1.69,False,0.0,0,128.76,0.0,1.3411401428270735,1.1508771929824562,-0.3886291475060446,1,False,False,False
2017-W44,perfumery,29,3713.44,5003.06,828.49,4935.68,6660.04,3346.08,-1.56,False,0.0,0,116.05,0.0,0.7422337529431987,0.7759197324414716,-0.3902751215136887,1,False,False,False
2017-W45,perfumery,34,4573.32,4726.21,845.05,4766.54,6416.3,3036.11,-0.18,False,0.0,0,114.33,0.0,0.9676506122241711,0.9066666666666666,-0.3525275990675615,1,False,False,False
2017-W46,perfumery,54,7008.95,4677.16,840.54,4600.34,6358.24,2996.09,2.77,True,0.0,0,120.84,0.0,1.4985482643313464,1.464406779661017,-0.46077441018255416,1,False,False,False
2017-W47,perfumery,125,18305.65,4872.21,1163.94,4600.34,7200.1,2544.33,11.54,True,0.0,0,124.53,0.0,3.7571553771286545,3.2051282051282053,-0.7950242040197615,-1,True,False,False
2017-W48,perfumery,91,10627.52,6629.8,4852.6,4766.54,16335.0,0.0,0.82,False,0.0,0,108.44,0.0,1.6029925487948355,1.8154613466334164,-0.5453063897033869,1,False,False,False
2017-W49,perfumery,73,10272.16,7492.8,4875.76,5543.09,17244.32,0.0,0.57,False,0.0,0,133.4,0.0,1.3709374332692719,1.2695652173913043,-0.4722476994336945,1,False,False,False
2017-W50,perfumery,66,10071.57,8163.61,4837.99,6594.71,17839.59,0.0,0.39,False,0.0,0,143.88,0.0,1.2337152313743551,1.075356415478615,-0.44587897321229203,1,False,False,False
2017-W51,perfumery,35,4459.09,8844.14,4648.71,8540.26,18141.55,0.0,-0.94,False,0.0,0,117.34,0.0,0.5041858224768039,0.5458089668615984,-0.38542063261052806,1,False,False,False
2017-W52,perfumery,30,4709.27,8628.96,4826.07,8540.26,18281.1,0.0,-0.81,False,0.0,0,134.55,0.0,0.5457517476034193,0.47337278106508873,-0.3744642886017661,1,False,False,False
2018-W01,perfumery,37,4139.67,8753.44,4692.16,8540.26,18137.75,0.0,-0.98,False,0.0,0,103.49,0.0,0.47291921804456305,0.5826771653543307,-0.39762465564483573,1,False,False,False
2018-W02,perfumery,47,6223.81,8699.24,4749.5,8540.26,18198.23,0.0,-0.52,False,0.0,0,113.16,0.0,0.7154429582354321,0.735812133072407,-0.3811366856899687,1,False,False,False
2018-W03,perfumery,48,5889.86,8601.09,4797.29,8147.69,18195.67,0.0,-0.57,False,0.0,0,115.49,0.0,0.6847806498943738,0.7619047619047619,-0.3791206787467619,1,False,False,False
2018-W04,perfumery,61,7524.98,7049.12,2803.09,6056.84,12655.3,1442.94,0.17,False,0.0,1,112.31,0.01639344262295082,1.067506298658556,1.1428571428571428,-0.4530554170280308,1,False,False,False
2018-W05,perfumery,46,7996.46,6661.3,2426.62,6056.84,11514.55,1808.06,0.55,False,0.0,1,142.79,0.021739130434782608,1.200435350457118,0.9269521410579346,-0.44011348700018954,1,False,False,False
2018-W06,perfumery,49,6781.4,6376.84,2046.48,6056.84,10469.79,2283.88,0.2,False,0.0,2,132.97,0.04081632653061224,1.06344208103073,1.0594594594594595,-0.4480346344895183,1,False,False,False
2018-W07,perfumery,51,7703.2,5965.57,1438.05,6056.84,8841.67,3089.46,1.21,False,0.0,0,142.65,0.0,1.2912764413123976,1.1558073654390935,-0.36960157591938064,1,False,False,False
2018-W08,perfumery,45,4590.14,6371.08,1409.68,6502.6,9190.43,3551.73,-1.26,False,0.0,0,95.63,0.0,0.7204649761108007,0.975609756097561,-0.40355233383866657,1,False,False,False
2018-W09,perfumery,59,7367.86,6356.19,1430.22,6502.6,9216.63,3495.75,0.71,False,0.0,1,118.84,0.01694915254237288,1.1591629576837696,1.2291666666666667,-0.4437601086516196,1,False,False,False
2018-W10,perfumery,42,6603.7,6759.71,1141.84,7074.63,9043.39,4476.04,-0.14,False,0.0,0,117.92,0.0,0.976920607540856,0.8275862068965517,-0.35702870805499337,1,False,False,False
2018-W11,perfumery,48,7104.18,6807.2,1124.13,7074.63,9055.46,4558.94,0.26,False,0.0,0,129.17,0.0,1.0436273357621342,0.9576059850374065,-0.3629484394788091,1,False,False,False
2018-W12,perfumery,44,6106.9,6958.99,1062.88,7236.02,9084.75,4833.23,-0.8,False,0.0,0,122.14,0.0,0.8775555073365531,0.8778054862842892,-0.37556644411679596,1,False,False,False
2018-W13,perfumery,26,3831.78,6781.73,1073.2,6942.79,8928.14,4635.32,-2.75,True,803.54,0,136.85,0.0,0.5650151215102932,0.5416666666666666,-0.44963907112474655,1,False,True,False
2018-W14,perfumery,44,5345.42,6261.14,1369.09,6692.55,8999.33,3522.96,-0.67,False,0.0,0,111.36,0.0,0.8537454840492306,0.967032967032967,-0.3672554517924093,1,False,False,False
2018-W15,perfumery,36,4973.98,6081.65,1385.18,6355.3,8852.01,3311.29,-0.8,False,0.0,0,115.67,0.0,0.8178668617891526,0.8022284122562674,-0.355533946709829,1,False,False,False
2018-W16,perfumery,32,5247.13,5740.5,1259.11,5726.16,8258.71,3222.28,-0.39,False,0.0,0,154.33,0.0,0.9140545248671719,0.7441860465116279,-0.36130618979608725,1,False,False,False
2018-W17,perfumery,35,4744.25,5822.62,1193.05,5726.16,8208.72,3436.52,-0.9,False,0.0,0,128.22,0.0,0.8147964318468318,0.8459214501510574,-0.35772401470084647,1,False,False,False
2018-W18,perfumery,46,7043.21,5494.67,1060.88,5296.28,7616.43,3372.9,1.46,False,0.0,0,130.43,0.0,1.2818258421342865,1.1986970684039089,-0.3762092498942438,1,False,False,False
2018-W19,perfumery,52,8288.92,5549.61,1135.29,5296.28,7820.19,3279.03,2.41,True,0.0,0,156.39,0.0,1.493604055059725,1.337620578778135,-0.4428280848950549,1,False,False,False
2018-W20,perfumery,48,10676.05,5697.7,1410.87,5296.28,8519.44,2875.96,3.53,True,0.0,0,180.95,0.0,1.8737473015427277,1.2190476190476192,-0.5529389867462514,1,False,False,False
2018-W21,perfumery,22,3017.92,6268.84,2265.92,5296.28,10800.68,1737.0,-1.43,False,0.0,0,125.75,0.0,0.4814160195506665,0.5517241379310345,-0.4203027501263891,1,False,False,False
2018-W22,perfumery,30,5717.12,6167.11,2404.97,5296.28,10977.05,1357.17,-0.19,False,0.0,0,190.57,0.0,0.92703389432003,0.7619047619047619,-0.3610492375261523,1,False,False,False
2018-W23,perfumery,50,8832.5,6213.57,2390.37,5482.12,10994.32,1432.82,1.1,False,0.0,0,166.65,0.0,1.4214855550030017,1.3289036544850499,-0.40906809219517043,1,False,False,False
2018-W24,perfumery,48,10613.06,6695.89,2491.65,6380.16,11679.2,1712.58,1.57,False,0.0,0,176.88,0.0,1.585011103826377,1.2190476190476192,-0.4755634918992688,1,False,False,False
2018-W25,perfumery,30,6335.67,7366.63,2754.34,7666.06,12875.3,1857.95,-0.37,False,0.0,0,191.99,0.0,0.8600499821492325,0.7250755287009063,-0.37452932931536176,1,False,False,False
2018-W26,perfumery,20,4424.22,7565.56,2590.48,7666.06,12746.51,2384.6,-1.21,False,0.0,0,176.97,0.0,0.5847842063244492,0.49079754601226994,-0.4033202785942805,1,False,False,False
2018-W27,perfumery,34,5519.07,7238.18,2821.14,7312.3,12880.46,1595.9,-0.61,False,0.0,3,131.41,0.08823529411764706,0.7624941628973029,0.9066666666666666,-0.5197631727828385,1,False,False,False
2018-W28,perfumery,25,4726.48,6891.95,2843.64,6026.4,12579.23,1204.67,-0.76,False,0.0,0,143.23,0.0,0.6857971981804859,0.7092198581560284,-0.37129889741949285,1,False,False,False
2018-W29,perfumery,42,6789.43,6148.26,2465.45,5618.09,11079.16,1217.35,0.26,False,0.0,1,135.79,0.023809523809523808,1.1042847895176846,1.2972972972972974,-0.41819421809907426,1,False,False,False
2018-W30,perfumery,53,8541.36,6619.69,2117.39,6026.4,10854.47,2384.92,0.91,False,0.0,0,144.77,0.0,1.2902960712661773,1.5197132616487454,-0.38492545577304604,1,False,False,False
2018-W31,perfumery,67,9736.12,6972.72,2179.92,6562.55,11332.57,2612.88,1.27,False,0.0,0,135.22,0.0,1.396315928360812,1.7748344370860927,-0.4458670340371922,1,False,False,False
2018-W32,perfumery,51,7154.09,7085.68,2309.61,6562.55,11704.89,2466.46,0.03,False,0.0,0,130.07,0.0,1.009654683812986,1.2789968652037618,-0.36110674805374426,1,False,False,False
2018-W33,perfumery,48,8203.02,6653.3,1828.61,6562.55,10310.52,2996.09,0.85,False,0.0,0,157.75,0.0,1.232925014654382,1.1925465838509317,-0.3815604054154324,1,False,False,False
2018-W34,perfumery,51,7781.78,6886.72,1900.06,6971.76,10686.84,3086.61,0.47,False,0.0,0,138.96,0.0,1.1299689837832814,1.2,-0.3730318619786379,1,False,False,False
2018-W35,perfumery,1,87.62,7306.42,1630.06,7467.94,10566.53,4046.31,-4.43,True,3958.69,0,87.62,0.0,0.011992193167105094,0.0215633423180593,-0.6511184077613086,-1,True,True,True
2016-W40,pet_shop,3,659.7,,,,,,0.0,False,,0,164.93,0.0,1.0,0.07100591715976332,-0.43358767783031743,1,False,False,False
2016-W41,pet_shop,1,116.16,,,,,,0.0,False,,0,116.16,0.0,1.0,0.02531645569620253,-0.4536662077707092,1,False,False,False
2017-W01,pet_shop,5,86.1,,,,,,0.0,False,,0,17.22,0.0,1.0,0.14545454545454545,-0.4964988352856756,1,False,False,False
2017-W02,pet_shop,1,16.62,,,,,,0.0,False,,0,16.62,0.0,1.0,0.03524229074889868,-0.5195928855781875,1,False,False,False
2017-W03,pet_shop,3,387.12,219.64,296.32,101.13,812.28,0.0,0.57,False,0.0,0,129.04,0.0,1.7625204880713896,0.14906832298136646,-0.4619910719515209,1,False,False,False
2017-W04,pet_shop,4,1047.04,253.14,267.32,116.16,787.79,0.0,2.97,True,0.0,0,174.51,0.0,4.1362092122935925,0.2831858407079646,-0.5987572752752275,-1,True,False,False
2017-W05,pet_shop,8,818.73,385.46,402.76,251.64,1190.98,0.0,1.08,False,0.0,0,81.87,0.0,2.124033622165724,0.927536231884058,-0.4644217742511948,1,False,False,False
2017-W06,pet_shop,10,834.81,447.35,402.49,387.12,1252.33,0.0,0.96,False,0.0,0,83.48,0.0,1.8661227227003463,3.076923076923077,-0.44199352827641847,1,False,False,False
2017-W07,pet_shop,8,1363.52,495.78,397.01,523.41,1289.81,0.0,2.19,True,0.0,0,170.44,0.0,2.7502521279599823,1.8285714285714285,-0.4881677844803795,1,False,False,False
2017-W08,pet_shop,8,1112.11,583.76,502.5,602.92,1588.76,0.0,1.05,False,0.0,0,139.01,0.0,1.9050808551459502,1.6,-0.42738615364615784,1,False,False,False
2017-W09,pet_shop,7,2273.34,708.26,493.39,826.77,1695.03,0.0,3.17,True,0.0,0,227.33,0.0,3.20975348036032,1.1914893617021276,-0.5675088343512598,1,False,False,False
2017-W10,pet_shop,2,221.07,981.66,672.78,940.92,2327.22,0.0,-1.13,False,0.0,0,110.53,0.0,0.22520017113868346,0.32653061224489793,-0.4907241144081462,1,False,False,False
2017-W11,pet_shop,14,3802.38,1007.22,633.63,940.92,2274.48,0.0,4.41,True,0.0,0,253.49,0.0,3.775123607553464,2.24,-0.629590061984661,-1,True,False,False
2017-W12,pet_shop,14,5251.96,1434.12,1120.0,1079.57,3674.13,0.0,3.41,True,0.0,0,308.94,0.0,3.662148216327783,1.8360655737704918,-0.5953899426011303,-1,True,False,False
2017-W13,pet_shop,9,918.29,1959.74,1731.91,1237.82,5423.57,0.0,-0.6,False,0.0,0,91.83,0.0,0.4685774643575168,1.0140845070422535,-0.40256870930433697,1,False,False,False
2017-W14,pet_shop,9,1841.11,1972.18,1722.88,1237.82,5417.94,0.0,-0.08,False,0.0,0,204.57,0.0,0.933540549037106,1.0,-0.4304777858411128,1,False,False,False
2017-W15,pet_shop,9,1150.51,2097.97,1663.69,1602.32,5425.36,0.0,-0.57,False,0.0,0,115.05,0.0,0.5483920170450484,1.0140845070422535,-0.3855368444338649,1,False,False,False
2017-W16,pet_shop,11,1641.7,2071.35,1678.76,1495.81,5428.87,0.0,-0.26,False,0.0,0,126.28,0.0,0.7925748907717189,1.2222222222222223,-0.37786225742882773,1,False,False,False
2017-W17,pet_shop,15,3875.06,2137.54,1645.65,1741.4,5428.84,0.0,1.06,False,0.0,0,203.95,0.0,1.812859642392657,1.6,-0.4153933091007529,1,False,False,False
2017-W18,pet_shop,18,3458.03,2337.76,1758.12,1741.4,5854.0,0.0,0.64,False,0.0,0,157.18,0.0,1.4792065909246457,1.7349397590361446,-0.37681081918349163,1,False,False,False
2017-W19,pet_shop,16,3650.6,2742.38,1563.05,2649.57,5868.48,0.0,0.58,False,0.0,0,228.16,0.0,1.3311794864314936,1.292929292929293,-0.4055770821845822,1,False,False,False
2017-W20,pet_shop,15,1533.0,2723.41,1549.2,2649.57,5821.82,0.0,-0.77,False,0.0,0,90.18,0.0,0.562897250138613,1.188118811881188,-0.3906347343627831,1,False,False,False
2017-W21,pet_shop,8,599.94,2258.54,1200.89,1741.4,4660.31,0.0,-1.38,False,0.0,0,74.99,0.0,0.26563177982236313,0.6274509803921569,-0.4580420864241411,1,False,False,False
2017-W22,pet_shop,18,2179.08,2218.74,1255.67,1741.4,4730.08,0.0,-0.03,False,0.0,0,103.77,0.0,0.9821249898591093,1.4257425742574257,-0.38164320821865044,1,False,False,False
2017-W23,pet_shop,21,2239.75,2260.99,1246.8,1910.39,4754.59,0.0,-0.02,False,0.0,0,77.23,0.0,0.9906058850326628,1.5272727272727273,-0.400303132077832,1,False,False,False
2017-W24,pet_shop,9,1466.96,2397.15,1165.0,2209.42,4727.14,67.15,-0.8,False,0.0,0,112.84,0.0,0.611960035875936,0.5901639344262295,-0.3781019875598489,1,False,False,False
2017-W25,pet_shop,11,1459.99,2375.3,1182.69,2209.42,4740.68,9.92,-0.77,False,0.0,0,132.73,0.0,0.6146549909485117,0.7333333333333333,-0.3743920544716564,1,False,False,False
2017-W26,pet_shop,13,908.34,2073.42,1045.45,1856.04,4164.32,0.0,-1.11,False,0.0,0,69.87,0.0,0.4380877969731169,0.896551724137931,-0.4243128872818212,1,False,False,False
2017-W27,pet_shop,19,3644.64,1754.71,947.06,1499.98,3648.82,0.0,2.0,False,0.0,0,158.46,0.0,2.0770611668024914,1.3693693693693694,-0.42893220445106844,1,False,False,False
2017-W28,pet_shop,19,3432.78,1753.96,945.35,1499.98,3644.67,0.0,1.78,False,0.0,0,114.43,0.0,1.9571597983990514,1.3333333333333333,-0.42645635902551654,1,False,False,False
2017-W29,pet_shop,17,2473.35,1991.44,1106.75,1823.02,4204.94,0.0,0.44,False,0.0,0,123.67,0.0,1.2419907202828104,1.152542372881356,-0.3664517876484653,1,False,False,False
2017-W30,pet_shop,12,1584.44,2225.61,958.54,2209.42,4142.69,308.53,-0.67,False,0.0,0,121.88,0.0,0.7119126891054587,0.7559055118110236,-0.36827449418674524,1,False,False,False
2017-W31,pet_shop,17,4206.92,2151.28,985.34,1912.1,4121.97,180.6,2.09,True,0.0,0,221.42,0.0,1.9555427466438584,1.1239669421487604,-0.4399239516412044,1,False,False,False
2017-W32,pet_shop,16,3031.91,2397.18,1226.52,2028.9,4850.21,0.0,0.52,False,0.0,0,126.33,0.0,1.2647819521270827,1.0940170940170941,-0.37015278034940025,1,False,False,False
2017-W33,pet_shop,8,748.52,2592.8,1180.91,2752.63,4954.62,230.97,-1.56,False,0.0,0,93.56,0.0,0.28869176180191297,0.5161290322580645,-0.4636253796825479,1,False,False,False
2017-W34,pet_shop,21,4885.31,2503.86,1299.27,2752.63,5102.4,0.0,1.83,False,0.0,0,187.9,0.0,1.9511114838689065,1.3884297520661157,-0.4197015504260982,1,False,False,False
2017-W35,pet_shop,23,5044.16,3000.98,1360.95,3232.34,5722.88,279.09,1.5,False,0.0,0,201.77,0.0,1.680837593052936,1.426356589147287,-0.4103473335111094,1,False,False,False
2017-W36,pet_shop,18,2490.18,3175.92,1534.4,3232.34,6244.72,107.12,-0.45,False,0.0,0,113.19,0.0,0.7840814630091437,1.0827067669172932,-0.36860761235917017,1,False,False,False
2017-W37,pet_shop,12,6083.55,3058.1,1547.99,2761.04,6154.08,0.0,1.95,False,0.0,0,337.98,0.0,1.989323436120467,0.7272727272727273,-0.5738788059806776,1,False,False,False
2017-W38,pet_shop,17,2349.57,3509.37,1849.95,3619.42,7209.27,0.0,-0.63,False,0.0,0,123.66,0.0,0.669513331452654,1.0708661417322836,-0.3676450684352778,1,False,False,False
2017-W39,pet_shop,11,1415.13,3605.02,1753.48,3619.42,7111.97,98.06,-1.25,False,0.0,0,108.86,0.0,0.3925442854685966,0.6666666666666666,-0.4110775301969672,1,False,False,False
2017-W40,pet_shop,17,5008.54,3256.04,1889.13,2761.04,7034.31,0.0,0.93,False,0.0,0,250.43,0.0,1.5382304885689364,1.0793650793650793,-0.4446189090769499,1,False,False,False
2017-W41,pet_shop,14,1843.39,3503.12,1982.58,3687.74,7468.28,0.0,-0.84,False,0.0,0,131.67,0.0,0.52621377514901,0.8818897637795275,-0.37746329532011147,1,False,False,False
2017-W42,pet_shop,14,2622.99,3639.98,1794.1,3687.74,7228.17,51.79,-0.57,False,0.0,0,131.15,0.0,0.7206056077231193,0.8421052631578947,-0.36490589750755,1,False,False,False
2017-W43,pet_shop,14,1619.17,3357.19,1747.45,2556.58,6852.09,0.0,-0.99,False,0.0,0,115.66,0.0,0.48229918473485267,0.8888888888888888,-0.38336515208584676,1,False,False,False
2017-W44,pet_shop,7,1725.01,2929.06,1693.84,2419.88,6316.74,0.0,-0.71,False,0.0,0,215.63,0.0,0.5889295541914471,0.47863247863247865,-0.4635552879224594,1,False,False,False
2017-W45,pet_shop,13,4160.54,2833.42,1743.05,2096.48,6319.52,0.0,0.76,False,0.0,1,218.98,0.07692307692307693,1.468380967170416,0.9811320754716981,-0.5729632775388357,1,False,False,False
2017-W46,pet_shop,16,3155.55,2593.04,1309.48,2096.48,5212.01,0.0,0.43,False,0.0,0,157.78,0.0,1.216930706815167,1.1962616822429906,-0.36899564717071004,1,False,False,False
2017-W47,pet_shop,33,4340.51,2693.79,1319.04,2233.19,5331.88,55.7,1.25,False,0.0,0,105.87,0.0,1.6113022915669002,2.490566037735849,-0.4369889162658745,1,False,False,False
2017-W48,pet_shop,27,5161.02,3059.46,1319.42,2889.27,5698.31,420.62,1.59,False,0.0,0,161.28,0.0,1.686905532348846,1.6875,-0.4280064752543737,1,False,False,False
2017-W49,pet_shop,21,2727.58,3078.52,1352.29,2889.27,5783.11,373.94,-0.26,False,0.0,0,113.65,0.0,0.886003664098333,1.2173913043478262,-0.37781203657320916,1,False,False,False
2017-W50,pet_shop,18,2489.43,3189.05,1270.59,2941.56,5730.22,647.87,-0.55,False,0.0,0,138.3,0.0,0.7806180523980495,0.993103448275862,-0.3688299631573578,1,False,False,False
2017-W51,pet_shop,9,1519.81,3172.35,1279.93,2941.56,5732.21,612.49,-1.29,False,0.0,0,151.98,0.0,0.47908017715573625,0.48322147651006714,-0.4243279947925151,1,False,False,False
2017-W52,pet_shop,13,1505.39,3159.93,1297.52,2941.56,5754.97,564.9,-1.28,False,0.0,0,115.8,0.0,0.47639979366631546,0.7222222222222222,-0.4018418119859324,1,False,False,False
2018-W01,pet_shop,17,4559.21,3132.48,1334.02,2941.56,5800.53,464.43,1.07,False,0.0,0,198.23,0.0,1.4554634027990603,0.9066666666666666,-0.3910376233277493,1,False,False,False
2018-W02,pet_shop,24,5155.15,3182.31,1384.41,2941.56,5951.13,413.49,1.43,False,0.0,0,190.93,0.0,1.6199396036212688,1.2467532467532467,-0.4062342606094636,1,False,False,False
2018-W03,pet_shop,16,2730.1,3432.26,1549.55,3534.04,6531.36,333.17,-0.45,False,0.0,0,124.1,0.0,0.7954234236334077,0.7901234567901234,-0.36695438542945524,1,False,False,False
2018-W04,pet_shop,15,2353.97,3230.96,1519.0,2728.84,6268.97,192.95,-0.58,False,0.0,0,130.78,0.0,0.7285667417733428,0.8275862068965517,-0.3682069280322893,1,False,False,False
2018-W05,pet_shop,15,2489.32,2880.08,1320.75,2608.5,5521.58,238.58,-0.3,False,0.0,0,155.58,0.0,0.8643232132440767,0.9022556390977443,-0.37428471724575396,1,False,False,False
2018-W06,pet_shop,19,3399.08,2850.3,1327.35,2489.38,5505.0,195.6,0.41,False,0.0,0,154.5,0.0,1.192534119215521,1.1968503937007875,-0.37413474047358897,1,False,False,False
2018-W07,pet_shop,27,3652.53,2964.0,1330.98,2609.71,5625.96,302.05,0.52,False,0.0,1,114.14,0.037037037037037035,1.2322975708502024,1.6875,-0.51122612003235,1,False,False,False
2018-W08,pet_shop,19,4688.86,3230.59,1208.32,3064.59,5647.24,813.95,1.21,False,0.0,0,195.37,0.0,1.4513943273519696,1.0410958904109588,-0.3954943592069615,1,False,False,False
2018-W09,pet_shop,32,4974.52,3628.53,1075.95,3525.8,5780.44,1476.62,1.25,False,0.0,0,142.13,0.0,1.3709463611986121,1.6842105263157894,-0.4092639762428692,1,False,False,False
2018-W10,pet_shop,14,1328.51,3680.44,1135.64,3525.8,5951.72,1409.17,-2.07,True,80.66,0,69.92,0.0,0.36096499331601656,0.6706586826347305,-0.48710015018323055,1,False,True,False
2018-W11,pet_shop,29,4273.63,3202.11,1227.9,3064.59,5657.91,746.32,0.87,False,0.0,0,137.86,0.0,1.334629353769858,1.4777070063694266,-0.3860970443086849,1,False,False,False
2018-W12,pet_shop,31,7470.26,3395.05,1263.88,3525.8,5922.8,867.3,3.22,True,0.0,0,196.59,0.0,2.20033872844288,1.4588235294117646,-0.5511384340463653,1,False,False,False
2018-W13,pet_shop,24,4071.33,4034.59,1829.64,3963.08,7693.87,375.31,0.02,False,0.0,0,140.39,0.0,1.0091062536713766,1.032258064516129,-0.38857181975314475,1,False,False,False
2018-W14,pet_shop,39,5491.56,4232.34,1721.03,4172.48,7674.41,790.27,0.73,False,0.0,0,133.94,0.0,1.2975233558740555,1.6,-0.424653601319204,1,False,False,False
2018-W15,pet_shop,33,7761.18,4493.9,1735.25,4481.24,7964.41,1023.39,1.88,False,0.0,0,194.03,0.0,1.7270477758739626,1.2279069767441861,-0.46665849856392183,1,False,False,False
2018-W16,pet_shop,33,6038.65,5007.48,2033.11,4831.69,9073.71,941.26,0.51,False,0.0,0,150.97,0.0,1.205925934801537,1.1945701357466063,-0.4203970026046204,1,False,False,False
2018-W17,pet_shop,38,5915.75,5176.2,2058.74,5233.04,9293.68,1058.73,0.36,False,0.0,2,144.29,0.05263157894736842,1.1428750821065647,1.2936170212765958,-0.561786992529433,1,False,False,False
2018-W18,pet_shop,29,3748.38,5293.86,2072.42,5703.66,9438.69,1149.03,-0.75,False,0.0,0,124.95,0.0,0.7080617923405607,0.9626556016597511,-0.40178276727254736,1,False,False,False
2018-W19,pet_shop,38,4682.39,5596.34,1511.71,5703.66,8619.77,2572.92,-0.6,False,0.0,0,104.05,0.0,0.8366879067390474,1.1875,-0.4626260846502494,1,False,False,False
2018-W20,pet_shop,32,3740.94,5647.44,1466.86,5703.66,8581.16,2713.71,-1.3,False,0.0,0,93.52,0.0,0.6624134120946836,0.9660377358490566,-0.46992380368726255,1,False,False,False
2018-W21,pet_shop,21,2411.82,5181.27,1395.67,5086.98,7972.62,2389.92,-1.98,False,0.0,0,96.47,0.0,0.4654881911191658,0.631578947368421,-0.49154881028515546,1,False,False,False
2018-W22,pet_shop,24,5541.95,4973.83,1678.82,5086.98,8331.47,1616.2,0.34,False,0.0,0,205.26,0.0,1.1142218370953572,0.7300380228136882,-0.4295033425347627,1,False,False,False
2018-W23,pet_shop,41,6437.13,4980.13,1681.13,5112.17,8342.39,1617.87,0.87,False,0.0,0,139.94,0.0,1.2925626439470455,1.3225806451612903,-0.461936798440407,1,False,False,False
2018-W24,pet_shop,36,8253.22,4814.63,1411.83,5112.17,7638.29,1990.96,2.44,True,0.0,0,179.42,0.0,1.7141961064505473,1.125,-0.49676857165612254,1,False,False,False
2018-W25,pet_shop,29,8284.37,5091.45,1838.69,5112.17,8768.83,1414.06,1.74,False,0.0,0,192.66,0.0,1.6271140834143518,0.8957528957528957,-0.4671967929631704,1,False,False,False
2018-W26,pet_shop,38,5017.48,5387.52,2154.05,5112.17,9695.62,1079.43,-0.17,False,0.0,0,125.44,0.0,0.9313153361843667,1.216,-0.45373126432464406,1,False,False,False
2018-W27,pet_shop,24,3706.8,5546.16,2060.8,5279.72,9667.77,1424.56,-0.89,False,0.0,0,137.29,0.0,0.6683543208273833,0.7413127413127413,-0.3939746070663649,1,False,False,False
2018-W28,pet_shop,19,3716.3,5424.21,2146.31,5279.72,9716.83,1131.6,-0.8,False,0.0,0,154.85,0.0,0.6851320284428516,0.6204081632653061,-0.3870386976729348,1,False,False,False
2018-W29,pet_shop,38,7474.17,5421.13,2149.09,5279.72,9719.31,1122.96,0.96,False,0.0,0,155.71,0.0,1.3787107116044073,1.3103448275862069,-0.4645813095299048,1,False,False,False
2018-W30,pet_shop,32,7497.72,6053.93,1862.62,5989.54,9779.17,2328.68,0.78,False,0.0,0,208.27,0.0,1.238488056518658,1.0281124497991967,-0.4663991795552653,1,False,False,False
2018-W31,pet_shop,51,10991.64,6298.4,1913.48,6955.65,10125.36,2471.44,2.45,True,0.0,0,183.19,0.0,1.7451479740886575,1.5875486381322956,-0.5960336781470996,-1,True,False,False
2018-W32,pet_shop,53,11594.75,6867.71,2536.71,7485.94,11941.13,1794.3,1.86,False,0.0,1,178.38,0.018867924528301886,1.688299302096332,1.5880149812734083,-0.6316619084025219,-1,True,False,False
2018-W33,pet_shop,47,10273.57,7285.4,3025.46,7485.94,13336.32,1234.49,0.99,False,0.0,0,165.7,0.0,1.4101586735114064,1.323943661971831,-0.5759449469225144,1,False,False,False
2018-W34,pet_shop,28,4265.21,7534.05,3196.21,7485.94,13926.47,1141.64,-1.02,False,0.0,0,142.17,0.0,0.566124461610953,0.7417218543046358,-0.4347864628329493,1,False,False,False
2017-W13,signaling_and_security,1,91.23,,,,,,0.0,False,,0,91.23,0.0,1.0,0.5714285714285714,-0.366301861462146,1,False,False,False
2017-W14,signaling_and_security,2,140.14,,,,,,0.0,False,,0,70.07,0.0,1.0,1.3333333333333333,-0.3669761975864622,1,False,False,False
2017-W15,signaling_and_security,1,43.51,,,,,,0.0,False,,0,43.51,0.0,1.0,0.8,-0.38490117205559854,1,False,False,False
2017-W19,signaling_and_security,1,40.1,,,,,,0.0,False,,0,40.1,0.0,1.0,0.8,-0.38942128004401505,1,False,False,False
2017-W21,signaling_and_security,1,101.96,78.74,47.12,67.37,172.98,0.0,0.49,False,0.0,0,101.96,0.0,1.2948945897891795,0.8888888888888888,-0.37970921183677003,1,False,False,False
2017-W22,signaling_and_security,1,1267.76,83.39,42.1,91.23,167.6,0.0,28.13,True,0.0,0,633.88,0.0,15.202782108166447,0.8888888888888888,-0.7141076879502389,-1,True,False,False
2017-W23,signaling_and_security,2,345.4,280.78,484.98,96.6,1250.75,0.0,0.13,False,0.0,0,172.7,0.0,1.2301445971935323,1.7777777777777777,-0.3647031253537916,1,False,False,False
2017-W28,signaling_and_security,2,813.81,290.01,443.4,101.96,1176.81,0.0,1.18,False,0.0,0,271.27,0.0,2.8061446157029066,1.6,-0.45538568333863,1,False,False,False
2017-W29,signaling_and_security,2,223.13,355.49,450.35,121.05,1256.18,0.0,-0.29,False,0.0,0,111.56,0.0,0.627668851444485,1.4545454545454546,-0.35065805269486766,1,False,False,False
2017-W30,signaling_and_security,1,21.75,371.98,441.62,181.64,1255.22,0.0,-0.79,False,0.0,0,21.75,0.0,0.058470885531480186,0.6666666666666666,-0.40252575157307996,1,False,False,False
2017-W31,signaling_and_security,1,144.65,357.18,452.35,162.54,1261.88,0.0,-0.47,False,0.0,0,144.65,0.0,0.4049778823002408,0.7272727272727273,-0.35271542497096087,1,False,False,False
2017-W32,signaling_and_security,1,115.04,369.82,443.66,183.89,1257.15,0.0,-0.57,False,0.0,0,115.04,0.0,0.31107025039208264,0.7272727272727273,-0.3496972949962975,1,False,False,False
2017-W33,signaling_and_security,1,141.4,379.19,436.44,183.89,1252.07,0.0,-0.54,False,0.0,0,141.4,0.0,0.37290012922281707,0.7272727272727273,-0.3489501906082843,1,False,False,False
2017-W34,signaling_and_security,1,42.38,384.12,433.07,183.89,1250.26,0.0,-0.79,False,0.0,0,42.38,0.0,0.110330105175466,0.7272727272727273,-0.3909047472882584,1,False,False,False
2017-W37,signaling_and_security,2,183.73,230.94,256.66,143.02,744.26,0.0,-0.18,False,0.0,0,91.87,0.0,0.795574608123322,1.4545454545454546,-0.35774945193435187,1,False,False,False
2017-W38,signaling_and_security,2,596.31,210.74,252.69,143.02,716.12,0.0,1.53,False,0.0,0,99.39,0.0,2.829600455537629,1.4545454545454546,-0.44262003308106246,1,False,False,False
2017-W39,signaling_and_security,2,259.87,183.55,179.69,143.02,542.94,0.0,0.42,False,0.0,0,129.94,0.0,1.4157995096703895,1.4545454545454546,-0.3734100774609816,1,False,False,False
2017-W40,signaling_and_security,3,393.12,188.14,181.31,143.02,550.77,0.0,1.13,False,0.0,0,131.04,0.0,2.0895078133304987,2.1818181818181817,-0.4092145681993645,1,False,False,False
2017-W41,signaling_and_security,1,185.05,234.56,180.16,164.19,594.89,0.0,-0.27,False,0.0,0,185.05,0.0,0.7889239427012279,0.6153846153846154,-0.367604279120144,1,False,False,False
2017-W42,signaling_and_security,1,261.6,239.61,177.83,184.39,595.28,0.0,0.12,False,0.0,0,65.4,0.0,1.09177413296607,0.6153846153846154,-0.37084768570457777,1,False,False,False
2017-W43,signaling_and_security,1,132.57,257.93,170.57,222.46,599.07,0.0,-0.73,False,0.0,0,132.57,0.0,0.5139766603341992,0.6153846153846154,-0.35758569523155226,1,False,False,False
2017-W45,signaling_and_security,2,1687.46,256.83,171.46,222.46,599.74,0.0,8.34,True,0.0,0,421.87,0.0,6.570338356111047,1.2307692307692308,-0.6284990467674595,1,False,False,False
2017-W48,signaling_and_security,1,51.89,462.46,516.61,260.74,1495.69,0.0,-0.79,False,0.0,0,17.3,0.0,0.11220429875016218,0.5714285714285714,-0.39590085734856145,1,False,False,False
2017-W50,signaling_and_security,1,123.29,445.98,528.73,260.74,1503.45,0.0,-0.61,False,0.0,0,123.29,0.0,0.27644737432171845,0.6153846153846154,-0.3525276452143007,1,False,False,False
2017-W52,signaling_and_security,1,719.15,386.86,535.92,222.46,1458.7,0.0,0.62,False,0.0,0,719.15,0.0,1.8589412190456496,0.6666666666666666,-0.5369558539728971,1,False,False,False
2018-W01,signaling_and_security,2,147.51,444.27,544.9,223.32,1534.06,0.0,-0.54,False,0.0,0,73.75,0.0,0.332027820919711,1.4545454545454546,-0.3623460004561312,1,False,False,False
2018-W02,signaling_and_security,1,78.14,413.57,555.02,166.28,1523.6,0.0,-0.6,False,0.0,0,78.14,0.0,0.18894020359310396,0.8,-0.3605996290971626,1,False,False,False
2018-W03,signaling_and_security,3,1416.21,400.2,562.54,140.04,1525.29,0.0,1.81,False,0.0,0,354.05,0.0,3.538755622188906,2.4,-0.5096362805130142,1,False,False,False
2018-W04,signaling_and_security,1,149.23,544.53,661.34,140.04,1867.21,0.0,-0.6,False,0.0,0,149.23,0.0,0.2740528529190311,0.6666666666666666,-0.3534732328907111,1,False,False,False
2018-W06,signaling_and_security,3,225.41,546.61,659.88,148.37,1866.38,0.0,-0.49,False,0.0,0,75.14,0.0,0.41237811236530614,2.0,-0.37390530838359626,1,False,False,False
2018-W07,signaling_and_security,5,494.5,363.85,475.48,148.37,1314.81,0.0,0.27,False,0.0,0,82.42,0.0,1.3590765425312628,3.076923076923077,-0.43141083060070634,1,False,False,False
2018-W08,signaling_and_security,1,497.6,419.18,459.47,187.32,1338.13,0.0,0.17,False,0.0,0,124.4,0.0,1.187079536237416,0.47058823529411764,-0.3671465582443419,1,False,False,False
2018-W09,signaling_and_security,1,399.8,465.97,443.83,359.96,1353.63,0.0,-0.15,False,0.0,0,199.9,0.0,0.8579951499023541,0.47058823529411764,-0.37163853369467076,1,False,False,False
2018-W10,signaling_and_security,3,681.16,426.05,432.01,312.6,1290.07,0.0,0.59,False,0.0,0,170.29,0.0,1.5987794859758244,1.411764705882353,-0.3985947575460646,1,False,False,False
2018-W11,signaling_and_security,2,209.82,492.76,423.98,447.15,1340.72,0.0,-0.67,False,0.0,0,69.94,0.0,0.4258056660443218,0.8888888888888888,-0.36286538947429436,1,False,False,False
2018-W12,signaling_and_security,1,378.39,509.22,407.83,447.15,1324.88,0.0,-0.32,False,0.0,0,378.39,0.0,0.743077648167786,0.42105263157894735,-0.40822766641362773,1,False,False,False
2018-W13,signaling_and_security,1,85.35,379.49,178.94,389.1,737.37,21.6,-1.64,False,0.0,0,85.35,0.0,0.22490711217686893,0.47058823529411764,-0.4196069207309734,1,False,False,False
2018-W14,signaling_and_security,2,333.07,371.5,191.66,389.1,754.82,0.0,-0.2,False,0.0,0,111.02,0.0,0.8965545087483177,0.9411764705882353,-0.3528197921436612,1,False,False,False
2018-W15,signaling_and_security,5,1110.59,384.96,183.54,389.1,752.05,17.87,3.95,True,0.0,0,85.43,0.0,2.884949085619285,2.5,-0.5098787266202288,1,False,False,False
2018-W16,signaling_and_security,4,971.96,461.97,316.88,389.1,1095.74,0.0,1.61,False,0.0,0,138.85,0.0,2.103946143688984,2.0,-0.4436843604544064,1,False,False,False
2018-W17,signaling_and_security,10,1979.36,521.27,365.2,389.1,1251.67,0.0,3.99,True,0.0,0,164.95,0.0,3.797187637884398,4.2105263157894735,-0.6370361744144782,1,False,False,False
2018-W18,signaling_and_security,5,1099.67,718.71,624.84,529.78,1968.4,0.0,0.61,False,0.0,0,183.28,0.0,1.5300608033838405,1.4285714285714286,-0.43863447117818855,1,False,False,False
2018-W20,signaling_and_security,2,367.62,771.03,638.62,675.18,2048.26,0.0,-0.63,False,0.0,0,183.81,0.0,0.4767907863507257,0.5333333333333333,-0.36315058686377794,1,False,False,False
2018-W22,signaling_and_security,1,19457.04,790.75,621.0,675.18,2032.75,0.0,30.06,True,0.0,0,3242.84,0.0,24.60580461587101,0.26666666666666666,-0.8022683948957874,-1,True,False,False
2018-W23,signaling_and_security,5,1554.24,3175.58,6605.85,1035.82,16387.28,0.0,-0.25,False,0.0,0,259.04,0.0,0.4894350008502384,1.3333333333333333,-0.47095198777017655,1,False,False,False
2018-W24,signaling_and_security,5,1200.92,3359.19,6527.63,1105.13,16414.46,0.0,-0.33,False,0.0,0,171.56,0.0,0.35750285038952845,1.1764705882352942,-0.41581346131778785,1,False,False,False
2018-W25,signaling_and_security,5,823.57,3467.68,6477.17,1155.76,16422.02,0.0,-0.41,False,0.0,0,164.71,0.0,0.23749884649102573,1.0810810810810811,-0.40734847989513295,1,False,False,False
2018-W26,signaling_and_security,1,89.77,3431.8,6492.87,1150.3,16417.54,0.0,-0.51,False,0.0,0,89.77,0.0,0.026158284282300832,0.21621621621621623,-0.368562721373783,1,False,False,False
2018-W27,signaling_and_security,4,18831.71,3321.52,6547.88,1150.3,16417.28,0.0,2.37,True,0.0,0,1883.17,0.0,5.669606083961559,0.9411764705882353,-0.7282449337349101,-1,True,False,False
2018-W28,signaling_and_security,8,1988.22,5428.07,8480.12,1150.3,22388.31,0.0,-0.41,False,0.0,0,165.69,0.0,0.3662848857881347,2.2857142857142856,-0.5565089170457714,1,False,False,False
2018-W29,signaling_and_security,2,443.88,5539.14,8420.94,1377.58,22381.02,0.0,-0.61,False,0.0,0,221.94,0.0,0.0801351834400286,0.5161290322580645,-0.38725667667985736,1,False,False,False
2018-W30,signaling_and_security,3,316.24,5548.67,8414.29,1377.58,22377.25,0.0,-0.62,False,0.0,0,105.41,0.0,0.05699383816301925,0.7741935483870968,-0.3757688028723841,1,False,False,False
2018-W31,signaling_and_security,4,705.69,3156.07,6366.67,1012.25,15889.41,0.0,-0.38,False,0.0,0,141.14,0.0,0.22359770220559114,0.9696969696969697,-0.39948496810646555,1,False,False,False
2018-W32,signaling_and_security,6,1771.75,3050.0,6404.13,764.63,15858.25,0.0,-0.2,False,0.0,0,177.18,0.0,0.5809016393442623,1.5,-0.484876795275621,1,False,False,False
2018-W33,signaling_and_security,5,621.26,3121.35,6383.73,764.63,15888.81,0.0,-0.39,False,0.0,0,124.25,0.0,0.19903567366684288,1.2121212121212122,-0.4016225116453234,1,False,False,False
2018-W34,signaling_and_security,2,390.59,3096.06,6394.52,663.48,15885.11,0.0,-0.42,False,0.0,0,130.2,0.0,0.12615711581816888,0.48484848484848486,-0.356204167775767,1,False,False,False
2017-W02,small_appliances,2,516.99,,,,,,0.0,False,,0,258.5,0.0,1.0,0.47058823529411764,-0.39941936946880396,1,False,False,False
2017-W03,small_appliances,1,53.46,,,,,,0.0,False,,0,53.46,0.0,1.0,0.25,-0.47307205139806546,1,False,False,False
2017-W04,small_appliances,1,875.96,,,,,,0.0,False,,0,875.96,0.0,1.0,0.32,-0.5188719002958929,1,False,False,False
2017-W05,small_appliances,6,1238.33,,,,,,0.0,False,,0,176.9,0.0,1.0,2.0,-0.35617744383767785,1,False,False,False
2017-W06,small_appliances,12,2784.58,671.18,506.28,696.48,1683.74,0.0,4.17,True,0.0,0,214.2,0.0,4.148782740844483,3.5555555555555554,-0.5852067795551132,1,False,False,False
2017-W07,small_appliances,4,1992.07,1093.86,1041.88,875.96,3177.63,0.0,0.86,False,0.0,0,398.41,0.0,1.821137988408023,0.9142857142857143,-0.4318838803971005,1,False,False,False
2017-W08,small_appliances,3,525.17,1243.56,1001.44,1057.14,3246.44,0.0,-0.72,False,0.0,0,175.06,0.0,0.4223117501367043,0.7272727272727273,-0.37880650204184263,1,False,False,False
2017-W09,small_appliances,8,4699.7,1140.94,953.66,875.96,3048.25,0.0,3.73,True,0.0,0,587.46,0.0,4.119147369712692,2.064516129032258,-0.5612994593536028,1,False,False,False
2017-W10,small_appliances,5,1471.6,1585.78,1537.09,1057.14,4659.96,0.0,-0.07,False,0.0,0,294.32,0.0,0.9279975784787297,1.0810810810810811,-0.3562615278503944,1,False,False,False
2017-W11,small_appliances,8,4617.02,1705.11,1478.19,1354.96,4661.48,0.0,1.97,False,0.0,0,513.0,0.0,2.707754924902206,1.6,-0.45954968020311127,1,False,False,False
2017-W12,small_appliances,7,2238.73,2275.55,1623.19,1731.84,5521.94,0.0,-0.02,False,0.0,0,319.82,0.0,0.9838192964338291,1.1914893617021276,-0.3545319534251424,1,False,False,False
2017-W13,small_appliances,7,9181.69,2445.9,1523.79,2115.4,5493.49,0.0,4.42,True,0.0,0,1147.71,0.0,3.7539106259454598,1.0566037735849056,-0.6331416042265574,-1,True,False,False
2017-W14,small_appliances,5,3986.91,3438.82,2732.85,2511.65,8904.51,0.0,0.2,False,0.0,0,797.38,0.0,1.1593831605027305,0.7407407407407407,-0.44643865437650176,1,False,False,False
2017-W15,small_appliances,2,320.14,3589.11,2724.78,3112.82,9038.66,0.0,-1.2,False,0.0,0,160.07,0.0,0.0891976005193488,0.3404255319148936,-0.4280374928619656,1,False,False,False
2017-W16,small_appliances,8,11900.52,3380.12,2921.77,3112.82,9223.65,0.0,2.92,True,0.0,0,1322.28,0.0,3.5207389086777985,1.4222222222222223,-0.6661538431077291,-1,True,False,False
2017-W17,small_appliances,4,458.13,4802.04,3928.44,4301.96,12658.93,0.0,-1.11,False,0.0,0,114.53,0.0,0.09540320363845366,0.64,-0.409484261809177,1,False,False,False
2017-W18,small_appliances,1,373.13,4271.84,4219.66,3112.82,12711.17,0.0,-0.92,False,0.0,0,373.13,0.0,0.08734643619611221,0.17391304347826086,-0.45792911779241113,1,False,False,False
2017-W19,small_appliances,2,881.96,4134.53,4339.96,3112.82,12814.45,0.0,-0.75,False,0.0,0,293.99,0.0,0.21331566103039526,0.38095238095238093,-0.41247507768865194,1,False,False,False
2017-W20,small_appliances,6,1193.05,3667.65,4479.31,1560.34,12626.26,0.0,-0.55,False,0.0,0,198.84,0.0,0.32529003585402094,1.3333333333333333,-0.3490886201881649,1,False,False,False
2017-W21,small_appliances,4,2129.74,3536.94,4541.78,1037.51,12620.5,0.0,-0.31,False,0.0,0,425.95,0.0,0.6021419645230057,0.9142857142857143,-0.3910720450282974,1,False,False,False
2017-W22,small_appliances,7,3758.16,2655.45,3933.29,1037.51,10522.02,0.0,0.28,False,0.0,0,536.88,0.0,1.4152629497825229,1.75,-0.39344503073889137,1,False,False,False
2017-W23,small_appliances,4,941.78,2626.85,3923.04,1037.51,10472.94,0.0,-0.43,False,0.0,0,235.44,0.0,0.35852066162894725,0.9411764705882353,-0.3627583927554224,1,False,False,False
2017-W24,small_appliances,6,3756.63,2704.56,3876.71,1067.42,10457.98,0.0,0.27,False,0.0,0,469.58,0.0,1.3889985801757034,1.3333333333333333,-0.38382168871573086,1,False,False,False
2017-W25,small_appliances,3,2544.5,1686.57,1386.31,1067.42,4459.18,0.0,0.62,False,0.0,0,848.17,0.0,1.5086833039838252,0.7058823529411765,-0.4789285269482681,1,False,False,False
2017-W26,small_appliances,9,1181.32,1947.37,1316.69,1661.4,4580.75,0.0,-0.58,False,0.0,0,131.26,0.0,0.6066232919270605,2.1818181818181817,-0.3675808248551738,1,False,False,False
2017-W27,small_appliances,6,351.44,2048.39,1204.91,1661.4,4458.22,0.0,-1.41,False,0.0,0,58.57,0.0,0.17156889068976125,1.170731707317073,-0.4405719805432632,1,False,False,False
2017-W28,small_appliances,9,3052.08,1982.08,1289.88,1661.4,4561.85,0.0,0.83,False,0.0,0,305.21,0.0,1.5398369389731998,1.6,-0.376293893083651,1,False,False,False
2017-W29,small_appliances,8,1790.79,2214.46,1294.88,2337.12,4804.21,0.0,-0.33,False,0.0,1,223.85,0.125,0.8086802200084896,1.3333333333333333,-0.47326857459713856,1,False,False,False
2017-W30,small_appliances,7,832.94,2172.09,1303.56,2167.64,4779.21,0.0,-1.03,False,0.0,0,118.99,0.0,0.383473981280702,1.0769230769230769,-0.3718963747179678,1,False,False,False
2017-W31,small_appliances,9,918.9,1806.44,1201.37,1486.05,4209.17,0.0,-0.74,False,0.0,0,83.54,0.0,0.5086800558003587,1.3846153846153846,-0.38624772910210914,1,False,False,False
2017-W32,small_appliances,6,655.27,1803.58,1203.74,1486.05,4211.06,0.0,-0.95,False,0.0,0,109.21,0.0,0.36331629315028996,0.8421052631578947,-0.37545946943505976,1,False,False,False
2017-W33,small_appliances,9,1409.19,1415.9,959.53,1050.11,3334.96,0.0,-0.01,False,0.0,0,140.92,0.0,0.9952609647573981,1.263157894736842,-0.3680044688421032,1,False,False,False
2017-W34,small_appliances,6,1062.01,1273.99,846.01,1050.11,2966.0,0.0,-0.25,False,0.0,0,132.75,0.0,0.8336093689903374,0.7619047619047619,-0.3657694549348508,1,False,False,False
2017-W35,small_appliances,6,1666.64,1259.08,848.92,990.46,2956.92,0.0,0.48,False,0.0,0,277.77,0.0,1.323696667407949,0.8,-0.36944368357287877,1,False,False,False
2017-W36,small_appliances,5,831.86,1423.48,771.89,1235.6,2967.26,0.0,-0.77,False,0.0,1,138.64,0.2,0.5843847472391603,0.6666666666666666,-0.5886169922868758,1,False,False,False
2017-W37,small_appliances,15,7833.7,1145.95,422.95,990.46,1991.86,300.04,15.81,True,0.0,1,522.25,0.06666666666666667,6.835987608534404,2.142857142857143,-0.7570303011874792,-1,True,False,False
2017-W38,small_appliances,3,588.1,1901.31,2420.09,990.46,6741.49,0.0,-0.54,False,0.0,0,196.03,0.0,0.3093130525795373,0.38095238095238093,-0.3718664007644637,1,False,False,False
2017-W39,small_appliances,5,2541.53,1870.71,2437.02,990.46,6744.75,0.0,0.28,False,0.0,0,317.69,0.0,1.3585911231564487,0.6779661016949152,-0.37541891878361233,1,False,False,False
2017-W40,small_appliances,6,1453.14,2073.54,2413.9,1235.6,6901.34,0.0,-0.26,False,0.0,0,242.19,0.0,0.7008015278219857,0.8727272727272727,-0.34746230473101525,1,False,False,False
2017-W41,small_appliances,11,2333.51,2173.27,2362.87,1431.16,6899.02,0.0,0.07,False,0.0,0,212.14,0.0,1.0737322099877145,1.6,-0.3749766811680766,1,False,False,False
2017-W42,small_appliances,5,1832.43,2288.81,2342.69,1559.89,6974.18,0.0,-0.19,False,0.0,0,261.78,0.0,0.8006038072185984,0.7017543859649122,-0.3585664472352601,1,False,False,False
2017-W43,small_appliances,6,1317.66,2385.11,2300.51,1749.54,6986.13,0.0,-0.46,False,0.0,0,219.61,0.0,0.5524525074315231,0.8571428571428571,-0.34947344928845486,1,False,False,False
2017-W44,small_appliances,3,520.36,2341.49,2319.31,1642.78,6980.11,0.0,-0.79,False,0.0,0,173.45,0.0,0.2222345600450995,0.42857142857142855,-0.3846344151270491,1,False,False,False
2017-W45,small_appliances,3,775.9,2302.55,2350.68,1642.78,7003.91,0.0,-0.65,False,0.0,0,258.63,0.0,0.3369742242296584,0.4444444444444444,-0.3681229245019922,1,False,False,False
2017-W46,small_appliances,6,1840.46,1420.33,773.7,1385.4,2967.73,0.0,0.54,False,0.0,0,306.74,0.0,1.2957974555209002,1.1428571428571428,-0.36957959069194785,1,False,False,False
2017-W47,small_appliances,17,3906.33,1576.87,704.89,1642.78,2986.66,167.09,3.3,True,0.0,1,229.78,0.058823529411764705,2.4772682592731172,3.022222222222222,-0.590068945852219,-1,True,False,False
2017-W48,small_appliances,8,2975.19,1747.47,1051.6,1642.78,3850.68,0.0,1.17,False,0.0,0,297.52,0.0,1.7025700012017373,1.1228070175438596,-0.40017165556562556,1,False,False,False
2017-W49,small_appliances,10,4445.46,1937.73,1125.81,1836.45,4189.35,0.0,2.23,True,0.0,0,444.55,0.0,2.2941586289111484,1.3559322033898304,-0.44959778231901637,1,False,False,False
2017-W50,small_appliances,7,1728.97,2201.72,1436.6,1836.45,5074.92,0.0,-0.33,False,0.0,0,247.0,0.0,0.7852815071852915,0.9655172413793104,-0.35354053616290776,1,False,False,False
2017-W51,small_appliances,4,2175.45,2188.79,1440.86,1784.72,5070.51,0.0,-0.01,False,0.0,0,543.86,0.0,0.9939053084124104,0.5333333333333333,-0.39049265137259276,1,False,False,False
2017-W52,small_appliances,2,595.42,2296.02,1398.05,2007.96,5092.12,0.0,-1.22,False,0.0,0,297.71,0.0,0.25932700934660846,0.27586206896551724,-0.4249894281810532,1,False,False,False
2018-W01,small_appliances,13,5057.59,2305.4,1384.62,2007.96,5074.63,0.0,1.99,False,0.0,0,361.26,0.0,2.193801509499436,1.8245614035087718,-0.4672084614918535,1,False,False,False
2018-W02,small_appliances,11,3900.24,2840.61,1528.95,2575.32,5898.5,0.0,0.69,False,0.0,0,354.57,0.0,1.373029032496541,1.3134328358208955,-0.3799505016130822,1,False,False,False
2018-W03,small_appliances,8,2192.16,3098.08,1509.78,3437.72,6117.63,78.53,-0.6,False,0.0,0,243.57,0.0,0.7075866343025358,0.8888888888888888,-0.35199589284372385,1,False,False,False
2018-W04,small_appliances,13,5702.47,2883.81,1500.29,2583.68,5884.39,0.0,1.88,False,0.0,0,407.32,0.0,1.977408359080522,1.6507936507936507,-0.4817524643957855,1,False,False,False
2018-W05,small_appliances,13,2341.52,3224.72,1803.28,3046.2,6831.29,0.0,-0.49,False,0.0,0,156.1,0.0,0.726115755786549,1.5294117647058822,-0.4198157468990403,1,False,False,False
2018-W06,small_appliances,5,823.76,2961.73,1752.52,2266.84,6466.77,0.0,-1.22,False,0.0,0,164.75,0.0,0.27813473881819073,0.5633802816901409,-0.3825362474049549,1,False,False,False
2018-W07,small_appliances,6,609.79,2848.58,1868.85,2266.84,6586.27,0.0,-1.2,False,0.0,0,87.11,0.0,0.21406806198175932,0.6956521739130435,-0.3899408072414626,1,False,False,False
2018-W08,small_appliances,6,1011.99,2652.87,2024.87,2266.84,6702.62,0.0,-0.81,False,0.0,0,168.66,0.0,0.38146987979056646,0.676056338028169,-0.3553112682282924,1,False,False,False
2018-W09,small_appliances,11,3765.72,2704.94,1968.99,2266.84,6642.92,0.0,0.54,False,0.0,0,313.81,0.0,1.3921639666683918,1.1733333333333333,-0.37864201838061506,1,False,False,False
2018-W10,small_appliances,10,4059.7,2543.46,1793.65,2266.84,6130.75,0.0,0.85,False,0.0,1,369.06,0.1,1.5961328269365351,1.095890410958904,-0.5075400344197332,1,False,False,False
2018-W11,small_appliances,11,7321.34,2563.39,1811.67,2266.84,6186.73,0.0,2.63,True,0.0,0,610.11,0.0,2.856116314723862,1.2222222222222223,-0.5567263318137897,1,False,False,False
2018-W12,small_appliances,8,2139.76,3204.54,2454.93,3053.62,8114.4,0.0,-0.43,False,0.0,0,237.75,0.0,0.6677276613804166,0.8533333333333334,-0.3474249394256612,1,False,False,False
2018-W13,small_appliances,6,2762.04,2759.2,2251.8,2240.64,7262.8,0.0,0.0,False,0.0,0,394.58,0.0,1.0010292838503914,0.6857142857142857,-0.3633208657223705,1,False,False,False
2018-W14,small_appliances,20,4809.82,2811.76,2245.56,2450.9,7302.88,0.0,0.89,False,0.0,0,178.14,0.0,1.710608302273309,2.5396825396825395,-0.5368001961159667,1,False,False,False
2018-W15,small_appliances,16,3909.11,3310.02,2182.78,3263.88,7675.58,0.0,0.27,False,0.0,0,195.46,0.0,1.1809928640914558,1.641025641025641,-0.45233619319700735,1,False,False,False
2018-W16,small_appliances,11,1111.39,3722.44,1892.04,3837.42,7506.52,0.0,-1.38,False,0.0,0,92.62,0.0,0.29856491978379773,1.0,-0.4371331218048885,1,False,False,False
2018-W17,small_appliances,10,1290.74,3734.86,1871.92,3837.42,7478.7,0.0,-1.31,False,0.0,1,129.07,0.1,0.3455926058808094,0.8602150537634409,-0.5116241281138787,1,False,False,False
2018-W18,small_appliances,8,1290.7,3425.49,2061.05,3335.58,7547.6,0.0,-1.04,False,0.0,0,143.41,0.0,0.37679280920393876,0.6956521739130435,-0.3634833010930046,1,False,False,False
2018-W19,small_appliances,11,3510.85,3079.36,2169.01,2450.9,7417.39,0.0,0.2,False,0.0,0,270.07,0.0,1.1401232723682841,0.9777777777777777,-0.373867143164117,1,False,False,False
2018-W20,small_appliances,8,3255.86,2603.05,1378.88,2450.9,5360.81,0.0,0.47,False,0.0,0,361.76,0.0,1.2507865772843394,0.7111111111111111,-0.36265915938564985,1,False,False,False
2018-W21,small_appliances,8,4407.59,2742.56,1381.77,3008.95,5506.09,0.0,1.2,False,0.0,0,339.05,0.0,1.6071079575287324,0.7111111111111111,-0.40171974496718565,1,False,False,False
2018-W22,small_appliances,5,10054.51,2948.26,1502.3,3383.36,5952.86,0.0,4.73,True,0.0,0,1436.36,0.0,3.4103199853472894,0.43478260869565216,-0.6743892608023585,-1,True,False,False
2018-W23,small_appliances,15,6009.78,3603.84,2912.86,3383.36,9429.57,0.0,0.83,False,0.0,0,353.52,0.0,1.6676045551411827,1.5584415584415585,-0.4967874895528623,1,False,False,False
2018-W24,small_appliances,10,4620.53,3866.43,3036.38,3383.36,9939.19,0.0,0.25,False,0.0,0,420.05,0.0,1.195037799727397,1.0526315789473684,-0.3944636279682344,1,False,False,False
2018-W25,small_appliances,10,1155.71,4305.07,2827.83,3959.22,9960.73,0.0,-1.11,False,0.0,0,115.57,0.0,0.26845324233984585,1.0666666666666667,-0.38727055352766726,1,False,False,False
2018-W26,small_appliances,8,3444.57,4288.19,2848.72,3959.22,9985.63,0.0,-0.3,False,0.0,0,382.73,0.0,0.8032689782868764,0.8533333333333334,-0.37804184677320796,1,False,False,False
2018-W27,small_appliances,9,1395.42,4557.42,2617.34,3959.22,9792.1,0.0,-1.21,False,0.0,0,139.54,0.0,0.3061863949339758,0.96,-0.38507929338924335,1,False,False,False
2018-W28,small_appliances,6,6427.83,4293.0,2835.91,3926.08,9964.82,0.0,0.75,False,0.0,0,803.48,0.0,1.4972816212438853,0.6575342465753424,-0.5112432069648637,1,False,False,False
2018-W29,small_appliances,10,2843.61,4689.49,2891.39,4514.06,10472.27,0.0,-0.64,False,0.0,0,189.57,0.0,0.606379371744049,1.1267605633802817,-0.37804866493155836,1,False,False,False
2018-W30,small_appliances,6,1090.8,4494.0,2965.11,4032.55,10424.21,0.0,-1.15,False,0.0,0,181.8,0.0,0.24272363150867823,0.6575342465753424,-0.3684313731226474,1,False,False,False
2018-W31,small_appliances,9,2132.46,3373.53,2143.49,3144.09,7660.52,0.0,-0.58,False,0.0,1,236.94,0.1111111111111111,0.6321153213399614,0.972972972972973,-0.4578377971585233,1,False,False,False
2018-W32,small_appliances,11,2939.03,2888.87,1885.02,2488.04,6658.91,0.0,0.03,False,0.0,1,244.92,0.09090909090909091,1.01736319045163,1.2941176470588236,-0.4702147170419021,1,False,False,False
2018-W33,small_appliances,6,1981.65,2678.68,1753.51,2488.04,6185.7,0.0,-0.4,False,0.0,0,330.28,0.0,0.739786014006899,0.6956521739130435,-0.36013554270785186,1,False,False,False
2018-W34,small_appliances,3,1224.38,2781.92,1673.52,2488.04,6128.97,0.0,-0.93,False,0.0,0,408.13,0.0,0.4401204923218497,0.36923076923076925,-0.41225472300340965,1,False,False,False
2017-W26,small_appliances_home_oven_and_coffee,1,88.65,,,,,,0.0,False,,0,88.65,0.0,1.0,0.13333333333333333,-0.46869326469368094,1,False,False,False
2017-W32,small_appliances_home_oven_and_coffee,2,133.86,,,,,,0.0,False,,0,66.93,0.0,1.0,0.3076923076923077,-0.475925252876712,1,False,False,False
2017-W36,small_appliances_home_oven_and_coffee,1,673.47,,,,,,0.0,False,,0,673.47,0.0,1.0,0.16666666666666666,-0.42312015671151765,1,False,False,False
2018-W02,small_appliances_home_oven_and_coffee,1,385.13,,,,,,0.0,False,,0,385.13,0.0,1.0,0.20512820512820512,-0.42841830951334475,1,False,False,False
2018-W06,small_appliances_home_oven_and_coffee,2,829.84,320.28,269.17,259.5,858.61,0.0,1.89,False,0.0,0,414.92,0.0,2.5909828899712752,0.47058823529411764,-0.4918462811011945,1,False,False,False
2018-W07,small_appliances_home_oven_and_coffee,1,797.62,422.19,325.99,385.13,1074.17,0.0,1.15,False,0.0,0,797.62,0.0,1.8892441791610413,0.2962962962962963,-0.4605564645853761,1,False,False,False
2018-W08,small_appliances_home_oven_and_coffee,1,793.09,484.76,329.4,529.3,1143.57,0.0,0.94,False,0.0,0,793.09,0.0,1.6360467035233932,0.47058823529411764,-0.44596952575832466,1,False,False,False
2018-W09,small_appliances_home_oven_and_coffee,2,1586.18,528.81,322.5,673.47,1173.8,0.0,3.28,True,0.0,0,793.09,0.0,2.9995272404077085,1.3333333333333333,-0.5299925186241743,1,False,False,False
2018-W10,small_appliances_home_oven_and_coffee,1,238.98,660.98,478.43,733.28,1617.85,0.0,-0.88,False,0.0,0,238.98,0.0,0.36155405609852037,0.7272727272727273,-0.4723594489590349,1,False,False,False
2018-W11,small_appliances_home_oven_and_coffee,1,2960.05,679.77,455.13,733.28,1590.03,0.0,5.01,True,0.0,0,2960.05,0.0,4.354487547258632,0.7272727272727273,-0.7058989136678654,-1,True,False,False
2018-W12,small_appliances_home_oven_and_coffee,1,818.4,1033.04,874.5,795.36,2782.04,0.0,-0.25,False,0.0,0,272.8,0.0,0.7922248896460931,0.8,-0.4238890721308555,1,False,False,False
2018-W13,small_appliances_home_oven_and_coffee,3,3409.96,1051.16,867.46,808.01,2786.08,0.0,2.72,True,0.0,0,1136.65,0.0,3.2439971079569236,2.4,-0.5237561958491519,1,False,False,False
2018-W14,small_appliances_home_oven_and_coffee,4,3561.46,1429.26,1149.16,824.12,3727.59,0.0,1.86,False,0.0,0,890.37,0.0,2.4918209423058086,2.6666666666666665,-0.5038710699770678,1,False,False,False
2018-W15,small_appliances_home_oven_and_coffee,4,3198.99,1770.72,1336.21,1202.29,4443.14,0.0,1.07,False,0.0,0,799.75,0.0,1.8066040932502032,2.2857142857142856,-0.48379738267204114,1,False,False,False
2018-W16,small_appliances_home_oven_and_coffee,4,3548.97,2070.89,1355.96,2273.12,4782.82,0.0,1.09,False,0.0,0,887.24,0.0,1.7137414348420243,1.8823529411764706,-0.4679551187744949,1,False,False,False
2018-W17,small_appliances_home_oven_and_coffee,1,2114.63,2415.37,1334.87,3079.52,5085.1,0.0,-0.23,False,0.0,0,2114.63,0.0,0.8754890555070238,0.4,-0.5243832191905766,1,False,False,False
2018-W18,small_appliances_home_oven_and_coffee,2,2345.13,2481.43,1300.61,3079.52,5082.64,0.0,-0.1,False,0.0,0,1172.57,0.0,0.9450719947772052,0.8421052631578947,-0.429965333581793,1,False,False,False
2018-W19,small_appliances_home_oven_and_coffee,3,3597.49,2744.7,946.92,3079.52,4638.53,850.87,0.9,False,0.0,0,1199.16,0.0,1.310704266404343,1.2,-0.44911206953012117,1,False,False,False
2018-W20,small_appliances_home_oven_and_coffee,3,3518.31,2824.38,993.31,3304.48,4811.0,837.76,0.7,False,0.0,0,1172.77,0.0,1.2456928600259172,1.0909090909090908,-0.4500219318295589,1,False,False,False
2018-W21,small_appliances_home_oven_and_coffee,2,2472.75,3161.87,591.97,3464.14,4345.82,1977.92,-1.16,False,0.0,0,1236.38,0.0,0.782053025582962,0.6666666666666666,-0.4720959735154502,1,False,False,False
2018-W24,small_appliances_home_oven_and_coffee,3,3672.13,3044.72,627.53,3358.65,4299.78,1789.65,1.0,False,0.0,0,1224.04,0.0,1.206064925510392,1.0434782608695652,-0.46773637307369575,1,False,False,False
2018-W27,small_appliances_home_oven_and_coffee,2,2884.45,3058.55,641.61,3358.65,4341.77,1775.33,-0.27,False,0.0,0,961.48,0.0,0.943077602131729,0.7272727272727273,-0.44379454907075794,1,False,False,False
2018-W29,small_appliances_home_oven_and_coffee,5,2047.25,3019.23,641.41,3201.38,4302.06,1736.4,-1.52,False,0.0,0,409.45,0.0,0.6780702364510156,2.0,-0.533925354079505,1,False,False,False
2018-W30,small_appliances_home_oven_and_coffee,7,1252.56,2831.52,682.65,2678.6,4196.83,1466.21,-2.31,True,213.65,0,178.94,0.0,0.4423631123919308,2.6666666666666665,-0.57809490828631,-1,True,True,True
2018-W31,small_appliances_home_oven_and_coffee,4,1119.78,2723.76,857.6,2678.6,4438.97,1008.55,-1.87,False,0.0,0,279.94,0.0,0.41111551678561986,1.1851851851851851,-0.4771228649451721,1,False,False,False
2018-W32,small_appliances_home_oven_and_coffee,2,932.14,2570.59,1027.49,2678.6,4625.56,515.62,-1.59,False,0.0,0,466.07,0.0,0.36261714236809445,0.5517241379310345,-0.4686476202568559,1,False,False,False
2018-W33,small_appliances_home_oven_and_coffee,7,823.24,2237.42,1077.83,2260.0,4393.09,81.75,-1.31,False,0.0,0,117.61,0.0,0.36794164707564964,2.0,-0.539915783113533,1,False,False,False
2018-W34,small_appliances_home_oven_and_coffee,4,538.82,1900.54,1040.84,1649.9,3982.21,0.0,-1.31,False,0.0,0,134.71,0.0,0.283508897471245,1.0,-0.4811480449862764,1,False,False,False
2016-W40,sports_leisure,16,3739.62,,,,,,0.0,False,,2,233.73,0.125,1.0,3.764705882352941,-0.6420390289526461,-1,True,False,False
2016-W41,sports_leisure,3,187.49,,,,,,0.0,False,,0,62.5,0.0,1.0,0.5106382978723404,-0.5725922632789356,1,False,False,False
2017-W02,sports_leisure,8,1282.14,,,,,,0.0,False,,0,160.27,0.0,1.0,1.3333333333333333,-0.4525475683610934,1,False,False,False
2017-W03,sports_leisure,14,3662.9,,,,,,0.0,False,,0,174.42,0.0,1.0,2.196078431372549,-0.43818362948124484,1,False,False,False
2017-W04,sports_leisure,31,10865.6,2218.04,1770.3,2472.52,5758.63,0.0,4.88,True,0.0,0,252.69,0.0,4.898739427602749,4.275862068965517,-0.673549761994639,-1,True,False,False
2017-W05,sports_leisure,34,5611.31,3947.55,4160.11,3662.9,12267.77,0.0,0.4,False,0.0,0,130.5,0.0,1.4214664792086231,3.2,-0.42835480451939356,1,False,False,False
2017-W06,sports_leisure,50,7709.13,4224.84,3782.4,3701.26,11789.65,0.0,0.92,False,0.0,0,120.46,0.0,1.8247152554889652,3.4188034188034186,-0.46376436326948023,1,False,False,False
2017-W07,sports_leisure,23,4517.04,4722.6,3695.47,3739.62,12113.53,0.0,-0.06,False,0.0,1,180.68,0.043478260869565216,0.9564731292084868,1.15,-0.49878631761065484,1,False,False,False
2017-W08,sports_leisure,29,5415.63,4696.9,3422.11,4128.33,11541.12,0.0,0.21,False,0.0,0,154.73,0.0,1.153022206135962,1.2960893854748603,-0.40511206094968827,1,False,False,False
2017-W09,sports_leisure,42,11916.45,4906.4,3406.4,4966.34,11719.2,0.0,2.06,True,0.0,0,259.05,0.0,2.4287563182781677,1.75,-0.5750594240960234,-1,True,False,False
2017-W10,sports_leisure,30,5945.45,6372.52,3603.6,5513.47,13579.72,0.0,-0.12,False,0.0,0,138.27,0.0,0.9329825563513334,1.0389610389610389,-0.39882757121637363,1,False,False,False
2017-W11,sports_leisure,34,7240.79,6955.44,2986.96,5778.38,12929.35,981.52,0.1,False,0.0,0,157.41,0.0,1.0410254419562242,1.075098814229249,-0.3789363062837948,1,False,False,False
2017-W12,sports_leisure,50,8359.67,7402.68,2675.12,6593.12,12752.91,2052.44,0.36,False,0.0,2,141.69,0.04,1.1292761540415093,1.465201465201465,-0.45143072979467513,1,False,False,False
2017-W13,sports_leisure,34,5923.8,7089.43,2337.06,6593.12,11763.55,2415.32,-0.5,False,0.0,0,148.09,0.0,0.8355819861399294,0.9315068493150684,-0.39454053101309505,1,False,False,False
2017-W14,sports_leisure,47,8938.06,7128.5,2311.29,6593.12,11751.08,2505.91,0.78,False,0.0,3,168.64,0.06382978723404255,1.2538486357578733,1.2876712328767124,-0.5056540834833315,1,False,False,False
2017-W15,sports_leisure,38,6288.6,7282.11,2394.73,6593.12,12071.57,2492.65,-0.41,False,0.0,0,142.92,0.0,0.8635683888323578,1.0519031141868511,-0.38868281750326555,1,False,False,False
2017-W16,sports_leisure,43,7147.79,7503.56,2174.27,6764.7,11852.11,3155.01,-0.16,False,0.0,1,142.96,0.023255813953488372,0.9525865056053393,1.131578947368421,-0.411463581715777,1,False,False,False
2017-W17,sports_leisure,63,10104.85,7720.08,2017.22,7194.29,11754.53,3685.63,1.18,False,0.0,1,144.36,0.015873015873015872,1.3089048300017616,1.5849056603773586,-0.4108814901938586,1,False,False,False
2017-W18,sports_leisure,64,13757.65,7493.63,1519.01,7194.29,10531.65,4455.61,4.12,True,0.0,0,176.38,0.0,1.8359126351314383,1.5103244837758112,-0.4938302611824752,1,False,False,False
2017-W19,sports_leisure,49,9013.26,8470.15,2545.7,7800.23,13561.55,3378.75,0.21,False,0.0,1,150.22,0.02040816326530612,1.0641204701215445,1.0509383378016086,-0.3964671315652176,1,False,False,False
2017-W20,sports_leisure,74,16754.92,8691.71,2500.14,8648.86,13692.0,3691.42,3.23,True,0.0,1,188.26,0.013513513513513514,1.9276897181337158,1.5257731958762886,-0.5140690799734263,1,False,False,False
2017-W21,sports_leisure,66,12673.38,9741.12,3776.81,8975.66,17294.74,2187.5,0.78,False,0.0,0,150.87,0.0,1.3010187740218782,1.2815533980582525,-0.3781905546486429,1,False,False,False
2017-W22,sports_leisure,47,7492.49,10584.81,3549.28,9559.06,17683.37,3486.25,-0.87,False,0.0,1,144.09,0.02127659574468085,0.7078530460159417,0.8468468468468469,-0.4195782305974006,1,False,False,False
2017-W23,sports_leisure,62,11337.63,10404.12,3679.5,9559.06,17763.12,3045.11,0.25,False,0.0,0,151.17,0.0,1.089725032006551,1.117117117117117,-0.3624422576210829,1,False,False,False
2017-W24,sports_leisure,62,11072.38,11035.25,3284.57,10721.24,17604.38,4466.12,0.01,False,0.0,0,147.63,0.0,1.003364672300129,1.0598290598290598,-0.3587357747214708,1,False,False,False
2017-W25,sports_leisure,43,8593.58,11525.82,2890.44,11205.0,17306.69,5744.95,-1.01,False,0.0,1,179.03,0.023255813953488372,0.7455938059070851,0.7063655030800822,-0.454144902857886,1,False,False,False
2017-W26,sports_leisure,66,9753.62,11336.91,3041.99,11205.0,17420.88,5252.94,-0.52,False,0.0,0,131.81,0.0,0.8603420155933144,1.1306209850107067,-0.3776601702855976,1,False,False,False
2017-W27,sports_leisure,70,10980.96,10836.41,2913.48,10413.0,16663.37,5009.45,0.05,False,0.0,1,120.67,0.014285714285714285,1.0133392885651245,1.1940298507462686,-0.3969510521304827,1,False,False,False
2017-W28,sports_leisure,81,15799.67,11082.37,2819.11,11026.67,16720.58,5444.16,1.67,False,0.0,2,162.88,0.024691358024691357,1.4256580496770996,1.3224489795918368,-0.4464426272148833,1,False,False,False
2017-W29,sports_leisure,68,10237.71,10962.96,2552.1,11026.67,16067.17,5858.76,-0.28,False,0.0,0,134.71,0.0,0.9338454213095734,1.0945674044265594,-0.36717623424102136,1,False,False,False
2017-W30,sports_leisure,87,16749.1,10658.5,2462.62,10609.34,15583.75,5733.26,2.47,True,0.0,2,145.64,0.022988505747126436,1.5714312520523523,1.3947895791583167,-0.4767004493039062,1,False,False,False
2017-W31,sports_leisure,82,14123.74,11815.58,2898.59,11026.67,17612.75,6018.41,0.8,False,0.0,0,156.93,0.0,1.195348852955166,1.217068645640074,-0.3708780606235785,1,False,False,False
2017-W32,sports_leisure,88,17711.45,12163.84,2998.61,11026.67,18161.06,6166.63,1.85,False,0.0,1,167.09,0.011363636363636364,1.456073904293381,1.259391771019678,-0.4165074032728793,1,False,False,False
2017-W33,sports_leisure,96,13228.8,12993.73,3525.75,12552.35,20045.23,5942.23,0.07,False,0.0,0,121.37,0.0,1.0180910331367514,1.3128205128205128,-0.38008483895305495,1,False,False,False
2017-W34,sports_leisure,84,11557.63,13573.13,3047.83,13676.27,19668.78,7477.48,-0.66,False,0.0,0,122.95,0.0,0.8515080898805213,1.0532915360501567,-0.37940784787316423,1,False,False,False
2017-W35,sports_leisure,83,11625.48,13798.63,2779.81,13676.27,19358.26,8239.01,-0.78,False,0.0,2,127.75,0.024096385542168676,0.842509727414968,1.0121951219512195,-0.4143024459823364,1,False,False,False
2017-W36,sports_leisure,80,17290.12,13879.2,2694.52,13676.27,19268.23,8490.17,1.27,False,0.0,0,196.48,0.0,1.245757680557957,0.9566517189835575,-0.4213131771778899,1,False,False,False
2017-W37,sports_leisure,116,15344.22,14065.5,2890.66,13676.27,19846.82,8284.19,0.44,False,0.0,0,118.95,0.0,1.0909118054814972,1.3892215568862276,-0.4109476203709888,1,False,False,False
2017-W38,sports_leisure,105,24755.89,14703.82,2455.75,14733.98,19615.32,9792.32,4.09,True,0.0,0,198.05,0.0,1.68363663320144,1.1731843575418994,-0.5141145458220701,1,False,False,False
2017-W39,sports_leisure,93,12450.58,15704.67,4327.03,14733.98,24358.73,7050.61,-0.75,False,0.0,0,117.46,0.0,0.7927947546812508,1.013623978201635,-0.39399894169831307,1,False,False,False
2017-W40,sports_leisure,105,17698.87,15495.52,4452.96,14286.51,24401.45,6589.6,0.49,False,0.0,0,146.27,0.0,1.1421927111836194,1.1275167785234899,-0.370207284000593,1,False,False,False
2017-W41,sports_leisure,93,14412.25,15493.95,4452.07,14286.51,24398.09,6589.81,-0.24,False,0.0,0,132.22,0.0,0.9301856531097622,0.9763779527559056,-0.3686816271642147,1,False,False,False
2017-W42,sports_leisure,100,16329.2,15641.88,4385.21,14878.24,24412.31,6871.45,0.16,False,0.0,0,138.38,0.0,1.0439410096484567,1.0540184453227932,-0.3602177458161483,1,False,False,False
2017-W43,sports_leisure,82,11065.32,16238.33,4063.0,15836.71,24364.33,8112.32,-1.27,False,0.0,1,117.72,0.012195121951219513,0.6814321423446869,0.8464516129032258,-0.4176366598415195,1,False,False,False
2017-W44,sports_leisure,90,17406.14,16168.31,4157.58,15836.71,24483.47,7853.14,0.3,False,0.0,1,164.21,0.011111111111111112,1.0765590219385948,0.9302325581395349,-0.37403114462076414,1,False,False,False
2017-W45,sports_leisure,95,15640.75,16182.81,4162.25,15836.71,24507.32,7858.3,-0.13,False,0.0,1,150.39,0.010526315789473684,0.9665039631559661,0.9693877551020408,-0.3850979583346967,1,False,False,False
2017-W46,sports_leisure,91,13441.12,16219.88,4155.03,15984.98,24529.94,7909.81,-0.67,False,0.0,0,133.08,0.0,0.8286818398163243,0.9541284403669725,-0.37154849397614287,1,False,False,False
2017-W47,sports_leisure,204,31362.99,14805.53,2381.63,15026.5,19568.78,10042.28,6.95,True,0.0,0,135.19,0.0,2.11832943501516,2.17890520694259,-0.6743942389577697,-1,True,False,False
2017-W48,sports_leisure,162,29632.18,17169.58,6136.53,15984.98,29442.64,4896.52,2.03,True,0.0,1,159.31,0.006172839506172839,1.7258535153451626,1.5069767441860464,-0.5051921325636463,1,False,False,False
2017-W49,sports_leisure,143,26207.01,18661.24,7567.17,15984.98,33795.59,3526.9,1.0,False,0.0,0,157.87,0.0,1.4043552304134128,1.247546346782988,-0.4094812482876288,1,False,False,False
2017-W50,sports_leisure,114,23085.84,20135.59,7767.42,16867.67,35670.43,4600.75,0.38,False,0.0,0,169.75,0.0,1.146519173264851,0.9431230610134437,-0.38686660275112866,1,False,False,False
2017-W51,sports_leisure,81,13749.05,20980.17,7661.02,20245.99,36302.21,5658.13,-0.94,False,0.0,1,154.48,0.012345679012345678,0.6553354906085127,0.6605504587155964,-0.3980998455221941,1,False,False,False
2017-W52,sports_leisure,47,8461.45,21315.64,7210.34,20245.99,35736.32,6894.95,-1.78,False,0.0,0,145.89,0.0,0.39695969719886437,0.3836734693877551,-0.4440462070448503,1,False,False,False
2018-W01,sports_leisure,92,14378.65,20197.55,8484.17,19363.29,37165.89,3229.21,-0.69,False,0.0,0,140.97,0.0,0.7119007008275756,0.7854855923159018,-0.37193517905924595,1,False,False,False
2018-W02,sports_leisure,141,35367.35,20039.79,8592.06,18732.24,37223.9,2855.67,1.78,False,0.0,0,216.98,0.0,1.7648563183546333,1.2077087794432548,-0.5715676171088162,1,False,False,False
2018-W03,sports_leisure,147,29051.2,22780.56,9621.86,24646.42,42024.28,3536.85,0.65,False,0.0,0,183.87,0.0,1.275262767903862,1.1951219512195121,-0.45067898464716577,1,False,False,False
2018-W04,sports_leisure,121,29227.85,22491.59,9358.39,24646.42,41208.36,3774.82,0.72,False,0.0,2,202.97,0.01652892561983471,1.299501280256309,1.0442286947141317,-0.48500957748792095,1,False,False,False
2018-W05,sports_leisure,155,29076.44,22441.05,9315.31,24646.42,41071.66,3810.44,0.71,False,0.0,2,156.32,0.012903225806451613,1.295680906196457,1.399548532731377,-0.4494738100441526,1,False,False,False
2018-W06,sports_leisure,140,32348.4,22799.73,9533.71,26068.52,41867.15,3732.31,1.0,False,0.0,0,192.55,0.0,1.4188062753374713,1.247216035634744,-0.4752541139895695,1,False,False,False
2018-W07,sports_leisure,138,21882.53,23957.55,10117.96,29063.82,44193.47,3721.62,-0.21,False,0.0,2,143.02,0.014492753623188406,0.9133876377175463,1.1948051948051948,-0.41735655898364143,1,False,False,False
2018-W08,sports_leisure,153,21423.17,24974.23,9323.05,29063.82,43620.34,6328.13,-0.38,False,0.0,3,122.42,0.0196078431372549,0.8578110316113849,1.2477064220183487,-0.49348375858343857,1,False,False,False
2018-W09,sports_leisure,171,28611.93,26594.45,6838.68,29063.82,40271.8,12917.1,0.3,False,0.0,1,149.8,0.005847953216374269,1.0758609409106035,1.2585096596136154,-0.4568145090841766,1,False,False,False
2018-W10,sports_leisure,175,31078.33,28373.61,4734.28,29063.82,37842.16,18905.05,0.57,False,0.0,0,159.38,0.0,1.095325198309274,1.2006861063464838,-0.48138898971262833,1,False,False,False
2018-W11,sports_leisure,157,29240.66,27837.48,4017.77,29063.82,35873.02,19801.94,0.35,False,0.0,0,154.71,0.0,1.0504061430847906,1.0466666666666666,-0.4305756574672368,1,False,False,False
2018-W12,sports_leisure,142,28234.43,27861.16,4026.5,29152.14,35914.15,19808.17,0.09,False,0.0,4,165.11,0.028169014084507043,1.0133975039086671,0.9388429752066115,-0.4700864566338897,1,False,False,False
2018-W13,sports_leisure,130,23237.12,27736.99,3993.51,28844.18,35724.0,19749.97,-1.13,False,0.0,0,151.88,0.0,0.8377664627632629,0.8448415922014623,-0.4128477831607119,1,False,False,False
2018-W14,sports_leisure,137,27835.95,27007.07,4239.76,28423.18,35486.6,18527.54,0.2,False,0.0,0,171.83,0.0,1.0306912227057583,0.9087893864013267,-0.40067566550552175,1,False,False,False
2018-W15,sports_leisure,130,23073.45,26443.02,3692.49,28035.19,33827.99,19058.04,-0.91,False,0.0,0,160.23,0.0,0.8725724217581804,0.8645054031587698,-0.40493126056567214,1,False,False,False
2018-W16,sports_leisure,110,15153.03,26591.88,3501.43,28035.19,33594.73,19589.03,-3.27,True,4436.0,0,128.42,0.0,0.5698367321152171,0.7364016736401674,-0.526206489231215,1,False,True,False
2018-W17,sports_leisure,117,25075.61,25808.11,5141.39,28035.19,36090.89,15525.33,-0.14,False,0.0,2,176.59,0.017094017094017096,0.971617448933688,0.8125,-0.43494840714325195,1,False,False,False
2018-W18,sports_leisure,112,21842.19,25366.07,5016.39,26455.78,35398.85,15333.29,-0.7,False,0.0,0,168.02,0.0,0.861078992528208,0.8160291438979964,-0.40294594489549607,1,False,False,False
2018-W19,sports_leisure,128,22451.06,24211.56,4555.59,24156.36,33322.74,15100.37,-0.39,False,0.0,0,155.91,0.0,0.9272868001896615,0.9893719806763285,-0.38812062936667624,1,False,False,False
2018-W20,sports_leisure,125,18244.94,23362.86,4093.88,23155.28,31550.61,15175.1,-1.25,False,0.0,1,131.26,0.008,0.7809377790219176,0.9940357852882704,-0.42936410591750573,1,False,False,False
2018-W21,sports_leisure,52,9080.4,22114.17,3915.28,22762.26,29944.73,14283.61,-3.33,True,5203.21,0,156.56,0.0,0.41061455166528976,0.4206268958543984,-0.5227441081112011,1,False,True,False
2018-W22,sports_leisure,74,14359.97,20344.58,5986.56,22146.62,32317.7,8371.45,-1.0,False,0.0,0,166.98,0.0,0.7058376235832835,0.6498353457738749,-0.37887925429598984,1,False,False,False
2018-W23,sports_leisure,72,11036.74,18660.08,5449.34,20043.56,29558.76,7761.4,-1.4,False,0.0,0,139.71,0.0,0.591462630385293,0.6792452830188679,-0.4102815190323209,1,False,False,False
2018-W24,sports_leisure,99,17519.59,17155.49,5712.07,16698.98,28579.64,5731.35,0.06,False,0.0,1,133.74,0.010101010101010102,1.0212235266961187,1.0025316455696203,-0.3831789869049256,1,False,False,False
2018-W25,sports_leisure,93,19597.1,17451.31,5654.54,17882.26,28760.4,6142.23,0.38,False,0.0,0,179.79,0.0,1.1229586776007072,0.9550706033376123,-0.3912487072147845,1,False,False,False
2018-W26,sports_leisure,92,16918.76,16766.5,4877.64,17882.26,26521.78,7011.21,0.03,False,0.0,3,161.13,0.03260869565217391,1.0090812035904928,0.9748344370860927,-0.43193754003920154,1,False,False,False
2018-W27,sports_leisure,101,18913.79,16151.07,4436.38,17219.18,25023.83,7278.31,0.62,False,0.0,1,161.66,0.009900990099009901,1.1710549208194876,1.0993197278911564,-0.3880935319770712,1,False,False,False
2018-W28,sports_leisure,54,9347.65,15708.91,3857.26,17219.18,23423.42,7994.4,-1.65,False,0.0,0,148.38,0.0,0.5950540171151276,0.6101694915254238,-0.4302211820748828,1,False,False,False
2018-W29,sports_leisure,93,16934.94,14596.75,4280.99,15639.36,23158.72,6034.78,0.55,False,0.0,1,162.84,0.010752688172043012,1.1601856577662835,1.1679748822605966,-0.3734657061437818,1,False,False,False
2018-W30,sports_leisure,120,21777.92,15578.57,3695.81,16926.85,22970.19,8186.94,1.68,False,0.0,0,163.74,0.0,1.3979408893114065,1.415929203539823,-0.4105313329872479,1,False,False,False
2018-W31,sports_leisure,131,19828.01,16505.81,4237.28,17227.26,24980.38,8031.24,0.78,False,0.0,1,131.31,0.007633587786259542,1.2012745814958488,1.4475138121546962,-0.4179456160111195,1,False,False,False
2018-W32,sports_leisure,116,17814.57,17604.72,3725.35,18216.69,25055.41,10154.03,0.06,False,0.0,1,139.18,0.008620689655172414,1.0119200987008028,1.1851851851851851,-0.38253771206757287,1,False,False,False
2018-W33,sports_leisure,135,24465.12,17641.59,3725.84,18364.18,25093.28,10189.91,1.83,False,0.0,0,163.1,0.0,1.3867865651565419,1.35,-0.411697837384019,1,False,False,False
2018-W34,sports_leisure,74,8915.63,18250.1,4423.12,18364.18,27096.33,9403.86,-2.11,True,488.23,0,111.45,0.0,0.4885249943835924,0.7030878859857482,-0.48793849109093484,1,False,True,False
2018-W35,sports_leisure,14,1321.82,17249.7,5533.03,18364.18,28315.77,6183.64,-2.88,True,4861.82,0,82.61,0.0,0.07662857904775155,0.13592233009708737,-0.623635750277119,-1,True,True,True
2017-W01,stationery,1,19.62,,,,,,0.0,False,,0,19.62,0.0,1.0,0.010854816824966078,-0.49856998539716996,1,False,False,False
2017-W03,stationery,3,3967.04,,,,,,0.0,False,,0,396.7,0.0,1.0,0.03508771929824561,-0.5626844478073683,-1,True,False,False
2017-W04,stationery,3,723.07,,,,,,0.0,False,,0,241.02,0.0,1.0,0.04040404040404041,-0.4517262118297772,1,False,False,False
2017-W05,stationery,5,929.17,,,,,,0.0,False,,0,185.83,0.0,1.0,0.08385744234800839,-0.39385192294317267,1,False,False,False
2017-W06,stationery,11,1351.32,1409.72,1748.78,826.12,4907.28,0.0,-0.03,False,0.0,0,112.61,0.0,0.958573333711659,0.25071225071225073,-0.3531554648799301,1,False,False,False
2017-W07,stationery,2,287.7,1398.04,1514.71,929.17,4427.47,0.0,-0.73,False,0.0,0,95.9,0.0,0.20578810334468256,0.06504065040650407,-0.4524666938069588,1,False,False,False
2017-W08,stationery,1,77.84,1212.99,1428.62,826.12,4070.23,0.0,-0.79,False,0.0,0,77.84,0.0,0.06417200471562008,0.07079646017699115,-0.48572254666906983,1,False,False,False
2017-W09,stationery,6,1010.22,1050.82,1372.91,723.07,3796.64,0.0,-0.03,False,0.0,0,168.37,0.0,0.9613635065948498,1.2,-0.38046490296593133,1,False,False,False
2017-W10,stationery,15,1776.63,1045.75,1271.15,826.12,3588.04,0.0,0.57,False,0.0,0,93.51,0.0,1.6989050920392064,3.75,-0.38865705721968585,1,False,False,False
2017-W11,stationery,11,1943.39,1265.37,1219.26,969.7,3703.88,0.0,0.56,False,0.0,0,161.95,0.0,1.535827465484404,1.9130434782608696,-0.4004341733392617,1,False,False,False
2017-W12,stationery,8,648.8,1012.42,660.62,969.7,2333.65,0.0,-0.55,False,0.0,0,81.1,0.0,0.6408407577882697,1.1851851851851851,-0.3855359711114628,1,False,False,False
2017-W13,stationery,19,1946.42,1003.13,665.76,969.7,2334.66,0.0,1.42,False,0.0,0,102.44,0.0,1.9403467147827302,2.5762711864406778,-0.4217865797121845,1,False,False,False
2017-W14,stationery,8,648.83,1130.29,742.36,1180.77,2615.01,0.0,-0.65,False,0.0,0,81.1,0.0,0.5740385210875085,0.8767123287671232,-0.39096000367374456,1,False,False,False
2017-W15,stationery,9,1036.51,1042.48,753.94,829.53,2550.35,0.0,-0.01,False,0.0,0,115.17,0.0,0.9942732714296677,1.0285714285714285,-0.353614142784823,1,False,False,False
2017-W16,stationery,6,1752.29,1136.08,690.67,1023.36,2517.42,0.0,0.89,False,0.0,0,292.05,0.0,1.5424001830856982,0.6233766233766234,-0.5244032123521148,1,False,False,False
2017-W17,stationery,10,1386.4,1345.39,566.76,1394.4,2478.92,211.86,0.07,False,0.0,0,138.64,0.0,1.0304818677112213,0.975609756097561,-0.3572760248601293,1,False,False,False
2017-W18,stationery,17,2051.97,1392.41,550.35,1569.34,2493.11,291.7,1.2,False,0.0,0,97.71,0.0,1.4736823205808631,1.5813953488372092,-0.3747772322911937,1,False,False,False
2017-W19,stationery,13,1472.24,1426.83,585.31,1569.34,2597.45,256.2,0.08,False,0.0,0,98.15,0.0,1.031825795644891,1.1818181818181819,-0.35575512326573855,1,False,False,False
2017-W20,stationery,14,1579.19,1367.93,548.45,1429.32,2464.84,271.03,0.39,False,0.0,0,105.28,0.0,1.154437727076678,1.2444444444444445,-0.36136890772802294,1,False,False,False
2017-W21,stationery,12,1539.2,1484.23,466.73,1525.72,2417.7,550.76,0.12,False,0.0,0,118.4,0.0,1.0370360388888515,1.0,-0.355851857099309,1,False,False,False
2017-W22,stationery,10,1488.28,1433.33,429.88,1505.72,2293.08,573.58,0.13,False,0.0,0,135.3,0.0,1.0383372984588337,0.898876404494382,-0.36205676395693465,1,False,False,False
2017-W23,stationery,8,1250.33,1538.26,291.07,1513.74,2120.4,956.12,-0.99,False,0.0,0,138.93,0.0,0.8128209795483208,0.7032967032967034,-0.387801281343677,1,False,False,False
2017-W24,stationery,8,899.44,1564.99,244.51,1513.74,2054.0,1075.97,-2.72,True,176.53,0,112.43,0.0,0.5747257170972339,0.7111111111111111,-0.4868724574409794,1,False,True,False
2017-W25,stationery,10,824.45,1458.38,324.13,1480.26,2106.65,810.11,-1.96,False,0.0,0,82.45,0.0,0.5653190526474581,0.8695652173913043,-0.4472121301862761,1,False,False,False
2017-W26,stationery,11,1660.25,1388.14,395.09,1480.26,2178.31,597.96,0.69,False,0.0,0,138.35,0.0,1.1960248966242597,0.9565217391304348,-0.37439478858470937,1,False,False,False
2017-W27,stationery,18,2580.23,1339.17,317.77,1480.26,1974.71,703.63,3.91,True,0.0,0,129.01,0.0,1.926738203514117,1.6744186046511629,-0.4829622989003628,1,False,False,False
2017-W28,stationery,16,1891.15,1477.67,544.57,1513.74,2566.81,388.53,0.76,False,0.0,2,105.06,0.125,1.279818904085486,1.4065934065934067,-0.5191730726404764,1,False,False,False
2017-W29,stationery,14,1481.84,1516.67,563.71,1513.74,2644.09,389.24,-0.06,False,0.0,0,105.85,0.0,0.977035215307219,1.2043010752688172,-0.34901189636411944,1,False,False,False
2017-W30,stationery,21,2479.14,1509.5,563.75,1485.06,2637.0,382.0,1.72,False,0.0,0,107.79,0.0,1.642358396820139,1.768421052631579,-0.3869964187068673,1,False,False,False
2017-W31,stationery,15,1346.06,1633.35,659.19,1571.04,2951.74,314.97,-0.44,False,0.0,0,84.13,0.0,0.8241099580616524,1.1320754716981132,-0.36749055110870443,1,False,False,False
2017-W32,stationery,19,2738.15,1645.32,652.08,1571.04,2949.47,341.17,1.68,False,0.0,0,119.05,0.0,1.6642051394257653,1.345132743362832,-0.3821424485902301,1,False,False,False
2017-W33,stationery,18,2221.01,1875.16,675.25,1775.7,3225.66,524.66,0.51,False,0.0,0,116.9,0.0,1.1844375946585892,1.1612903225806452,-0.35199809316986014,1,False,False,False
2017-W34,stationery,20,2451.9,2049.73,529.63,2056.08,3108.99,990.46,0.76,False,0.0,0,116.76,0.0,1.1962063296141443,1.2121212121212122,-0.35570402222920916,1,False,False,False
2017-W35,stationery,9,971.87,2148.68,520.34,2336.46,3189.37,1108.0,-2.26,True,136.13,0,97.19,0.0,0.4523102555987863,0.5106382978723404,-0.4556513632400435,1,False,True,False
2017-W36,stationery,17,2434.15,1947.64,629.13,2056.08,3205.89,689.39,0.77,False,0.0,0,128.11,0.0,1.249794623236327,1.0303030303030303,-0.3583038732574682,1,False,False,False
2017-W37,stationery,16,2108.22,2015.52,651.07,2327.58,3317.65,713.38,0.14,False,0.0,1,110.96,0.0625,1.0459930935937127,0.9624060150375939,-0.45545347840021333,1,False,False,False
2017-W38,stationery,16,1524.95,2093.81,614.35,2327.58,3322.51,865.11,-0.93,False,0.0,0,95.31,0.0,0.7283134572860002,0.9481481481481482,-0.373706079470428,1,False,False,False
2017-W39,stationery,24,2895.26,1974.54,621.44,2164.61,3217.41,731.66,1.48,False,0.0,0,115.81,0.0,1.4662959474105364,1.476923076923077,-0.37448151390624057,1,False,False,False
2017-W40,stationery,17,2390.55,2168.19,638.75,2327.58,3445.69,890.68,0.35,False,0.0,3,113.84,0.17647058823529413,1.102555587840549,0.9784172661870504,-0.556504688922764,-1,True,False,False
2017-W41,stationery,16,1688.3,2124.74,605.4,2305.78,3335.53,913.95,-0.72,False,0.0,0,105.52,0.0,0.7945913382343252,0.9343065693430657,-0.3588650327159615,1,False,False,False
2017-W42,stationery,22,2810.77,2058.15,622.35,2249.39,3302.86,813.44,1.21,False,0.0,0,117.12,0.0,1.3656779146320723,1.3037037037037038,-0.3637037325609137,1,False,False,False
2017-W43,stationery,21,3770.44,2103.01,666.18,2249.39,3435.37,770.65,2.5,True,0.0,0,139.65,0.0,1.7928778274948762,1.2262773722627738,-0.4148004770978213,1,False,False,False
2017-W44,stationery,24,3246.3,2452.83,719.96,2412.35,3892.75,1012.91,1.1,False,0.0,0,124.86,0.0,1.323491640268588,1.2885906040268456,-0.36494150494935196,1,False,False,False
2017-W45,stationery,33,5002.34,2554.35,772.31,2600.66,4098.96,1009.73,3.17,True,0.0,0,142.92,0.0,1.9583612269266155,1.6923076923076923,-0.46112805208622515,1,False,False,False
2017-W46,stationery,37,5791.56,2916.11,1128.96,2853.02,5174.03,658.19,2.55,True,0.0,0,137.89,0.0,1.9860567674058935,1.7109826589595376,-0.4376173892427299,1,False,False,False
2017-W47,stationery,47,7338.88,3449.44,1361.68,3070.78,6172.8,726.08,2.86,True,0.0,0,141.13,0.0,2.1275569367781437,1.9381443298969072,-0.4817663473182731,1,False,False,False
2017-W48,stationery,53,8052.95,4004.89,1902.32,3508.37,7809.52,200.26,2.13,True,0.0,0,141.28,0.0,2.0107793222785144,1.9539170506912442,-0.47411767232189567,1,False,False,False
2017-W49,stationery,44,8629.45,4712.69,2239.4,4386.39,9191.5,233.89,1.75,False,0.0,0,165.95,0.0,1.8311091966583843,1.391304347826087,-0.4866306818429362,1,False,False,False
2017-W50,stationery,57,8827.37,5580.34,2244.87,5396.95,10070.07,1090.6,1.45,False,0.0,0,140.12,0.0,1.581869563503299,1.6227758007117439,-0.47557059333935214,1,False,False,False
2017-W51,stationery,52,6150.3,6332.41,2191.67,6565.22,10715.75,1949.08,-0.08,False,0.0,0,111.82,0.0,0.9712415968012179,1.3164556962025316,-0.4046897683140258,1,False,False,False
2017-W52,stationery,47,5818.77,6629.89,1941.48,6744.59,10512.85,2746.94,-0.42,False,0.0,0,107.75,0.0,0.8776570953665899,1.0835734870317002,-0.38891918530877884,1,False,False,False
2018-W01,stationery,101,16472.79,6951.45,1452.45,6744.59,9856.36,4046.55,6.56,True,0.0,0,142.01,0.0,2.369691215501802,2.1837837837837837,-0.7148768827961555,-1,True,False,False
2018-W02,stationery,126,18177.3,8385.26,3488.3,7695.92,15361.86,1408.65,2.81,True,0.0,0,128.92,0.0,2.167768202774869,2.3013698630136985,-0.6962468536926107,-1,True,False,False
2018-W03,stationery,78,9451.1,9933.48,4708.03,8341.2,19349.53,517.42,-0.1,False,0.0,0,116.68,0.0,0.9514389720420237,1.1840607210626186,-0.5382095957294557,1,False,False,False
2018-W04,stationery,53,6727.06,10197.5,4599.72,8728.41,19396.94,998.07,-0.75,False,0.0,3,110.28,0.05660377358490566,0.6596773719048787,0.7598566308243727,-0.5416232777018274,1,False,False,False
2018-W05,stationery,46,4590.28,10031.77,4710.58,8728.41,19452.93,610.61,-1.16,False,0.0,2,95.63,0.043478260869565216,0.4575742864918155,0.6594982078853047,-0.49970479700483056,1,False,False,False
2018-W06,stationery,37,4219.1,9526.87,5084.02,7777.22,19694.91,0.0,-1.04,False,0.0,1,105.48,0.02702702702702703,0.4428631859152061,0.5285714285714286,-0.4568281470245702,1,False,False,False
2018-W07,stationery,23,2767.18,8950.84,5424.28,6438.68,19799.39,0.0,-1.14,False,0.0,1,76.87,0.043478260869565216,0.30915310741785124,0.34074074074074073,-0.5120131023528041,1,False,False,False
2018-W08,stationery,33,4221.65,8527.95,5793.14,6272.92,20114.23,0.0,-0.74,False,0.0,1,100.52,0.030303030303030304,0.4950369080494139,0.5166340508806262,-0.4518530078621063,1,False,False,False
2018-W09,stationery,47,4870.05,8328.31,5925.84,5658.67,20179.99,0.0,-0.58,False,0.0,0,93.65,0.0,0.5847584924192304,0.7565392354124748,-0.41403566736138153,1,False,False,False
2018-W10,stationery,34,4430.39,6877.96,4994.4,4730.16,16866.76,0.0,-0.49,False,0.0,0,110.76,0.0,0.6441430307823832,0.6139954853273137,-0.37395554621110455,1,False,False,False
2018-W11,stationery,27,3073.66,5159.6,2045.96,4510.34,9251.52,1067.69,-1.02,False,0.0,0,109.77,0.0,0.5957167222265292,0.6153846153846154,-0.3796744859858695,1,False,False,False
2018-W12,stationery,38,4181.34,4362.42,1204.27,4326.02,6770.95,1953.89,-0.15,False,0.0,0,95.03,0.0,0.9584909293465553,1.0133333333333334,-0.37244141851145085,1,False,False,False
2018-W13,stationery,30,4493.69,4044.21,735.14,4220.38,5514.48,2573.93,0.61,False,0.0,0,124.82,0.0,1.111141607384384,0.8421052631578947,-0.36153864441366323,1,False,False,False
2018-W14,stationery,26,3406.38,4032.13,725.62,4220.38,5483.37,2580.89,-0.86,False,0.0,0,97.33,0.0,0.8448090711360993,0.7732342007434945,-0.35794814431380817,1,False,False,False
2018-W15,stationery,34,5090.23,3930.54,752.11,4201.5,5434.77,2426.32,1.54,False,0.0,0,133.95,0.0,1.29504597332682,1.054263565891473,-0.3899237270807946,1,False,False,False
2018-W16,stationery,39,6211.41,4220.92,684.17,4326.02,5589.26,2852.59,2.91,True,0.0,0,108.97,0.0,1.4715772864683527,1.1598513011152416,-0.44361595902393597,1,False,False,False
2018-W17,stationery,27,2698.88,4469.64,981.53,4462.04,6432.69,2506.59,-1.8,False,0.0,0,93.06,0.0,0.6038249165480889,0.7854545454545454,-0.42107958664304074,1,False,False,False
2018-W18,stationery,28,6602.66,4198.25,1142.04,4305.86,6482.33,1914.17,2.11,True,0.0,0,227.68,0.0,1.5727172035967367,0.8784313725490196,-0.5123118759707759,1,False,False,False
2018-W19,stationery,30,3590.09,4469.78,1427.65,4337.51,7325.08,1614.49,-0.62,False,0.0,0,108.79,0.0,0.8031916559651706,0.963855421686747,-0.35142435869674005,1,False,False,False
2018-W20,stationery,33,4432.66,4534.34,1365.84,4337.51,7266.01,1802.66,-0.07,False,0.0,0,119.8,0.0,0.9775755677783315,1.0476190476190477,-0.35394367745351796,1,False,False,False
2018-W21,stationery,21,1900.09,4565.75,1359.43,4463.17,7284.62,1846.88,-1.96,False,0.0,0,82.61,0.0,0.4161616382850572,0.680161943319838,-0.4563848385628792,1,False,False,False
2018-W22,stationery,25,3347.1,4241.55,1655.99,4011.38,7553.53,929.57,-0.54,False,0.0,0,128.73,0.0,0.7891219011917813,0.8403361344537815,-0.3635930361128829,1,False,False,False
2018-W23,stationery,46,5471.04,4234.14,1660.39,4011.38,7554.92,913.36,0.74,False,0.0,0,99.47,0.0,1.2921254375150562,1.5527426160337552,-0.39404704707168187,1,False,False,False
2018-W24,stationery,37,6001.02,4281.74,1693.57,4011.38,7668.87,894.61,1.02,False,0.0,0,117.67,0.0,1.40153769262029,1.1887550200803212,-0.389440859630977,1,False,False,False
2018-W25,stationery,30,4334.45,4255.44,1660.63,4011.38,7576.71,934.18,0.05,False,0.0,0,117.15,0.0,1.0185668227022353,0.97165991902834,-0.3547274777827509,1,False,False,False
2018-W26,stationery,24,2664.81,4459.89,1537.76,4383.56,7535.4,1384.37,-1.17,False,0.0,0,106.59,0.0,0.5975057680794817,0.768,-0.37706193609759514,1,False,False,False
2018-W27,stationery,26,3890.41,3967.66,1375.57,3962.27,6718.8,1216.51,-0.06,False,0.0,0,138.94,0.0,0.9805300857432341,0.8455284552845529,-0.3561404814657898,1,False,False,False
2018-W28,stationery,25,2920.64,4005.2,1367.87,4112.43,6740.94,1269.45,-0.79,False,0.0,0,108.17,0.0,0.7292120243683212,0.8264462809917356,-0.3614580438689131,1,False,False,False
2018-W29,stationery,44,7134.6,3816.2,1404.34,3618.76,6624.88,1007.51,2.36,True,0.0,0,151.8,0.0,1.869556102929616,1.5042735042735043,-0.44444715807761104,1,False,False,False
2018-W30,stationery,46,6733.26,4470.51,1591.07,4112.43,7652.66,1288.36,1.42,False,0.0,0,116.09,0.0,1.5061503049987586,1.4319066147859922,-0.4045305851877002,1,False,False,False
2018-W31,stationery,63,8853.71,4893.78,1696.44,4902.74,8286.66,1500.9,2.33,True,0.0,0,121.28,0.0,1.8091761378729734,1.8129496402877698,-0.49792664059265374,1,False,False,False
2018-W32,stationery,51,6230.27,5316.61,2205.93,5167.74,9728.47,904.75,0.41,False,0.0,0,117.55,0.0,1.1718501074933088,1.383050847457627,-0.4150314683603623,1,False,False,False
2018-W33,stationery,41,4867.31,5345.27,2217.55,5282.36,9780.37,910.17,-0.22,False,0.0,0,108.16,0.0,0.9105826272573696,1.0614886731391586,-0.3765340111774359,1,False,False,False
2018-W34,stationery,25,3644.53,5411.88,2190.69,5548.79,9793.26,1030.5,-0.81,False,0.0,0,125.67,0.0,0.6734314138524875,0.625,-0.36716191687324645,1,False,False,False
2018-W35,stationery,1,71.08,5534.34,2037.19,5548.79,9608.72,1459.96,-2.68,True,1388.88,0,71.08,0.0,0.012843446553699267,0.024922118380062305,-0.579602252224296,-1,True,True,True
2017-W05,tablets_printing_image,2,234.0,,,,,,0.0,False,,0,117.0,0.0,1.0,0.05405405405405406,-0.42896583677398936,1,False,False,False
2017-W06,tablets_printing_image,2,224.16,,,,,,0.0,False,,0,112.08,0.0,1.0,0.05860805860805861,-0.4171699017520819,1,False,False,False
2017-W08,tablets_printing_image,4,482.36,,,,,,0.0,False,,0,120.59,0.0,1.0,0.13852813852813853,-0.5770681505017293,1,False,False,False
2017-W09,tablets_printing_image,1,110.3,,,,,,0.0,False,,0,110.3,0.0,1.0,0.042328042328042326,-0.42148951988083555,1,False,False,False
2017-W11,tablets_printing_image,1,124.18,262.7,156.83,229.08,576.36,0.0,-0.88,False,0.0,0,124.18,0.0,0.4727065093262277,0.06299212598425197,-0.4182206896482763,1,False,False,False
2017-W12,tablets_printing_image,1,113.86,235.0,149.28,224.16,533.56,0.0,-0.81,False,0.0,0,113.86,0.0,0.48451063829787233,0.1038961038961039,-0.3936183540066429,1,False,False,False
2017-W13,tablets_printing_image,4,534.75,214.81,142.38,174.17,499.58,0.0,2.25,True,0.0,0,133.69,0.0,2.4894092453796377,0.8648648648648649,-0.5808820566519423,1,False,False,False
2017-W14,tablets_printing_image,2,149.56,260.52,177.53,224.16,615.58,0.0,-0.62,False,0.0,0,49.85,0.0,0.5740826040227238,1.0,-0.4616588435564557,1,False,False,False
2017-W15,tablets_printing_image,1,120.14,246.65,168.98,186.86,584.6,0.0,-0.75,False,0.0,0,120.14,0.0,0.4870869653354956,0.47058823529411764,-0.40726065353960994,1,False,False,False
2017-W16,tablets_printing_image,1,461.56,232.41,174.89,136.87,582.19,0.0,1.31,False,0.0,0,230.78,0.0,1.9859730648423046,0.5,-0.5923297824352137,1,False,False,False
2017-W17,tablets_printing_image,3,744.29,262.09,192.54,136.87,647.16,0.0,2.5,True,0.0,0,186.07,0.0,2.839826013964669,1.6,-0.6191763759260113,-1,True,False,False
2017-W18,tablets_printing_image,2,224.16,294.83,249.26,136.87,793.35,0.0,-0.28,False,0.0,0,112.08,0.0,0.7603025472306075,1.1428571428571428,-0.42442907270038505,1,False,False,False
2017-W19,tablets_printing_image,2,1321.35,309.06,240.31,186.86,789.68,0.0,4.21,True,0.0,0,660.67,0.0,4.27538342069501,1.0666666666666667,-0.7836636270917932,-1,True,False,False
2017-W21,tablets_printing_image,3,369.36,458.71,416.73,342.86,1292.16,0.0,-0.21,False,0.0,0,123.12,0.0,0.8052146236184082,1.5,-0.4903073808933526,1,False,False,False
2017-W22,tablets_printing_image,3,341.85,490.65,395.79,415.46,1282.22,0.0,-0.38,False,0.0,0,68.37,0.0,0.6967288291042495,1.3333333333333333,-0.5039958667498393,1,False,False,False
2017-W23,tablets_printing_image,2,228.88,466.53,398.58,355.6,1263.7,0.0,-0.6,False,0.0,0,114.44,0.0,0.4906008188112233,0.9411764705882353,-0.4677164771718694,1,False,False,False
2017-W24,tablets_printing_image,1,108.44,476.45,390.48,355.6,1257.4,0.0,-0.94,False,0.0,0,108.44,0.0,0.22759995802287752,0.47058823529411764,-0.4205403774853716,1,False,False,False
2017-W26,tablets_printing_image,1,111.19,474.99,392.02,355.6,1259.03,0.0,-0.93,False,0.0,0,111.19,0.0,0.23408913871870987,0.47058823529411764,-0.4186163673690138,1,False,False,False
2017-W27,tablets_printing_image,1,108.44,431.19,412.76,285.36,1256.7,0.0,-0.78,False,0.0,0,108.44,0.0,0.2514900623854913,0.47058823529411764,-0.40870369734481404,1,False,False,False
2017-W31,tablets_printing_image,1,114.44,351.71,405.0,226.52,1161.71,0.0,-0.59,False,0.0,0,114.44,0.0,0.3253817065195758,0.5333333333333333,-0.4040867900346482,1,False,False,False
2017-W32,tablets_printing_image,1,30.0,337.99,411.74,171.66,1161.47,0.0,-0.75,False,0.0,0,30.0,0.0,0.08876002248587236,0.5714285714285714,-0.5116939110131346,1,False,False,False
2017-W34,tablets_printing_image,3,372.1,176.58,123.13,112.82,422.83,0.0,1.59,False,0.0,0,93.03,0.0,2.1072601653641407,1.8461538461538463,-0.514010386457579,1,False,False,False
2017-W35,tablets_printing_image,1,124.51,176.92,123.74,112.82,424.4,0.0,-0.42,False,0.0,0,124.51,0.0,0.7037644132941443,0.6153846153846154,-0.41101722351137276,1,False,False,False
2017-W36,tablets_printing_image,1,51.0,149.75,104.76,112.82,359.27,0.0,-0.94,False,0.0,0,51.0,0.0,0.34056761268781305,0.7272727272727273,-0.4475518552813954,1,False,False,False
2017-W37,tablets_printing_image,1,114.44,127.52,104.44,109.82,336.4,0.0,-0.13,False,0.0,0,114.44,0.0,0.8974278544542033,0.8,-0.3878072327807241,1,False,False,False
2017-W39,tablets_printing_image,1,114.44,128.27,104.31,112.82,336.88,0.0,-0.13,False,0.0,0,114.44,0.0,0.892180556638341,0.8,-0.3878072327807241,1,False,False,False
2017-W40,tablets_printing_image,1,111.19,128.67,104.24,114.44,337.15,0.0,-0.17,False,0.0,0,111.19,0.0,0.8641485971866014,0.8,-0.3922462674176216,1,False,False,False
2017-W44,tablets_printing_image,1,105.28,129.01,104.17,114.44,337.35,0.0,-0.23,False,0.0,0,105.28,0.0,0.8160607704829084,0.8,-0.40574791525004705,1,False,False,False
2017-W46,tablets_printing_image,1,30.0,127.87,104.4,112.82,336.67,0.0,-0.94,False,0.0,0,30.0,0.0,0.2346132791115977,0.8,-0.49990857385681675,1,False,False,False
2017-W47,tablets_printing_image,4,307.11,127.87,104.4,112.82,336.67,0.0,1.72,False,0.0,0,76.78,0.0,2.401736138265426,3.2,-0.5710987414354016,1,False,False,False
2017-W48,tablets_printing_image,1,79.17,119.75,83.02,112.82,285.79,0.0,-0.49,False,0.0,0,79.17,0.0,0.6611273486430063,0.7272727272727273,-0.42784911510842155,1,False,False,False
2017-W49,tablets_printing_image,3,247.82,114.08,84.19,108.24,282.46,0.0,1.59,False,0.0,0,82.61,0.0,2.172335203366059,2.1818181818181817,-0.50739899429821,1,False,False,False
2017-W50,tablets_printing_image,2,158.34,138.68,91.56,112.82,321.8,0.0,0.21,False,0.0,0,79.17,0.0,1.1417652148831843,1.2307692307692308,-0.46311416961134194,1,False,False,False
2018-W02,tablets_printing_image,1,63.62,144.17,91.21,112.82,326.59,0.0,-0.88,False,0.0,0,63.62,0.0,0.44128459457584795,0.5714285714285714,-0.41374108361234146,1,False,False,False
2018-W03,tablets_printing_image,1,124.34,137.82,95.26,108.24,328.33,0.0,-0.14,False,0.0,0,124.34,0.0,0.9021912639674939,0.5714285714285714,-0.4048441782384853,1,False,False,False
2018-W04,tablets_printing_image,1,60.72,139.46,94.85,114.81,329.15,0.0,-0.83,False,0.0,0,60.72,0.0,0.4353936612648788,0.5714285714285714,-0.4237752109913878,1,False,False,False
2018-W05,tablets_printing_image,2,136.18,133.89,98.38,101.76,330.65,0.0,0.02,False,0.0,0,68.09,0.0,1.0171035925013072,1.1428571428571428,-0.4313774411917514,1,False,False,False
2018-W06,tablets_printing_image,2,147.67,147.16,89.09,130.26,325.34,0.0,0.01,False,0.0,0,73.84,0.0,1.0034656156564283,1.0666666666666667,-0.41828232213893124,1,False,False,False
2018-W07,tablets_printing_image,4,471.17,127.23,61.87,130.26,250.97,3.49,5.56,True,0.0,0,94.23,0.0,3.703293248447693,2.4615384615384617,-0.6751358135202365,-1,True,False,False
2018-W08,tablets_printing_image,3,187.55,176.23,132.86,141.93,441.96,0.0,0.09,False,0.0,0,62.52,0.0,1.064234239346309,1.5,-0.48390255758335765,1,False,False,False
2018-W09,tablets_printing_image,2,127.57,168.7,129.9,141.93,428.5,0.0,-0.32,False,0.0,0,63.78,0.0,0.7561944279786603,1.0,-0.43370973534427854,1,False,False,False
2018-W11,tablets_printing_image,1,450.16,164.85,130.7,131.88,426.26,0.0,2.18,True,0.0,0,225.08,0.0,2.7307249014255386,0.5,-0.5908028079692393,1,False,False,False
2018-W17,tablets_printing_image,1,70.24,213.17,156.78,141.93,526.73,0.0,-0.91,False,0.0,0,70.24,0.0,0.32950227517943426,0.5,-0.4126895586677327,1,False,False,False
2018-W20,tablets_printing_image,1,58.19,206.41,162.23,141.93,530.87,0.0,-0.91,False,0.0,0,58.19,0.0,0.2819146359188024,0.5,-0.43071041340325955,1,False,False,False
2018-W23,tablets_printing_image,1,72.85,206.09,162.56,141.93,531.21,0.0,-0.82,False,0.0,0,72.85,0.0,0.35348634091901593,0.5,-0.41502503523737133,1,False,False,False
2016-W36,telephony,1,75.06,,,,,,0.0,False,,1,75.06,1.0,1.0,0.5333333333333333,-0.6279813570611353,-1,True,False,False
2016-W40,telephony,7,667.54,,,,,,0.0,False,,1,83.44,0.14285714285714285,1.0,4.0,-0.49009656550905545,1,False,False,False
2016-W41,telephony,2,75.28,,,,,,0.0,False,,0,37.64,0.0,1.0,0.9411764705882353,-0.43504725024665425,1,False,False,False
2017-W02,telephony,4,1686.57,,,,,,0.0,False,,0,337.31,0.0,1.0,2.0,-0.5477799922621169,1,False,False,False
2017-W03,telephony,2,55.88,626.11,760.12,371.41,2146.36,0.0,-0.75,False,0.0,0,27.94,0.0,0.08924949290060852,0.8888888888888888,-0.4758977222797841,1,False,False,False
2017-W04,telephony,10,1223.94,512.07,705.96,75.28,1923.98,0.0,1.01,False,0.0,0,111.27,0.0,2.390181029937313,4.2105263157894735,-0.4597112382075366,1,False,False,False
2017-W05,telephony,22,3468.3,630.71,695.1,371.41,2020.91,0.0,4.08,True,0.0,1,128.46,0.045454545454545456,5.499040763583897,6.285714285714286,-0.5735408243565387,-1,True,False,False
2017-W06,telephony,28,5760.76,1036.08,1246.16,667.54,3528.39,0.0,3.79,True,0.0,1,160.02,0.03571428571428571,5.560149795382596,4.571428571428571,-0.5702842727188336,1,False,False,False
2017-W07,telephony,25,1812.16,1626.67,2030.12,945.74,5686.91,0.0,0.09,False,0.0,0,60.41,0.0,1.1140305040358525,2.6315789473684212,-0.3583469043383506,1,False,False,False
2017-W08,telephony,27,1395.29,1843.8,1930.93,1455.26,5705.66,0.0,-0.23,False,0.0,0,51.68,0.0,0.7567469356763207,2.16,-0.362397624736468,1,False,False,False
2017-W09,telephony,21,942.35,1934.77,1884.17,1540.93,5703.12,0.0,-0.53,False,0.0,0,44.87,0.0,0.48706047747277453,1.4,-0.3922898473907568,1,False,False,False
2017-W10,telephony,30,1860.98,2043.16,1784.22,1540.93,5611.59,0.0,-0.1,False,0.0,1,54.73,0.03333333333333333,0.9108341980070087,1.7266187050359711,-0.39386804003448517,1,False,False,False
2017-W11,telephony,21,1403.84,2064.96,1780.3,1603.72,5625.55,0.0,-0.37,False,0.0,0,63.81,0.0,0.6798388346505501,1.018181818181818,-0.3644801309304572,1,False,False,False
2017-W12,telephony,54,4574.66,2233.45,1619.52,1608.0,5472.48,0.0,1.45,False,0.0,2,73.78,0.037037037037037035,2.048248225838949,2.347826086956522,-0.4466106477615726,1,False,False,False
2017-W13,telephony,43,4061.6,2652.29,1749.23,1836.57,6150.74,0.0,0.81,False,0.0,0,84.62,0.0,1.5313559226178133,1.5087719298245614,-0.3538446682300509,1,False,False,False
2017-W14,telephony,33,3437.38,2726.46,1800.59,1836.57,6327.63,0.0,0.39,False,0.0,0,92.9,0.0,1.2607483696808315,1.0602409638554218,-0.3431055814524328,1,False,False,False
2017-W15,telephony,24,1107.6,2436.03,1379.36,1836.57,5194.75,0.0,-0.96,False,0.0,0,46.15,0.0,0.45467420351966104,0.7559055118110236,-0.386726080235625,1,False,False,False
2017-W16,telephony,31,2392.61,2347.96,1445.78,1632.41,5239.52,0.0,0.03,False,0.0,0,72.5,0.0,1.0190165079473246,0.9802371541501976,-0.3454081597915096,1,False,False,False
2017-W17,telephony,46,3054.05,2472.63,1393.97,2126.8,5260.56,0.0,0.42,False,0.0,0,64.98,0.0,1.2351423383199265,1.4319066147859922,-0.3483556764773698,1,False,False,False
2017-W18,telephony,50,3037.76,2736.59,1255.89,2723.33,5248.38,224.8,0.24,False,0.0,0,58.42,0.0,1.1100530221918519,1.4184397163120568,-0.35178002967484845,1,False,False,False
2017-W19,telephony,42,3025.72,2883.69,1206.64,3045.9,5296.96,470.42,0.12,False,0.0,1,63.04,0.023809523809523808,1.0492528669863959,1.1125827814569536,-0.3695292268423969,1,False,False,False
2017-W20,telephony,47,3382.92,3086.42,1048.35,3045.9,5183.11,989.73,0.28,False,0.0,2,63.83,0.0425531914893617,1.0960659923147207,1.1640866873065014,-0.3987235350046428,1,False,False,False
2017-W21,telephony,43,3226.33,2937.46,877.39,3045.9,4692.24,1182.67,0.33,False,0.0,0,64.53,0.0,1.0983400625029787,1.0886075949367089,-0.338839554924892,1,False,False,False
2017-W22,telephony,40,3967.37,2833.05,767.3,3045.9,4367.65,1298.44,1.48,False,0.0,0,76.3,0.0,1.4003882741215297,1.0126582278481013,-0.3585430905129109,1,False,False,False
2017-W23,telephony,51,3196.34,2899.3,845.8,3045.9,4590.89,1207.7,0.35,False,0.0,0,57.08,0.0,1.1024523160762942,1.263157894736842,-0.35028959841572926,1,False,False,False
2017-W24,telephony,41,3078.65,3160.39,437.58,3125.2,4035.55,2285.22,-0.19,False,0.0,0,69.97,0.0,0.9741361034555862,0.9371428571428572,-0.3392944395604808,1,False,False,False
2017-W25,telephony,23,941.43,3246.14,315.94,3137.5,3878.02,2614.27,-7.29,True,1672.84,0,39.23,0.0,0.2900152180743899,0.5111111111111111,-0.574677071943913,-1,True,True,True
2017-W26,telephony,24,1090.89,2982.06,879.58,3137.5,4741.22,1222.91,-2.15,True,132.02,0,40.4,0.0,0.36581758918331625,0.56973293768546,-0.41769281559821136,1,False,True,False
2017-W27,telephony,27,1711.3,2738.71,1102.94,3137.5,4944.58,532.83,-0.93,False,0.0,0,59.01,0.0,0.6248562279321286,0.6945337620578779,-0.36284428998685303,1,False,False,False
2017-W28,telephony,24,1777.85,2574.4,1150.93,3137.5,4876.27,272.54,-0.69,False,0.0,0,65.85,0.0,0.6905880981976382,0.6486486486486487,-0.36085704762402665,1,False,False,False
2017-W29,telephony,33,3990.03,2373.77,1129.56,2428.25,4632.88,114.66,1.43,False,0.0,0,110.83,0.0,1.6808831521166752,0.967032967032967,-0.37303461634735824,1,False,False,False
2017-W30,telephony,40,3780.11,2469.23,1238.88,2428.25,4947.0,0.0,1.06,False,0.0,0,72.69,0.0,1.5308861466935038,1.2167300380228137,-0.35321252360074185,1,False,False,False
2017-W31,telephony,37,3547.78,2445.83,1207.91,2428.25,4861.65,30.0,0.91,False,0.0,2,86.53,0.05405405405405406,1.4505423516761182,1.1254752851711027,-0.4236858152461612,1,False,False,False
2017-W32,telephony,26,2713.6,2489.76,1244.93,2428.25,4979.62,0.0,0.18,False,0.0,0,100.5,0.0,1.0899042477989844,0.8353413654618473,-0.3505200609323456,1,False,False,False
2017-W33,telephony,29,3001.48,2444.12,1226.82,2245.72,4897.77,0.0,0.45,False,0.0,0,96.82,0.0,1.2280411763743189,0.9914529914529915,-0.35099038803500066,1,False,False,False
2017-W34,telephony,28,2890.19,2701.63,1072.89,2857.54,4847.42,555.84,0.18,False,0.0,0,90.32,0.0,1.0697949015964436,0.9333333333333333,-0.34442589935871387,1,False,False,False
2017-W35,telephony,37,4171.95,2926.54,853.07,2945.84,4632.68,1220.4,1.46,False,0.0,1,112.76,0.02702702702702703,1.4255571425642568,1.2131147540983607,-0.40171678378791903,1,False,False,False
2017-W36,telephony,49,9482.13,3234.12,793.86,3274.63,4821.84,1646.41,7.87,True,0.0,0,175.59,0.0,2.931904196504768,1.5433070866141732,-0.5631856178921548,1,False,False,False
2017-W37,telephony,43,7160.37,4197.16,2200.94,3663.94,8599.03,0.0,1.35,False,0.0,0,149.17,0.0,1.7060035833754252,1.2329749103942653,-0.40423637721011285,1,False,False,False
2017-W38,telephony,24,2961.69,4593.45,2431.64,3663.94,9456.74,0.0,-0.67,False,0.0,0,118.47,0.0,0.644763739672795,0.6643598615916955,-0.367997668712984,1,False,False,False
2017-W39,telephony,32,3583.93,4491.15,2487.33,3274.63,9465.8,0.0,-0.36,False,0.0,0,99.55,0.0,0.7979982855170725,0.9377289377289377,-0.34628554378329024,1,False,False,False
2017-W40,telephony,43,5954.4,4495.67,2485.4,3292.7,9466.47,0.0,0.59,False,0.0,0,114.51,0.0,1.3244744387377185,1.2835820895522387,-0.36421816449031413,1,False,False,False
2017-W41,telephony,58,6655.6,4900.77,2416.6,3877.94,9733.97,67.56,0.73,False,0.0,0,109.11,0.0,1.3580723029238262,1.6280701754385964,-0.3710507646455774,1,False,False,False
2017-W42,telephony,67,9811.52,5357.53,2350.77,5063.17,10059.07,655.99,1.89,False,0.0,0,124.2,0.0,1.831351387673051,1.7070063694267517,-0.4238104218136394,1,False,False,False
2017-W43,telephony,45,6414.53,6222.7,2575.85,6305.0,11374.4,1071.0,0.07,False,0.0,0,118.79,0.0,1.0308274543204718,1.019830028328612,-0.3616158415107721,1,False,False,False
2017-W44,telephony,39,5640.18,6503.02,2439.19,6535.06,11381.4,1624.64,-0.35,False,0.0,0,117.5,0.0,0.8673170311639823,0.8642659279778393,-0.36230711084247447,1,False,False,False
2017-W45,telephony,61,8064.13,6022.78,2127.1,6184.46,10276.98,1768.58,0.96,False,0.0,0,113.58,0.0,1.3389381647677652,1.3903133903133904,-0.38091227661029287,1,False,False,False
2017-W46,telephony,50,4750.32,6135.75,2218.2,6184.46,10572.14,1699.35,-0.62,False,0.0,0,83.34,0.0,0.7742036425864808,1.084010840108401,-0.3411223880431832,1,False,False,False
2017-W47,telephony,146,16709.57,6359.33,1923.08,6184.46,10205.49,2513.16,5.38,True,0.0,0,103.15,0.0,2.627567684017027,2.956962025316456,-0.6358603746195657,-1,True,False,False
2017-W48,telephony,91,12623.13,8000.03,3850.36,6535.06,15700.76,299.3,1.2,False,0.0,0,124.98,0.0,1.5778853329300015,1.4302554027504912,-0.46501807383871707,1,False,False,False
2017-W49,telephony,68,7425.83,8833.62,4060.38,7359.86,16954.37,712.87,-0.35,False,0.0,0,88.4,0.0,0.8406327190891163,0.9766606822262118,-0.3749014213602898,1,False,False,False
2017-W50,telephony,48,3953.98,8929.9,4010.17,7744.98,16950.25,909.55,-1.24,False,0.0,0,71.89,0.0,0.44277987435469607,0.6772486772486772,-0.3614501878789209,1,False,False,False
2017-W51,telephony,50,2805.22,8197.71,4346.82,6920.18,16891.36,0.0,-1.24,False,0.0,0,51.95,0.0,0.34219556437102555,0.7299270072992701,-0.38835296397515184,1,False,False,False
2017-W52,telephony,53,3229.78,7746.54,4728.86,6533.0,17204.27,0.0,-0.96,False,0.0,0,55.69,0.0,0.41693194639155035,0.7667269439421338,-0.3659249877425622,1,False,False,False
2018-W01,telephony,57,4238.94,7445.24,4953.69,6088.08,17352.62,0.0,-0.65,False,0.0,0,58.07,0.0,0.5693490068822495,0.8042328042328042,-0.35912212070157434,1,False,False,False
2018-W02,telephony,75,4915.75,6967.1,5068.69,4494.63,17104.48,0.0,-0.4,False,0.0,0,57.83,0.0,0.7055661609564955,1.0657193605683837,-0.37343082228903574,1,False,False,False
2018-W03,telephony,87,5458.76,6987.78,5058.68,4577.34,17105.14,0.0,-0.3,False,0.0,0,55.7,0.0,0.7811865857253664,1.183673469387755,-0.3946927283460081,1,False,False,False
2018-W04,telephony,82,5672.74,5581.42,3187.79,4577.34,11957.0,0.0,0.03,False,0.0,0,66.74,0.0,1.0163614277370274,1.2400756143667298,-0.383858265326483,1,False,False,False
2018-W05,telephony,91,4638.83,4712.62,1488.92,4577.34,7690.47,1734.78,-0.05,False,0.0,1,49.35,0.01098901098901099,0.9843420432795346,1.4,-0.4448262962034595,1,False,False,False
2018-W06,telephony,95,6175.28,4364.25,1013.57,4438.88,6391.39,2337.11,1.79,False,0.0,1,61.75,0.010526315789473684,1.4149693532680299,1.3996316758747698,-0.4900410604761043,1,False,False,False
2018-W07,telephony,85,5114.27,4641.91,1176.31,4777.29,6994.54,2289.28,0.4,False,0.0,0,52.19,0.0,1.1017598359296068,1.152542372881356,-0.3982565911001304,1,False,False,False
2018-W08,telephony,84,12157.04,4930.54,915.67,5015.01,6761.89,3099.19,7.89,True,0.0,0,119.19,0.0,2.465660962085289,1.0752,-0.5522924038630793,1,False,False,False
2018-W09,telephony,63,4421.8,6046.45,2542.13,5286.52,11130.71,962.2,-0.64,False,0.0,2,63.17,0.031746031746031744,0.7313051459947573,0.7682926829268293,-0.4298543000625386,1,False,False,False
2018-W10,telephony,69,6706.28,6069.31,2524.31,5286.52,11117.93,1020.68,0.25,False,0.0,0,91.87,0.0,1.1049493270239943,0.8338368580060423,-0.37234168966131387,1,False,False,False
2018-W11,telephony,77,6658.1,6293.12,2486.52,5565.75,11266.16,1320.09,0.15,False,0.0,0,84.28,0.0,1.0579966693786231,0.9390243902439024,-0.3780807850323393,1,False,False,False
2018-W12,telephony,86,11928.66,6443.04,2465.09,5924.01,11373.22,1512.87,2.23,True,0.0,0,129.66,0.0,1.8514024435670118,1.065015479876161,-0.46036007887965497,1,False,False,False
2018-W13,telephony,70,6633.19,7225.03,3097.08,6416.69,13419.19,1030.88,-0.19,False,0.0,0,78.97,0.0,0.9180847691981902,0.8615384615384616,-0.3700687886049067,1,False,False,False
2018-W14,telephony,48,4701.59,7474.33,2935.2,6645.64,13344.73,1603.93,-0.94,False,0.0,0,87.07,0.0,0.6290316322667049,0.6104928457869634,-0.3437320269877701,1,False,False,False
2018-W15,telephony,58,11238.22,7290.12,3071.46,6645.64,13433.03,1147.2,1.29,False,0.0,0,149.84,0.0,1.5415685887200758,0.7972508591065293,-0.42922035569721784,1,False,False,False
2018-W16,telephony,72,6390.2,8055.61,3211.64,6682.19,14478.88,1632.34,-0.52,False,0.0,0,71.0,0.0,0.7932608455473887,1.037837837837838,-0.3793833712168718,1,False,False,False
2018-W17,telephony,52,7328.6,7334.76,2777.39,6645.64,12889.53,1779.98,-0.0,False,0.0,0,109.38,0.0,0.9991601633863958,0.7661141804788214,-0.3645601567435754,1,False,False,False
2018-W18,telephony,56,7909.05,7698.1,2520.08,6682.19,12738.27,2657.94,0.08,False,0.0,0,134.05,0.0,1.0274028656421714,0.8421052631578947,-0.3797778176887894,1,False,False,False
2018-W19,telephony,76,6913.57,7848.45,2488.13,6993.35,12824.71,2872.19,-0.38,False,0.0,0,87.51,0.0,0.8808834865482993,1.1714836223506744,-0.3824214147454243,1,False,False,False
2018-W20,telephony,59,4769.67,7880.38,2472.26,7121.08,12824.91,2935.86,-1.26,False,0.0,0,78.19,0.0,0.6052588834548588,0.9111969111969112,-0.36447163393423154,1,False,False,False
2018-W21,telephony,34,3684.57,6985.51,2058.64,6773.38,11102.8,2868.22,-1.6,False,0.0,0,94.48,0.0,0.5274589829518532,0.5539714867617108,-0.3721717127119383,1,False,False,False
2018-W22,telephony,40,6328.21,6616.93,2371.0,6651.88,11358.93,1874.94,-0.12,False,0.0,0,147.17,0.0,0.9563664720648397,0.7032967032967034,-0.38780452184256636,1,False,False,False
2018-W23,telephony,42,8739.9,6820.26,2249.94,6651.88,11320.13,2320.39,0.85,False,0.0,0,194.22,0.0,1.2814614105620605,0.7516778523489933,-0.4340445965112904,1,False,False,False
2018-W24,telephony,54,11690.68,6507.97,1639.77,6651.88,9787.51,3228.43,3.16,True,0.0,0,182.67,0.0,1.7963635357876573,1.0023201856148491,-0.46958906012544943,1,False,False,False
2018-W25,telephony,56,5438.63,7170.53,2454.05,7121.08,12078.64,2262.42,-0.71,False,0.0,0,90.64,0.0,0.7584697365466709,1.0847457627118644,-0.3515260789553071,1,False,False,False
2018-W26,telephony,37,4490.26,6934.28,2526.56,6620.89,11987.41,1881.16,-0.97,False,0.0,1,112.26,0.02702702702702703,0.6475452390154421,0.709832134292566,-0.4044783005307317,1,False,False,False
2018-W27,telephony,33,3395.99,6506.94,2625.34,5883.42,11757.61,1256.26,-1.18,False,0.0,0,97.03,0.0,0.5219027684287852,0.6633165829145728,-0.3557027667488354,1,False,False,False
2018-W28,telephony,26,4486.61,6067.24,2833.79,5104.15,11734.83,399.65,-0.56,False,0.0,0,140.21,0.0,0.7394812138633052,0.5859154929577465,-0.3708039554869044,1,False,False,False
2018-W29,telephony,59,11859.65,6031.86,2854.0,4964.44,11739.86,323.85,2.04,True,0.0,0,191.28,0.0,1.9661679813523525,1.4658385093167703,-0.46819008286607583,1,False,False,False
2018-W30,telephony,60,8482.91,7053.74,3319.14,5883.42,13692.02,415.46,0.43,False,0.0,1,132.55,0.016666666666666666,1.2026116641668108,1.38328530259366,-0.45003994463827,1,False,False,False
2018-W31,telephony,92,17454.5,7323.08,3339.22,6960.77,14001.51,644.64,3.03,True,0.0,0,166.23,0.0,2.3834916455917456,2.005449591280654,-0.5486707135073252,1,False,False,False
2018-W32,telephony,79,41663.02,8412.4,4916.41,6960.77,18245.23,0.0,6.76,True,0.0,0,378.75,0.0,4.952572393133945,1.515587529976019,-0.7622861084511663,-1,True,False,False
2018-W33,telephony,62,9752.78,12158.95,12827.21,6960.77,37813.37,0.0,-0.19,False,0.0,0,157.3,0.0,0.802107089839172,1.1221719457013575,-0.43849857923839347,1,False,False,False
2018-W34,telephony,31,4072.58,12698.22,12592.87,9117.85,37883.95,0.0,-0.68,False,0.0,0,116.36,0.0,0.32072054193422384,0.5535714285714286,-0.37297058510966213,1,False,False,False
2018-W35,telephony,3,85.73,12646.0,12632.56,9117.85,37911.13,0.0,-0.99,False,0.0,0,28.58,0.0,0.0067792187252886296,0.05429864253393665,-0.4726803680673547,1,False,False,False
2016-W40,toys,23,5298.09,,,,,,0.0,False,,3,211.92,0.13043478260869565,1.0,0.44660194174757284,-0.5366317687043797,1,False,False,False
2016-W41,toys,2,372.65,,,,,,0.0,False,,0,186.33,0.0,1.0,0.039119804400977995,-0.47075618725599794,1,False,False,False
2017-W01,toys,3,243.85,,,,,,0.0,False,,0,81.28,0.0,1.0,0.06818181818181818,-0.4978243813482047,1,False,False,False
2017-W02,toys,3,516.22,,,,,,0.0,False,,1,172.07,0.3333333333333333,1.0,0.08135593220338982,-0.6469617479700359,-1,True,False,False
2017-W03,toys,12,1115.64,1607.7,2462.77,444.44,6533.25,0.0,-0.2,False,0.0,0,92.97,0.0,0.6939354357156187,0.46601941747572817,-0.44944440598487767,1,False,False,False
2017-W04,toys,22,3199.67,1509.29,2144.15,516.22,5797.58,0.0,0.79,False,0.0,0,139.12,0.0,2.1199835684328394,1.2661870503597121,-0.4391254856367661,1,False,False,False
2017-W05,toys,15,2952.47,1791.02,2038.17,815.93,5867.35,0.0,0.57,False,0.0,0,184.53,0.0,1.6484852207122198,1.2121212121212122,-0.4346158650552622,1,False,False,False
2017-W06,toys,21,4138.26,1956.94,1911.67,1115.64,5780.28,0.0,1.14,False,0.0,1,188.1,0.047619047619047616,2.114658599650475,2.0240963855421685,-0.49668213612963225,1,False,False,False
2017-W07,toys,15,2662.56,2229.61,1930.59,2034.05,6090.79,0.0,0.22,False,0.0,0,156.62,0.0,1.1941819421333775,1.188118811881188,-0.39206989020931465,1,False,False,False
2017-W08,toys,11,1056.69,1900.16,1511.57,1889.1,4923.3,0.0,-0.56,False,0.0,0,88.06,0.0,0.556105801616706,0.946236559139785,-0.4708931056162009,1,False,False,False
2017-W09,toys,20,3431.47,1985.67,1429.96,1889.1,4845.59,0.0,1.01,False,0.0,0,149.19,0.0,1.7281169580040991,1.5686274509803921,-0.38518345620053474,1,False,False,False
2017-W10,toys,23,3933.1,2384.12,1314.74,2807.52,5013.6,0.0,1.18,False,0.0,0,163.88,0.0,1.6497072295018707,1.546218487394958,-0.3923371125349144,1,False,False,False
2017-W11,toys,23,2747.64,2811.23,1168.07,3076.07,5147.37,475.1,-0.05,False,0.0,0,119.46,0.0,0.9773800080391857,1.3237410071942446,-0.37984474906308163,1,False,False,False
2017-W12,toys,20,3272.32,3015.23,952.2,3076.07,4919.63,1110.84,0.27,False,0.0,0,155.82,0.0,1.085263810720907,1.0666666666666667,-0.36174104736261037,1,False,False,False
2017-W13,toys,21,4503.39,3024.31,954.55,3112.4,4933.42,1115.21,1.55,False,0.0,0,187.64,0.0,1.489063621123496,1.135135135135135,-0.41404499716608967,1,False,False,False
2017-W14,toys,31,3952.55,3218.18,1086.28,3351.9,5390.74,1045.62,0.68,False,0.0,0,119.77,0.0,1.2281941967198853,1.6103896103896105,-0.36313779190134726,1,False,False,False
2017-W15,toys,22,3332.18,3194.96,1065.59,3351.9,5326.15,1063.78,0.13,False,0.0,0,138.84,0.0,1.0429488945088514,1.0731707317073171,-0.35511009594138604,1,False,False,False
2017-W16,toys,21,3582.69,3278.67,1043.88,3381.82,5366.42,1190.91,0.29,False,0.0,0,149.28,0.0,1.092726623905425,0.9824561403508771,-0.35358269726049335,1,False,False,False
2017-W17,toys,25,4670.37,3594.42,532.57,3507.08,4659.56,2529.27,2.02,True,0.0,0,166.8,0.0,1.2993389754118885,1.1049723756906078,-0.3936510326694027,1,False,False,False
2017-W18,toys,37,5418.21,3749.28,646.39,3757.9,5042.05,2456.51,2.58,True,0.0,0,142.58,0.0,1.4451334656254,1.5913978494623655,-0.3946885740894368,1,False,False,False
2017-W19,toys,44,5253.74,3934.92,878.35,3767.62,5691.63,2178.21,1.5,False,0.0,0,107.22,0.0,1.3351580210016976,1.76,-0.4022926909636237,1,False,False,False
2017-W20,toys,45,4990.96,4248.18,840.5,4227.97,5929.19,2567.17,0.88,False,0.0,0,106.19,0.0,1.1748466402082773,1.6289592760180995,-0.3863879887364692,1,False,False,False
2017-W21,toys,47,7008.07,4463.01,772.32,4586.88,6007.65,2918.37,3.3,True,0.0,0,146.0,0.0,1.5702563964678544,1.5284552845528456,-0.4321810499986107,1,False,False,False
2017-W22,toys,46,8126.92,4776.1,1187.24,4830.66,7150.59,2401.61,2.82,True,0.0,2,169.31,0.043478260869565216,1.7015807876719498,1.3529411764705883,-0.46909643903887266,1,False,False,False
2017-W23,toys,53,6321.27,5297.89,1614.15,5122.35,8526.2,2069.58,0.63,False,0.0,0,119.27,0.0,1.1931674685582374,1.4773519163763067,-0.363454210740976,1,False,False,False
2017-W24,toys,33,4363.09,5671.53,1429.53,5335.98,8530.59,2812.47,-0.92,False,0.0,1,128.33,0.030303030303030304,0.7692968211399747,0.8301886792452831,-0.3926871319987544,1,False,False,False
2017-W25,toys,26,3194.73,5769.08,1286.05,5335.98,8341.19,3196.97,-2.0,True,2.24,0,118.32,0.0,0.5537676717951563,0.6303030303030303,-0.4420642898122105,1,False,False,False
2017-W26,toys,29,3699.16,5584.62,1545.75,5335.98,8676.13,2493.12,-1.22,False,0.0,0,115.6,0.0,0.6623834746142083,0.7009063444108762,-0.38372937160441006,1,False,False,False
2017-W27,toys,45,7557.04,5369.74,1685.37,5122.35,8740.49,1999.0,1.3,False,0.0,0,151.14,0.0,1.4073381578996376,1.1145510835913313,-0.367687241367071,1,False,False,False
2017-W28,toys,50,6150.72,5657.66,1851.29,5656.12,9360.24,1955.07,0.27,False,0.0,0,102.51,0.0,1.0871491040465493,1.2345679012345678,-0.38007025043224546,1,False,False,False
2017-W29,toys,39,5305.14,5802.62,1836.98,6236.0,9476.59,2128.66,-0.27,False,0.0,0,129.39,0.0,0.9142663141822143,0.9483282674772037,-0.3547529536201274,1,False,False,False
2017-W30,toys,45,6745.9,5589.76,1774.96,5727.93,9139.68,2039.84,0.65,False,0.0,0,146.65,0.0,1.2068317781085411,1.1214953271028036,-0.3515030038405159,1,False,False,False
2017-W31,toys,52,6587.86,5417.13,1545.25,5727.93,8507.62,2326.64,0.76,False,0.0,0,117.64,0.0,1.2161162829764098,1.3,-0.3697453539121312,1,False,False,False
2017-W32,toys,38,5422.92,5450.46,1570.2,5727.93,8590.86,2310.05,-0.02,False,0.0,0,135.57,0.0,0.9949472154643828,0.9529780564263323,-0.34688071593865866,1,False,False,False
2017-W33,toys,41,6032.79,5582.93,1508.87,5786.82,8600.67,2565.2,0.3,False,0.0,1,128.36,0.024390243902439025,1.0805777611397598,1.0123456790123457,-0.3767657926417888,1,False,False,False
2017-W34,toys,27,4343.62,5937.69,1160.59,6091.76,8258.87,3616.51,-1.37,False,0.0,0,144.79,0.0,0.7315336435549852,0.6371681415929203,-0.39335916352814443,1,False,False,False
2017-W35,toys,37,6355.99,6018.25,993.33,6091.76,8004.9,4031.59,0.34,False,0.0,0,144.45,0.0,1.0561193037843226,0.8783382789317508,-0.34502917644987335,1,False,False,False
2017-W36,toys,47,7661.82,5868.12,799.35,6091.76,7466.83,4269.41,2.24,True,0.0,1,134.42,0.02127659574468085,1.3056685957342384,1.1428571428571428,-0.41687801234352506,1,False,False,False
2017-W37,toys,69,9057.06,6057.0,1022.94,6194.39,8102.89,4011.12,2.93,True,0.0,0,119.17,0.0,1.4953046062407132,1.6932515337423313,-0.45305892205138604,1,False,False,False
2017-W38,toys,71,12547.01,6525.99,1414.23,6471.92,9354.45,3697.54,4.26,True,0.0,1,147.61,0.014084507042253521,1.9226217018414065,1.595505617977528,-0.5579985414313763,1,False,False,False
2017-W39,toys,84,11834.58,7251.13,2563.42,6471.92,12377.98,2124.29,1.79,False,0.0,1,131.5,0.011904761904761904,1.6321014793556314,1.7591623036649215,-0.48460417623632185,1,False,False,False
2017-W40,toys,87,11737.5,7906.97,3002.97,7008.9,13912.92,1901.03,1.28,False,0.0,0,119.77,0.0,1.4844497955601197,1.681159420289855,-0.48291083074590135,1,False,False,False
2017-W41,toys,71,11175.25,8696.3,3085.52,8359.44,14867.34,2525.25,0.8,False,0.0,0,147.04,0.0,1.2850580131780183,1.2267818574514038,-0.4205638829929997,1,False,False,False
2017-W42,toys,48,11040.84,9339.1,2985.4,10116.15,15309.91,3368.3,0.57,False,0.0,2,200.74,0.041666666666666664,1.1822167018235161,0.7789046653144016,-0.4831366605986322,1,False,False,False
2017-W43,toys,51,6703.74,10176.26,2227.2,11108.04,14630.65,5721.86,-1.56,False,0.0,0,117.61,0.0,0.6587626495392216,0.7937743190661478,-0.42136638614304295,1,False,False,False
2017-W44,toys,34,7232.38,10219.72,2143.82,11108.04,14507.36,5932.09,-1.39,False,0.0,1,185.45,0.029411764705882353,0.7076886646600886,0.5151515151515151,-0.4551679136940941,1,False,False,False
2017-W45,toys,52,8718.69,10166.04,2221.0,11108.04,14608.05,5724.04,-0.65,False,0.0,0,145.31,0.0,0.8576289292585904,0.8077669902912621,-0.3938776784126637,1,False,False,False
2017-W46,toys,70,14252.36,10123.75,2248.2,11108.04,14620.14,5627.36,1.84,False,0.0,1,187.53,0.014285714285714285,1.4078142980614892,1.1244979919678715,-0.4876423941810968,1,False,False,False
2017-W47,toys,188,34284.73,10336.92,2568.78,11108.04,15474.48,5199.36,9.32,True,0.0,0,155.13,0.0,3.316725871923165,3.0261569416498992,-0.7337999554321645,-1,True,False,False
2017-W48,toys,200,32466.76,13143.19,8899.79,11108.04,30942.77,0.0,2.17,True,0.0,0,147.58,0.0,2.4702343951506442,2.6622296173044924,-0.6556457603481468,-1,True,False,False
2017-W49,toys,157,28767.51,15734.34,11162.15,11108.04,38058.65,0.0,1.17,False,0.0,0,166.29,0.0,1.8283264502991545,1.7591036414565826,-0.628735968234713,-1,True,False,False
2017-W50,toys,102,16035.83,17933.38,11847.53,12646.6,41628.44,0.0,-0.16,False,0.0,2,144.47,0.0196078431372549,0.8941889370548106,1.02,-0.55806385651905,1,False,False,False
2017-W51,toys,43,7848.06,18557.75,11560.54,15144.1,41678.83,0.0,-0.93,False,0.0,0,178.37,0.0,0.42289932777411054,0.4028103044496487,-0.41521240642158286,1,False,False,False
2017-W52,toys,36,7074.5,18700.79,11398.87,15144.1,41498.52,0.0,-1.02,False,0.0,0,191.2,0.0,0.3782995263836447,0.3404255319148936,-0.43790647645165065,1,False,False,False
2018-W01,toys,41,8268.83,18681.06,11421.67,15144.1,41524.4,0.0,-0.91,False,0.0,0,179.76,0.0,0.442631735030025,0.3867924528301887,-0.42509369854782925,1,False,False,False
2018-W02,toys,40,7457.31,18624.82,11478.69,15144.1,41582.21,0.0,-0.97,False,0.0,0,181.89,0.0,0.40039635282381253,0.3823178016726404,-0.41140840218648667,1,False,False,False
2018-W03,toys,33,6022.05,17775.44,12083.91,12152.33,41943.26,0.0,-0.97,False,0.0,0,172.06,0.0,0.33878486270944635,0.3271375464684015,-0.41045237149082253,1,False,False,False
2018-W04,toys,32,3635.18,14242.61,10609.19,8058.44,35460.98,0.0,-1.0,False,0.0,0,103.86,0.0,0.2552327136669473,0.39263803680981596,-0.41143163417385115,1,False,False,False
2018-W05,toys,30,3306.92,10638.66,8144.89,7652.68,26928.43,0.0,-0.9,False,0.0,1,110.23,0.03333333333333333,0.3108398990098377,0.49586776859504134,-0.44077929313109715,1,False,False,False
2018-W06,toys,31,4193.45,7456.08,3935.97,7265.91,15328.03,0.0,-0.83,False,0.0,0,110.35,0.0,0.5624201993540842,0.6946778711484594,-0.3703804275284169,1,False,False,False
2018-W07,toys,33,4406.95,5975.79,1998.06,6548.28,9971.91,1979.67,-0.79,False,0.0,1,122.42,0.030303030303030304,0.7374673474134801,0.9230769230769231,-0.39246135047034497,1,False,False,False
2018-W08,toys,31,3573.52,5545.65,1905.68,5214.5,9357.01,1734.28,-1.03,False,0.0,2,102.1,0.06451612903225806,0.6443825340582259,0.8985507246376812,-0.47223450579900395,1,False,False,False
2018-W09,toys,51,7464.54,5108.03,1906.42,4300.2,8920.88,1295.18,1.24,False,0.0,0,133.3,0.0,1.46133440876424,1.5055350553505535,-0.3769504654987739,1,False,False,False
2018-W10,toys,48,6116.15,5007.49,1728.86,4300.2,8465.22,1549.76,0.64,False,0.0,3,117.62,0.0625,1.2214003422872537,1.3665480427046264,-0.438336388324371,1,False,False,False
2018-W11,toys,62,8486.07,4839.84,1508.33,4300.2,7856.51,1823.18,2.42,True,0.0,0,114.68,0.0,1.7533782108499454,1.7162629757785468,-0.4420657385469844,1,False,False,False
2018-W12,toys,48,7328.1,5147.85,1966.28,4300.2,9080.41,1215.28,1.11,False,0.0,0,140.93,0.0,1.4235263265246656,1.2075471698113207,-0.3625751669577123,1,False,False,False
2018-W13,toys,42,5873.73,5609.46,1993.72,5261.55,9596.91,1622.02,0.13,False,0.0,0,119.87,0.0,1.0471114866671658,1.0059880239520957,-0.3526350833864969,1,False,False,False
2018-W14,toys,45,7947.91,5930.31,1763.48,5994.94,9457.28,2403.35,1.14,False,0.0,0,158.96,0.0,1.3402183022472687,1.0404624277456647,-0.37015238327617017,1,False,False,False
2018-W15,toys,27,2924.83,6399.62,1734.57,6722.12,9868.76,2930.48,-2.0,True,5.65,0,108.33,0.0,0.457031823764536,0.6,-0.45594731210429457,1,False,False,False
2018-W16,toys,54,7041.11,6214.36,2031.54,6722.12,10277.43,2151.29,0.41,False,0.0,0,121.4,0.0,1.133038639538102,1.2203389830508475,-0.37137662937463584,1,False,False,False
2018-W17,toys,51,7225.36,6647.8,1736.02,7184.6,10119.85,3175.76,0.33,False,0.0,1,138.95,0.0196078431372549,1.086879870032191,1.0822281167108754,-0.381543257409594,1,False,False,False
2018-W18,toys,51,8031.54,6617.91,1721.95,7133.24,10061.81,3174.01,0.82,False,0.0,0,143.42,0.0,1.2136067126932824,1.0822281167108754,-0.3629222887808113,1,False,False,False
2018-W19,toys,63,11616.07,6857.33,1774.57,7276.73,10406.48,3308.18,2.68,True,0.0,0,176.0,0.0,1.6939639772331214,1.3263157894736841,-0.4554906727035617,1,False,False,False
2018-W20,toys,56,11197.82,7248.58,2414.6,7276.73,12077.78,2419.38,1.64,False,0.0,1,193.07,0.017857142857142856,1.5448294700479266,1.1758530183727034,-0.4569310725071897,1,False,False,False
2018-W21,toys,34,5015.28,7732.3,2791.07,7586.64,13314.43,2150.17,-0.97,False,0.0,0,139.31,0.0,0.6486142544909017,0.699228791773779,-0.3676616775823281,1,False,False,False
2018-W22,toys,39,7701.94,7624.99,2887.56,7586.64,13400.11,1849.87,0.03,False,0.0,0,179.11,0.0,1.0100918165138577,0.8188976377952756,-0.37488450729417955,1,False,False,False
2018-W23,toys,42,4916.84,7594.24,2884.94,7463.65,13364.13,1824.36,-0.93,False,0.0,0,98.34,0.0,0.647443325467723,0.896,-0.38820654071223876,1,False,False,False
2018-W24,toys,45,10781.26,7843.24,2482.2,7463.65,12807.65,2878.84,1.18,False,0.0,0,189.14,0.0,1.3745926428363788,0.9230769230769231,-0.4144792562166353,1,False,False,False
2018-W25,toys,35,4002.02,8310.76,2655.7,7866.74,13622.16,2999.37,-1.62,False,0.0,0,102.62,0.0,0.4815468140097897,0.7349081364829396,-0.41452544856291235,1,False,False,False
2018-W26,toys,39,4932.91,7907.85,3057.95,7866.74,14023.75,1791.94,-0.97,False,0.0,0,117.45,0.0,0.6237991363012703,0.8547945205479452,-0.36952838528050846,1,False,False,False
2018-W27,toys,34,3697.52,7520.52,3231.37,6358.61,13983.26,1057.77,-1.18,False,0.0,0,102.71,0.0,0.49165749176918616,0.7705382436260623,-0.394043144840373,1,False,False,False
2018-W28,toys,23,3277.48,6530.7,3002.29,4974.09,12535.28,526.12,-1.08,False,0.0,1,142.5,0.043478260869565216,0.5018573812914389,0.5679012345679012,-0.4630111748063088,1,False,False,False
2018-W29,toys,41,4775.15,5540.66,2508.73,4924.88,10558.12,523.19,-0.31,False,0.0,0,108.53,0.0,0.8618377594005046,1.127147766323024,-0.36426741162141757,1,False,False,False
2018-W30,toys,34,8385.8,5510.64,2517.34,4846.0,10545.31,475.97,1.14,False,0.0,0,190.59,0.0,1.5217470203098005,0.912751677852349,-0.41327352797123973,1,False,False,False
2018-W31,toys,40,5205.55,5596.12,2612.2,4846.0,10820.53,371.72,-0.15,False,0.0,1,121.06,0.025,0.930207000564677,1.0921501706484642,-0.38548322855957373,1,False,False,False
2018-W32,toys,48,13294.3,5632.21,2603.46,4854.03,10839.12,425.3,2.94,True,0.0,4,237.4,0.08333333333333333,2.3604055956720362,1.3195876288659794,-0.6562308796824812,-1,True,False,False
2018-W33,toys,43,6170.98,5946.34,3356.26,4854.03,12658.86,0.0,0.07,False,0.0,1,137.13,0.023255813953488372,1.037777859994551,1.1700680272108843,-0.3749866920291444,1,False,False,False
2018-W34,toys,30,4103.83,6217.46,3263.07,5069.23,12743.6,0.0,-0.65,False,0.0,0,128.24,0.0,0.6600492805743825,0.7947019867549668,-0.3678760308706082,1,False,False,False
2018-W35,toys,5,385.93,6113.83,3322.32,4990.35,12758.47,0.0,-1.72,False,0.0,0,77.19,0.0,0.06312409733342275,0.13651877133105803,-0.5772679162953924,1,False,False,False
2016-W40,unknown,2,95.92,,,,,,0.0,False,,0,47.96,0.0,1.0,0.06060606060606061,-0.432315595907254,1,False,False,False
2017-W03,unknown,2,564.68,,,,,,0.0,False,,0,282.34,0.0,1.0,0.06584362139917696,-0.47104166893282,1,False,False,False
2017-W04,unknown,8,1364.89,,,,,,0.0,False,,0,151.65,0.0,1.0,0.3137254901960784,-0.3554161504563756,1,False,False,False
2017-W05,unknown,15,5765.63,,,,,,0.0,False,,0,360.35,0.0,1.0,0.6741573033707865,-0.5028739075129713,1,False,False,False
2017-W06,unknown,22,2665.3,1947.78,2598.6,964.79,7144.97,0.0,0.28,False,0.0,0,111.05,0.0,1.3683783589522431,1.1503267973856208,-0.3783209034258793,1,False,False,False
2017-W07,unknown,7,486.45,2091.28,2273.21,1364.89,6637.71,0.0,-0.71,False,0.0,0,69.49,0.0,0.23260873723269956,0.4409448818897638,-0.39671132950161975,1,False,False,False
2017-W08,unknown,7,1628.62,1823.81,2136.17,964.79,6096.16,0.0,-0.09,False,0.0,0,135.72,0.0,0.8929767903454855,0.6153846153846154,-0.3503385704667199,1,False,False,False
2017-W09,unknown,12,1906.76,1795.93,1951.45,1364.89,5698.82,0.0,0.06,False,0.0,0,146.67,0.0,1.0617117593670131,1.411764705882353,-0.35108550127990884,1,False,False,False
2017-W10,unknown,18,3266.48,1809.78,1807.11,1496.76,5424.01,0.0,0.81,False,0.0,0,155.55,0.0,1.8049044635259535,1.92,-0.4041520230230665,1,False,False,False
2017-W11,unknown,6,769.77,2206.1,1723.27,1767.69,5652.65,0.0,-0.83,False,0.0,1,109.97,0.16666666666666666,0.3489279724400526,0.5274725274725275,-0.5494902335447629,1,False,False,False
2017-W12,unknown,14,1897.21,2231.74,1696.69,1767.69,5625.11,0.0,-0.2,False,0.0,0,105.4,0.0,0.8501035066808859,1.1789473684210525,-0.35219569767067216,1,False,False,False
2017-W13,unknown,16,2773.61,2298.28,1668.03,1901.98,5634.34,0.0,0.28,False,0.0,0,154.09,0.0,1.2068198826948848,1.2673267326732673,-0.36108608275426834,1,False,False,False
2017-W14,unknown,21,4650.03,1924.28,968.11,1901.98,3860.5,0.0,2.82,True,0.0,0,172.22,0.0,2.4165038352006984,1.6470588235294117,-0.4842171437107706,1,False,False,False
2017-W15,unknown,8,1761.02,2172.37,1360.09,1901.98,4892.55,0.0,-0.3,False,0.0,0,195.67,0.0,0.81064459553391,0.6336633663366337,-0.3704066062974651,1,False,False,False
2017-W16,unknown,11,1357.08,2331.69,1199.57,1901.98,4730.82,0.0,-0.81,False,0.0,0,123.37,0.0,0.58201561957207,0.8627450980392157,-0.35819009134164886,1,False,False,False
2017-W17,unknown,16,3560.04,2297.74,1225.86,1901.98,4749.46,0.0,1.03,False,0.0,0,154.78,0.0,1.5493658986656456,1.2075471698113207,-0.3865225315247082,1,False,False,False
2017-W18,unknown,23,3380.6,2504.4,1288.29,2335.41,5080.99,0.0,0.68,False,0.0,0,140.86,0.0,1.3498642389394664,1.6727272727272726,-0.38203824668640873,1,False,False,False
2017-W19,unknown,14,4703.66,2518.67,1298.53,2335.41,5115.73,0.0,1.68,False,0.0,0,223.98,0.0,1.8675173802046316,0.9739130434782609,-0.4731319198598322,1,False,False,False
2017-W20,unknown,19,2174.2,3010.41,1286.43,3077.1,5583.27,437.54,-0.65,False,0.0,0,98.83,0.0,0.7222272049322185,1.2357723577235773,-0.3724918474462114,1,False,False,False
2017-W21,unknown,19,2421.13,3045.03,1255.55,3077.1,5556.12,533.94,-0.5,False,0.0,0,100.88,0.0,0.7951087509811069,1.1875,-0.36266486295561545,1,False,False,False
2017-W22,unknown,26,4351.02,3000.97,1272.5,2900.86,5545.98,455.96,1.06,False,0.0,0,140.36,0.0,1.4498712083093135,1.5877862595419847,-0.39665958279902325,1,False,False,False
2017-W23,unknown,14,3083.3,2963.59,1220.47,2900.86,5404.54,522.64,0.1,False,0.0,0,181.37,0.0,1.0403935767093289,0.8235294117647058,-0.37375924549678613,1,False,False,False
2017-W24,unknown,12,1723.34,3128.88,1119.73,3231.95,5368.33,889.43,-1.26,False,0.0,1,132.56,0.08333333333333333,0.5507849454117767,0.676056338028169,-0.4565882457059639,1,False,False,False
2017-W25,unknown,8,443.81,3174.66,1041.7,3231.95,5258.06,1091.26,-2.62,True,647.45,1,55.48,0.125,0.13979764762210758,0.44755244755244755,-0.5785381929245949,-1,True,True,True
2017-W26,unknown,8,660.7,2785.13,1398.53,2752.22,5582.19,0.0,-1.52,False,0.0,0,73.41,0.0,0.23722411521185727,0.4740740740740741,-0.414650495942459,1,False,False,False
2017-W27,unknown,11,1153.93,2445.14,1554.95,2297.66,5555.04,0.0,-0.83,False,0.0,1,88.76,0.09090909090909091,0.4719279877634819,0.7333333333333333,-0.44425611253088954,1,False,False,False
2017-W28,unknown,11,1250.68,2001.43,1304.74,1948.77,4610.9,0.0,-0.58,False,0.0,0,52.11,0.0,0.6248932013610269,0.7521367521367521,-0.38526340054702773,1,False,False,False
2017-W29,unknown,16,1503.28,1885.99,1327.91,1487.01,4541.82,0.0,-0.29,False,0.0,0,83.52,0.0,0.7970773970169512,1.1743119266055047,-0.3664437634827461,1,False,False,False
2017-W30,unknown,14,1019.48,1771.26,1314.66,1376.98,4400.57,0.0,-0.57,False,0.0,1,63.72,0.07142857142857142,0.5755676749884263,1.0566037735849056,-0.45228390528937495,1,False,False,False
2017-W31,unknown,13,1168.61,1354.82,812.48,1202.3,2979.78,0.0,-0.23,False,0.0,1,77.91,0.07692307692307693,0.8625573876972586,1.1063829787234043,-0.4552272789961867,1,False,False,False
2017-W32,unknown,10,1073.95,1115.48,415.7,1161.27,1946.88,284.08,-0.1,False,0.0,0,97.63,0.0,0.9627693907555492,0.8602150537634409,-0.34992251809452174,1,False,False,False
2017-W33,unknown,13,2179.98,1034.3,335.76,1113.94,1705.83,362.78,3.41,True,0.0,0,114.74,0.0,2.107686357923233,1.1428571428571428,-0.4706727706167964,1,False,False,False
2017-W34,unknown,19,2456.02,1251.33,443.41,1161.27,2138.14,364.51,2.72,True,0.0,0,106.78,0.0,1.9627276577721307,1.5833333333333333,-0.42983356916061854,1,False,False,False
2017-W35,unknown,21,2354.04,1475.74,544.56,1209.64,2564.86,386.62,1.61,False,0.0,0,98.09,0.0,1.595159038855083,1.5700934579439252,-0.41377580035800615,1,False,False,False
2017-W36,unknown,14,2638.24,1625.76,605.17,1376.98,2836.1,415.41,1.67,False,0.0,0,114.71,0.0,1.6227733490798149,0.9572649572649573,-0.4001245230645921,1,False,False,False
2017-W37,unknown,22,2488.95,1799.2,676.91,1841.63,3153.01,445.39,1.02,False,0.0,1,108.22,0.045454545454545456,1.3833648288128055,1.4666666666666666,-0.4733261843621233,1,False,False,False
2017-W38,unknown,10,2256.58,1922.41,704.49,2267.01,3331.39,513.43,0.47,False,0.0,0,188.05,0.0,1.1738286837875374,0.6349206349206349,-0.38412852211304893,1,False,False,False
2017-W39,unknown,7,2008.76,2077.05,607.01,2305.31,3291.07,863.02,-0.11,False,0.0,0,167.4,0.0,0.9671216388628101,0.45901639344262296,-0.35879940569144886,1,False,False,False
2017-W40,unknown,19,10863.89,2182.06,488.5,2305.31,3159.06,1205.07,17.77,True,0.0,2,434.56,0.10526315789473684,4.9787311073022735,1.3103448275862069,-0.7719460586875403,-1,True,False,False
2017-W41,unknown,22,9558.35,3405.81,3019.84,2405.03,9445.5,0.0,2.04,True,0.0,0,398.26,0.0,2.806483626508819,1.408,-0.6357124547355496,-1,True,False,False
2017-W42,unknown,8,3340.77,4328.1,3652.44,2472.48,11632.99,0.0,-0.27,False,0.0,1,371.2,0.125,0.7718791155472378,0.47761194029850745,-0.6068902559101256,-1,True,False,False
2017-W43,unknown,11,5151.93,4438.7,3600.69,2563.59,11640.07,0.0,0.2,False,0.0,0,396.3,0.0,1.1606844346317617,0.7154471544715447,-0.5011700946303246,1,False,False,False
2017-W44,unknown,7,783.4,4788.43,3503.85,2989.5,11796.14,0.0,-1.14,False,0.0,0,97.92,0.0,0.16360268396948477,0.49557522123893805,-0.38986282794190874,1,False,False,False
2017-W45,unknown,18,4528.6,4556.58,3721.1,2914.86,11998.77,0.0,-0.01,False,0.0,0,181.14,0.0,0.9938594296599643,1.3584905660377358,-0.3949321657285505,1,False,False,False
2017-W46,unknown,28,5248.44,4811.54,3627.9,3934.69,12067.33,0.0,0.12,False,0.0,1,169.3,0.03571428571428571,1.0908025289200547,2.196078431372549,-0.47672475021572314,1,False,False,False
2017-W47,unknown,45,6078.96,5185.52,3478.01,4840.27,12141.53,0.0,0.26,False,0.0,0,119.2,0.0,1.1722951603696445,3.0,-0.4668190101230529,1,False,False,False
2017-W48,unknown,27,2788.34,5694.29,3236.21,5200.18,12166.71,0.0,-0.9,False,0.0,0,96.15,0.0,0.48967298820397276,1.3670886075949367,-0.4100447457457767,1,False,False,False
2017-W49,unknown,44,6420.81,4684.85,2587.87,4840.27,9860.58,0.0,0.67,False,0.0,0,139.58,0.0,1.370547616252388,2.1204819277108435,-0.46990264550099947,1,False,False,False
2017-W50,unknown,25,3012.88,4292.66,1886.47,4840.27,8065.6,519.72,-0.68,False,0.0,0,115.88,0.0,0.7018678395214156,1.0638297872340425,-0.37215780891259514,1,False,False,False
2017-W51,unknown,19,3660.45,4251.67,1913.47,4840.27,8078.62,424.72,-0.31,False,0.0,0,146.42,0.0,0.8609440525722833,0.7414634146341463,-0.3697508112717817,1,False,False,False
2017-W52,unknown,42,6026.69,4065.24,1885.69,4094.52,7836.61,293.86,1.04,False,0.0,0,131.02,0.0,1.48249303854139,1.5774647887323943,-0.4673250676077611,1,False,False,False
2018-W01,unknown,39,7614.38,4720.65,1440.79,4888.52,7602.22,1839.07,2.01,True,0.0,0,155.4,0.0,1.612993973287577,1.2580645161290323,-0.5126098740162836,1,False,False,False
2018-W02,unknown,38,7219.12,5106.37,1759.77,5637.56,8625.92,1586.82,1.2,False,0.0,0,176.08,0.0,1.4137479266093134,1.1301115241635689,-0.4864717152063314,1,False,False,False
2018-W03,unknown,60,12838.48,5352.7,1913.7,6052.82,9180.1,1525.31,3.91,True,0.0,0,160.48,0.0,2.398505427167598,1.7204301075268817,-0.7181894600545493,-1,True,False,False
2018-W04,unknown,33,4125.26,6197.64,3282.72,6223.75,12763.08,0.0,-0.63,False,0.0,0,111.49,0.0,0.6656178803544575,0.8979591836734694,-0.4238675417128057,1,False,False,False
2018-W05,unknown,27,3977.2,6364.76,3114.06,6223.75,12592.88,136.63,-0.77,False,0.0,1,128.3,0.037037037037037035,0.6248782357857955,0.72,-0.45672938818801706,1,False,False,False
2018-W06,unknown,27,4782.1,6059.31,3225.63,5075.98,12510.56,0.0,-0.4,False,0.0,0,154.26,0.0,0.7892152736862779,0.7632508833922261,-0.39970004539200266,1,False,False,False
2018-W07,unknown,36,6756.25,6280.46,3042.36,5404.4,12365.19,195.73,0.16,False,0.0,2,160.86,0.05555555555555555,1.0757571897599858,1.0105263157894737,-0.5482064746238924,1,False,False,False
2018-W08,unknown,25,2850.07,6667.44,2852.46,6391.47,12372.36,962.51,-1.34,False,0.0,0,114.0,0.0,0.4274609145339141,0.6622516556291391,-0.4037008473935806,1,False,False,False
2018-W09,unknown,24,4332.47,6270.36,3159.03,5769.18,12588.41,0.0,-0.61,False,0.0,0,173.3,0.0,0.6909443795890508,0.6736842105263158,-0.39747702735748897,1,False,False,False
2018-W10,unknown,41,6726.05,5860.12,3172.62,4557.28,12205.37,0.0,0.27,False,0.0,0,146.22,0.0,1.1477665986362056,1.2148148148148148,-0.4537087533946971,1,False,False,False
2018-W11,unknown,22,3081.4,5798.48,3147.14,4557.28,12092.76,0.0,-0.86,False,0.0,0,140.06,0.0,0.5314151294822091,0.6446886446886447,-0.3897436039995127,1,False,False,False
2018-W12,unknown,32,4809.57,4578.85,1476.11,4228.86,7531.07,1626.63,0.16,False,0.0,0,141.46,0.0,1.0503881979099554,1.0893617021276596,-0.4011830674320036,1,False,False,False
2018-W13,unknown,19,6622.38,4664.39,1465.86,4557.28,7596.11,1732.66,1.34,False,0.0,0,301.02,0.0,1.4197740754954022,0.6495726495726496,-0.5099696892924931,1,False,False,False
2018-W14,unknown,27,3088.32,4995.04,1582.41,4795.84,8159.86,1830.22,-1.2,False,0.0,0,114.38,0.0,0.6182773311124636,0.9557522123893806,-0.4047287245868773,1,False,False,False
2018-W15,unknown,27,4211.78,4783.31,1722.12,4571.02,8227.54,1339.08,-0.33,False,0.0,0,145.23,0.0,0.8805157934568321,0.9557522123893806,-0.3808210201255787,1,False,False,False
2018-W16,unknown,6,845.58,4465.26,1529.92,4272.12,7525.1,1405.41,-2.37,True,559.83,0,120.8,0.0,0.1893685921984386,0.22119815668202766,-0.45961426360934704,1,False,True,False
2018-W17,unknown,10,1997.35,4214.69,1941.12,4272.12,8096.93,332.45,-1.14,False,0.0,0,166.45,0.0,0.4739019951645317,0.40404040404040403,-0.3856538654748699,1,False,False,False
2018-W18,unknown,11,1219.06,3922.8,2090.69,3650.05,8104.17,0.0,-1.29,False,0.0,1,60.95,0.09090909090909091,0.31076272050576115,0.4782608695652174,-0.4712061437065694,1,False,False,False
2018-W19,unknown,12,1399.39,3234.43,1936.78,3084.86,7108.0,0.0,-0.95,False,0.0,0,107.65,0.0,0.43265428529910993,0.6233766233766234,-0.371434687696299,1,False,False,False
2018-W20,unknown,10,2475.4,3024.18,2044.09,2542.84,7112.37,0.0,-0.27,False,0.0,0,165.03,0.0,0.8185359337076498,0.5555555555555556,-0.3584222812635114,1,False,False,False
2018-W21,unknown,5,464.82,2732.41,1915.38,2236.38,6563.17,0.0,-1.18,False,0.0,0,92.96,0.0,0.1701135627522956,0.32786885245901637,-0.40298357819739483,1,False,False,False
2018-W22,unknown,3,153.5,1962.71,1250.79,1698.37,4464.3,0.0,-1.45,False,0.0,0,51.17,0.0,0.07820819173489715,0.2222222222222222,-0.44242505527855536,1,False,False,False
2018-W23,unknown,8,1429.6,1595.86,1302.8,1309.22,4201.46,0.0,-0.13,False,0.0,0,178.7,0.0,0.8958179288910054,0.7619047619047619,-0.36650099569645733,1,False,False,False
2018-W24,unknown,4,506.13,1248.09,765.13,1309.22,2778.36,0.0,-0.97,False,0.0,0,126.53,0.0,0.4055236401221066,0.49230769230769234,-0.39779103154110973,1,False,False,False
2018-W25,unknown,7,831.18,1205.66,799.29,1309.22,2804.24,0.0,-0.47,False,0.0,0,118.74,0.0,0.6893983378398553,0.8888888888888888,-0.36394157968227403,1,False,False,False
2018-W26,unknown,2,147.82,1059.88,738.3,1025.12,2536.48,0.0,-1.24,False,0.0,0,36.95,0.0,0.13946861908895344,0.26666666666666666,-0.45585656731833485,1,False,False,False
2018-W27,unknown,3,193.83,925.98,799.88,668.66,2525.74,0.0,-0.92,False,0.0,0,64.61,0.0,0.20932417546815266,0.47058823529411764,-0.4220439659301244,1,False,False,False
2018-W28,unknown,8,931.72,775.28,811.43,485.48,2398.14,0.0,0.19,False,0.0,0,103.52,0.0,1.2017851614900423,1.5238095238095237,-0.3720430952209426,1,False,False,False
2018-W29,unknown,7,1029.84,582.32,454.36,485.48,1491.05,0.0,0.98,False,0.0,0,128.73,0.0,1.7685121582634975,1.4,-0.4171354098786601,1,False,False,False
2018-W30,unknown,18,2457.52,652.95,476.84,668.66,1606.64,0.0,3.78,True,0.0,0,111.71,0.0,3.763718508308446,3.4285714285714284,-0.5470128709347899,1,False,False,False
2018-W31,unknown,10,1610.29,940.96,749.77,881.45,2440.5,0.0,0.89,False,0.0,0,161.03,0.0,1.711326730147934,1.4035087719298245,-0.40660199406274766,1,False,False,False
2018-W32,unknown,10,1229.81,963.54,769.07,881.45,2501.68,0.0,0.35,False,0.0,0,102.48,0.0,1.2763455590842103,1.3559322033898304,-0.3702756295352181,1,False,False,False
2018-W33,unknown,9,1003.72,1054.0,749.9,980.78,2553.81,0.0,-0.07,False,0.0,0,111.52,0.0,0.9522960151802656,1.1076923076923078,-0.35203121702662077,1,False,False,False
2018-W34,unknown,4,519.54,1075.57,745.04,1016.78,2565.66,0.0,-0.75,False,0.0,0,129.88,0.0,0.48303690136392796,0.47761194029850745,-0.39709363635425166,1,False,False,False
2018-W35,unknown,1,37.46,1122.03,688.35,1016.78,2498.74,0.0,-1.58,False,0.0,0,37.46,0.0,0.03338591659759543,0.11594202898550725,-0.50577198462525,1,False,False,False
2016-W40,watches_gifts,5,3468.04,,,,,,0.0,False,,0,693.61,0.0,1.0,0.5970149253731343,-0.5064813015628764,1,False,False,False
2017-W01,watches_gifts,1,164.21,,,,,,0.0,False,,0,164.21,0.0,1.0,0.125,-0.44157170968025533,1,False,False,False
2017-W02,watches_gifts,3,1169.27,,,,,,0.0,False,,0,389.76,0.0,1.0,0.41379310344827586,-0.41764083602781127,1,False,False,False
2017-W03,watches_gifts,2,610.63,,,,,,0.0,False,,0,305.31,0.0,1.0,0.37209302325581395,-0.40865357008213693,1,False,False,False
2017-W04,watches_gifts,3,2890.49,1353.04,1468.73,889.95,4290.49,0.0,1.05,False,0.0,0,963.5,0.0,2.1362930881570388,0.6857142857142857,-0.5946212969847233,1,False,False,False
2017-W05,watches_gifts,11,5588.11,1660.53,1445.9,1169.27,4552.33,0.0,2.72,True,0.0,0,465.68,0.0,3.3652568758167574,3.142857142857143,-0.5203368623707065,1,False,False,False
2017-W06,watches_gifts,8,5251.6,2315.12,2059.97,2029.88,6435.07,0.0,1.43,False,0.0,0,656.45,0.0,2.268392135180898,2.1333333333333333,-0.5194182927933069,1,False,False,False
2017-W07,watches_gifts,3,802.74,2734.62,2183.59,2890.49,7101.81,0.0,-0.88,False,0.0,0,267.58,0.0,0.2935471838866095,0.7058823529411765,-0.4632294874439219,1,False,False,False
2017-W08,watches_gifts,8,1586.16,2493.14,2133.88,2029.88,6760.9,0.0,-0.43,False,0.0,0,144.2,0.0,0.6362097595802884,1.7777777777777777,-0.4329580887058186,1,False,False,False
2017-W09,watches_gifts,18,7290.01,2257.9,2114.7,1377.72,6487.29,0.0,2.38,True,0.0,1,383.68,0.05555555555555555,3.2286682315425836,3.6923076923076925,-0.6096410498193452,-1,True,False,False
2017-W10,watches_gifts,16,3292.76,3148.63,2560.55,2238.32,8269.73,0.0,0.06,False,0.0,0,205.8,0.0,1.0457754642495307,2.2857142857142856,-0.380908877333155,1,False,False,False
2017-W11,watches_gifts,24,12746.63,3414.06,2432.94,3091.62,8279.94,0.0,3.84,True,0.0,0,439.54,0.0,3.733569415886071,2.782608695652174,-0.5717520316382462,1,False,False,False
2017-W12,watches_gifts,15,4545.19,4931.06,3822.15,4272.18,12575.35,0.0,-0.1,False,0.0,0,303.01,0.0,0.9217470483019876,1.3186813186813187,-0.37846162585143645,1,False,False,False
2017-W13,watches_gifts,17,6715.04,5137.9,3739.83,4898.4,12617.56,0.0,0.42,False,0.0,0,373.06,0.0,1.3069619883610035,1.3203883495145632,-0.40284776789734783,1,False,False,False
2017-W14,watches_gifts,26,8293.83,5278.77,3780.22,4898.4,12839.2,0.0,0.8,False,0.0,0,276.46,0.0,1.5711671468921735,1.908256880733945,-0.3852017981757636,1,False,False,False
2017-W15,watches_gifts,13,4126.16,5659.04,3927.25,5630.12,13513.55,0.0,-0.39,False,0.0,1,317.4,0.07692307692307693,0.7291272017868755,0.8188976377952756,-0.590251725569308,1,False,False,False
2017-W16,watches_gifts,18,5214.49,6074.47,3491.8,5630.12,13058.07,0.0,-0.25,False,0.0,0,208.58,0.0,0.8584271549616673,1.051094890510949,-0.3661643099265095,1,False,False,False
2017-W17,watches_gifts,26,6772.7,6528.01,3030.74,5964.76,12589.49,466.54,0.08,False,0.0,0,233.54,0.0,1.0374830920908515,1.4149659863945578,-0.3595335588071696,1,False,False,False
2017-W18,watches_gifts,17,4586.86,6463.35,3017.65,5964.76,12498.65,428.05,-0.62,False,0.0,0,241.41,0.0,0.7096722287977596,0.8774193548387097,-0.38933289179174296,1,False,False,False
2017-W19,watches_gifts,33,9339.6,6625.11,2853.64,5964.76,12332.38,917.84,0.95,False,0.0,1,266.85,0.030303030303030304,1.4097275365993924,1.6923076923076923,-0.46720630735934005,1,False,False,False
2017-W20,watches_gifts,30,17775.0,6199.23,1906.65,5964.76,10012.53,2385.94,6.07,True,0.0,0,493.75,0.0,2.8672915829869194,1.4545454545454546,-0.6002474777576258,-1,True,False,False
2017-W21,watches_gifts,33,9594.06,7852.96,4388.8,6743.87,16630.57,0.0,0.4,False,0.0,0,274.12,0.0,1.2217125771683544,1.4666666666666666,-0.3672024389287532,1,False,False,False
2017-W22,watches_gifts,28,11144.85,8212.84,4400.19,7533.26,17013.21,0.0,0.67,False,0.0,0,359.51,0.0,1.357003180385835,1.1428571428571428,-0.38834243490312553,1,False,False,False
2017-W23,watches_gifts,34,8838.1,8569.22,4521.47,8056.15,17612.15,0.0,0.06,False,0.0,1,210.43,0.029411764705882353,1.0313774182481021,1.3737373737373737,-0.4307695886484169,1,False,False,False
2017-W24,watches_gifts,25,6849.31,9158.21,4151.8,9088.85,17461.8,854.61,-0.56,False,0.0,0,273.97,0.0,0.7478874146803798,0.91324200913242,-0.3801457994921988,1,False,False,False
2017-W25,watches_gifts,31,6681.86,9362.56,3966.03,9088.85,17294.63,1430.49,-0.68,False,0.0,1,196.53,0.03225806451612903,0.7136787374393329,1.0973451327433628,-0.45598423758419254,1,False,False,False
2017-W26,watches_gifts,23,4499.54,9351.2,3974.63,9088.85,17300.46,1401.95,-1.22,False,0.0,0,187.48,0.0,0.48117246984344253,0.7965367965367965,-0.41502462535217,1,False,False,False
2017-W27,watches_gifts,23,9969.55,9340.29,3989.67,9088.85,17319.64,1360.94,0.16,False,0.0,0,398.78,0.0,1.0673704992029154,0.7763713080168776,-0.3830837369702834,1,False,False,False
2017-W28,watches_gifts,42,10164.09,9419.03,3995.87,9216.08,17410.77,1427.29,0.19,False,0.0,0,225.87,0.0,1.0791015635367973,1.4801762114537445,-0.3557060716205718,1,False,False,False
2017-W29,watches_gifts,40,8713.23,8467.67,2244.39,9216.08,12956.45,3978.89,0.11,False,0.0,1,185.39,0.025,1.0289997130261335,1.3389121338912133,-0.4388898409395535,1,False,False,False
2017-W30,watches_gifts,37,9394.17,8357.57,2202.45,8775.67,12762.47,3952.66,0.47,False,0.0,0,213.5,0.0,1.1240312674617143,1.2032520325203253,-0.3574748362928101,1,False,False,False
2017-W31,watches_gifts,53,12540.92,8138.73,1959.52,8775.67,12057.77,4219.69,2.25,True,0.0,0,228.02,0.0,1.5408939724010995,1.6627450980392158,-0.4157986871318705,1,False,False,False
2017-W32,watches_gifts,38,7224.09,8601.58,2508.68,9053.7,13618.95,3584.22,-0.55,False,0.0,1,180.6,0.02631578947368421,0.8398561659602073,1.1094890510948905,-0.4432802975059993,1,False,False,False
2017-W33,watches_gifts,37,6503.41,8648.43,2474.55,9053.7,13597.53,3699.33,-0.87,False,0.0,0,151.24,0.0,0.7519757921379949,1.0313588850174216,-0.4055012920251365,1,False,False,False
2017-W34,watches_gifts,41,10274.21,8626.12,2495.53,9053.7,13617.18,3635.07,0.66,False,0.0,0,209.68,0.0,1.191058088688773,1.1194539249146758,-0.3615012403528048,1,False,False,False
2017-W35,watches_gifts,57,21676.28,9347.96,1894.08,9681.86,13136.11,5559.81,6.51,True,0.0,0,314.15,0.0,2.3188246419539666,1.4662379421221865,-0.5679191956746965,1,False,False,False
2017-W36,watches_gifts,52,10116.08,10811.3,4774.68,9779.13,20360.66,1261.94,-0.15,False,0.0,0,163.16,0.0,0.9356950597985442,1.2057971014492754,-0.380881823101802,1,False,False,False
2017-W37,watches_gifts,64,13448.78,10805.3,4775.64,9755.12,20356.57,1254.02,0.55,False,0.0,1,203.77,0.015625,1.2446466086087384,1.4422535211267606,-0.433877017631679,1,False,False,False
2017-W38,watches_gifts,65,11753.19,11397.24,4772.77,10195.14,20942.78,1851.71,0.07,False,0.0,0,170.34,0.0,1.031231245459427,1.3720316622691293,-0.37405026054008755,1,False,False,False
2017-W39,watches_gifts,56,11102.67,11692.12,4703.7,11013.7,21099.53,2284.71,-0.13,False,0.0,0,194.78,0.0,0.9495857038757727,1.1007371007371007,-0.36044485757052797,1,False,False,False
2017-W40,watches_gifts,48,13854.24,11512.34,4694.1,10688.44,20900.55,2124.13,0.5,False,0.0,0,234.82,0.0,1.2034251941829375,0.9365853658536586,-0.367065630948343,1,False,False,False
2017-W41,watches_gifts,62,18280.06,12341.11,4405.24,11427.93,21151.58,3530.63,1.35,False,0.0,1,268.82,0.016129032258064516,1.481233049539304,1.180952380952381,-0.4594539200341686,1,False,False,False
2017-W42,watches_gifts,99,23143.77,13813.19,4135.2,12600.98,22083.59,5542.79,2.26,True,0.0,0,220.42,0.0,1.6754833604692327,1.7797752808988765,-0.4334318537976554,1,False,False,False
2017-W43,watches_gifts,59,18003.84,15421.88,4978.97,13651.51,25379.83,5463.94,0.52,False,0.0,0,233.82,0.0,1.1674218707446824,0.9383697813121272,-0.37255481789398687,1,False,False,False
2017-W44,watches_gifts,55,15020.9,14962.83,4462.45,13651.51,23887.74,6037.92,0.01,False,0.0,0,250.35,0.0,1.0038809503282466,0.8712871287128713,-0.36840308294325913,1,False,False,False
2017-W45,watches_gifts,90,25968.3,15575.93,4016.03,14437.57,23608.0,7543.86,2.59,True,0.0,0,252.12,0.0,1.6672070303346251,1.4173228346456692,-0.4419544170060202,1,False,False,False
2017-W46,watches_gifts,86,17618.38,17140.87,5302.07,16512.37,27745.02,6536.72,0.09,False,0.0,0,187.43,0.0,1.0278579792040896,1.2883895131086143,-0.37032847628593524,1,False,False,False
2017-W47,watches_gifts,152,45602.79,17874.02,4835.65,17811.11,27545.33,8202.71,5.73,True,0.0,2,269.84,0.013157894736842105,2.5513449128959236,2.190990990990991,-0.6827222357698675,-1,True,False,False
2017-W48,watches_gifts,109,29494.67,22186.53,10267.4,18141.95,42721.33,1651.74,0.71,False,0.0,0,247.85,0.0,1.3293953583548215,1.3394777265745008,-0.41310895574562323,1,False,False,False
2017-W49,watches_gifts,79,19487.18,24141.59,9937.95,20711.92,44017.49,4265.69,-0.47,False,0.0,0,234.79,0.0,0.8072036680268366,0.8876404494382022,-0.37649752477570453,1,False,False,False
2017-W50,watches_gifts,100,20470.07,24292.48,9844.97,21315.48,43982.41,4602.54,-0.39,False,0.0,0,186.09,0.0,0.8426504827831494,1.0973936899862826,-0.39320466675638494,1,False,False,False
2017-W51,watches_gifts,64,13958.51,23958.27,9934.51,19978.62,43827.29,4089.25,-1.01,False,0.0,2,188.63,0.03125,0.582617609702203,0.7013698630136986,-0.47083480450118864,1,False,False,False
2017-W52,watches_gifts,52,10889.77,23452.6,10374.11,19978.62,44200.83,2704.37,-1.21,False,0.0,0,201.66,0.0,0.4643310336593811,0.5659863945578232,-0.4009340057966607,1,False,False,False
2018-W01,watches_gifts,70,13661.49,22936.21,10941.1,19978.62,44818.41,1054.01,-0.85,False,0.0,0,189.74,0.0,0.5956297923676144,0.7650273224043715,-0.39175232469497695,1,False,False,False
2018-W02,watches_gifts,68,36480.32,21397.86,11312.75,18552.78,44023.36,0.0,1.33,False,0.0,0,439.52,0.0,1.7048583363009198,0.7640449438202247,-0.5128457919326513,1,False,False,False
2018-W03,watches_gifts,73,15794.97,23755.6,12332.15,19978.62,48419.89,0.0,-0.65,False,0.0,0,199.94,0.0,0.6648945932748489,0.8414985590778098,-0.38334234286701885,1,False,False,False
2018-W04,watches_gifts,83,25809.4,20029.62,8779.7,17641.08,37589.02,2470.23,0.66,False,0.0,0,271.68,0.0,1.288561640210848,1.0796747967479674,-0.3942655848108346,1,False,False,False
2018-W05,watches_gifts,85,23211.48,19568.96,8295.46,17641.08,36159.88,2978.04,0.44,False,0.0,2,218.98,0.023529411764705882,1.1861376383824178,1.1544991511035654,-0.4533948993606198,1,False,False,False
2018-W06,watches_gifts,69,17779.91,20034.5,8394.13,18132.52,36822.76,3246.24,-0.27,False,0.0,2,233.95,0.028985507246376812,0.8874646235244203,0.9277310924369748,-0.4464493883343258,1,False,False,False
2018-W07,watches_gifts,62,13572.46,19698.23,8428.0,16787.44,36554.24,2842.22,-0.73,False,0.0,2,193.89,0.03225806451612903,0.6890192672133486,0.8794326241134752,-0.4456210461003843,1,False,False,False
2018-W08,watches_gifts,96,20299.68,19649.97,8466.58,16787.44,36583.14,2716.81,0.08,False,0.0,1,200.99,0.010416666666666666,1.0330641726170573,1.3665480427046264,-0.42472877743869375,1,False,False,False
2018-W09,watches_gifts,97,25151.05,20826.21,7694.09,19039.79,36214.4,5438.03,0.56,False,0.0,1,244.18,0.010309278350515464,1.2076633242438255,1.2805280528052805,-0.4457122212164937,1,False,False,False
2018-W10,watches_gifts,105,24902.4,22262.41,7223.6,21755.58,36709.62,7815.2,0.37,False,0.0,0,220.38,0.0,1.1185850947853355,1.3270142180094786,-0.3820577159963867,1,False,False,False
2018-W11,watches_gifts,105,29489.96,20815.17,4680.17,21755.58,30175.5,11454.84,1.85,False,0.0,0,254.22,0.0,1.4167532621640853,1.2537313432835822,-0.4356164569418801,1,False,False,False
2018-W12,watches_gifts,94,27134.76,22527.04,5069.99,24056.94,32667.01,12387.07,0.91,False,0.0,0,274.09,0.0,1.2045417418355895,1.0712250712250713,-0.39849963369669156,1,False,False,False
2018-W13,watches_gifts,78,20121.72,22692.71,5212.22,24056.94,33117.16,12268.27,-0.49,False,0.0,0,245.39,0.0,0.8867041441943251,0.8751753155680224,-0.3792553284956416,1,False,False,False
2018-W14,watches_gifts,91,22451.53,22306.49,5282.29,22601.04,32871.08,11741.9,0.03,False,0.0,0,209.83,0.0,1.0065021435465642,1.0311614730878187,-0.3691118272832685,1,False,False,False
2018-W15,watches_gifts,74,21448.51,22890.44,4958.71,23676.96,32807.86,12973.03,-0.29,False,0.0,0,274.98,0.0,0.9370073270762816,0.8131868131868132,-0.38490646879758084,1,False,False,False
2018-W16,watches_gifts,102,22637.18,23874.95,3372.62,23676.96,30620.18,17129.72,-0.37,False,0.0,0,195.15,0.0,0.9481561217929252,1.1027027027027028,-0.38378655729592753,1,False,False,False
2018-W17,watches_gifts,165,34452.27,24167.14,3109.62,23769.79,30386.39,17947.89,3.31,True,0.0,0,185.23,0.0,1.4255832506452977,1.769436997319035,-0.531924947730758,1,False,False,False
2018-W18,watches_gifts,201,39590.09,25329.79,4806.1,23769.79,34941.99,15717.59,2.97,True,0.0,0,185.87,0.0,1.5629853228155461,1.9754299754299753,-0.5691038190061071,1,False,False,False
2018-W19,watches_gifts,208,45197.22,27165.75,6947.74,24885.97,41061.23,13270.27,2.6,True,0.0,0,204.51,0.0,1.6637574887496205,1.8285714285714285,-0.600165496631086,-1,True,False,False
2018-W20,watches_gifts,110,25957.02,29129.16,9462.63,24885.97,48054.42,10203.9,-0.34,False,0.0,0,219.97,0.0,0.89110087623536,0.8687068114511353,-0.4003329924367577,1,False,False,False
2018-W21,watches_gifts,49,19451.96,28981.94,9507.15,24297.1,47996.24,9967.65,-1.0,False,0.0,0,308.76,0.0,0.6711752215345143,0.38095238095238093,-0.4305483294099122,1,False,False,False
2018-W22,watches_gifts,87,30344.51,28898.22,9598.82,24297.1,48095.87,9700.57,0.15,False,0.0,0,329.83,0.0,1.0500477192020823,0.696,-0.42636285318606393,1,False,False,False
2018-W23,watches_gifts,89,18844.85,29884.84,9240.49,28150.76,48365.82,11403.87,-1.19,False,0.0,0,204.84,0.0,0.6305822617755357,0.714859437751004,-0.3991969533600626,1,False,False,False
2018-W24,watches_gifts,123,31010.4,29559.39,9618.2,28150.76,48795.8,10322.98,0.15,False,0.0,0,218.38,0.0,1.0490879547920307,0.973293768545994,-0.4315869246141081,1,False,False,False
2018-W25,watches_gifts,101,28718.38,30606.04,9203.99,30677.46,49014.01,12198.07,-0.21,False,0.0,0,235.4,0.0,0.9383239386735429,0.7829457364341085,-0.41127639458385457,1,False,False,False
2018-W26,watches_gifts,101,22472.95,29889.3,9084.16,29531.44,48057.62,11720.99,-0.82,False,0.0,0,214.03,0.0,0.7518727437577997,0.8347107438016529,-0.4071816627098805,1,False,False,False
2018-W27,watches_gifts,86,16215.66,27749.66,8467.81,27337.7,44685.27,10814.05,-1.36,False,0.0,0,180.17,0.0,0.5843552677762538,0.7926267281105991,-0.4256175714300579,1,False,False,False
2018-W28,watches_gifts,116,27800.86,24126.97,5676.4,24214.98,35479.77,12774.17,0.65,False,0.0,0,207.47,0.0,1.1522731615283643,1.2439678284182305,-0.40948049528635816,1,False,False,False
2018-W29,watches_gifts,142,28348.08,24357.45,5797.46,25136.9,35952.37,12762.52,0.69,False,0.0,0,188.99,0.0,1.1638361158495656,1.5106382978723405,-0.46554669593821596,1,False,False,False
2018-W30,watches_gifts,111,23598.22,25469.46,5570.88,28074.47,36611.22,14327.7,-0.34,False,0.0,0,203.43,0.0,0.926530048143934,1.050887573964497,-0.3911009689446308,1,False,False,False
2018-W31,watches_gifts,151,27193.95,24626.18,5227.53,25699.54,35081.23,14171.12,0.49,False,0.0,0,172.11,0.0,1.1042699273699779,1.3901035673187572,-0.4825811426642984,1,False,False,False
2018-W32,watches_gifts,111,30928.31,25669.81,4716.92,27497.4,35103.66,16235.97,1.11,False,0.0,0,249.42,0.0,1.2048515357145222,0.9538131041890441,-0.42346664610588347,1,False,False,False
2018-W33,watches_gifts,107,22213.21,25659.55,4703.72,27497.4,35066.98,16252.12,-0.73,False,0.0,0,189.86,0.0,0.8656897724239123,0.9314472252448314,-0.4009480218837418,1,False,False,False
2018-W34,watches_gifts,56,10149.88,24846.41,4661.48,25396.08,34169.37,15523.44,-3.15,True,5373.56,0,161.11,0.0,0.4085048906461738,0.4843243243243243,-0.5261080860467413,1,False,True,False
2018-W35,watches_gifts,5,464.07,23306.02,7004.88,25396.08,37315.77,9296.27,-3.26,True,8832.2,0,77.34,0.0,0.019912022730607798,0.045454545454545456,-0.6103886166816208,-1,True,True,True
